ezert-- phpMyAdmin SQL Dump
-- version 3.4.5
-- http://www.phpmyadmin.net
--
-- Client: localhost
-- Généré le : Lun 21 Octobre 2013 à 11:19
-- Version du serveur: 5.5.16
-- Version de PHP: 5.3.8

SET FOREIGN_KEY_CHECKS=0;
SET SQL_MODE="NO_AUTO_VALUE_ON_ZERO";
SET AUTOCOMMIT=0;
START TRANSACTION;
SET time_zone = "+00:00";

--
-- Base de données: `nnew db`
--

-- --------------------------------------------------------

--
-- Structure de la table `config`
--

DROP TABLE IF EXISTS `config`;
CREATE TABLE IF NOT EXISTS `config` (
  `id` int(11) NOT NULL AUTO_INCREMENT,
  `config_key` varchar(64) COLLATE utf8_unicode_ci NOT NULL DEFAULT '',
  `value` varchar(255) COLLATE utf8_unicode_ci DEFAULT NULL,
  `description` text COLLATE utf8_unicode_ci,
  PRIMARY KEY (`id`,`config_key`),
  KEY `value` (`value`)
) ENGINE=InnoDB  DEFAULT CHARSET=utf8 COLLATE=utf8_unicode_ci AUTO_INCREMENT=15 ;

--
-- Contenu de la table `config`
--

INSERT INTO `config` (`id`, `config_key`, `value`, `description`) VALUES
(1, 'base_currency', 'SAR', ''),
(2, 'owner', 'Shop owner', ''),
(3, 'name_en', 'shop', ''),
(4, 'description_en', 'shop', ''),
(5, 'keywords_en', '', ''),
(6, 'adress', '', ''),
(7, 'tel', '', ''),
(8, 'fax', '', ''),
(9, 'mobile', '', ''),
(10, 'email', 'support@amhsoft.com', ''),
(11, 'url_friendly', '0', ''),
(12, 'rss', '0', ''),
(13, 'shop_offline', '0', ''),
(14, 'offline_ip', '127.0.0.1', '');

-- --------------------------------------------------------

--
-- Structure de la table `currency_set`
--

DROP TABLE IF EXISTS `currency_set`;
CREATE TABLE IF NOT EXISTS `currency_set` (
  `id` int(11) NOT NULL AUTO_INCREMENT,
  `base` varchar(5) COLLATE utf8_unicode_ci NOT NULL,
  `rates` text COLLATE utf8_unicode_ci NOT NULL,
  `insert_date_time` datetime NOT NULL,
  PRIMARY KEY (`id`)
) ENGINE=InnoDB  DEFAULT CHARSET=utf8 COLLATE=utf8_unicode_ci AUTO_INCREMENT=1 ;

--
-- Contenu de la table `currency_set`
--

INSERT INTO `currency_set` (`id`, `base`, `rates`, `insert_date_time`) VALUES
(1, 'SAR', '{"base":"SAR","rates":{"BHD":"0.1005","SAR":"1.00","EUR":"0.1997","TND":"0.437","QAR":"0.971","LBP":"403.0344","LYD":"0.3367","SDG":"1.1756","SYP":"29.8643","KWD":"0.0759","IQD":"309.7086","DZD":"21.5996","JOD":"0.1887","MAD":"2.2313","OMR":"0.1027","AED":"0.9794","YER":"57.2767","MRO":"80.1269"}}', '2013-08-22 08:19:59');

-- --------------------------------------------------------

--
-- Structure de la table `document`
--

DROP TABLE IF EXISTS `document`;
CREATE TABLE IF NOT EXISTS `document` (
  `id` int(11) NOT NULL AUTO_INCREMENT,
  `name` varchar(255) COLLATE utf8_unicode_ci DEFAULT NULL,
  `folder` varchar(255) COLLATE utf8_unicode_ci DEFAULT NULL,
  `type` varchar(255) COLLATE utf8_unicode_ci DEFAULT NULL,
  `extention` varchar(255) COLLATE utf8_unicode_ci DEFAULT NULL,
  `hash` varchar(255) COLLATE utf8_unicode_ci DEFAULT NULL,
  `public` tinyint(1) DEFAULT NULL,
  PRIMARY KEY (`id`)
) ENGINE=InnoDB  DEFAULT CHARSET=utf8 COLLATE=utf8_unicode_ci AUTO_INCREMENT=1 ;


-- --------------------------------------------------------

--
-- Structure de la table `image`
--

DROP TABLE IF EXISTS `image`;
CREATE TABLE IF NOT EXISTS `image` (
  `id` int(11) NOT NULL AUTO_INCREMENT,
  `name` varchar(255) COLLATE utf8_unicode_ci DEFAULT NULL,
  `title` varchar(255) COLLATE utf8_unicode_ci DEFAULT NULL,
  `folder` varchar(255) COLLATE utf8_unicode_ci DEFAULT NULL,
  `type` varchar(255) COLLATE utf8_unicode_ci DEFAULT NULL,
  `extention` varchar(255) COLLATE utf8_unicode_ci DEFAULT NULL,
  `hash` varchar(255) COLLATE utf8_unicode_ci DEFAULT NULL,
  `public` varchar(255) COLLATE utf8_unicode_ci DEFAULT NULL,
  `description` text COLLATE utf8_unicode_ci,
  `remote_url` varchar(255) COLLATE utf8_unicode_ci DEFAULT NULL,
  `insertat` datetime DEFAULT NULL,
  PRIMARY KEY (`id`)
) ENGINE=InnoDB  DEFAULT CHARSET=utf8 COLLATE=utf8_unicode_ci AUTO_INCREMENT=1 ;


-- --------------------------------------------------------

--
-- Structure de la table `locale`
--

DROP TABLE IF EXISTS `locale`;
CREATE TABLE IF NOT EXISTS `locale` (
  `id` int(11) NOT NULL AUTO_INCREMENT,
  `local` varchar(16) COLLATE utf8_unicode_ci NOT NULL,
  `country_iso3` varchar(3) COLLATE utf8_unicode_ci NOT NULL,
  `double_comma` int(11) NOT NULL,
  `thousend_sep` varchar(1) COLLATE utf8_unicode_ci NOT NULL,
  `decimal_sep` varchar(1) COLLATE utf8_unicode_ci NOT NULL,
  `currency` varchar(255) COLLATE utf8_unicode_ci NOT NULL,
  `currency_iso3` varchar(3) COLLATE utf8_unicode_ci NOT NULL,
  `minor_unit` int(11) NOT NULL,
  `tel_code` varchar(6) COLLATE utf8_unicode_ci NOT NULL,
  `time_zone` varchar(255) COLLATE utf8_unicode_ci NOT NULL,
  `rate` decimal(11,6) NOT NULL DEFAULT '1.000000',
  `base` tinyint(1) NOT NULL DEFAULT '0',
  PRIMARY KEY (`id`),
  KEY `country_iso3` (`country_iso3`)
) ENGINE=InnoDB  DEFAULT CHARSET=utf8 COLLATE=utf8_unicode_ci AUTO_INCREMENT=19 ;

--
-- Contenu de la table `locale`
--

INSERT INTO `locale` (`id`, `local`, `country_iso3`, `double_comma`, `thousend_sep`, `decimal_sep`, `currency`, `currency_iso3`, `minor_unit`, `tel_code`, `time_zone`, `rate`, `base`) VALUES
(1, 'ar_BH', 'BHR', 2, ',', '.', 'Bahraini Dinar', 'BHD', 1000, '+973', 'Asia/Bahrain', '0.100500', 0),
(2, 'ar_SA', 'SAU', 3, '.', ',', 'Saudi Rial', 'SAR', 100, '+966', 'Asia/Riyadh', '1.000000', 1),
(3, 'de_DE', 'DEU', 2, '.', ',', 'Euro European', 'EUR', 100, '+49', 'Europe/Berlin', '0.199700', 0),
(4, 'ar_TN', 'TUN', 3, '.', ',', 'Tunisian Dinar', 'TND', 1000, '+216', 'Africa/Tunis', '0.437000', 0),
(5, 'ar_QA', 'SAU', 2, '.', ',', 'Qatari Riyal', 'QAR', 100, '+974', 'Asia/Qatar', '0.971000', 0),
(6, 'ar_LB', 'LBN', 2, '.', ',', 'Lebanese Pound', 'LBP', 100, '+961', 'Asia/Beirut', '403.034400', 0),
(7, 'ar_LY', 'LBY', 3, '.', ',', 'Libyan Dinar', 'LYD', 100, '+218', 'Africa/Tripoli', '0.336700', 0),
(8, 'ar_SD', 'SDN', 3, '.', ',', 'Sudanese Pound', 'SDG', 100, '+249', 'Africa/Khartoum', '1.175600', 0),
(9, 'ar_SY', 'SYR', 2, '.', ',', 'Syrian Pound', 'SYP', 100, '+963', 'Asia/Damascus', '29.864300', 0),
(10, 'ar_KW', 'KWT', 3, '.', ',', 'Kuwaiti Dinar', 'KWD', 1000, '+965', 'Asia/Kuwait', '0.075900', 0),
(11, 'ar_IQ', 'IRQ', 3, '.', ',', 'Iraqi Dinar', 'IQD', 1000, '+964', 'Asia/Baghdad', '309.708600', 0),
(12, 'ar_DZ', 'DZA', 2, '.', ',', 'Algerian Dinar', 'DZD', 100, '+213', 'Africa/Algiers', '21.599600', 0),
(13, 'ar_JO', 'JOR', 2, '.', ',', 'Jordanian Dinar', 'JOD', 100, '+962', 'Asia/Ammans', '0.188700', 0),
(14, 'ar_MA', 'MAR', 2, '.', ',', 'Moroccan Dirham', 'MAD', 100, '+212', 'Africa/Casablanca', '2.231300', 0),
(15, 'ar_OM', 'OMN', 3, '.', ',', 'Omani Rial', 'OMR', 1000, '+968', 'Asia/Muscat', '0.102700', 0),
(16, 'ar_AE', 'ARE', 2, '.', ',', 'United Arab Emirates Dirham', 'AED', 100, '+971', 'Asia/Dubai', '0.979400', 0),
(17, 'ar_YE', 'YEM', 2, '.', ',', 'Yemeni Rial', 'YER', 100, '+967', 'Asia/Aden', '57.276700', 0),
(18, 'ar_MR', 'MRT', 2, '.', ',', 'Mauritanian Ouguiya', 'MRO', 100, '+222', 'Africa/Nouakchott', '80.126900', 0);

-- --------------------------------------------------------

--
-- Structure de la table `locale_lang`
--

DROP TABLE IF EXISTS `locale_lang`;
CREATE TABLE IF NOT EXISTS `locale_lang` (
  `locale_id` int(11) NOT NULL,
  `country` varchar(255) COLLATE utf8_unicode_ci NOT NULL,
  `language` varchar(255) COLLATE utf8_unicode_ci NOT NULL,
  `currency_symbol` varchar(255) COLLATE utf8_unicode_ci NOT NULL,
  `currency_cent` varchar(255) COLLATE utf8_unicode_ci NOT NULL,
  `lang` varchar(3) COLLATE utf8_unicode_ci NOT NULL,
  KEY `locale_id` (`locale_id`)
) ENGINE=InnoDB DEFAULT CHARSET=utf8 COLLATE=utf8_unicode_ci;

--
-- Contenu de la table `locale_lang`
--

INSERT INTO `locale_lang` (`locale_id`, `country`, `language`, `currency_symbol`, `currency_cent`, `lang`) VALUES
(1, 'Bahrain', 'Arabic', 'BD', 'Fils', 'en'),
(1, 'Bahrain', 'Arabic', 'BHD', 'Fils', 'ar'),
(2, 'Saudi Arabia', 'Arabic', 'SAR', 'Halala', 'en'),
(2, 'Saudi Arabia', 'Arabic', 'SAR', 'Halala', 'ar'),
(3, 'Germany', 'German', 'EUR', 'Cent', 'en'),
(3, 'Germany', 'German', 'EUR', 'Cent', 'ar'),
(4, 'Tunisia', 'Arabic', 'TND', 'Millimes', 'en'),
(4, 'Tunisia', 'Arabic', 'TND', 'Millimes', 'ar'),
(5, 'Qatar', 'Arabic', 'QAR', 'Dirham', 'en'),
(5, 'Qatar', 'Arabic', 'QAR', 'Dirham', 'ar'),
(6, 'Lebanon', 'Arabic', 'LBP', 'Piastre', 'en'),
(6, 'Lebanon', 'Arabic', 'LBP', 'Piastre', 'ar'),
(7, 'Libya', 'Arabic', 'LYD', 'Dirham', 'en'),
(7, 'Libya', 'Arabic', 'LYD', 'Dirham', 'ar'),
(8, 'Sudan', 'Arabic', 'SDG', 'Piastres', 'en'),
(8, 'Sudan', 'Arabic', 'SDG', 'Piastres', 'ar'),
(9, 'Syrian Arab Republic', 'Arabic', 'SYP', 'Piastre', 'en'),
(9, 'Syrian Arab Republic', 'Arabic', 'SYP', 'Piastre', 'ar'),
(10, 'Kuwait', 'Arabic', 'KWD', 'Fils', 'en'),
(10, 'Kuwait', 'Arabic', 'KWD', 'Fils', 'ar'),
(11, 'Iraq', 'Arabic', 'IQD', 'fils', 'en'),
(11, 'Iraq', 'Arabic', 'IQD', 'fils', 'ar'),
(12, 'Algeria', 'Arabic', 'DZD', 'Santeem', 'en'),
(12, 'Algeria', 'Arabic', 'DZD', 'Santeem', 'ar'),
(13, 'Jordan', 'Arabic', 'JOD', 'Qirsh', 'en'),
(13, 'Jordan', 'Arabic', 'JOD', 'Qirsh', 'ar'),
(14, 'Morocco', 'Arabic', 'MAD', 'Santim', 'en'),
(14, 'Morocco', 'Arabic', 'MAD', 'Santim', 'ar'),
(15, 'Oman', 'Arabic', 'OMR', 'Baisa', 'en'),
(15, 'Oman', 'Arabic', 'OMR', 'Baisa', 'ar'),
(16, 'United Arab Emirates', 'Arabic', 'AED', 'fils', 'en'),
(16, 'United Arab Emirates', 'Arabic', 'AED', 'fils', 'ar'),
(17, 'Yemen', 'Arabic', 'YER', 'fils', 'en'),
(17, 'Yemen', 'Arabic', 'YER', 'fils', 'ar'),
(18, 'Mauritania', 'Arabic', 'MRO', 'Khoums', 'en'),
(18, 'Mauritania', 'Arabic', 'MRO', 'Khoums', 'ar');

-- --------------------------------------------------------

--
-- Structure de la table `module`
--

DROP TABLE IF EXISTS `module`;
CREATE TABLE IF NOT EXISTS `module` (
  `id` int(11) NOT NULL AUTO_INCREMENT,
  `name` varchar(64) COLLATE utf8_unicode_ci NOT NULL DEFAULT '',
  `title` varchar(64) COLLATE utf8_unicode_ci NOT NULL DEFAULT '',
  `version` varchar(9) COLLATE utf8_unicode_ci NOT NULL DEFAULT '0.0',
  `desc` text COLLATE utf8_unicode_ci,
  `state` tinyint(1) NOT NULL DEFAULT '1',
  PRIMARY KEY (`id`)
) ENGINE=InnoDB  DEFAULT CHARSET=utf8 COLLATE=utf8_unicode_ci AUTO_INCREMENT=1 ;


-- --------------------------------------------------------

--
-- Structure de la table `session`
--

DROP TABLE IF EXISTS `session`;
CREATE TABLE IF NOT EXISTS `session` (
  `id` int(11) NOT NULL AUTO_INCREMENT,
  `session_id` varchar(64) COLLATE utf8_unicode_ci NOT NULL DEFAULT '',
  `session_key` varchar(64) COLLATE utf8_unicode_ci NOT NULL DEFAULT '',
  `session_expiry` int(11) unsigned NOT NULL DEFAULT '0',
  `session_value` text COLLATE utf8_unicode_ci NOT NULL,
  `host` varchar(64) COLLATE utf8_unicode_ci DEFAULT NULL,
  PRIMARY KEY (`id`),
  KEY `session_id` (`session_id`),
  KEY `session_key` (`session_key`)
) ENGINE=InnoDB  DEFAULT CHARSET=utf8 COLLATE=utf8_unicode_ci AUTO_INCREMENT=1 ;

-- --------------------------------------------------------

--
-- Structure de la table `setting`
--

DROP TABLE IF EXISTS `setting`;
CREATE TABLE IF NOT EXISTS `setting` (
  `id` int(11) NOT NULL AUTO_INCREMENT,
  `entity` varchar(255) COLLATE utf8_unicode_ci NOT NULL,
  `settingkey` varchar(255) COLLATE utf8_unicode_ci NOT NULL,
  PRIMARY KEY (`id`)
) ENGINE=InnoDB  DEFAULT CHARSET=utf8 COLLATE=utf8_unicode_ci AUTO_INCREMENT=566 ;

--
-- Contenu de la table `setting`
--

INSERT INTO `setting` (`id`, `entity`, `settingkey`) VALUES
(295, 'default_user_1', 'current_currency'),
(296, 'default_user_1', 'current_currency'),
(297, 'default_user_1', 'current_currency'),
(298, 'default_user_1', 'current_currency'),
(299, 'default_user_1', 'current_currency'),
(300, 'default_user_1', 'current_currency'),
(301, 'product', 'product_display_title'),
(302, 'product', 'product_display_price'),
(303, 'product', 'product_display_quantity'),
(304, 'product', 'product_default_display_mode'),
(305, 'product', 'product_image_width'),
(306, 'product', 'product_image_height'),
(307, 'product', 'product_image_thumb_width'),
(308, 'product', 'product_image_thumb_height'),
(309, 'product', 'stock_alert_min_qty'),
(310, 'product', 'stock_alert_emails'),
(311, 'product', 'stock_enable_auto_stk_management'),
(312, 'product', 'stock_display_qty_finished'),
(313, 'default_user_1', 'current_currency'),
(314, 'default_user_1', 'current_currency'),
(315, 'product', 'product_display_title'),
(316, 'product', 'product_display_price'),
(317, 'product', 'product_display_quantity'),
(318, 'product', 'product_default_display_mode'),
(319, 'product', 'product_image_width'),
(320, 'product', 'product_image_height'),
(321, 'product', 'product_image_thumb_width'),
(322, 'product', 'product_image_thumb_height'),
(323, 'product', 'stock_alert_min_qty'),
(324, 'product', 'stock_alert_emails'),
(325, 'product', 'stock_enable_auto_stk_management'),
(326, 'product', 'stock_display_qty_finished'),
(327, 'product', 'product_display_title'),
(328, 'product', 'product_display_price'),
(329, 'product', 'product_display_quantity'),
(330, 'product', 'product_default_display_mode'),
(331, 'product', 'product_image_width'),
(332, 'product', 'product_image_height'),
(333, 'product', 'product_image_thumb_width'),
(334, 'product', 'product_image_thumb_height'),
(335, 'product', 'stock_alert_min_qty'),
(336, 'product', 'stock_alert_emails'),
(337, 'product', 'stock_enable_auto_stk_management'),
(338, 'product', 'stock_display_qty_finished'),
(339, 'product', 'product_display_title'),
(340, 'product', 'product_display_price'),
(341, 'product', 'product_display_quantity'),
(342, 'product', 'product_default_display_mode'),
(343, 'product', 'product_image_width'),
(344, 'product', 'product_image_height'),
(345, 'product', 'product_image_thumb_width'),
(346, 'product', 'product_image_thumb_height'),
(347, 'product', 'stock_alert_min_qty'),
(348, 'product', 'stock_alert_emails'),
(349, 'product', 'stock_enable_auto_stk_management'),
(350, 'product', 'stock_display_qty_finished'),
(351, 'product', 'product_display_title'),
(352, 'product', 'product_display_price'),
(353, 'product', 'product_display_quantity'),
(354, 'product', 'product_default_display_mode'),
(355, 'product', 'product_image_width'),
(356, 'product', 'product_image_height'),
(357, 'product', 'product_image_thumb_width'),
(358, 'product', 'product_image_thumb_height'),
(359, 'product', 'stock_alert_min_qty'),
(360, 'product', 'stock_alert_emails'),
(361, 'product', 'stock_enable_auto_stk_management'),
(362, 'product', 'stock_display_qty_finished'),
(363, 'product', 'product_display_title'),
(364, 'product', 'product_display_price'),
(365, 'product', 'product_display_quantity'),
(366, 'product', 'product_default_display_mode'),
(367, 'product', 'product_image_width'),
(368, 'product', 'product_image_height'),
(369, 'product', 'product_image_thumb_width'),
(370, 'product', 'product_image_thumb_height'),
(371, 'product', 'stock_alert_min_qty'),
(372, 'product', 'stock_alert_emails'),
(373, 'product', 'stock_enable_auto_stk_management'),
(374, 'product', 'stock_display_qty_finished'),
(375, 'product', 'product_display_title'),
(376, 'product', 'product_display_price'),
(377, 'product', 'product_display_quantity'),
(378, 'product', 'product_default_display_mode'),
(379, 'product', 'product_image_width'),
(380, 'product', 'product_image_height'),
(381, 'product', 'product_image_thumb_width'),
(382, 'product', 'product_image_thumb_height'),
(383, 'product', 'stock_alert_min_qty'),
(384, 'product', 'stock_alert_emails'),
(385, 'product', 'stock_enable_auto_stk_management'),
(386, 'product', 'stock_display_qty_finished'),
(387, 'product', 'product_display_title'),
(388, 'product', 'product_display_price'),
(389, 'product', 'product_display_quantity'),
(390, 'product', 'product_default_display_mode'),
(391, 'product', 'product_image_width'),
(392, 'product', 'product_image_height'),
(393, 'product', 'product_image_thumb_width'),
(394, 'product', 'product_image_thumb_height'),
(395, 'product', 'stock_alert_min_qty'),
(396, 'product', 'stock_alert_emails'),
(397, 'product', 'stock_enable_auto_stk_management'),
(398, 'product', 'stock_display_qty_finished'),
(399, 'product', 'product_display_title'),
(400, 'product', 'product_display_price'),
(401, 'product', 'product_display_quantity'),
(402, 'product', 'product_default_display_mode'),
(403, 'product', 'product_image_width'),
(404, 'product', 'product_image_height'),
(405, 'product', 'product_image_thumb_width'),
(406, 'product', 'product_image_thumb_height'),
(407, 'product', 'stock_alert_min_qty'),
(408, 'product', 'stock_alert_emails'),
(409, 'product', 'stock_enable_auto_stk_management'),
(410, 'product', 'stock_display_qty_finished'),
(411, 'product', 'product_display_title'),
(412, 'product', 'product_display_price'),
(413, 'product', 'product_display_quantity'),
(414, 'product', 'product_default_display_mode'),
(415, 'product', 'product_image_width'),
(416, 'product', 'product_image_height'),
(417, 'product', 'product_image_thumb_width'),
(418, 'product', 'product_image_thumb_height'),
(419, 'product', 'stock_alert_min_qty'),
(420, 'product', 'stock_alert_emails'),
(421, 'product', 'stock_enable_auto_stk_management'),
(422, 'product', 'stock_display_qty_finished'),
(423, 'product', 'product_display_title'),
(424, 'product', 'product_display_price'),
(425, 'product', 'product_display_quantity'),
(426, 'product', 'product_default_display_mode'),
(427, 'product', 'product_image_width'),
(428, 'product', 'product_image_height'),
(429, 'product', 'product_image_thumb_width'),
(430, 'product', 'product_image_thumb_height'),
(431, 'product', 'stock_alert_min_qty'),
(432, 'product', 'stock_alert_emails'),
(433, 'product', 'stock_enable_auto_stk_management'),
(434, 'product', 'stock_display_qty_finished'),
(435, 'product', 'product_display_title'),
(436, 'product', 'product_display_price'),
(437, 'product', 'product_display_quantity'),
(438, 'product', 'product_default_display_mode'),
(439, 'product', 'product_image_width'),
(440, 'product', 'product_image_height'),
(441, 'product', 'product_image_thumb_width'),
(442, 'product', 'product_image_thumb_height'),
(443, 'product', 'stock_alert_min_qty'),
(444, 'product', 'stock_alert_emails'),
(445, 'product', 'stock_enable_auto_stk_management'),
(446, 'product', 'stock_display_qty_finished'),
(447, 'product', 'product_display_title'),
(448, 'product', 'product_display_price'),
(449, 'product', 'product_display_quantity'),
(450, 'product', 'product_default_display_mode'),
(451, 'product', 'product_image_width'),
(452, 'product', 'product_image_height'),
(453, 'product', 'product_image_thumb_width'),
(454, 'product', 'product_image_thumb_height'),
(455, 'product', 'stock_alert_min_qty'),
(456, 'product', 'stock_alert_emails'),
(457, 'product', 'stock_enable_auto_stk_management'),
(458, 'product', 'stock_display_qty_finished'),
(459, 'account', 'account_notifications_from_email'),
(460, 'account', 'account_send_email_on_register'),
(461, 'account', 'account_send_sms_on_register'),
(462, 'account', 'account_send_email_on_password_changed'),
(463, 'account', 'account_send_sms_on_password_changed'),
(464, 'account', 'account_activation'),
(465, 'account', 'account_activation_method'),
(466, 'account', 'account_registration_email_template'),
(467, 'account', 'account_registration_sms_template'),
(468, 'account', 'account_email_activation'),
(469, 'account', 'account_sms_activation'),
(470, 'account', 'account_forgot_password_template'),
(471, 'account', 'account_password_changed_template'),
(472, 'account', 'notify_admin_account_registred'),
(473, 'account', 'notify_admin_account_registred_template'),
(474, 'account', 'account_send_password_email_template'),
(475, 'account', 'account_prefix'),
(476, 'account', 'account_start'),
(477, 'account', 'contact_prefix'),
(478, 'account', 'contact_start'),
(479, 'account', 'lead_prefix'),
(480, 'account', 'lead_start'),
(481, 'quotation', 'quotation_state_accepted'),
(482, 'quotation', 'quotation_state_open'),
(483, 'quotation', 'quotation_state_created'),
(484, 'quotation', 'quotation_textarea_policy'),
(485, 'quotation', 'quotation_from_email'),
(486, 'account', 'contact_prefix'),
(487, 'account', 'contact_start'),
(488, 'account', 'fetch_related_contacts_data'),
(489, 'account', 'account_notifications_from_email'),
(490, 'account', 'account_send_email_on_register'),
(491, 'account', 'account_send_sms_on_register'),
(492, 'account', 'account_send_email_on_password_changed'),
(493, 'account', 'account_send_sms_on_password_changed'),
(494, 'account', 'account_activation'),
(495, 'account', 'account_activation_method'),
(496, 'account', 'account_registration_email_template'),
(497, 'account', 'account_registration_sms_template'),
(498, 'account', 'account_email_activation'),
(499, 'account', 'account_sms_activation'),
(500, 'account', 'account_forgot_password_template'),
(501, 'account', 'account_password_changed_template'),
(502, 'account', 'notify_admin_account_registred'),
(503, 'account', 'notify_admin_account_registred_template'),
(504, 'account', 'account_send_password_email_template'),
(505, 'banner', 'main_banner_frontend_state'),
(506, 'banner', 'main_banner_frontend_transition_effect'),
(507, 'banner', 'main_banner_frontend_state'),
(508, 'banner', 'main_banner_frontend_transition_effect'),
(509, 'banner', 'main_banner_frontend_state'),
(510, 'banner', 'main_banner_frontend_transition_effect'),
(511, 'banner', 'main_banner_frontend_state'),
(512, 'banner', 'main_banner_frontend_transition_effect'),
(513, 'banner', 'main_banner_frontend_state'),
(514, 'banner', 'main_banner_frontend_transition_effect'),
(515, 'banner', 'main_banner_frontend_state'),
(516, 'banner', 'main_banner_frontend_transition_effect'),
(517, 'banner', 'main_banner_frontend_state'),
(518, 'banner', 'main_banner_frontend_transition_effect'),
(519, 'banner', 'main_banner_frontend_state'),
(520, 'banner', 'main_banner_frontend_transition_effect'),
(521, 'banner', 'main_banner_frontend_state'),
(522, 'banner', 'main_banner_frontend_transition_effect'),
(523, 'banner', 'main_banner_frontend_state'),
(524, 'banner', 'main_banner_frontend_transition_effect'),
(525, 'banner', 'main_banner_frontend_state'),
(526, 'banner', 'main_banner_frontend_transition_effect'),
(527, 'banner', 'main_banner_frontend_state'),
(528, 'banner', 'main_banner_frontend_transition_effect'),
(529, 'banner', 'main_banner_frontend_state'),
(530, 'banner', 'main_banner_frontend_transition_effect'),
(531, 'banner', 'main_banner_frontend_state'),
(532, 'banner', 'main_banner_frontend_transition_effect'),
(533, 'backup', 'last_ftp_host'),
(534, 'backup', 'last_ftp_username'),
(535, 'backup', 'last_ftp_password'),
(536, 'backup', 'last_ftp_port'),
(537, 'backup', 'last_ftp_path'),
(538, 'backup', 'last_ftp_host'),
(539, 'backup', 'last_ftp_username'),
(540, 'backup', 'last_ftp_password'),
(541, 'backup', 'last_ftp_port'),
(542, 'backup', 'last_ftp_path'),
(543, 'backup', 'last_ftp_host'),
(544, 'backup', 'last_ftp_username'),
(545, 'backup', 'last_ftp_password'),
(546, 'backup', 'last_ftp_port'),
(547, 'backup', 'last_ftp_path'),
(548, 'backup', 'last_ftp_host'),
(549, 'backup', 'last_ftp_username'),
(550, 'backup', 'last_ftp_password'),
(551, 'backup', 'last_ftp_port'),
(552, 'backup', 'last_ftp_path'),
(553, 'backup', 'backup_local_path'),
(554, 'backup', 'backup_local_path'),
(555, 'backup', 'backup_local_path'),
(556, 'backup', 'last_ftp_host'),
(557, 'backup', 'last_ftp_username'),
(558, 'backup', 'last_ftp_password'),
(559, 'backup', 'last_ftp_port'),
(560, 'backup', 'last_ftp_path'),
(561, 'backup', 'last_ftp_host'),
(562, 'backup', 'last_ftp_username'),
(563, 'backup', 'last_ftp_password'),
(564, 'backup', 'last_ftp_port'),
(565, 'backup', 'last_ftp_path');

-- --------------------------------------------------------

--
-- Structure de la table `setting_lang`
--

DROP TABLE IF EXISTS `setting_lang`;
CREATE TABLE IF NOT EXISTS `setting_lang` (
  `setting_id` int(11) NOT NULL,
  `settingvalue` text COLLATE utf8_unicode_ci,
  `lang` varchar(3) COLLATE utf8_unicode_ci NOT NULL,
  KEY `setting_id` (`setting_id`)
) ENGINE=InnoDB DEFAULT CHARSET=utf8 COLLATE=utf8_unicode_ci;

--
-- Contenu de la table `setting_lang`
--

INSERT INTO `setting_lang` (`setting_id`, `settingvalue`, `lang`) VALUES
(295, 'EUR', 'en'),
(295, 'EUR', 'ar'),
(296, 'EUR', 'en'),
(296, 'EUR', 'ar'),
(297, 'EUR', 'en'),
(297, 'EUR', 'ar'),
(298, 'EUR', 'en'),
(298, 'EUR', 'ar'),
(299, 'SAR', 'en'),
(299, 'SAR', 'ar'),
(300, 'SAR', 'en'),
(300, 'SAR', 'ar'),
(301, '1', 'en'),
(301, '1', 'ar'),
(302, '1', 'en'),
(302, '1', 'ar'),
(303, '1', 'en'),
(303, '1', 'ar'),
(304, '2', 'en'),
(304, '2', 'ar'),
(305, '', 'en'),
(305, '', 'ar'),
(306, '', 'en'),
(306, '', 'ar'),
(307, '100', 'en'),
(307, '100', 'ar'),
(308, '140', 'en'),
(308, '140', 'ar'),
(309, '', 'en'),
(309, '', 'ar'),
(310, '', 'en'),
(310, '', 'ar'),
(311, '1', 'en'),
(311, '1', 'ar'),
(312, '1', 'en'),
(312, '1', 'ar'),
(313, 'SAR', 'en'),
(313, 'SAR', 'ar'),
(314, 'SAR', 'en'),
(314, 'SAR', 'ar'),
(315, '1', 'en'),
(315, '1', 'ar'),
(315, '1', 'de'),
(315, '1', 'fr'),
(316, '1', 'en'),
(316, '1', 'ar'),
(316, '1', 'de'),
(316, '1', 'fr'),
(317, '1', 'en'),
(317, '1', 'ar'),
(317, '1', 'de'),
(317, '1', 'fr'),
(318, '2', 'en'),
(318, '2', 'ar'),
(318, '2', 'de'),
(318, '2', 'fr'),
(319, '', 'en'),
(319, '', 'ar'),
(319, '', 'de'),
(319, '', 'fr'),
(320, '', 'en'),
(320, '', 'ar'),
(320, '', 'de'),
(320, '', 'fr'),
(321, '200', 'en'),
(321, '200', 'ar'),
(321, '200', 'de'),
(321, '200', 'fr'),
(322, '200', 'en'),
(322, '200', 'ar'),
(322, '200', 'de'),
(322, '200', 'fr'),
(323, '', 'en'),
(323, '', 'ar'),
(323, '', 'de'),
(323, '', 'fr'),
(324, '', 'en'),
(324, '', 'ar'),
(324, '', 'de'),
(324, '', 'fr'),
(325, '1', 'en'),
(325, '1', 'ar'),
(325, '1', 'de'),
(325, '1', 'fr'),
(326, '1', 'en'),
(326, '1', 'ar'),
(326, '1', 'de'),
(326, '1', 'fr'),
(327, '1', 'en'),
(327, '1', 'ar'),
(327, '1', 'de'),
(327, '1', 'fr'),
(328, '1', 'en'),
(328, '1', 'ar'),
(328, '1', 'de'),
(328, '1', 'fr'),
(329, '1', 'en'),
(329, '1', 'ar'),
(329, '1', 'de'),
(329, '1', 'fr'),
(330, '2', 'en'),
(330, '2', 'ar'),
(330, '2', 'de'),
(330, '2', 'fr'),
(331, '', 'en'),
(331, '', 'ar'),
(331, '', 'de'),
(331, '', 'fr'),
(332, '', 'en'),
(332, '', 'ar'),
(332, '', 'de'),
(332, '', 'fr'),
(333, '200', 'en'),
(333, '200', 'ar'),
(333, '200', 'de'),
(333, '200', 'fr'),
(334, '240', 'en'),
(334, '240', 'ar'),
(334, '240', 'de'),
(334, '240', 'fr'),
(335, '', 'en'),
(335, '', 'ar'),
(335, '', 'de'),
(335, '', 'fr'),
(336, '', 'en'),
(336, '', 'ar'),
(336, '', 'de'),
(336, '', 'fr'),
(337, '1', 'en'),
(337, '1', 'ar'),
(337, '1', 'de'),
(337, '1', 'fr'),
(338, '1', 'en'),
(338, '1', 'ar'),
(338, '1', 'de'),
(338, '1', 'fr'),
(339, '1', 'en'),
(339, '1', 'ar'),
(339, '1', 'de'),
(339, '1', 'fr'),
(340, '1', 'en'),
(340, '1', 'ar'),
(340, '1', 'de'),
(340, '1', 'fr'),
(341, '1', 'en'),
(341, '1', 'ar'),
(341, '1', 'de'),
(341, '1', 'fr'),
(342, '2', 'en'),
(342, '2', 'ar'),
(342, '2', 'de'),
(342, '2', 'fr'),
(343, '', 'en'),
(343, '', 'ar'),
(343, '', 'de'),
(343, '', 'fr'),
(344, '', 'en'),
(344, '', 'ar'),
(344, '', 'de'),
(344, '', 'fr'),
(345, '200', 'en'),
(345, '200', 'ar'),
(345, '200', 'de'),
(345, '200', 'fr'),
(346, '200', 'en'),
(346, '200', 'ar'),
(346, '200', 'de'),
(346, '200', 'fr'),
(347, '', 'en'),
(347, '', 'ar'),
(347, '', 'de'),
(347, '', 'fr'),
(348, '', 'en'),
(348, '', 'ar'),
(348, '', 'de'),
(348, '', 'fr'),
(349, '1', 'en'),
(349, '1', 'ar'),
(349, '1', 'de'),
(349, '1', 'fr'),
(350, '1', 'en'),
(350, '1', 'ar'),
(350, '1', 'de'),
(350, '1', 'fr'),
(351, '1', 'en'),
(351, '1', 'ar'),
(351, '1', 'de'),
(351, '1', 'fr'),
(352, '1', 'en'),
(352, '1', 'ar'),
(352, '1', 'de'),
(352, '1', 'fr'),
(353, '1', 'en'),
(353, '1', 'ar'),
(353, '1', 'de'),
(353, '1', 'fr'),
(354, '2', 'en'),
(354, '2', 'ar'),
(354, '2', 'de'),
(354, '2', 'fr'),
(355, '', 'en'),
(355, '', 'ar'),
(355, '', 'de'),
(355, '', 'fr'),
(356, '', 'en'),
(356, '', 'ar'),
(356, '', 'de'),
(356, '', 'fr'),
(357, '200', 'en'),
(357, '200', 'ar'),
(357, '200', 'de'),
(357, '200', 'fr'),
(358, '260', 'en'),
(358, '260', 'ar'),
(358, '260', 'de'),
(358, '260', 'fr'),
(359, '', 'en'),
(359, '', 'ar'),
(359, '', 'de'),
(359, '', 'fr'),
(360, '', 'en'),
(360, '', 'ar'),
(360, '', 'de'),
(360, '', 'fr'),
(361, '1', 'en'),
(361, '1', 'ar'),
(361, '1', 'de'),
(361, '1', 'fr'),
(362, '1', 'en'),
(362, '1', 'ar'),
(362, '1', 'de'),
(362, '1', 'fr'),
(363, '1', 'en'),
(363, '1', 'ar'),
(363, '1', 'de'),
(363, '1', 'fr'),
(364, '1', 'en'),
(364, '1', 'ar'),
(364, '1', 'de'),
(364, '1', 'fr'),
(365, '1', 'en'),
(365, '1', 'ar'),
(365, '1', 'de'),
(365, '1', 'fr'),
(366, '2', 'en'),
(366, '2', 'ar'),
(366, '2', 'de'),
(366, '2', 'fr'),
(367, '', 'en'),
(367, '', 'ar'),
(367, '', 'de'),
(367, '', 'fr'),
(368, '', 'en'),
(368, '', 'ar'),
(368, '', 'de'),
(368, '', 'fr'),
(369, '180', 'en'),
(369, '180', 'ar'),
(369, '180', 'de'),
(369, '180', 'fr'),
(370, '260', 'en'),
(370, '260', 'ar'),
(370, '260', 'de'),
(370, '260', 'fr'),
(371, '', 'en'),
(371, '', 'ar'),
(371, '', 'de'),
(371, '', 'fr'),
(372, '', 'en'),
(372, '', 'ar'),
(372, '', 'de'),
(372, '', 'fr'),
(373, '1', 'en'),
(373, '1', 'ar'),
(373, '1', 'de'),
(373, '1', 'fr'),
(374, '1', 'en'),
(374, '1', 'ar'),
(374, '1', 'de'),
(374, '1', 'fr'),
(375, '1', 'en'),
(375, '1', 'ar'),
(375, '1', 'de'),
(375, '1', 'fr'),
(376, '1', 'en'),
(376, '1', 'ar'),
(376, '1', 'de'),
(376, '1', 'fr'),
(377, '1', 'en'),
(377, '1', 'ar'),
(377, '1', 'de'),
(377, '1', 'fr'),
(378, '2', 'en'),
(378, '2', 'ar'),
(378, '2', 'de'),
(378, '2', 'fr'),
(379, '', 'en'),
(379, '', 'ar'),
(379, '', 'de'),
(379, '', 'fr'),
(380, '', 'en'),
(380, '', 'ar'),
(380, '', 'de'),
(380, '', 'fr'),
(381, '160', 'en'),
(381, '160', 'ar'),
(381, '160', 'de'),
(381, '160', 'fr'),
(382, '240', 'en'),
(382, '240', 'ar'),
(382, '240', 'de'),
(382, '240', 'fr'),
(383, '', 'en'),
(383, '', 'ar'),
(383, '', 'de'),
(383, '', 'fr'),
(384, '', 'en'),
(384, '', 'ar'),
(384, '', 'de'),
(384, '', 'fr'),
(385, '1', 'en'),
(385, '1', 'ar'),
(385, '1', 'de'),
(385, '1', 'fr'),
(386, '1', 'en'),
(386, '1', 'ar'),
(386, '1', 'de'),
(386, '1', 'fr'),
(387, '1', 'en'),
(387, '1', 'ar'),
(387, '1', 'de'),
(387, '1', 'fr'),
(388, '1', 'en'),
(388, '1', 'ar'),
(388, '1', 'de'),
(388, '1', 'fr'),
(389, '1', 'en'),
(389, '1', 'ar'),
(389, '1', 'de'),
(389, '1', 'fr'),
(390, '2', 'en'),
(390, '2', 'ar'),
(390, '2', 'de'),
(390, '2', 'fr'),
(391, '', 'en'),
(391, '', 'ar'),
(391, '', 'de'),
(391, '', 'fr'),
(392, '', 'en'),
(392, '', 'ar'),
(392, '', 'de'),
(392, '', 'fr'),
(393, '160', 'en'),
(393, '160', 'ar'),
(393, '160', 'de'),
(393, '160', 'fr'),
(394, '250', 'en'),
(394, '250', 'ar'),
(394, '250', 'de'),
(394, '250', 'fr'),
(395, '', 'en'),
(395, '', 'ar'),
(395, '', 'de'),
(395, '', 'fr'),
(396, '', 'en'),
(396, '', 'ar'),
(396, '', 'de'),
(396, '', 'fr'),
(397, '1', 'en'),
(397, '1', 'ar'),
(397, '1', 'de'),
(397, '1', 'fr'),
(398, '1', 'en'),
(398, '1', 'ar'),
(398, '1', 'de'),
(398, '1', 'fr'),
(399, '1', 'en'),
(399, '1', 'ar'),
(399, '1', 'de'),
(399, '1', 'fr'),
(400, '1', 'en'),
(400, '1', 'ar'),
(400, '1', 'de'),
(400, '1', 'fr'),
(401, '1', 'en'),
(401, '1', 'ar'),
(401, '1', 'de'),
(401, '1', 'fr'),
(402, '2', 'en'),
(402, '2', 'ar'),
(402, '2', 'de'),
(402, '2', 'fr'),
(403, '', 'en'),
(403, '', 'ar'),
(403, '', 'de'),
(403, '', 'fr'),
(404, '', 'en'),
(404, '', 'ar'),
(404, '', 'de'),
(404, '', 'fr'),
(405, '160', 'en'),
(405, '160', 'ar'),
(405, '160', 'de'),
(405, '160', 'fr'),
(406, '240', 'en'),
(406, '240', 'ar'),
(406, '240', 'de'),
(406, '240', 'fr'),
(407, '', 'en'),
(407, '', 'ar'),
(407, '', 'de'),
(407, '', 'fr'),
(408, '', 'en'),
(408, '', 'ar'),
(408, '', 'de'),
(408, '', 'fr'),
(409, '1', 'en'),
(409, '1', 'ar'),
(409, '1', 'de'),
(409, '1', 'fr'),
(410, '1', 'en'),
(410, '1', 'ar'),
(410, '1', 'de'),
(410, '1', 'fr'),
(411, '1', 'en'),
(411, '1', 'ar'),
(411, '1', 'de'),
(411, '1', 'fr'),
(412, '1', 'en'),
(412, '1', 'ar'),
(412, '1', 'de'),
(412, '1', 'fr'),
(413, '1', 'en'),
(413, '1', 'ar'),
(413, '1', 'de'),
(413, '1', 'fr'),
(414, '2', 'en'),
(414, '2', 'ar'),
(414, '2', 'de'),
(414, '2', 'fr'),
(415, '', 'en'),
(415, '', 'ar'),
(415, '', 'de'),
(415, '', 'fr'),
(416, '', 'en'),
(416, '', 'ar'),
(416, '', 'de'),
(416, '', 'fr'),
(417, '160', 'en'),
(417, '160', 'ar'),
(417, '160', 'de'),
(417, '160', 'fr'),
(418, '260', 'en'),
(418, '260', 'ar'),
(418, '260', 'de'),
(418, '260', 'fr'),
(419, '', 'en'),
(419, '', 'ar'),
(419, '', 'de'),
(419, '', 'fr'),
(420, '', 'en'),
(420, '', 'ar'),
(420, '', 'de'),
(420, '', 'fr'),
(421, '1', 'en'),
(421, '1', 'ar'),
(421, '1', 'de'),
(421, '1', 'fr'),
(422, '1', 'en'),
(422, '1', 'ar'),
(422, '1', 'de'),
(422, '1', 'fr'),
(423, '1', 'en'),
(423, '1', 'ar'),
(423, '1', 'de'),
(423, '1', 'fr'),
(424, '1', 'en'),
(424, '1', 'ar'),
(424, '1', 'de'),
(424, '1', 'fr'),
(425, '1', 'en'),
(425, '1', 'ar'),
(425, '1', 'de'),
(425, '1', 'fr'),
(426, '2', 'en'),
(426, '2', 'ar'),
(426, '2', 'de'),
(426, '2', 'fr'),
(427, '', 'en'),
(427, '', 'ar'),
(427, '', 'de'),
(427, '', 'fr'),
(428, '', 'en'),
(428, '', 'ar'),
(428, '', 'de'),
(428, '', 'fr'),
(429, '200', 'en'),
(429, '200', 'ar'),
(429, '200', 'de'),
(429, '200', 'fr'),
(430, '240', 'en'),
(430, '240', 'ar'),
(430, '240', 'de'),
(430, '240', 'fr'),
(431, '', 'en'),
(431, '', 'ar'),
(431, '', 'de'),
(431, '', 'fr'),
(432, '', 'en'),
(432, '', 'ar'),
(432, '', 'de'),
(432, '', 'fr'),
(433, '1', 'en'),
(433, '1', 'ar'),
(433, '1', 'de'),
(433, '1', 'fr'),
(434, '1', 'en'),
(434, '1', 'ar'),
(434, '1', 'de'),
(434, '1', 'fr'),
(435, '1', 'en'),
(435, '1', 'ar'),
(435, '1', 'de'),
(435, '1', 'fr'),
(436, '1', 'en'),
(436, '1', 'ar'),
(436, '1', 'de'),
(436, '1', 'fr'),
(437, '1', 'en'),
(437, '1', 'ar'),
(437, '1', 'de'),
(437, '1', 'fr'),
(438, '2', 'en'),
(438, '2', 'ar'),
(438, '2', 'de'),
(438, '2', 'fr'),
(439, '', 'en'),
(439, '', 'ar'),
(439, '', 'de'),
(439, '', 'fr'),
(440, '', 'en'),
(440, '', 'ar'),
(440, '', 'de'),
(440, '', 'fr'),
(441, '200', 'en'),
(441, '200', 'ar'),
(441, '200', 'de'),
(441, '200', 'fr'),
(442, '260', 'en'),
(442, '260', 'ar'),
(442, '260', 'de'),
(442, '260', 'fr'),
(443, '', 'en'),
(443, '', 'ar'),
(443, '', 'de'),
(443, '', 'fr'),
(444, '', 'en'),
(444, '', 'ar'),
(444, '', 'de'),
(444, '', 'fr'),
(445, '1', 'en'),
(445, '1', 'ar'),
(445, '1', 'de'),
(445, '1', 'fr'),
(446, '1', 'en'),
(446, '1', 'ar'),
(446, '1', 'de'),
(446, '1', 'fr'),
(447, '1', 'en'),
(447, '1', 'ar'),
(447, '1', 'de'),
(447, '1', 'fr'),
(448, '1', 'en'),
(448, '1', 'ar'),
(448, '1', 'de'),
(448, '1', 'fr'),
(449, '1', 'en'),
(449, '1', 'ar'),
(449, '1', 'de'),
(449, '1', 'fr'),
(450, '2', 'en'),
(450, '2', 'ar'),
(450, '2', 'de'),
(450, '2', 'fr'),
(451, '', 'en'),
(451, '', 'ar'),
(451, '', 'de'),
(451, '', 'fr'),
(452, '', 'en'),
(452, '', 'ar'),
(452, '', 'de'),
(452, '', 'fr'),
(453, '180', 'en'),
(453, '180', 'ar'),
(453, '180', 'de'),
(453, '180', 'fr'),
(454, '240', 'en'),
(454, '240', 'ar'),
(454, '240', 'de'),
(454, '240', 'fr'),
(455, '', 'en'),
(455, '', 'ar'),
(455, '', 'de'),
(455, '', 'fr'),
(456, '', 'en'),
(456, '', 'ar'),
(456, '', 'de'),
(456, '', 'fr'),
(457, '1', 'en'),
(457, '1', 'ar'),
(457, '1', 'de'),
(457, '1', 'fr'),
(458, '1', 'en'),
(458, '1', 'ar'),
(458, '1', 'de'),
(458, '1', 'fr'),
(459, '', 'en'),
(459, '', 'ar'),
(459, '', 'de'),
(459, '', 'fr'),
(460, '0', 'en'),
(460, '0', 'ar'),
(460, '0', 'de'),
(460, '0', 'fr'),
(461, '0', 'en'),
(461, '0', 'ar'),
(461, '0', 'de'),
(461, '0', 'fr'),
(462, '0', 'en'),
(462, '0', 'ar'),
(462, '0', 'de'),
(462, '0', 'fr'),
(463, '0', 'en'),
(463, '0', 'ar'),
(463, '0', 'de'),
(463, '0', 'fr'),
(464, '0', 'en'),
(464, '0', 'ar'),
(464, '0', 'de'),
(464, '0', 'fr'),
(465, 'EMAIL', 'en'),
(465, 'EMAIL', 'ar'),
(465, 'EMAIL', 'de'),
(465, 'EMAIL', 'fr'),
(466, NULL, 'en'),
(466, NULL, 'ar'),
(466, NULL, 'de'),
(466, NULL, 'fr'),
(467, NULL, 'en'),
(467, NULL, 'ar'),
(467, NULL, 'de'),
(467, NULL, 'fr'),
(468, NULL, 'en'),
(468, NULL, 'ar'),
(468, NULL, 'de'),
(468, NULL, 'fr'),
(469, NULL, 'en'),
(469, NULL, 'ar'),
(469, NULL, 'de'),
(469, NULL, 'fr'),
(470, NULL, 'en'),
(470, NULL, 'ar'),
(470, NULL, 'de'),
(470, NULL, 'fr'),
(471, NULL, 'en'),
(471, NULL, 'ar'),
(471, NULL, 'de'),
(471, NULL, 'fr'),
(472, '0', 'en'),
(472, '0', 'ar'),
(472, '0', 'de'),
(472, '0', 'fr'),
(473, NULL, 'en'),
(473, NULL, 'ar'),
(473, NULL, 'de'),
(473, NULL, 'fr'),
(474, NULL, 'en'),
(474, NULL, 'ar'),
(474, NULL, 'de'),
(474, NULL, 'fr'),
(475, 'A', 'en'),
(475, 'A', 'ar'),
(475, 'A', 'de'),
(475, 'A', 'fr'),
(476, '1', 'en'),
(476, '1', 'ar'),
(476, '1', 'de'),
(476, '1', 'fr'),
(477, 'C', 'en'),
(477, 'C', 'ar'),
(477, 'C', 'de'),
(477, 'C', 'fr'),
(478, '1', 'en'),
(478, '1', 'ar'),
(478, '1', 'de'),
(478, '1', 'fr'),
(479, 'L', 'en'),
(479, 'L', 'ar'),
(479, 'L', 'de'),
(479, 'L', 'fr'),
(480, '1', 'en'),
(480, '1', 'ar'),
(480, '1', 'de'),
(480, '1', 'fr'),
(481, '1', 'en'),
(481, '1', 'ar'),
(481, '1', 'de'),
(481, '1', 'fr'),
(482, '1', 'en'),
(482, '1', 'ar'),
(482, '1', 'de'),
(482, '1', 'fr'),
(483, '1', 'en'),
(483, '1', 'ar'),
(483, '1', 'de'),
(483, '1', 'fr'),
(484, '', 'en'),
(484, '', 'ar'),
(484, '', 'de'),
(484, '', 'fr'),
(485, '', 'en'),
(485, '', 'ar'),
(485, '', 'de'),
(485, '', 'fr'),
(486, 'C', 'en'),
(486, 'C', 'ar'),
(486, 'C', 'de'),
(486, 'C', 'fr'),
(487, '1', 'en'),
(487, '1', 'ar'),
(487, '1', 'de'),
(487, '1', 'fr'),
(488, '1', 'en'),
(488, '1', 'ar'),
(488, '1', 'de'),
(488, '1', 'fr'),
(489, '', 'en'),
(489, '', 'ar'),
(489, '', 'de'),
(489, '', 'fr'),
(490, '0', 'en'),
(490, '0', 'ar'),
(490, '0', 'de'),
(490, '0', 'fr'),
(491, '0', 'en'),
(491, '0', 'ar'),
(491, '0', 'de'),
(491, '0', 'fr'),
(492, '0', 'en'),
(492, '0', 'ar'),
(492, '0', 'de'),
(492, '0', 'fr'),
(493, '0', 'en'),
(493, '0', 'ar'),
(493, '0', 'de'),
(493, '0', 'fr'),
(494, '0', 'en'),
(494, '0', 'ar'),
(494, '0', 'de'),
(494, '0', 'fr'),
(495, 'EMAIL', 'en'),
(495, 'EMAIL', 'ar'),
(495, 'EMAIL', 'de'),
(495, 'EMAIL', 'fr'),
(496, '1', 'en'),
(496, '1', 'ar'),
(496, '1', 'de'),
(496, '1', 'fr'),
(497, '1', 'en'),
(497, '1', 'ar'),
(497, '1', 'de'),
(497, '1', 'fr'),
(498, '1', 'en'),
(498, '1', 'ar'),
(498, '1', 'de'),
(498, '1', 'fr'),
(499, '1', 'en'),
(499, '1', 'ar'),
(499, '1', 'de'),
(499, '1', 'fr'),
(500, '1', 'en'),
(500, '1', 'ar'),
(500, '1', 'de'),
(500, '1', 'fr'),
(501, '1', 'en'),
(501, '1', 'ar'),
(501, '1', 'de'),
(501, '1', 'fr'),
(502, '0', 'en'),
(502, '0', 'ar'),
(502, '0', 'de'),
(502, '0', 'fr'),
(503, '1', 'en'),
(503, '1', 'ar'),
(503, '1', 'de'),
(503, '1', 'fr'),
(504, '1', 'en'),
(504, '1', 'ar'),
(504, '1', 'de'),
(504, '1', 'fr'),
(505, '1', 'en'),
(505, '1', 'ar'),
(505, '1', 'de'),
(505, '1', 'fr'),
(506, 'sdddd', 'en'),
(506, 'sdddd', 'ar'),
(506, 'sdddd', 'de'),
(506, 'sdddd', 'fr'),
(507, '1', 'en'),
(507, '1', 'ar'),
(507, '1', 'de'),
(507, '1', 'fr'),
(508, 'fold', 'en'),
(508, 'fold', 'ar'),
(508, 'fold', 'de'),
(508, 'fold', 'fr'),
(509, '1', 'en'),
(509, '1', 'ar'),
(509, '1', 'de'),
(509, '1', 'fr'),
(510, 'boxRain', 'en'),
(510, 'boxRain', 'ar'),
(510, 'boxRain', 'de'),
(510, 'boxRain', 'fr'),
(511, '1', 'en'),
(511, '1', 'ar'),
(511, '1', 'de'),
(511, '1', 'fr'),
(512, 'boxRainGrow', 'en'),
(512, 'boxRainGrow', 'ar'),
(512, 'boxRainGrow', 'de'),
(512, 'boxRainGrow', 'fr'),
(513, '1', 'en'),
(513, '1', 'ar'),
(513, '1', 'de'),
(513, '1', 'fr'),
(514, 'fade', 'en'),
(514, 'fade', 'ar'),
(514, 'fade', 'de'),
(514, 'fade', 'fr'),
(515, '1', 'en'),
(515, '1', 'ar'),
(515, '1', 'de'),
(515, '1', 'fr'),
(516, 'sliceUp', 'en'),
(516, 'sliceUp', 'ar'),
(516, 'sliceUp', 'de'),
(516, 'sliceUp', 'fr'),
(517, '1', 'en'),
(517, '1', 'ar'),
(517, '1', 'de'),
(517, '1', 'fr'),
(518, 'slideInRight', 'en'),
(518, 'slideInRight', 'ar'),
(518, 'slideInRight', 'de'),
(518, 'slideInRight', 'fr'),
(519, '1', 'en'),
(519, '1', 'ar'),
(519, '1', 'de'),
(519, '1', 'fr'),
(520, 'slideInLeft', 'en'),
(520, 'slideInLeft', 'ar'),
(520, 'slideInLeft', 'de'),
(520, 'slideInLeft', 'fr'),
(521, '1', 'en'),
(521, '1', 'ar'),
(521, '1', 'de'),
(521, '1', 'fr'),
(522, 'boxRandom', 'en'),
(522, 'boxRandom', 'ar'),
(522, 'boxRandom', 'de'),
(522, 'boxRandom', 'fr'),
(523, '1', 'en'),
(523, '1', 'ar'),
(523, '1', 'de'),
(523, '1', 'fr'),
(524, 'boxRain', 'en'),
(524, 'boxRain', 'ar'),
(524, 'boxRain', 'de'),
(524, 'boxRain', 'fr'),
(525, '1', 'en'),
(525, '1', 'ar'),
(525, '1', 'de'),
(525, '1', 'fr'),
(526, 'boxRainReverse', 'en'),
(526, 'boxRainReverse', 'ar'),
(526, 'boxRainReverse', 'de'),
(526, 'boxRainReverse', 'fr'),
(527, '1', 'en'),
(527, '1', 'ar'),
(527, '1', 'de'),
(527, '1', 'fr'),
(528, 'boxRainGrow', 'en'),
(528, 'boxRainGrow', 'ar'),
(528, 'boxRainGrow', 'de'),
(528, 'boxRainGrow', 'fr'),
(529, '1', 'en'),
(529, '1', 'ar'),
(529, '1', 'de'),
(529, '1', 'fr'),
(530, 'boxRainGrowReverse', 'en'),
(530, 'boxRainGrowReverse', 'ar'),
(530, 'boxRainGrowReverse', 'de'),
(530, 'boxRainGrowReverse', 'fr'),
(531, '1', 'en'),
(531, '1', 'ar'),
(531, '1', 'de'),
(531, '1', 'fr'),
(532, 'sliceUp', 'en'),
(532, 'sliceUp', 'ar'),
(532, 'sliceUp', 'de'),
(532, 'sliceUp', 'fr'),
(533, 'sonia-tn.com', 'en'),
(533, 'sonia-tn.com', 'ar'),
(533, 'sonia-tn.com', 'de'),
(533, 'sonia-tn.com', 'fr'),
(534, 'sonia-84', 'en'),
(534, 'sonia-84', 'ar'),
(534, 'sonia-84', 'de'),
(534, 'sonia-84', 'fr'),
(535, '4A55q8aT2XobzIvvBIF2lSr5AnK2/RgPUNQgcx9HASc+lM3wWlVB8XUs0yDLfJcadz9Z1ep/C+pNEwcp4D3b2HjNMc7RwCEcYEbHWV/tDalkns0D2ZvogsSxgnkHE5EJQ==', 'en'),
(535, '4A55q8aT2XobzIvvBIF2lSr5AnK2/RgPUNQgcx9HASc+lM3wWlVB8XUs0yDLfJcadz9Z1ep/C+pNEwcp4D3b2HjNMc7RwCEcYEbHWV/tDalkns0D2ZvogsSxgnkHE5EJQ==', 'ar'),
(535, '4A55q8aT2XobzIvvBIF2lSr5AnK2/RgPUNQgcx9HASc+lM3wWlVB8XUs0yDLfJcadz9Z1ep/C+pNEwcp4D3b2HjNMc7RwCEcYEbHWV/tDalkns0D2ZvogsSxgnkHE5EJQ==', 'de'),
(535, '4A55q8aT2XobzIvvBIF2lSr5AnK2/RgPUNQgcx9HASc+lM3wWlVB8XUs0yDLfJcadz9Z1ep/C+pNEwcp4D3b2HjNMc7RwCEcYEbHWV/tDalkns0D2ZvogsSxgnkHE5EJQ==', 'fr'),
(536, '21', 'en'),
(536, '21', 'ar'),
(536, '21', 'de'),
(536, '21', 'fr'),
(537, '.', 'en'),
(537, '.', 'ar'),
(537, '.', 'de'),
(537, '.', 'fr'),
(538, 'sonia-tn.com', 'en'),
(538, 'sonia-tn.com', 'ar'),
(538, 'sonia-tn.com', 'de'),
(538, 'sonia-tn.com', 'fr'),
(539, 'sonia-84', 'en'),
(539, 'sonia-84', 'ar'),
(539, 'sonia-84', 'de'),
(539, 'sonia-84', 'fr'),
(540, 'VV0wBW9npLe35CrRVJ2o2+7ZidyvYbJdPXyOZcDyA3w+lM3wWlVB8XUs0yDLfJcadz9Z1ep/C+pNEwcp4D3b2HjNMc7RwCEcYEbHWV/tDalkns0D2ZvogsSxgnkHE5EJQ==', 'en'),
(540, 'VV0wBW9npLe35CrRVJ2o2+7ZidyvYbJdPXyOZcDyA3w+lM3wWlVB8XUs0yDLfJcadz9Z1ep/C+pNEwcp4D3b2HjNMc7RwCEcYEbHWV/tDalkns0D2ZvogsSxgnkHE5EJQ==', 'ar'),
(540, 'VV0wBW9npLe35CrRVJ2o2+7ZidyvYbJdPXyOZcDyA3w+lM3wWlVB8XUs0yDLfJcadz9Z1ep/C+pNEwcp4D3b2HjNMc7RwCEcYEbHWV/tDalkns0D2ZvogsSxgnkHE5EJQ==', 'de'),
(540, 'VV0wBW9npLe35CrRVJ2o2+7ZidyvYbJdPXyOZcDyA3w+lM3wWlVB8XUs0yDLfJcadz9Z1ep/C+pNEwcp4D3b2HjNMc7RwCEcYEbHWV/tDalkns0D2ZvogsSxgnkHE5EJQ==', 'fr'),
(541, '21', 'en'),
(541, '21', 'ar'),
(541, '21', 'de'),
(541, '21', 'fr'),
(542, '.', 'en'),
(542, '.', 'ar'),
(542, '.', 'de'),
(542, '.', 'fr'),
(543, 'sonia-tn.com', 'en'),
(543, 'sonia-tn.com', 'ar'),
(543, 'sonia-tn.com', 'de'),
(543, 'sonia-tn.com', 'fr'),
(544, 'sonia-84', 'en'),
(544, 'sonia-84', 'ar'),
(544, 'sonia-84', 'de'),
(544, 'sonia-84', 'fr'),
(545, 'NQeySzHV3/pJx45Cp6WmqPK3jzdUwzJ0cxT2aXdwxJ0+lM3wWlVB8XUs0yDLfJcadz9Z1ep/C+pNEwcp4D3b2HjNMc7RwCEcYEbHWV/tDalkns0D2ZvogsSxgnkHE5EJQ==', 'en'),
(545, 'NQeySzHV3/pJx45Cp6WmqPK3jzdUwzJ0cxT2aXdwxJ0+lM3wWlVB8XUs0yDLfJcadz9Z1ep/C+pNEwcp4D3b2HjNMc7RwCEcYEbHWV/tDalkns0D2ZvogsSxgnkHE5EJQ==', 'ar'),
(545, 'NQeySzHV3/pJx45Cp6WmqPK3jzdUwzJ0cxT2aXdwxJ0+lM3wWlVB8XUs0yDLfJcadz9Z1ep/C+pNEwcp4D3b2HjNMc7RwCEcYEbHWV/tDalkns0D2ZvogsSxgnkHE5EJQ==', 'de'),
(545, 'NQeySzHV3/pJx45Cp6WmqPK3jzdUwzJ0cxT2aXdwxJ0+lM3wWlVB8XUs0yDLfJcadz9Z1ep/C+pNEwcp4D3b2HjNMc7RwCEcYEbHWV/tDalkns0D2ZvogsSxgnkHE5EJQ==', 'fr'),
(546, '21', 'en'),
(546, '21', 'ar'),
(546, '21', 'de'),
(546, '21', 'fr'),
(547, '.', 'en'),
(547, '.', 'ar'),
(547, '.', 'de'),
(547, '.', 'fr'),
(548, 'sonia-tn.com', 'en'),
(548, 'sonia-tn.com', 'ar'),
(548, 'sonia-tn.com', 'de'),
(548, 'sonia-tn.com', 'fr'),
(549, 'sonia-84', 'en'),
(549, 'sonia-84', 'ar'),
(549, 'sonia-84', 'de'),
(549, 'sonia-84', 'fr'),
(550, 'mcLOwV1xoYJw/ViF25C5sCbPD25Y5CCl+Xc0vROvFJ8+lM3wWlVB8XUs0yDLfJcadz9Z1ep/C+pNEwcp4D3b2HjNMc7RwCEcYEbHWV/tDalkns0D2ZvogsSxgnkHE5EJQ==', 'en'),
(550, 'mcLOwV1xoYJw/ViF25C5sCbPD25Y5CCl+Xc0vROvFJ8+lM3wWlVB8XUs0yDLfJcadz9Z1ep/C+pNEwcp4D3b2HjNMc7RwCEcYEbHWV/tDalkns0D2ZvogsSxgnkHE5EJQ==', 'ar'),
(550, 'mcLOwV1xoYJw/ViF25C5sCbPD25Y5CCl+Xc0vROvFJ8+lM3wWlVB8XUs0yDLfJcadz9Z1ep/C+pNEwcp4D3b2HjNMc7RwCEcYEbHWV/tDalkns0D2ZvogsSxgnkHE5EJQ==', 'de'),
(550, 'mcLOwV1xoYJw/ViF25C5sCbPD25Y5CCl+Xc0vROvFJ8+lM3wWlVB8XUs0yDLfJcadz9Z1ep/C+pNEwcp4D3b2HjNMc7RwCEcYEbHWV/tDalkns0D2ZvogsSxgnkHE5EJQ==', 'fr'),
(551, '21', 'en'),
(551, '21', 'ar'),
(551, '21', 'de'),
(551, '21', 'fr'),
(552, 'httpdocs/', 'en'),
(552, 'httpdocs/', 'ar'),
(552, 'httpdocs/', 'de'),
(552, 'httpdocs/', 'fr'),
(553, 'backups', 'en'),
(553, 'backups', 'ar'),
(553, 'backups', 'de'),
(553, 'backups', 'fr'),
(554, 'backups', 'en'),
(554, 'backups', 'ar'),
(554, 'backups', 'de'),
(554, 'backups', 'fr'),
(555, 'backups', 'en'),
(555, 'backups', 'ar'),
(555, 'backups', 'de'),
(555, 'backups', 'fr'),
(556, 'sonia-tn.com', 'en'),
(556, 'sonia-tn.com', 'ar'),
(556, 'sonia-tn.com', 'de'),
(556, 'sonia-tn.com', 'fr'),
(557, 'sonia-84', 'en'),
(557, 'sonia-84', 'ar'),
(557, 'sonia-84', 'de'),
(557, 'sonia-84', 'fr'),
(558, 'vHVBN3xxCIKVPS0wb+DWCvPirleITdvfGKYG7Aj3VkQ+lM3wWlVB8XUs0yDLfJcadz9Z1ep/C+pNEwcp4D3b2HjNMc7RwCEcYEbHWV/tDalkns0D2ZvogsSxgnkHE5EJQ==', 'en'),
(558, 'vHVBN3xxCIKVPS0wb+DWCvPirleITdvfGKYG7Aj3VkQ+lM3wWlVB8XUs0yDLfJcadz9Z1ep/C+pNEwcp4D3b2HjNMc7RwCEcYEbHWV/tDalkns0D2ZvogsSxgnkHE5EJQ==', 'ar'),
(558, 'vHVBN3xxCIKVPS0wb+DWCvPirleITdvfGKYG7Aj3VkQ+lM3wWlVB8XUs0yDLfJcadz9Z1ep/C+pNEwcp4D3b2HjNMc7RwCEcYEbHWV/tDalkns0D2ZvogsSxgnkHE5EJQ==', 'de'),
(558, 'vHVBN3xxCIKVPS0wb+DWCvPirleITdvfGKYG7Aj3VkQ+lM3wWlVB8XUs0yDLfJcadz9Z1ep/C+pNEwcp4D3b2HjNMc7RwCEcYEbHWV/tDalkns0D2ZvogsSxgnkHE5EJQ==', 'fr'),
(559, '21', 'en'),
(559, '21', 'ar'),
(559, '21', 'de'),
(559, '21', 'fr'),
(560, 'httpdocs/', 'en'),
(560, 'httpdocs/', 'ar'),
(560, 'httpdocs/', 'de'),
(560, 'httpdocs/', 'fr'),
(561, 'sonia-tn.com', 'en'),
(561, 'sonia-tn.com', 'ar'),
(561, 'sonia-tn.com', 'de'),
(561, 'sonia-tn.com', 'fr'),
(562, 'sonia-84', 'en'),
(562, 'sonia-84', 'ar'),
(562, 'sonia-84', 'de'),
(562, 'sonia-84', 'fr'),
(563, '5q52ME8STYXGE8fbVditHIQNRqxa1Vt4X9w05JxIl9o+lM3wWlVB8XUs0yDLfJcadz9Z1ep/C+pNEwcp4D3b2HjNMc7RwCEcYEbHWV/tDalkns0D2ZvogsSxgnkHE5EJQ==', 'en'),
(563, '5q52ME8STYXGE8fbVditHIQNRqxa1Vt4X9w05JxIl9o+lM3wWlVB8XUs0yDLfJcadz9Z1ep/C+pNEwcp4D3b2HjNMc7RwCEcYEbHWV/tDalkns0D2ZvogsSxgnkHE5EJQ==', 'ar'),
(563, '5q52ME8STYXGE8fbVditHIQNRqxa1Vt4X9w05JxIl9o+lM3wWlVB8XUs0yDLfJcadz9Z1ep/C+pNEwcp4D3b2HjNMc7RwCEcYEbHWV/tDalkns0D2ZvogsSxgnkHE5EJQ==', 'de'),
(563, '5q52ME8STYXGE8fbVditHIQNRqxa1Vt4X9w05JxIl9o+lM3wWlVB8XUs0yDLfJcadz9Z1ep/C+pNEwcp4D3b2HjNMc7RwCEcYEbHWV/tDalkns0D2ZvogsSxgnkHE5EJQ==', 'fr'),
(564, '21', 'en'),
(564, '21', 'ar'),
(564, '21', 'de'),
(564, '21', 'fr'),
(565, 'httpdocs/', 'en'),
(565, 'httpdocs/', 'ar'),
(565, 'httpdocs/', 'de'),
(565, 'httpdocs/', 'fr');

--
-- Contraintes pour les tables exportées
--

--
-- Contraintes pour la table `locale_lang`
--
ALTER TABLE `locale_lang`
  ADD CONSTRAINT `locale_lang_ibfk_1` FOREIGN KEY (`locale_id`) REFERENCES `locale` (`id`) ON DELETE CASCADE ON UPDATE CASCADE;

--
-- Contraintes pour la table `setting_lang`
--
ALTER TABLE `setting_lang`
  ADD CONSTRAINT `setting_lang_ibfk_1` FOREIGN KEY (`setting_id`) REFERENCES `setting` (`id`) ON DELETE CASCADE ON UPDATE CASCADE;
SET FOREIGN_KEY_CHECKS=1;
COMMIT;
