-- phpMyAdmin SQL Dump
-- version 3.2.4
-- http://www.phpmyadmin.net
--
-- Host: localhost
-- Erstellungszeit: 19. Dezember 2012 um 10:34
-- Server Version: 5.1.44
-- PHP-Version: 5.3.1

SET FOREIGN_KEY_CHECKS=0;
SET SQL_MODE="NO_AUTO_VALUE_ON_ZERO";
SET AUTOCOMMIT=0;
START TRANSACTION;

--
-- Datenbank: `motorssouq`
--

-- --------------------------------------------------------

--
-- Tabellenstruktur für Tabelle `account`
--

DROP TABLE IF EXISTS `account`;
CREATE TABLE IF NOT EXISTS `account` (
  `id` int(11) NOT NULL AUTO_INCREMENT,
  `name` varchar(255) COLLATE utf8_unicode_ci DEFAULT NULL,
  `password` varchar(45) COLLATE utf8_unicode_ci DEFAULT NULL,
  `number` varchar(45) COLLATE utf8_unicode_ci DEFAULT NULL,
  `telefon` varchar(45) COLLATE utf8_unicode_ci DEFAULT NULL,
  `mobile` varchar(45) COLLATE utf8_unicode_ci DEFAULT NULL,
  `email1` varchar(45) COLLATE utf8_unicode_ci DEFAULT NULL,
  `email2` varchar(45) COLLATE utf8_unicode_ci DEFAULT NULL,
  `country` varchar(45) COLLATE utf8_unicode_ci DEFAULT NULL,
  `province` varchar(45) COLLATE utf8_unicode_ci DEFAULT NULL,
  `city` varchar(45) COLLATE utf8_unicode_ci DEFAULT NULL,
  `street` varchar(45) COLLATE utf8_unicode_ci DEFAULT NULL,
  `zipcode` varchar(45) COLLATE utf8_unicode_ci DEFAULT NULL,
  `register_date_time` datetime NOT NULL,
  `dealer` tinyint(1) DEFAULT '0',
  PRIMARY KEY (`id`)
) ENGINE=InnoDB  DEFAULT CHARSET=utf8 COLLATE=utf8_unicode_ci AUTO_INCREMENT=1198 ;

--
-- Daten für Tabelle `account`
--

INSERT INTO `account` (`id`, `name`, `password`, `number`, `telefon`, `mobile`, `email1`, `email2`, `country`, `province`, `city`, `street`, `zipcode`, `register_date_time`, `dealer`) VALUES
(601, 'Muneera', '7c4a8d09ca3762af61e59520943dc26494f8941b', NULL, NULL, '3333333333', 'mu.burashed@gmail.com', NULL, 'Bahrain', 'Muharraq ', 'Muharraq', NULL, NULL, '2012-12-07 00:00:00', 1),
(618, 'ali', 'd4fe581561f18ee5006254a7e53f53cbed780bc2', NULL, NULL, '33712448', 'mejoo0@hotmail.com', NULL, NULL, NULL, NULL, NULL, NULL, '2012-09-01 22:06:42', 0),
(619, 'adel', 'f4824bee9b86a2deba6809277645ed3faa806323', NULL, NULL, '36662022', 'degoal10@hotmail.com', NULL, NULL, NULL, NULL, NULL, NULL, '2012-09-01 22:29:00', 0),
(620, 'بوعبدالله 7', '88d135daac11144cc2d18db24c5d7c08fc5d92b2', NULL, NULL, '33136111', 'Buabdulla_999@hotmail.com', NULL, NULL, NULL, NULL, NULL, NULL, '2012-09-02 02:34:58', 0),
(621, 'جاسم.', '50b6dd2691b28f6a730da33331821b5f35b82466', NULL, NULL, '39646526', 'jak86_123@hotmail.com', NULL, 'البحرين ', 'عراد', NULL, NULL, NULL, '2012-09-02 02:46:51', 0),
(622, 'cashgroup', '961e25ef9bc48af2f8de24553fadb8c6769df994', NULL, NULL, '0097333308584', 'cashgroup@windowslive.com', NULL, NULL, NULL, NULL, NULL, NULL, '2012-09-02 09:11:37', 0),
(623, 'Mohammed', 'e3e764823084c621689489e18f4fce49c2af1fe6', NULL, NULL, '36510710', 'vire_italy@hotmail.com', NULL, NULL, NULL, NULL, NULL, NULL, '2012-09-02 10:13:54', 0),
(625, 'حمد', '69df79bef9287d3bcb8f104a408b06de6a108fd8', NULL, NULL, '33053436', 'red_angle_1990@hotmail.com', NULL, NULL, NULL, NULL, NULL, NULL, '2012-09-02 22:35:04', 0),
(626, 'hamad', 'bb1c6a2a89a377f14238590202c1d5f9625ad30c', NULL, NULL, '39634324 ', 'hamadhn@hotmail.com', NULL, NULL, NULL, NULL, NULL, NULL, '2012-09-03 02:43:30', 0),
(627, 'khalid alghilidary', '3a6b221fa39000aa6bac212da66b089fa7861265', NULL, NULL, '36611103', 'alghilidary@gmail.com', NULL, NULL, NULL, NULL, NULL, NULL, '2012-09-03 07:07:00', 0),
(628, 'خالد', '273a0c7bd3c679ba9a6f5d99078e36e85d02b952', NULL, NULL, '34051414', ' habara555@hotmail.com', NULL, NULL, NULL, NULL, NULL, NULL, '2012-09-03 09:02:20', 0),
(629, 'سالم', '21c5dfd0c48df6c7db18fd3cd9176f7ae0828eed', NULL, NULL, '39282509', 'med9057@hotmail.com', NULL, NULL, NULL, NULL, NULL, NULL, '2012-09-03 15:43:20', 0),
(634, 'سامي صالح الدوسري ', '8afad3176d6382366544b5ab9e7afee1217ca6f6', NULL, NULL, '00966505898666', 'dossss@Hotmail.com', NULL, 'المملكة العربية السعودية ', 'الشرقية ', 'الظهران ', NULL, NULL, '2012-09-03 18:20:51', 0),
(635, 'سالم', '0f50411ede4041b00104aaf517a18db85d161b37', NULL, NULL, '39282509', 'med9056@hotmail.com', NULL, NULL, NULL, NULL, NULL, NULL, '2012-09-03 21:48:44', 0),
(636, 'NAWAL', '63d913466ff1c9f9d07f3265665365f3b3eb4f9b', NULL, NULL, '33727976', 'MOON14_NAWAL@HOTMAIL.COM', NULL, NULL, NULL, NULL, NULL, NULL, '2012-09-04 00:10:05', 0),
(637, 'خليفه', '5db9df509a1f6c29a004e09e2664bc89c58ce76f', NULL, NULL, '+97339919925', 'Alahmed_93@hotmail.com', NULL, 'البحرين', 'عراد', NULL, NULL, NULL, '2012-09-04 07:18:59', 0),
(638, 'Buthaina', 'b43f65114a85f96e01934ad6e9854bf7b4f02a6b', NULL, NULL, '39477494', 'buthaina.r@gmail.com', NULL, NULL, NULL, NULL, NULL, NULL, '2012-09-04 10:59:01', 0),
(639, 'سلمان خالد', '8926c2b376c67f47e1dbbcd4fc7fef9c6dab118b', NULL, NULL, '33400565.    ', 'salmano0o_18@hotmail.com', NULL, NULL, NULL, NULL, NULL, NULL, '2012-09-04 11:30:59', 0),
(640, 'Bo Sara ', '388779790c9abdcbfe7da71525d2520ad46da9eb', NULL, NULL, '33890444', 'Bosara_2010@hotmail.com', NULL, NULL, NULL, NULL, NULL, NULL, '2012-09-04 12:07:54', 0),
(641, 'سلمان خالد خليفه ', '6269361e14d71765c5a34578e70ad0fb0743b754', NULL, NULL, '33400565', 'salman_775@hotmail.com', NULL, NULL, NULL, NULL, NULL, NULL, '2012-09-04 12:09:02', 0),
(643, 'yahya', '993d264a81eabb8180d8497e010bb9d9c1e22e53', NULL, NULL, '33994662', 'racinge.e@hotmail.com', NULL, NULL, NULL, NULL, NULL, NULL, '2012-09-04 21:57:38', 0),
(644, 'خالد', '273a0c7bd3c679ba9a6f5d99078e36e85d02b952', NULL, NULL, '34051414', 'habara555@hotmail.com', NULL, NULL, NULL, NULL, NULL, NULL, '2012-09-05 11:24:24', 0),
(646, 'أبــو إلــيــاس', 'd5ba40c8d6b4e28f5d8d561d275e22b881f36084', NULL, NULL, '38450008', 'abo.elias@live.com', NULL, NULL, NULL, NULL, NULL, NULL, '2012-09-07 10:57:05', 0),
(647, 'علي', '1cff86f5649d3fe4cdcd088d73cdfd368e7f189d', NULL, NULL, '33596689', 'Prince_1573@hotmail.com', NULL, 'البحرين', 'مدينه عيسى ', NULL, NULL, NULL, '2012-09-07 13:42:22', 0),
(648, 'سعد راشد ', 'a759611595bd44cd666e814144717c8010c1214e', NULL, NULL, '32223336 ', 's3ood502@hotmail.com', NULL, NULL, NULL, NULL, NULL, NULL, '2012-09-08 04:58:20', 0),
(659, 'Ali Hussein ', '4e6022af0708861aa30f82da942f86142f65a358', NULL, '36103337', '33912126 ', 'Alioo1994@hotmail.com', NULL, 'Bahrain', 'A,Ali', NULL, NULL, NULL, '2012-09-09 21:50:01', 0),
(663, 'shaikhan showroom', '73e8258c33213b836ff9abdaa7faf05137a661fe', NULL, NULL, '33394679', 'talalnote@gmail.com', NULL, NULL, NULL, NULL, NULL, NULL, '2012-09-11 11:05:25', 0),
(664, 'بوراشد', '7521338adcb80b0acef81d48c5c8101970cb94e6', NULL, NULL, '39001999 /39592249', 'gm99gm@hotmail.com', NULL, NULL, NULL, NULL, NULL, NULL, '2012-09-11 15:10:38', 0),
(668, 'موتورز سوق ', NULL, NULL, NULL, '36231321 ', NULL, 'faras@amhsoft.com ', 'البحرين ', NULL, 'المحرق ', NULL, NULL, '2012-09-12 08:19:38', 0),
(669, 'teat', NULL, NULL, NULL, '78987778997', NULL, 'faras@amhsoft.com', 'bahrain', NULL, 'muharraq', NULL, NULL, '2012-09-12 08:33:40', 0),
(671, 'موتورز سوق ', NULL, NULL, NULL, '36231321 ', NULL, 'faras@amhsoft.com ', 'البحرين ', NULL, 'المحرق ', NULL, NULL, '2012-09-12 18:01:34', 0),
(675, 'mushari', '14cc4db72cf76fdd18817ff15aaf2348e67db5ee', NULL, NULL, '36611106', 'mushari1977@hotmail.com', NULL, NULL, NULL, NULL, NULL, NULL, '2012-09-14 16:50:49', 0),
(676, 'yaacobkad', '195043e9e4dcdc1d666066a09f3b522ba6007a09', NULL, NULL, '39770087', 'yaacobkad@gmail.com', NULL, NULL, NULL, NULL, NULL, NULL, '2012-09-15 11:55:33', 0),
(677, 'abdulrahman', '3acd0be86de7dcccdbf91b20f94a68cea535922d', NULL, NULL, '33387009', 'crestiano_21@hotmail.com', NULL, NULL, NULL, NULL, NULL, NULL, '2012-09-15 17:53:56', 0),
(678, 'حسن ', NULL, NULL, NULL, '39904322', NULL, 'hassanalasfoor@hotmail.com', 'البحرين ', 'الزلاق', NULL, NULL, NULL, '2012-09-16 18:35:14', 0),
(679, 'محمد عبدالله محمد', NULL, NULL, NULL, '36231321', NULL, 'youremail@mail.com', 'البحرين', 'المحرق', 'المحرق', NULL, NULL, '2012-09-17 16:41:54', 0),
(680, '  Hassan.alqaidoom', '3fd4d21fc6611b5b584ab517b5455fa45abcc378', NULL, NULL, '32220704', 'hassan.alqaidoom@hotmail.com', NULL, NULL, NULL, NULL, NULL, NULL, '2012-09-18 18:18:23', 0),
(681, '', NULL, NULL, NULL, '', NULL, '', '', NULL, '', NULL, NULL, '2012-09-19 10:52:12', 0),
(682, 'ABDULLAH', 'f2d3f09150beb76c7f2c83dc27732a0b23718875', NULL, NULL, '36366418', 'abdullah@panoramabh.com', NULL, NULL, NULL, NULL, NULL, NULL, '2012-09-19 11:18:02', 0),
(683, 'محمد العمادي', 'bfa425a1ca83127714f35d90ecff1ffb7634ae17', NULL, NULL, '33017266', 'holden_hsv_55@hotmail.com', NULL, 'البحرين', 'المحرق', NULL, NULL, NULL, '2012-09-19 13:36:28', 0),
(684, 'amir cherih', NULL, NULL, NULL, '00495312801805', NULL, 'amir.cherif@amhsoft.com', 'germany', 'niedersachsen', 'braunschweig', NULL, NULL, '2012-09-19 20:14:00', 0),
(685, 'amir cherih', NULL, NULL, NULL, '00495312801805', NULL, 'amir.cherif@amhsoft.com', 'germany', 'niedersachsen', 'braunschweig', NULL, NULL, '2012-09-19 20:15:38', 0),
(695, 'vvvbb', NULL, NULL, NULL, '85555', NULL, 'vvfdd@dgvff.com', '\n', 'ghfgv', '', NULL, NULL, '2012-09-19 20:30:50', 0),
(696, 'vvvbb', NULL, NULL, NULL, '85555', NULL, 'vvfdd@dgvff.com', '\n', 'ghfgv', '', NULL, NULL, '2012-09-19 20:33:17', 0),
(697, 'vvvbb', NULL, NULL, NULL, '85555', NULL, 'vvfdd@dgvff.com', '\n', 'ghfgv', '', NULL, NULL, '2012-09-19 20:34:26', 0),
(698, 'vvvbb', NULL, NULL, NULL, '85555', NULL, 'vvfdd@dgvff.com', '\n', 'ghfgv', '', NULL, NULL, '2012-09-19 20:36:57', 0),
(699, 'vvvbb', NULL, NULL, NULL, '85555', NULL, 'vvfdd@dgvff.com', '\n', 'ghfgv', '', NULL, NULL, '2012-09-19 20:39:32', 0),
(700, 'vvvbb', NULL, NULL, NULL, '85555', NULL, 'vvfdd@dgvff.com', '\n', 'ghfgv', '', NULL, NULL, '2012-09-19 20:40:40', 0),
(701, 'vvvbb', NULL, NULL, NULL, '85555', NULL, 'vvfdd@dgvff.com', '\n', 'ghfgv', '', NULL, NULL, '2012-09-19 20:41:34', 0),
(702, 'vvvbb', NULL, NULL, NULL, '85555', NULL, 'vvfdd@dgvff.com', '\n', 'ghfgv', '', NULL, NULL, '2012-09-19 20:41:46', 0),
(703, 'vvvbb', NULL, NULL, NULL, '85555', NULL, 'vvfdd@dgvff.com', '\n', 'ghfgv', '', NULL, NULL, '2012-09-19 20:42:47', 0),
(705, 'vvvbb', NULL, NULL, NULL, '85555', NULL, 'vvfdd@dgvff.com', '\n', 'ghfgv', '', NULL, NULL, '2012-09-19 20:46:47', 0),
(706, 'vvvbb', NULL, NULL, NULL, '85555', NULL, 'vvfdd@dgvff.com', '\n', 'ghfgv', '', NULL, NULL, '2012-09-19 20:47:36', 0),
(707, 'vvvbb', NULL, NULL, NULL, '85555', NULL, 'vvfdd@dgvff.com', '\n', 'ghfgv', '', NULL, NULL, '2012-09-19 20:48:41', 0),
(708, 'vvvbb', NULL, NULL, NULL, '85555', NULL, 'vvfdd@dgvff.com', '\n', 'ghfgv', '', NULL, NULL, '2012-09-19 20:51:45', 0),
(709, 'kgk', NULL, NULL, NULL, '555666', NULL, 'uhgt@ccg.de', '', '', '', NULL, NULL, '2012-09-19 21:08:38', 0),
(710, ' hassan', NULL, NULL, NULL, '32220704', NULL, 'hsssan.alqaidoom@hotmail.com', 'bahrain', NULL, NULL, NULL, NULL, '2012-09-19 22:45:41', 0),
(711, ' hassan', NULL, NULL, NULL, '32220704', NULL, 'hsssan.alqaidoom@hotmail.com', 'البحرين', NULL, NULL, NULL, NULL, '2012-09-19 22:51:31', 0),
(712, 'anowr', NULL, NULL, NULL, '39461358', NULL, 'hsssan.alqaidoom@hotmail.com', NULL, NULL, NULL, NULL, NULL, '2012-09-19 22:56:08', 0),
(713, 'anwor', NULL, NULL, NULL, '39461358', NULL, 'hassan.alqaidoom@hotmail.com', 'bahrain', NULL, NULL, NULL, NULL, '2012-09-22 00:34:04', 0),
(714, 'anwor', NULL, NULL, NULL, '39461358', NULL, 'hassan.alqaidoom@hotmail.com', 'bahrain', NULL, NULL, NULL, NULL, '2012-09-22 00:36:32', 0),
(715, 'بو محمد', NULL, NULL, NULL, '33303155', NULL, 'kumailmpa@gmail.com', 'البحرين', 'البحرين', 'البحرين', NULL, NULL, '2012-09-22 08:01:13', 0),
(716, 'بو محمد', NULL, NULL, NULL, '33303155', NULL, 'kumailmpa@gmail.com', 'البحرين', 'البحرين', 'البحرين', NULL, NULL, '2012-09-22 09:10:46', 0),
(717, 'mr', NULL, NULL, NULL, '34344232', NULL, 'bu-khalid@hotmail.com', 'bahrain ', NULL, 'bahrain ', NULL, NULL, '2012-09-22 12:41:52', 0),
(718, 'mr', NULL, NULL, NULL, '34344232', NULL, 'bu-khalid@hotmail.com', 'bahrain ', NULL, 'bahrain ', NULL, NULL, '2012-09-22 13:02:46', 0),
(719, 'Al3eees', '84941990d8c1706a5db0f642befd0eebbdc2bdd3', NULL, NULL, '36357444 - 33422779', 'al3eees@hotmail.com', NULL, NULL, NULL, NULL, NULL, NULL, '2012-09-22 16:41:13', 0),
(720, 'al3eees', NULL, NULL, NULL, '36357444', NULL, 'al3eees@hotmail.com', NULL, NULL, NULL, NULL, NULL, '2012-09-22 21:51:18', 0),
(721, 'عبدالكريم احمد', '6f54205d8537fc141cf0c1b39d21f8cfbb35b7eb', NULL, '33518842', '36199311', 'karoem@9.cn', NULL, 'البحرين', 'مدينة حمد', 'دوار الاول', NULL, NULL, '2012-09-23 09:34:11', 0),
(722, 'عبدالرحمن الحدي ', NULL, NULL, NULL, '33127479', NULL, 'Alheddy_92@live.com', 'البحرين ', 'مدينة حمد ', 'مدينة حمد ', NULL, NULL, '2012-09-23 14:31:13', 0),
(723, 'FAHAD Y ALOBAIDLY', '936aa2266f92a86cd3e574b167feb5ed557b7a8c', NULL, NULL, '36678485', 'fahad.alobaidly@hotmail.com', NULL, NULL, NULL, NULL, NULL, NULL, '2012-09-23 15:32:22', 0),
(724, 'جبر ', '72ecb287a3948c1e4730cab80542cc0cc1a615d2', NULL, NULL, '33231374', 'bn_yaber@hotmail.com', NULL, NULL, NULL, NULL, NULL, NULL, '2012-09-23 22:37:36', 0),
(725, 'Thamer', NULL, NULL, NULL, '39918777', NULL, 'Bloodline1986@live.com', 'Bahrain', 'Saar', 'Saar', NULL, NULL, '2012-09-24 11:14:33', 0),
(726, 'Thamer', NULL, NULL, NULL, '39918777', NULL, 'Bloodline1986@live.com', 'Bahrain', 'Saar', 'Saar', NULL, NULL, '2012-09-24 11:16:56', 0),
(727, 'Thamer', NULL, NULL, NULL, '39918777', NULL, 'Bloodline1986@live.com', 'Bahrain', 'Saar', 'Saar', NULL, NULL, '2012-09-24 11:21:51', 0),
(728, 'Thamer', NULL, NULL, NULL, '39918777', NULL, 'Bloodline1986@live.com', 'Bahrain', 'Saar', 'Saar', NULL, NULL, '2012-09-24 11:23:53', 0),
(729, 'Thamer', NULL, NULL, NULL, '39918777', NULL, 'Bloodline1986@live.com', 'Bahrain', 'Zinj', 'Zinj', NULL, NULL, '2012-09-24 11:49:37', 0),
(730, 'عارف', 'd9001c640fd4d06a9f61cf960dff279542c4842e', NULL, NULL, '33883286', 'a_aroof78@hotmail.com', NULL, 'Bahrain', NULL, NULL, NULL, NULL, '2012-09-24 13:40:14', 0),
(732, 'jmwphjm', NULL, NULL, NULL, '56944', NULL, 'tokya.gpj', 'jntpjoqg', 'kmwtg@am', 'lmwpgjxt', NULL, NULL, '2012-09-24 18:42:09', 0),
(733, 'Thamer', NULL, NULL, NULL, '39918777', NULL, 'Bloodline1986@live.com', 'Bahrain', 'Zinj', 'Zinj', NULL, NULL, '2012-09-25 07:42:26', 0),
(734, 'montassar', '51abb9636078defbf888d8457a7c76f85c8f114c', NULL, NULL, '21883580', 'smida.montaser@yahoo.fr', NULL, NULL, NULL, NULL, NULL, NULL, '2012-09-25 09:30:42', 0),
(735, 'montassar smida', NULL, NULL, NULL, '21883580', NULL, 'montassar@amhsoft.com', 'Tunisie', 'Ksar', 'Gafsa', NULL, NULL, '2012-09-25 09:56:03', 0),
(736, 'montassar smida', NULL, NULL, NULL, '21883580', NULL, 'montassar@amhsoft.com', 'Tunisie', 'Ksar', 'Gafsa', NULL, NULL, '2012-09-25 09:56:30', 0),
(737, 'montassar smida', NULL, NULL, NULL, '21883580', NULL, 'montassar@amhsoft.com', 'Tunisie', 'Ksar', 'Gafsa', NULL, NULL, '2012-09-25 10:01:50', 0),
(738, 'montassar smida', NULL, NULL, NULL, '21883580', NULL, 'montassar@amhsoft.com', 'Tunisie', 'Ksar', 'Gafsa', NULL, NULL, '2012-09-25 10:27:49', 0),
(740, 'Faisal AlABSI ', '549fa9449b6d1572af9d2c2a6458ff18446732ae', NULL, NULL, '33314446', 'alabsi83@gmail.com', NULL, 'bahrain ', NULL, NULL, NULL, NULL, '2012-09-25 10:40:55', 0),
(741, 'عمر الجودر', 'b2ee60370ad57d9bc3877e9024c507ab99303a64', NULL, NULL, '+97339779965', 'oaljowder@bahrainair.net', NULL, NULL, NULL, NULL, NULL, NULL, '2012-09-25 11:31:14', 0),
(742, 'montassar smida', NULL, NULL, NULL, '21883580', NULL, 'montassar@amhsoft.com', 'Tunisie', 'Ksar', 'Gafsa', NULL, NULL, '2012-09-25 12:06:44', 0),
(743, 'محرقي', 'c5bea0c4dd60ceb2bdf45dd5dc9304d215eb97b6', NULL, NULL, '33398954', 'ahmedapm60@yahoo.com', NULL, NULL, NULL, NULL, NULL, NULL, '2012-09-25 16:17:04', 0),
(744, 'Ahmed', '19d4dc40c1513c9e3cb371e71fab9b8ebb0e755e', NULL, NULL, '33275954', 'aas393@hotmail.com', NULL, NULL, NULL, NULL, NULL, NULL, '2012-09-25 17:44:26', 0),
(745, 'Motors Souq', NULL, NULL, NULL, '33271994', NULL, 'info@motorssouq.com', 'Bahrain', NULL, NULL, NULL, NULL, '2012-09-25 18:52:44', 0),
(746, 'Motors Souq', NULL, NULL, NULL, ' 33654626 ', NULL, 'info@motorssouq.com', 'Bahrain', NULL, '', NULL, NULL, '2012-09-25 21:31:42', 0),
(747, 'Omar', '6b00da5866fd69452345436b1aa3c53c09d0c470', NULL, NULL, '33669686', 'bo5alid_92@hotmail.com', NULL, NULL, NULL, NULL, NULL, NULL, '2012-09-26 10:19:18', 0),
(748, 'بوفيصل', '82429f563f6e2335e9769af51a94e3f396ed3a94', NULL, NULL, '33999593', 'mqa2008@hotmail.com', NULL, NULL, NULL, NULL, NULL, NULL, '2012-09-26 16:14:22', 0),
(749, 'jaffer', NULL, NULL, NULL, '33956791', NULL, 'j.m89@hotmail.com', 'sar', '', '', NULL, NULL, '2012-09-28 02:08:28', 0),
(750, 'mushari alhadi', NULL, NULL, NULL, '36611106', NULL, 'mushari1977@hotmail.com', 'Bahrain', '', 'manama', NULL, NULL, '2012-09-28 12:02:19', 0),
(751, 'وليد خالد', NULL, NULL, NULL, '36324243', NULL, 'bahrainone@yahoo.com', NULL, NULL, NULL, NULL, NULL, '2012-09-28 18:44:28', 0),
(752, 'Yusuf AL-Khameeri', '86c32edeb5cd4ac48c22623b859c86052307bc56', NULL, NULL, '36547888', 'yusufbesisc@yahoo.com', NULL, NULL, NULL, NULL, NULL, NULL, '2012-09-28 18:48:24', 0),
(753, 'ishak', NULL, NULL, NULL, '123321123', NULL, 'iskhak@ishak.com', 'Bangladesh', '!!??', 'Karachi', NULL, NULL, '2012-09-28 19:28:55', 0),
(754, 'mushari alhadi', NULL, NULL, NULL, '36611106', NULL, 'mushari1977@hotmail.com', 'Bahrain', '', 'Bahrain', NULL, NULL, '2012-09-28 19:43:18', 0),
(755, 'عبدالله منصور', NULL, NULL, NULL, '39679929', NULL, 'sharkeyz@9.cn', 'البحرين', 'المنامة', 'الدراز', NULL, NULL, '2012-09-29 11:00:11', 0),
(756, 'عبدالله منصور', NULL, NULL, NULL, '39679929', NULL, 'sharkeyz@9.cn', 'البحرين', 'المنامة', 'الدراز', NULL, NULL, '2012-09-29 11:03:37', 0),
(757, 'bmw535', '0aba5bd4e5ceb1b41c0cfb7b2221affd246e849f', NULL, NULL, '33827402', 'bmw4701@hotmail.com', NULL, NULL, NULL, NULL, NULL, NULL, '2012-09-29 17:14:47', 0),
(758, '3ailan', '2c7a6753ce4aaa55c7db7d99c81ac2dda67d6cf5', NULL, NULL, '36630408', 'recoba_7_20@hotmail.com', NULL, NULL, NULL, NULL, NULL, NULL, '2012-09-29 19:51:49', 0),
(759, 'محمد ', NULL, NULL, NULL, '36110108', NULL, 'mohammed_k_177@hotmail.com', NULL, NULL, NULL, NULL, NULL, '2012-09-30 23:39:01', 0),
(761, 'عيسى العيسى', NULL, NULL, NULL, '36192555', NULL, 'isa.alisa87@hotmail.com', 'البحرين', NULL, 'الحد', NULL, NULL, '2012-10-01 21:48:43', 0),
(762, 'mohammed alasfoor', NULL, NULL, NULL, '97333968999', NULL, 'mohd_asfoor@hotmail.com', 'Bahrain', '', 'Saar', NULL, NULL, '2012-10-01 22:39:35', 0),
(763, 'bu-waleed', '36c0f6a965ce9a771270b7b95ad9d57c40092538', NULL, NULL, '36156688', 'onelove8055@gmail.com', NULL, NULL, NULL, NULL, NULL, NULL, '2012-10-02 11:18:42', 0),
(764, 'QATADA BUSHAGER', 'db4457a8a1cf9450b48b38855be9a217461a779e', NULL, NULL, '33303332', 'qbushager@hotmail.com', NULL, NULL, NULL, NULL, NULL, NULL, '2012-10-02 12:21:21', 0),
(765, 'Bushager', NULL, NULL, NULL, '33303332', NULL, 'qbushager@hotmail.com', 'Bahrain', 'Isa town', 'Isatown', NULL, NULL, '2012-10-02 12:52:35', 0),
(766, 'بو جمال', NULL, NULL, NULL, '39800400', NULL, 'khalidnaqi90@gmail.com', 'BH', 'Muharraq', NULL, NULL, NULL, '2012-10-02 14:45:45', 0),
(767, 'فيصل-faisal', NULL, NULL, NULL, '34448003', NULL, 'Fa34448003@hotmail.com', 'البحرين-bahrain', NULL, NULL, NULL, NULL, '2012-10-02 15:23:14', 0),
(768, 'رائد الأحمد', NULL, NULL, NULL, '36336626', NULL, 'raedalahmed@hotmail.com', 'البحرين', 'المحرق', 'الحد', NULL, NULL, '2012-10-02 16:13:06', 0),
(769, '?? ????', NULL, NULL, NULL, '33887989', NULL, 'fayezxxx@gmail.com', '???????', '', '??????', NULL, NULL, '2012-10-02 22:16:23', 0),
(770, 'حسن', '601f1889667efaebb33b8c12572835da3f027f78', NULL, NULL, '0097339095956', 'h_m_h87@hotmail.com', NULL, NULL, NULL, NULL, NULL, NULL, '2012-10-02 23:02:20', 0),
(771, 'محمد', NULL, NULL, NULL, '36110108', NULL, 'mohammed_k_177@hotmail.com', 'البحرين', NULL, NULL, NULL, NULL, '2012-10-02 23:04:05', 0),
(772, 'al shaikh', '3acd0be86de7dcccdbf91b20f94a68cea535922d', NULL, NULL, '0097336207020', 'abody__86@hotmail.com', NULL, 'مملكة البحرين', NULL, NULL, NULL, NULL, '2012-10-03 08:00:31', 0),
(773, 'khalifa', 'f6aa7c5acf35041a719d319ed467bbd6d6c67a00', NULL, NULL, '33080885', 'klashen_al_yaqobi@hotmail.com', NULL, NULL, NULL, NULL, NULL, NULL, '2012-10-03 11:36:11', 0),
(774, 'خليفه', NULL, NULL, NULL, '33808884', NULL, 'klashen_al_yaqoobi@hotmail.com', 'البحرين', 'الشمالية', 'مدينة. حمد ', NULL, NULL, '2012-10-03 11:53:10', 0),
(775, 'e_binabd', '3e58754d7585eac7c99857491574268657d95ec7', NULL, NULL, '39461117', 'smart.ksa@hotmail.com', NULL, NULL, NULL, NULL, NULL, NULL, '2012-10-03 17:22:48', 0),
(776, 'wesam barto', '4366dc778156b86ed33b915666fc69b1a4488d94', NULL, NULL, '36850750', 'wesam_barto@hotmail.com', NULL, NULL, NULL, NULL, NULL, NULL, '2012-10-03 19:40:48', 0),
(777, 'motors souq', NULL, NULL, NULL, '00966504741448', NULL, 'info@motorssouq.com', 'ksa', NULL, '', NULL, NULL, '2012-10-03 22:33:48', 0),
(778, 'حمد محمد', 'e4e347438c84afd34fbbbab9c0326930217c6993', NULL, NULL, '33169704', 'esa_supra_85@hotmail.com', NULL, NULL, NULL, NULL, NULL, NULL, '2012-10-04 11:38:15', 0),
(779, 'بو محمد', NULL, NULL, NULL, '33373233', NULL, 'alssic@hotmail.com', 'البحرين', 'الرفاع', NULL, NULL, NULL, '2012-10-04 13:16:20', 0),
(780, 'buebrahim911', 'b980903d8033945f546ccc9ae8a7adf7e0223d1e', NULL, NULL, '33726741', 'bu_sneedah_91@hotmail.com', NULL, NULL, NULL, NULL, NULL, NULL, '2012-10-04 17:58:30', 0),
(781, 'خليفه', NULL, NULL, NULL, '33080885', NULL, 'klashen_al_yaqoobi@hotmail.com', 'البحرين', 'الشماليه', 'مدينة حمد', NULL, NULL, '2012-10-04 22:30:18', 0),
(782, 'احمد العنزي ', NULL, NULL, NULL, '34046623 ', NULL, 'alinze_999@hotmail.com', 'مملكه البحرين ', 'الرفاع ', NULL, NULL, NULL, '2012-10-04 23:24:22', 0),
(783, 'ابراهيم', 'c3629cc0f799eb6ecd8de01a4647a48dd8583f3c', NULL, NULL, '39595505', 'The_rock260@hotmail.com', NULL, NULL, NULL, NULL, NULL, NULL, '2012-10-05 00:41:47', 0),
(784, NULL, NULL, NULL, NULL, NULL, NULL, NULL, NULL, NULL, NULL, NULL, NULL, '2012-10-05 17:32:17', 0),
(785, NULL, NULL, NULL, NULL, NULL, NULL, NULL, NULL, NULL, NULL, NULL, NULL, '2012-10-05 17:36:04', 0),
(786, NULL, NULL, NULL, NULL, NULL, NULL, NULL, NULL, NULL, NULL, NULL, NULL, '2012-10-05 17:48:05', 0),
(787, NULL, NULL, NULL, NULL, NULL, NULL, NULL, NULL, NULL, NULL, NULL, NULL, '2012-10-05 17:49:05', 0),
(788, NULL, NULL, NULL, NULL, NULL, NULL, NULL, NULL, NULL, NULL, NULL, NULL, '2012-10-05 17:49:44', 0),
(789, NULL, NULL, NULL, NULL, NULL, NULL, NULL, NULL, NULL, NULL, NULL, NULL, '2012-10-05 17:54:02', 0),
(794, 'Mohd', NULL, NULL, NULL, '36360306', NULL, 'mohamed.isa@zain.com', 'bahrain', '', '', NULL, NULL, '2012-10-05 21:24:22', 0),
(795, 'abdulla', NULL, NULL, NULL, '38344449', NULL, 'A-AAA10@hotmail.com', 'Bahrain', NULL, 'Muharraq', NULL, NULL, '2012-10-05 21:50:09', 0),
(796, 'talal', NULL, NULL, NULL, '33394679', NULL, 'talal-almalood@hotmail.com', 'bahrain', '', 'riffa', NULL, NULL, '2012-10-05 22:05:22', 0),
(797, '???? ', NULL, NULL, NULL, '33394679', NULL, 'talal-almalood@hotmail.com', 'bahrain', '', '', NULL, NULL, '2012-10-05 22:14:52', 0),
(798, '???? ', NULL, NULL, NULL, '33394679', NULL, 'talal-almalood@hotmail.com', 'bahrain', '', '', NULL, NULL, '2012-10-05 22:14:53', 0),
(799, 'Mohd', NULL, NULL, NULL, '36360306', NULL, 'mohamed.isa@bh.zain.com', 'bahrain', '', '', NULL, NULL, '2012-10-05 22:25:20', 0),
(800, 'Mohd', NULL, NULL, NULL, '36360306', NULL, 'mohamed.isa@bh.zain.com', 'bahrain', '', '', NULL, NULL, '2012-10-06 08:13:46', 0),
(801, 'ali karam', '792faa46d69a0d0fc1afcdd037694d67a92590bd', NULL, NULL, '0562513206', 'bandar_ford@hotmail.com', NULL, NULL, NULL, NULL, NULL, NULL, '2012-10-06 08:40:46', 0),
(802, 'محمد', NULL, NULL, NULL, '٣٣٥٣٧٦٤٢', NULL, 'Hazeen_84@hotmail.com', NULL, NULL, NULL, NULL, NULL, '2012-10-06 12:51:44', 0),
(803, 'راشد بو ابراهيم', NULL, NULL, NULL, '0097333726741', NULL, 'bu_sneedah_91@hotmail.com', 'البحرين', NULL, NULL, NULL, NULL, '2012-10-06 16:04:19', 0),
(804, 'motors souq', NULL, NULL, NULL, '36618990', NULL, 'motorssouq.com@gmail.com', 'bahrain', NULL, '', NULL, NULL, '2012-10-06 19:48:33', 0),
(805, 'talal', NULL, NULL, NULL, '33114399', NULL, 'talalnote@gmail.com', 'bahrain', '', 'riffa', NULL, NULL, '2012-10-06 20:42:10', 0),
(806, 'جاسم', NULL, NULL, NULL, '39588857', NULL, 'Al_mannai_3@hotmail.com', 'البحرين', 'الرفاع', NULL, NULL, NULL, '2012-10-06 23:03:24', 0),
(807, 'jaffer', NULL, NULL, NULL, '33956791', NULL, 'j.m89@hotmail.com', '', '', '', NULL, NULL, '2012-10-06 23:34:58', 0),
(808, '????', NULL, NULL, NULL, '39887171', NULL, 'Aldalam_@hotmail.com', '???????', '??????', '????????', NULL, NULL, '2012-10-07 17:35:12', 0),
(809, 'علي عيسى ', NULL, NULL, NULL, '33915025', NULL, 'ali.isa.uob@gmail.com', 'البحرين', 'الرفاع', NULL, NULL, NULL, '2012-10-07 19:17:36', 0),
(810, 'nawaf', NULL, NULL, NULL, '33114399', NULL, 'nawafaldosseri@gmail.com', 'bahrain', NULL, 'riffa', NULL, NULL, '2012-10-07 19:24:23', 0),
(811, 'nawaf', NULL, NULL, NULL, '33114399', NULL, 'nawafaldosseri@gmail.com', 'bahrain', NULL, 'riffa', NULL, NULL, '2012-10-07 19:24:30', 0),
(812, 'علي حسن', '181b41d677d34983f49639a09150dd29277362b8', NULL, NULL, '39559577', 'alihassana.nabi@gmail.com', NULL, NULL, NULL, NULL, NULL, NULL, '2012-10-08 07:24:36', 0),
(824, 'Jiim', 'f230114ce83d8feb02e713ec3971db45ee04a144', NULL, NULL, '33447277', 'Gim_sim_99@hotmail.com', NULL, NULL, NULL, NULL, NULL, NULL, '2012-10-08 11:55:02', 0),
(825, 'مصطفى جلال ', NULL, NULL, NULL, ' 39022233 - 33944911 ', NULL, 'info@motorssouq.com', 'البحرين ', NULL, 'مدينة حمد ', NULL, NULL, '2012-10-08 12:43:36', 0),
(826, 'راشد الكواري ', NULL, NULL, NULL, '36600855', NULL, 'Ralkawari@hotmail.com', 'البحرين ', NULL, 'الرفاع ', NULL, NULL, '2012-10-08 13:20:51', 0),
(827, '?????? ???', NULL, NULL, NULL, '33193685', NULL, 'info@motorssouq.com', '???????', '', '', NULL, NULL, '2012-10-08 15:55:11', 0),
(830, 'FawazObaid', '7f45868afd879bcd3a80a72f8eb0893eb9493aad', NULL, NULL, '36698191', 'catcot89@hotmail.com', NULL, NULL, NULL, NULL, NULL, NULL, '2012-10-08 16:26:29', 0),
(833, 'Fawaz Obaid', NULL, NULL, NULL, '36698191', NULL, 'fawazobaid@hotmail.com', 'Bahrain', '', 'Hamad tawne', NULL, NULL, '2012-10-08 17:15:43', 0),
(840, 'yousif', 'f0978114f8aa097d06010a5485331a62ab9cd041', NULL, NULL, '97333328525', 'alrowai3y@hotmail.com', NULL, NULL, NULL, NULL, NULL, NULL, '2012-10-08 18:37:01', 0),
(841, 'مشاري', NULL, NULL, NULL, '36611106', NULL, 'mushari1977@hotmail.com', 'البحرين', 'المحافظة الجنوبية', 'الرفاع', NULL, NULL, '2012-10-08 18:42:03', 0),
(842, 'yousif mohammed', NULL, NULL, NULL, '36483648', NULL, 'yousif.photography@hotmail.com', 'bahrain', '', '', NULL, NULL, '2012-10-08 19:55:50', 0),
(850, 'snwugjnup.aemwuh.ewup', NULL, NULL, NULL, '21883580', NULL, 'montassar@amhsoft.com', '', '', '', NULL, NULL, '2012-10-08 22:30:42', 0),
(851, 'Montasser smida', NULL, NULL, NULL, '21883580', NULL, 'montassar@amhsoft.com', 'Tunisie', 'Ksar', 'Gafsa', NULL, NULL, '2012-10-08 22:33:19', 0),
(852, 'حسن المخمري', NULL, NULL, NULL, '33140011', NULL, 'adool_fox_89@live.com', 'البحرين', 'المحافظة الوسطى', 'مدينة حمد', NULL, NULL, '2012-10-09 07:44:00', 0),
(853, 'سلمان محمد', NULL, NULL, NULL, '33873368', NULL, 'info@motorssouq.com', 'البحرين', 'المحافظة الوسطى', 'مدينة حمد', NULL, NULL, '2012-10-09 08:14:24', 0),
(854, 'صابر حسن', NULL, NULL, NULL, '33470261', NULL, 'info@motorssouq.com', 'البحرين', 'المحافظة الوسطى', 'مدينة حمد', NULL, NULL, '2012-10-09 08:37:12', 0),
(855, 'موتورز سوق', NULL, NULL, NULL, '33193774', NULL, 'info@motorssouq.com', 'البحرين', NULL, NULL, NULL, NULL, '2012-10-09 08:50:42', 0),
(856, 'علي عبدالوهاب', NULL, NULL, NULL, '33977688', NULL, 'info@motorssouq.com', 'البحرين', 'المحافظة الوسطى', 'مدينة حمد', NULL, NULL, '2012-10-09 08:56:23', 0),
(857, 'موتورز سوق', NULL, NULL, NULL, '66344663', NULL, 'info@motorssouq.com', 'البحرين', NULL, NULL, NULL, NULL, '2012-10-09 09:06:33', 0),
(858, 'موتورز سوق', NULL, NULL, NULL, '39223783', NULL, 'info@motorssouq.com', 'البحرين', NULL, NULL, NULL, NULL, '2012-10-09 09:26:24', 0),
(859, 'موتورز سوق', NULL, NULL, NULL, '33556635-34160265', NULL, 'info@motorssouq.com', 'البحرين', NULL, NULL, NULL, NULL, '2012-10-09 09:56:12', 0),
(860, 'موتورز سوق', NULL, NULL, NULL, '32220704  ', NULL, 'info@motorssouq.com', 'البحرين', NULL, NULL, NULL, NULL, '2012-10-09 10:12:38', 0),
(861, 'موتورز سوق', NULL, NULL, NULL, '33368212', NULL, 'info@motorssouq.com', 'البحرين', NULL, NULL, NULL, NULL, '2012-10-09 10:27:30', 0),
(862, 'موتورز سوق', NULL, NULL, NULL, '33233351 ', NULL, 'info@motorssouq.com', 'البحرين', NULL, NULL, NULL, NULL, '2012-10-09 10:54:01', 0),
(863, 'راشد الأنصاري', NULL, NULL, NULL, '39970739', NULL, 'info@motorssouq.com', 'البحرين', 'المحافظة الوسطى', 'مدينة عيسى', NULL, NULL, '2012-10-09 11:10:54', 0),
(864, 'montassar smida', NULL, NULL, NULL, '21883580', NULL, 'montassar@amhsoft.com', 'Tunisie', 'Ksar', 'Gafsa', NULL, NULL, '2012-10-09 17:05:59', 0),
(865, 'موتورز سوق', NULL, NULL, NULL, '36090930', NULL, 'info@motorssouq.com', 'Bahrain', NULL, NULL, NULL, NULL, '2012-10-09 21:14:25', 0),
(866, 'موتورز سوق', NULL, NULL, NULL, '36663690', NULL, 'info@motorssouq.com', 'Bahrain', NULL, NULL, NULL, NULL, '2012-10-09 21:28:35', 0),
(867, 'موتورز سوق', NULL, NULL, NULL, '32220704', NULL, 'info@motorssouq.com', 'Bahrain', NULL, NULL, NULL, NULL, '2012-10-09 21:46:47', 0),
(868, 'موتورز سوق', NULL, NULL, NULL, '33852744', NULL, 'info@motorssouq.com', 'البحرين', NULL, NULL, NULL, NULL, '2012-10-09 21:59:56', 0),
(869, 'موتورز سوق', NULL, NULL, NULL, '39989883', NULL, 'info@motorssouq.com', 'البحرين', NULL, NULL, NULL, NULL, '2012-10-09 22:07:01', 0),
(870, 'mushari', NULL, NULL, NULL, '36611106', NULL, 'mushari1977@hotmail.com', 'Bahrain', '', 'manama', NULL, NULL, '2012-10-09 22:49:01', 0),
(871, 'mushari', NULL, NULL, NULL, '36611106', NULL, 'mushari1977@hotmail.com', 'Bahrain', '', 'manama', NULL, NULL, '2012-10-09 22:55:02', 0),
(872, '?????', NULL, NULL, NULL, '36611106', NULL, 'info@motorssouq.com', 'bahrain', '', 'riffa', NULL, NULL, '2012-10-09 23:10:38', 0),
(873, '?????', NULL, NULL, NULL, '36611106', NULL, 'info@motorssouq.com', 'bahrain', '', 'riffa', NULL, NULL, '2012-10-09 23:13:49', 0),
(874, 'مشاري', NULL, NULL, NULL, '36611106', NULL, 'mushari1977@hotmail.com', 'البحرين', 'المحافظة الجنوبية', 'الرفاع', NULL, NULL, '2012-10-09 23:23:37', 0),
(875, 'amir', NULL, NULL, NULL, '125854', NULL, 'amir.cherif@amhsoft.com', '', '', '', NULL, NULL, '2012-10-10 09:14:55', 0),
(876, 'amir', NULL, NULL, NULL, '125854', NULL, 'amir.cherif@amhsoft.com', '', '', '', NULL, NULL, '2012-10-10 09:17:37', 0),
(877, 'amir', NULL, NULL, NULL, '125854', NULL, 'amir.cherif@amhsoft.com', '', '', '', NULL, NULL, '2012-10-10 09:20:21', 0),
(878, 'amir', NULL, NULL, NULL, '125854', NULL, 'amir.cherif@amhsoft.com', '', '', '', NULL, NULL, '2012-10-10 09:51:15', 0),
(879, 'amir', NULL, NULL, NULL, '125854', NULL, 'amir.cherif@amhsoft.com', '', '', '', NULL, NULL, '2012-10-10 09:56:50', 0),
(880, 'amir', NULL, NULL, NULL, '125854', NULL, 'amir.cherif@amhsoft.com', '', '', '', NULL, NULL, '2012-10-10 10:11:12', 0),
(881, 'amir', NULL, NULL, NULL, '125854', NULL, 'amir.cherif@amhsoft.com', '', '', '', NULL, NULL, '2012-10-10 10:12:40', 0),
(882, 'amir', NULL, NULL, NULL, '125854', NULL, 'amir.cherif@amhsoft.com', '', '', '', NULL, NULL, '2012-10-10 10:13:33', 0),
(883, 'amir', NULL, NULL, NULL, '125854', NULL, 'amir.cherif@amhsoft.com', '', '', '', NULL, NULL, '2012-10-10 10:14:21', 0),
(884, 'montassar smida', NULL, NULL, NULL, '21883580', NULL, 'monta.ssar.test@amhsoft.com', 'Tunisie', 'Ksar', 'Gafsa', NULL, NULL, '2012-10-10 10:20:11', 0),
(885, 'أنور', NULL, NULL, NULL, '39461358', NULL, 'a.n.w77@hotmail.com', 'البحرين', 'المحافظة الوسطى', 'سند', NULL, NULL, '2012-10-10 10:20:45', 0),
(886, 'amir', NULL, NULL, NULL, '125854', NULL, 'amir.cherif@amhsoft.com', '', '', '', NULL, NULL, '2012-10-10 10:38:02', 0),
(887, 'مشاري', NULL, NULL, NULL, '36611106', NULL, 'mushari1977@hotmail.com', 'البحرين', NULL, NULL, NULL, NULL, '2012-10-10 10:43:42', 0),
(888, 'amir', NULL, NULL, NULL, '125854', NULL, 'amir.cherif@amhsoft.com', '', '', '', NULL, NULL, '2012-10-10 10:45:09', 0),
(889, 'مشاري', NULL, NULL, NULL, '36611106', NULL, 'mushari1977@hotmail.com', 'البحرين', NULL, NULL, NULL, NULL, '2012-10-10 10:48:57', 0),
(890, 'meshari', NULL, NULL, NULL, '36611106', NULL, 'mushari1977@hotmail.com', 'bahrain', '', '', NULL, NULL, '2012-10-10 11:08:22', 0),
(891, 'mo', NULL, NULL, NULL, '218883580', NULL, 'montassar@amhsoft.com', 'test', 'tmwhnw', '', NULL, NULL, '2012-10-10 11:38:14', 0),
(892, 'mo', NULL, NULL, NULL, '218883580', NULL, 'montassar@amhsoft.com', 'test', 'tmwhnw', '', NULL, NULL, '2012-10-10 11:38:15', 0),
(893, 'mo', NULL, NULL, NULL, '218883580', NULL, 'montassar@amhsoft.com', 'test', 'tmwhnw', '', NULL, NULL, '2012-10-10 11:38:17', 0),
(894, 'mo', NULL, NULL, NULL, '218883580', NULL, 'montassar@amhsoft.com', 'test', 'tmwhnw', '', NULL, NULL, '2012-10-10 11:38:17', 0),
(895, 'موتورز سوق', NULL, NULL, NULL, '33338454 ', NULL, 'info@motorssouq.com', 'البحرين', NULL, NULL, NULL, NULL, '2012-10-10 11:38:20', 0),
(896, '?????? ???', NULL, NULL, NULL, '36603655', NULL, 'info@motorssouq.com', 'bahrain', '', '', NULL, NULL, '2012-10-10 13:07:06', 0),
(897, 'Mohammed Alasfoor', NULL, NULL, NULL, '0097333968999', NULL, 'mohd_asfoor@hotmail.com', 'Bahrain', '', 'Manama', NULL, NULL, '2012-10-10 17:26:53', 0),
(898, 'はやりみに', NULL, NULL, NULL, '58312752', NULL, 'montassar@amhsoft.com', 'jwtpjmwtpu', 'twu', '', NULL, NULL, '2012-10-10 18:09:25', 0),
(899, 'はやりみに', NULL, NULL, NULL, '58312752', NULL, 'montassar@amhsoft.com', 'jwtpjmwtpu', 'twu', '', NULL, NULL, '2012-10-10 18:09:25', 0),
(900, 'tmiu', NULL, NULL, NULL, '2259987455', NULL, 'tnk@bmjhu.jmd', 'jnwu', 'xvhj', 'jmwtq', NULL, NULL, '2012-10-10 18:32:21', 0),
(901, 'tmiu', NULL, NULL, NULL, '2259987455', NULL, 'tnk@bmjhu.jmd', 'jnwu', 'xvhj', 'jmwtq', NULL, NULL, '2012-10-10 18:32:21', 0),
(902, 'Mohd', NULL, NULL, NULL, '36360306', NULL, 'mohamed.isa@bh.zain.com', 'bahrain', '', '', NULL, NULL, '2012-10-10 18:34:17', 0),
(903, 'amtpgjwugj', NULL, NULL, NULL, '56655499', NULL, 'li@ktph.lwj', '', '', '', NULL, NULL, '2012-10-10 18:48:49', 0),
(904, 'amtpgjwugj', NULL, NULL, NULL, '56655499', NULL, 'li@ktph.lwj', '', '', '', NULL, NULL, '2012-10-10 18:48:49', 0),
(905, 'jwtpkmwtphaj', NULL, NULL, NULL, '5800000000', NULL, 'kowtpjma@jntqxm.bdm', 'gjwtq', '', '', NULL, NULL, '2012-10-10 18:57:02', 0),
(906, 'jwtpkmwtphaj', NULL, NULL, NULL, '5800000000', NULL, 'kowtpjma@jntqxm.bdm', 'gjwtq', '', '', NULL, NULL, '2012-10-10 18:57:02', 0),
(907, 'gmxujokat', NULL, NULL, NULL, '559999999', NULL, 'mgjow@jnwtq.djw', 'kx', '', '', NULL, NULL, '2012-10-10 19:03:49', 0),
(908, 'gmxujokat', NULL, NULL, NULL, '559999999', NULL, 'mgjow@jnwtq.djw', 'kx', '', '', NULL, NULL, '2012-10-10 19:03:49', 0),
(909, 'jmwtqgjx', NULL, NULL, NULL, '56698', NULL, 'uw@jmwtq.cow', 'jmwtqg', 'kxjh', '', NULL, NULL, '2012-10-10 19:12:56', 0),
(910, 'jmwtqgjx', NULL, NULL, NULL, '56698', NULL, 'uw@jmwtq.cow', 'jmwtqg', 'kxjh', '', NULL, NULL, '2012-10-10 19:12:56', 0),
(911, 'عبدالله الرميحي ', '5e856778ba325bd95292004fbf9bd764f25ef8e6', NULL, NULL, '33347404', 'ween_beatroh@hotmail.com', NULL, NULL, NULL, NULL, NULL, NULL, '2012-10-10 19:52:50', 0),
(912, 'twjgjmwti', NULL, NULL, NULL, '59977786555', NULL, 'mgkmy@jmtjh.dmj', 'jnkhuz', 'jyugjmwup', 'jxtqgj', NULL, NULL, '2012-10-10 21:41:20', 0),
(913, 'twjgjmwti', NULL, NULL, NULL, '59977786555', NULL, 'mgkmy@jmtjh.dmj', 'jnkhuz', 'jyugjmwup', 'jxtqgj', NULL, NULL, '2012-10-10 21:41:20', 0),
(914, 'موتورز سوق', NULL, NULL, NULL, '32224117', NULL, 'info@motorssouq.com', 'البحرين', NULL, NULL, NULL, NULL, '2012-10-10 21:54:05', 0),
(915, 'jwvpjn', NULL, NULL, NULL, '568799854', NULL, 'jUytpgl@lwqjnthj.jmd', 'ktxthanphkl', 'jtptxUo.tj', 'jTphmwmaj', NULL, NULL, '2012-10-10 21:55:33', 0),
(916, 'jwvpjn', NULL, NULL, NULL, '568799854', NULL, 'jUytpgl@lwqjnthj.jmd', 'ktxthanphkl', 'jtptxUo.tj', 'jTphmwmaj', NULL, NULL, '2012-10-10 21:55:34', 0),
(917, '-wtqgnwqgotjadm', NULL, NULL, NULL, '8559877', NULL, 'ktqt@mkhcdmg.dmw', 'tgtwowtkj', 'twgjmwtqh', 'juijnwtq', NULL, NULL, '2012-10-10 22:47:58', 0),
(918, '-wtqgnwqgotjadm', NULL, NULL, NULL, '8559877', NULL, 'ktqt@mkhcdmg.dmw', 'tgtwowtkj', 'twgjmwtqh', 'juijnwtq', NULL, NULL, '2012-10-10 22:47:58', 0),
(919, '.jwupxmg', NULL, NULL, NULL, '865542699', NULL, 'jgto@jmwq.mwt', 'ktwtpgjm', 'jwuMj', 'jmtymjg', NULL, NULL, '2012-10-10 23:05:06', 0),
(920, NULL, NULL, NULL, NULL, NULL, NULL, NULL, NULL, NULL, NULL, NULL, NULL, '2012-10-10 23:18:12', 0),
(921, 'عيسى عارف الرويعي', NULL, NULL, NULL, '36508646', NULL, 'isa-corvette@hotmail.com', 'البحرين', 'الرفاع', NULL, NULL, NULL, '2012-10-10 23:37:28', 0),
(922, '?????? ???', NULL, NULL, NULL, '33807080', NULL, 'info@motorssouq.com', '???????', '', '', NULL, NULL, '2012-10-11 07:30:29', 0),
(923, 'motorssouq.com', NULL, NULL, NULL, '36111362', NULL, 'info@motorssouq.com', 'bahrain', '', '', NULL, NULL, '2012-10-11 07:41:37', 0),
(924, 'motorssouq.com', NULL, NULL, NULL, '34379076', NULL, 'info@motorssouq.com', 'bahrain', '', '', NULL, NULL, '2012-10-11 07:55:37', 0),
(925, 'موتورز سوق', NULL, NULL, NULL, '33125814', NULL, 'info@motorssouq.com', 'البحرين', NULL, NULL, NULL, NULL, '2012-10-11 10:26:25', 0),
(926, 'موتورز سوق', NULL, NULL, NULL, '34379076', NULL, 'info@motorssouq.com', 'البحرين', NULL, NULL, NULL, NULL, '2012-10-11 10:39:41', 0),
(927, NULL, NULL, NULL, NULL, NULL, NULL, NULL, NULL, NULL, NULL, NULL, NULL, '2012-10-11 10:50:37', 0),
(928, 'أبوكراع', '6934105ad50010b814c933314b1da6841431bc8b', NULL, NULL, '0097333963770', 'saxy-1991@hotmail.com', NULL, 'البحرين', NULL, 'حمد', NULL, NULL, '2012-10-11 10:51:10', 0),
(929, 'ogjtwgkt', NULL, NULL, NULL, '58312752', NULL, 'montassar@amhsoft.com', 'ajmtphnwtqjm', 'lmuqhjntj', 'tmhuwmh', NULL, NULL, '2012-10-11 10:59:05', 0),
(930, 'موتورز سوق', NULL, NULL, NULL, '36111362', NULL, 'info@motorssouq.com', 'البحرين', NULL, NULL, NULL, NULL, '2012-10-11 11:00:20', 0),
(931, 'صلاح', NULL, NULL, NULL, '33807080', NULL, 'alkaser32262@hotmail.com', 'البحرين', 'محافظة المحرق', 'المحرق', NULL, NULL, '2012-10-11 11:26:41', 0),
(932, 'gnukmwqktakw', NULL, NULL, NULL, '756998', NULL, 'montassar@amhsoft.com', '', '', '', NULL, NULL, '2012-10-11 11:30:29', 0),
(933, 'jxqgnjgjtnb', NULL, NULL, NULL, '2589774566', NULL, 'montassar@amhsoft.com', 'admvwmkt', 'jmwqgjoxtp', 'muhMwtphj', NULL, NULL, '2012-10-11 11:46:32', 0),
(934, 'jxqgnjgjtnb', NULL, NULL, NULL, '2589774566', NULL, 'montassar@amhsoft.com', 'admvwmkt', 'jmwqgjoxtp', 'muhMwtphj', NULL, NULL, '2012-10-11 11:50:57', 0),
(935, NULL, NULL, NULL, NULL, NULL, NULL, NULL, NULL, NULL, NULL, NULL, NULL, '2012-10-11 11:55:59', 0),
(936, NULL, NULL, NULL, NULL, NULL, NULL, NULL, NULL, NULL, NULL, NULL, NULL, '2012-10-11 12:44:53', 0),
(937, '.akhmjph', NULL, NULL, NULL, '5688745566', NULL, 'amJxt@ajmht.kmw', 'jntpgjmtpg', 'jmjpm', 'jmwuh', NULL, NULL, '2012-10-11 12:55:16', 0),
(938, '.akhmjph', NULL, NULL, NULL, '5688745566', NULL, 'amJxt@ajmht.kmw', 'jntpgjmtpg', 'jmjpm', 'jmwuh', NULL, NULL, '2012-10-11 12:56:21', 0),
(939, NULL, NULL, NULL, NULL, NULL, NULL, NULL, NULL, NULL, NULL, NULL, NULL, '2012-10-11 13:02:28', 0),
(940, NULL, NULL, NULL, NULL, NULL, NULL, NULL, NULL, NULL, NULL, NULL, NULL, '2012-10-11 13:27:51', 0),
(941, NULL, NULL, NULL, NULL, NULL, NULL, NULL, NULL, NULL, NULL, NULL, NULL, '2012-10-11 13:31:52', 0),
(942, 'amwtqk', NULL, NULL, NULL, '5987456877', NULL, 'twqnw@kqx.kmwp', 'txtknw', '', '', NULL, NULL, '2012-10-11 13:55:13', 0),
(943, '.jmwtpgamwtq', NULL, NULL, NULL, '268745569', NULL, 'jvpwmj@mwtp.wtj', 'amtqwtji', '', '', NULL, NULL, '2012-10-11 14:36:50', 0),
(944, 'admjptwmgptwmj ', NULL, NULL, NULL, '5297456980', NULL, 'jnjtpg@ajmtq.jtw', 'tmkamwtigj', 'jmjh.dmkh', '', NULL, NULL, '2012-10-11 15:02:33', 0),
(945, 'djg.mupgj', NULL, NULL, NULL, '2698777455', NULL, 'juxq@jwtpgk.twm', 'jmthang.antp', 'jmvGajntp', 'mkGxk', NULL, NULL, '2012-10-11 15:09:22', 0),
(946, 'gntqtxm@jmt', NULL, NULL, NULL, '5568775', NULL, 'nqtotg@jmth.tnw', 'gjmtquxtq', 'jwtqgjxmkp', 'anqtwmjgp ', NULL, NULL, '2012-10-11 15:15:37', 0),
(947, 'amtqxtpgjmwu', NULL, NULL, NULL, '8977456987', NULL, 'mupztq@dmtpgm.wmj', 'gkwunwtp', 'muymltpw', 'tmxtqg', NULL, NULL, '2012-10-11 15:26:07', 0),
(948, 'مشاري', NULL, NULL, NULL, '36611106', NULL, 'mushari1977@hotmail.com', 'البحرين', NULL, NULL, NULL, NULL, '2012-10-11 15:31:25', 0),
(949, 'd.jxqwngu', NULL, NULL, NULL, '25977445697', NULL, 'jmwqjmw@jwqtwu.jmw', 'nuxtpgjmwuq', 'mwupi', 'jmwtpit', NULL, NULL, '2012-10-11 16:03:22', 0),
(950, 'amjpuxtp', NULL, NULL, NULL, '5687745698', NULL, 'tntqx@jmwq.wt', 'jmwqgmwup', 'nuxtgjmwq', 'uzrkm', NULL, NULL, '2012-10-11 16:06:00', 0),
(951, 'txtgajmwtqg', NULL, NULL, NULL, '89954126', NULL, 'anuphj@jwtijntp.wt', 'xtpJtxjg.nt', 'txkh@', 'bmwtGjwtp', NULL, NULL, '2012-10-11 16:09:26', 0),
(952, 'txtgajmwtqg', NULL, NULL, NULL, '89954126', NULL, 'anuphj@jwtijntp.wt', 'xtpJtxjg.nt', 'txkh@', 'bmwtGjwtp', NULL, NULL, '2012-10-11 16:11:27', 0),
(953, 'txtgajmwtqg', NULL, NULL, NULL, '89954126', NULL, 'anuphj@jwtijntp.wt', 'xtpJtxjg.nt', 'txkh@', 'bmwtGjwtp', NULL, NULL, '2012-10-11 16:12:28', 0),
(954, 'موتورز سوق', NULL, NULL, NULL, '39212966', NULL, 'info@motorssouq.com', 'البحرين', NULL, NULL, NULL, NULL, '2012-10-11 16:16:51', 0),
(955, 'txtgajmwtqg', NULL, NULL, NULL, '89954126', NULL, 'anuphj@jwtijntp.wt', 'xtpJtxjg.nt', 'txkh@', 'bmwtGjwtp', NULL, NULL, '2012-10-11 16:17:17', 0),
(956, 'موتورز سوق', NULL, NULL, NULL, '39461358', NULL, 'info@motorssouq.com', 'البحرين', NULL, NULL, NULL, NULL, '2012-10-11 16:25:23', 0),
(957, 'موتورز سوق', NULL, NULL, NULL, '33861259', NULL, 'info@motorssouq.com', 'البحرين', NULL, NULL, NULL, NULL, '2012-10-11 16:32:41', 0),
(958, 'موتورز سوق', NULL, NULL, NULL, '39212966', NULL, 'info@motorssouq.com', 'البحرين', NULL, NULL, NULL, NULL, '2012-10-11 16:36:50', 0),
(959, 'موتورز سوق', NULL, NULL, NULL, '34428501', NULL, 'info@motorssouq.com', 'البحرين', NULL, NULL, NULL, NULL, '2012-10-11 16:59:40', 0),
(960, 'موتورز سوق', NULL, NULL, NULL, '٣٣٤١٨٤١٨', NULL, 'info@motorssouq.com', 'البحرين', NULL, NULL, NULL, NULL, '2012-10-11 17:06:21', 0),
(961, 'موتورز سوق', NULL, NULL, NULL, '36611106', NULL, 'info@motorssouq.com', 'البحرين', NULL, NULL, NULL, NULL, '2012-10-11 17:12:16', 0),
(962, 'موتورز سوق', NULL, NULL, NULL, '33339686', NULL, 'info@motorssouq.com', 'البحرين', NULL, NULL, NULL, NULL, '2012-10-11 17:25:37', 0),
(963, 'موتورز سوق', NULL, NULL, NULL, '33911960', NULL, 'info@motorssouq.com', 'البحرين', NULL, NULL, NULL, NULL, '2012-10-11 17:36:00', 0),
(964, 'montassar smida', NULL, NULL, NULL, '21883580', NULL, 'montassar@amhsoft.com', 'Tunisie', 'Ksar', 'Gafsa', NULL, NULL, '2012-10-11 17:41:13', 0),
(965, 'montassar smida', NULL, NULL, NULL, '21883580', NULL, 'montassar@amhsoft.com', 'Tunisie', 'Ksar', 'Gafsa', NULL, NULL, '2012-10-11 17:45:12', 0),
(966, 'موتورز سوق', NULL, NULL, NULL, '39887171', NULL, 'info@motorssouq.com', 'البحرين', NULL, NULL, NULL, NULL, '2012-10-11 17:50:31', 0),
(967, 'موتورز سوق', NULL, NULL, NULL, '39634324', NULL, 'info@motorssouq.com', 'البحرين', NULL, NULL, NULL, NULL, '2012-10-11 18:24:50', 0),
(968, 'موتورز سوق', NULL, NULL, NULL, '39634324', NULL, 'info@motorssouq.com', 'البحرين', NULL, NULL, NULL, NULL, '2012-10-11 18:30:14', 0),
(969, 'موتورز سوق', NULL, NULL, NULL, '33864945', NULL, 'info@motorssouq.com', 'البحرين', NULL, NULL, NULL, NULL, '2012-10-11 18:51:45', 0),
(970, 'موتورز سوق', NULL, NULL, NULL, ' 36212966', NULL, 'info@motorssouq.com', 'البحرين', NULL, NULL, NULL, NULL, '2012-10-11 18:57:56', 0),
(971, 'موتورز سوق', NULL, NULL, NULL, ' 33466705-36779227', NULL, 'info@motorssouq.com', 'البحرين', NULL, NULL, NULL, NULL, '2012-10-11 19:03:46', 0),
(972, 'موتورز سوق', NULL, NULL, NULL, '33588825', NULL, 'info@motorssouq.com', 'البحرين', NULL, NULL, NULL, NULL, '2012-10-11 19:11:59', 0),
(973, 'وائل', NULL, NULL, NULL, '33880146', NULL, 'alaml7999@hotmail.com', 'البحرين', 'المحافظة الوسطى', 'مدينة عيسى', NULL, NULL, '2012-10-11 19:45:08', 0),
(974, 'موتورز سوق', NULL, NULL, NULL, '33977688', NULL, 'info@motorssouq.com', 'البحرين', NULL, NULL, NULL, NULL, '2012-10-11 20:16:17', 0),
(975, 'موتورز سوق', NULL, NULL, NULL, '33778848', NULL, 'info@motorssouq.com', 'البحرين', NULL, NULL, NULL, NULL, '2012-10-11 20:22:50', 0),
(976, 'بوخليفة', NULL, NULL, NULL, '33588825', NULL, 'info@motorssouq.com', 'البحرين', NULL, NULL, NULL, NULL, '2012-10-11 20:30:15', 0),
(977, 'امير', NULL, NULL, NULL, '585878', NULL, 'anug@gcfggg.de', '', '', '', NULL, NULL, '2012-10-11 20:56:20', 0),
(978, 'gcfh', NULL, NULL, NULL, '58844', NULL, 'ccfv@gcghff.de', '', '', '', NULL, NULL, '2012-10-11 20:58:35', 0),
(979, 'motors souq', NULL, NULL, NULL, '39288282', NULL, 'info@motorssouq.com', 'Bahrain', NULL, NULL, NULL, NULL, '2012-10-11 21:41:37', 0),
(980, 'موتورز سوق', NULL, NULL, NULL, '39796967', NULL, 'info@motorssouq.com', 'البحرين', NULL, NULL, NULL, NULL, '2012-10-11 21:54:38', 0),
(981, 'موتورز سوق', NULL, NULL, NULL, '33915920', NULL, 'info@motorssouq.com', 'البحرين', NULL, NULL, NULL, NULL, '2012-10-11 22:01:28', 0),
(982, 'موتورز سوق', NULL, NULL, NULL, '33509771', NULL, 'info@motorssouq.com', 'البحرين', NULL, NULL, NULL, NULL, '2012-10-11 22:12:10', 0),
(983, 'موتورز سوق', NULL, NULL, NULL, '33673564', NULL, 'info@motorssouq.com', 'البحرين', NULL, NULL, NULL, NULL, '2012-10-12 10:11:46', 0),
(984, 'موتورز سوق', NULL, NULL, NULL, '33977688', NULL, 'info@motorssouq.com', 'البحرين', NULL, NULL, NULL, NULL, '2012-10-12 11:43:58', 0),
(985, 'موتورز سوق', NULL, NULL, NULL, ' 36999959', NULL, 'info@motorssouq.com', 'البحرين', 'المحافظة الجنوبية', 'الرفاع', NULL, NULL, '2012-10-12 12:05:04', 0),
(986, 'موتورز سوق', NULL, NULL, NULL, '33985525', NULL, 'info@motorssouq.com', 'البحرين', NULL, NULL, NULL, NULL, '2012-10-12 12:22:12', 0),
(987, 'ahmed', NULL, NULL, NULL, '39040243', NULL, 'a.bishouty@hotmail.com', 'bahrain', 'Riffa', 'West. Riffa', NULL, NULL, '2012-10-12 12:46:08', 0),
(988, 'بومريم', NULL, NULL, NULL, '39119600', NULL, 'info@motorssouq.com', 'البحرين', NULL, NULL, NULL, NULL, '2012-10-12 13:11:44', 0),
(989, 'الريان أوتو للسيارات', NULL, NULL, NULL, '00971501114044', NULL, 'info@motorssouq.com', 'الامارات العربية المتحدة', 'رأس الخيمة', NULL, NULL, NULL, '2012-10-12 13:30:36', 0),
(990, 'موتورز سوق', NULL, NULL, NULL, '36973737', NULL, 'info@motorssouq.com', 'البحرين', NULL, NULL, NULL, NULL, '2012-10-12 13:45:20', 0),
(991, 'موتورز سوق', NULL, NULL, NULL, '33017266', NULL, 'info@motorssouq.com', 'البحرين', NULL, NULL, NULL, NULL, '2012-10-12 13:51:17', 0),
(992, 'موتورز سوق', NULL, NULL, NULL, '36357444', NULL, 'info@motorssouq.com', 'البحرين', NULL, NULL, NULL, NULL, '2012-10-12 14:00:33', 0),
(993, 'موتورز سوق', NULL, NULL, NULL, '36212966', NULL, 'info@motorssouq.com', 'البحرين', NULL, NULL, NULL, NULL, '2012-10-12 14:14:12', 0),
(994, 'مشاري', NULL, NULL, NULL, '36008893', NULL, 'info@motorssouq.com', 'البحرين', NULL, NULL, NULL, NULL, '2012-10-12 14:51:31', 0),
(995, 'موتورز سوق', NULL, NULL, NULL, '36444374', NULL, 'info@motorssouq.com', 'البحرين', NULL, NULL, NULL, NULL, '2012-10-12 14:58:09', 0),
(996, 'motors souq', NULL, NULL, NULL, '36668633', NULL, 'info@motorssouq.com', 'Bahrain', NULL, NULL, NULL, NULL, '2012-10-12 15:06:17', 0),
(997, 'موتورز سوق', NULL, NULL, NULL, '39888057', NULL, 'info@motorssouq.com', 'البحرين', NULL, NULL, NULL, NULL, '2012-10-12 15:12:58', 0),
(998, 'موتورز سوق', NULL, NULL, NULL, '33873420', NULL, 'info@motorssouq.com', 'البحرين', NULL, NULL, NULL, NULL, '2012-10-12 15:19:28', 0),
(999, 'موتورز سوق', NULL, NULL, NULL, '33067784', NULL, 'info@motorssouq.com', 'البحرين', NULL, NULL, NULL, NULL, '2012-10-12 15:30:41', 0),
(1000, 'موتورز سوق', NULL, NULL, NULL, '33339317', NULL, 'info@motorssouq.com', 'البحرين', NULL, NULL, NULL, NULL, '2012-10-12 15:44:13', 0),
(1001, 'موتورز سوق', NULL, NULL, NULL, '33434594', NULL, 'info@motorssouq.com', 'البحرين', NULL, NULL, NULL, NULL, '2012-10-12 16:38:40', 0),
(1002, 'موتورز سوق', NULL, NULL, NULL, '37774440', NULL, 'info@motorssouq.com', 'البحرين', NULL, NULL, NULL, NULL, '2012-10-12 16:59:53', 0),
(1003, 'موتورز سوق', NULL, NULL, NULL, '39989299', NULL, 'info@motorssouq.com', 'البحرين', NULL, NULL, NULL, NULL, '2012-10-12 17:07:25', 0),
(1004, 'موتورز سوق', NULL, NULL, NULL, '36336400', NULL, 'info@motorssouq.com', 'البحرين', NULL, NULL, NULL, NULL, '2012-10-12 17:15:34', 0),
(1005, 'موتورز سوق', NULL, NULL, NULL, '39338133', NULL, 'info@motorssouq.com', 'البحرين', NULL, NULL, NULL, NULL, '2012-10-12 17:23:26', 0),
(1006, 'motors souq', NULL, NULL, NULL, '33614841', NULL, 'info@motorssouq.com', 'bahrain', '', '', NULL, NULL, '2012-10-12 22:20:05', 0),
(1007, 'hassan ', NULL, NULL, NULL, '32220704', NULL, 'hassan.alqaidoom@hotmail.com', 'بحرين ', NULL, NULL, NULL, NULL, '2012-10-13 01:04:14', 0),
(1008, 'ather', NULL, NULL, NULL, '33095369', NULL, 'atheraldulaimi22@gmail.com', 'bahrain', 'manama', 'city', NULL, NULL, '2012-10-13 08:22:13', 0),
(1009, 'montassar smida', NULL, NULL, NULL, '21883580', NULL, 'montassar@amhsoft.com', 'Tunisie', 'Ksar', 'Gafsa', NULL, NULL, '2012-10-13 09:27:32', 0),
(1010, 'montassar', '7c4a8d09ca3762af61e59520943dc26494f8941b', NULL, NULL, '21883580', 'smida.montaser@gmail.com', NULL, NULL, NULL, NULL, NULL, NULL, '2012-10-13 09:29:30', 0),
(1011, 'غسان', NULL, NULL, NULL, '36434340', NULL, 'nayef_ama@yahoo.com', 'Bahrain', 'البديع', NULL, NULL, NULL, '2012-10-13 10:07:11', 0);
INSERT INTO `account` (`id`, `name`, `password`, `number`, `telefon`, `mobile`, `email1`, `email2`, `country`, `province`, `city`, `street`, `zipcode`, `register_date_time`, `dealer`) VALUES
(1012, 'موتورز سوق', NULL, NULL, NULL, '34448003 _33911169', NULL, 'info@motorssouq.com', 'البحرين', NULL, NULL, NULL, NULL, '2012-10-13 10:20:40', 0),
(1013, 'Motors Souq', NULL, NULL, NULL, '33382158', NULL, 'info@motorssouq.com', 'Bahrain', NULL, NULL, NULL, NULL, '2012-10-13 10:35:43', 0),
(1014, 'موتورز سوق', NULL, NULL, NULL, '33448733', NULL, 'info@motorssouq.com', 'البحرين', NULL, NULL, NULL, NULL, '2012-10-13 10:47:39', 0),
(1015, 'موتورز سوق', NULL, NULL, NULL, ' 39988707', NULL, 'info@motorssouq.com', 'البحرين', NULL, NULL, NULL, NULL, '2012-10-13 11:08:17', 0),
(1016, 'موتورز سوق', NULL, NULL, NULL, '39338849', NULL, 'info@motorssouq.com', 'البحرين', NULL, NULL, NULL, NULL, '2012-10-13 11:23:35', 0),
(1017, 'علي', NULL, NULL, NULL, '39559577 ; 33832956', NULL, 'alihassana.nabi@gmail.com', 'البحرين', NULL, 'مدينة حمد', NULL, NULL, '2012-10-13 11:33:01', 0),
(1018, 'montassar smida', NULL, NULL, NULL, '21883580', NULL, 'montassar@amhsoft.com', 'Tunisie', 'Ksar', 'Gafsa', NULL, NULL, '2012-10-13 11:39:13', 0),
(1019, 'موتورز سوق', NULL, NULL, NULL, '36969646', NULL, 'info@motorssouq.com', 'البحرين', NULL, NULL, NULL, NULL, '2012-10-13 11:41:34', 0),
(1020, 'montassar smida', NULL, NULL, NULL, '21883580', NULL, 'montassar@amhsoft.com', 'Tunisie', 'Ksar', 'Gafsa', NULL, NULL, '2012-10-13 11:41:45', 0),
(1021, 'montassar smida', NULL, NULL, NULL, '21883580', NULL, NULL, 'Tunisie', 'Ksar', 'Gafsa', NULL, NULL, '2012-10-13 11:46:52', 0),
(1022, 'administrator admin', NULL, NULL, NULL, '21856369', NULL, 'info@motorssouq.com', 'Tunisie', 'Bizerte', 'hsdhsdhsdhsdh', NULL, NULL, '2012-10-13 11:48:12', 0),
(1023, 'montassar smida', NULL, NULL, NULL, '21883580', NULL, 'info@motorssouq.com', 'Tunisie', 'Ksar', 'Gafsa', NULL, NULL, '2012-10-13 11:53:27', 0),
(1024, 'montassar smida', NULL, NULL, NULL, '21883580', NULL, 'info@motorssouq.com', 'Tunisie', 'Ksar', 'Gafsa', NULL, NULL, '2012-10-13 11:55:31', 0),
(1025, 'موتورز سوق', NULL, NULL, NULL, '39461358  ', NULL, 'info@motorssouq.com', 'البحرين', NULL, NULL, NULL, NULL, '2012-10-13 12:31:51', 0),
(1026, 'احمد ', NULL, NULL, NULL, '36320996', NULL, 'ahmedaboqubo@gmail.com', 'بحرين', '', '', NULL, NULL, '2012-10-13 14:56:34', 0),
(1027, 'شاهين أحمد ', NULL, NULL, NULL, '33471748', NULL, 'Alfudhala_87@hotmail.com', 'البحرين ', NULL, 'مدينة عيسى ', NULL, NULL, '2012-10-13 17:18:06', 0),
(1028, 'محمد نادر ', NULL, NULL, NULL, ' 33589757- 39095589', NULL, 'Bob_1_@hotmail.com', 'البحرين', 'المحافظة الجنوبية', 'الرفاع الشرقي', NULL, NULL, '2012-10-13 19:25:04', 0),
(1029, 'جاسم محمد', '33d65948ec2f5e63d6d4e953de2840621a1b1950', NULL, NULL, '36603655', 'jess-5@live.com', NULL, NULL, NULL, NULL, NULL, NULL, '2012-10-13 19:39:19', 0),
(1030, 'سيف محمد', NULL, NULL, NULL, '33440609', NULL, 'Algalaleef-007@hotmail.com', 'البحرين', 'محافظة المحرق', 'الحد', NULL, NULL, '2012-10-13 19:53:18', 0),
(1031, 'Motors Souq', NULL, NULL, NULL, '36656226', NULL, 'info@motorssouq.com', 'Bahrain', NULL, NULL, NULL, NULL, '2012-10-13 20:20:44', 0),
(1032, 'administrator admin', '123456789', NULL, '55226245522', '21856369', NULL, 'montasserthehacker@gmail.com', 'Tunisie', 'Bizerte', 'hsdhsdhsdhsdh', 'sdhsdghsdsdfh', '2100', '2012-10-13 21:36:17', 0),
(1033, 'بوصقر', NULL, NULL, NULL, '33238483', NULL, 'bosa-q-er@hotmail.com', 'البحرين', 'الرفاع', NULL, NULL, NULL, '2012-10-14 08:04:14', 0),
(1034, 'أحمد', NULL, NULL, NULL, '33444020', NULL, 'info@motorssouq.com', NULL, NULL, NULL, NULL, NULL, '2012-10-14 08:58:27', 0),
(1035, 'علي', NULL, NULL, NULL, '33830034', NULL, 'alishareeda84@gmail.com', 'البحرين', NULL, NULL, NULL, NULL, '2012-10-14 09:46:29', 0),
(1036, 'ADEL', NULL, NULL, NULL, '37747799', NULL, 'khalid.abdulla@hotmail.com', 'BAHRAIN', NULL, NULL, NULL, NULL, '2012-10-14 10:11:31', 0),
(1037, 'موتورز سوق', NULL, NULL, NULL, '33911151', NULL, 'info@motorssouq.com', 'البحرين', NULL, NULL, NULL, NULL, '2012-10-14 10:34:06', 0),
(1038, 'عشقتك بسكآت', 'ac8420e87fc134adb83cc85401e8807fff74908f', NULL, NULL, '33111639', 'xx.wa7dani-_-cute.xx@hotmail.com', NULL, 'البحرين', 'الرفآع الشرقي/الحنينيه', NULL, NULL, NULL, '2012-10-14 11:17:37', 0),
(1039, 'مشاري', NULL, NULL, NULL, '36611106', NULL, 'mushari1977@hotmail.com', 'البحرين', NULL, NULL, NULL, NULL, '2012-10-14 17:48:29', 0),
(1040, 'مشاري', NULL, NULL, NULL, '36611106', NULL, 'mushari1977@hotmail.com', 'البحرين', NULL, NULL, NULL, NULL, '2012-10-14 17:54:06', 0),
(1041, 'hani', '71af148bf15afff59d1a0be3815a4648a8423edb', NULL, NULL, '33122153', 'hani.protection@gmail.com', NULL, NULL, NULL, NULL, NULL, NULL, '2012-10-14 18:10:46', 0),
(1042, 'موتورز سوق', NULL, NULL, NULL, '36677535', NULL, 'info@motorssouq.com', 'البحرين', NULL, NULL, NULL, NULL, '2012-10-14 18:22:29', 0),
(1043, 'موتورز سوق', NULL, NULL, NULL, '33882432', NULL, 'info@motorssouq.com', 'البحرين', NULL, NULL, NULL, NULL, '2012-10-14 18:38:48', 0),
(1044, 'بو حنين', NULL, NULL, NULL, '38412412', NULL, 'info@motorssouq.com', 'البحرين', NULL, NULL, NULL, NULL, '2012-10-14 18:43:08', 0),
(1045, 'موتورز سوق', NULL, NULL, NULL, '36212966', NULL, 'info@motorssouq.com', 'البحرين', NULL, NULL, NULL, NULL, '2012-10-14 19:18:28', 0),
(1046, 'موتورز سوق', NULL, NULL, NULL, '33318666', NULL, 'info@motorssouq.com', 'البحرين', NULL, NULL, NULL, NULL, '2012-10-14 19:27:41', 0),
(1047, 'موتورز سوق', NULL, NULL, NULL, '34448003', NULL, 'info@motorssouq.com', 'البحرين', NULL, NULL, NULL, NULL, '2012-10-14 19:36:46', 0),
(1048, 'موتورز سوق', NULL, NULL, NULL, '34448003', NULL, 'info@motorssouq.com', 'البحرين', NULL, NULL, NULL, NULL, '2012-10-14 19:40:13', 0),
(1049, 'موتورز سوق', NULL, NULL, NULL, '33998825', NULL, 'info@motorssouq.com', 'البحرين', NULL, NULL, NULL, NULL, '2012-10-14 19:45:29', 0),
(1050, 'جاسم ', NULL, NULL, NULL, '33223060 / 33111639', NULL, 'xx.wa7dani-_-cute.xx@hotmail.com', 'البحرين', 'مدينه حمد', NULL, NULL, NULL, '2012-10-14 23:02:10', 0),
(1051, 'موتورز سوق', NULL, NULL, NULL, '39807555', NULL, 'info@motorssouq.com', 'البحرين', NULL, NULL, NULL, NULL, '2012-10-15 11:11:56', 0),
(1052, 'موتورز سوق', NULL, NULL, NULL, '39535406', NULL, 'info@motorssouq.com', 'البحرين', NULL, NULL, NULL, NULL, '2012-10-15 12:17:01', 0),
(1053, 'موتورز سوق', NULL, NULL, NULL, '33887883-33909366', NULL, 'info@motorssouq.com', 'البحرين', NULL, NULL, NULL, NULL, '2012-10-15 12:31:18', 0),
(1054, 'موتورز سوق', NULL, NULL, NULL, '39233530 ', NULL, 'info@motorssouq.com', 'البحرين', NULL, NULL, NULL, NULL, '2012-10-15 12:37:40', 0),
(1055, 'موتورز سوق', NULL, NULL, NULL, '33334404', NULL, 'info@motorssouq.com', 'البحرين', NULL, NULL, NULL, NULL, '2012-10-15 12:42:45', 0),
(1056, 'موتورز سوق', NULL, NULL, NULL, '33774262', NULL, 'info@motorssouq.com', 'البحرين', NULL, NULL, NULL, NULL, '2012-10-15 12:50:05', 0),
(1057, 'موتورز سوق', NULL, NULL, NULL, '33033882', NULL, 'info@motorssouq.com', 'البحرين', NULL, NULL, NULL, NULL, '2012-10-15 12:57:01', 0),
(1058, 'موتورز سوق', NULL, NULL, NULL, '33088818', NULL, 'info@motorssouq.com', 'البحرين', NULL, NULL, NULL, NULL, '2012-10-15 13:11:40', 0),
(1059, 'موتورز سوق', NULL, NULL, NULL, '33339686', NULL, 'info@motorssouq.com', 'البحرين', NULL, NULL, NULL, NULL, '2012-10-15 13:38:26', 0),
(1060, 'موتورز سوق', NULL, NULL, NULL, '33711734', NULL, 'info@motorssouq.com', 'البحرين', NULL, NULL, NULL, NULL, '2012-10-15 14:15:41', 0),
(1061, 'موتورز سوق', NULL, NULL, NULL, '39452421', NULL, 'info@motorssouq.com', 'البحرين', NULL, NULL, NULL, NULL, '2012-10-15 14:22:24', 0),
(1062, 'موتورز سوق', NULL, NULL, NULL, '39848991', NULL, 'info@motorssouq.com', 'البحرين', NULL, NULL, NULL, NULL, '2012-10-15 14:41:55', 0),
(1063, 'موتورز سوق', NULL, NULL, NULL, '39212966', NULL, 'info@motorssouq.com', 'البحرين', NULL, NULL, NULL, NULL, '2012-10-15 14:48:51', 0),
(1064, 'موتورز سوق', NULL, NULL, NULL, '38825088', NULL, 'info@motorssouq.com', 'البحرين', NULL, NULL, NULL, NULL, '2012-10-15 14:53:16', 0),
(1065, 'montassar smida', NULL, NULL, NULL, '21883580', NULL, 'montassar@amhsoft.com', 'Tunisie', 'Ksar', 'Gafsa', NULL, NULL, '2012-10-15 18:58:31', 0),
(1066, 'Motors Souq', NULL, NULL, NULL, ' 38889744 - 33276885', NULL, 'info@motorssouq.com', 'bahrain', NULL, '', NULL, NULL, '2012-10-15 22:23:09', 0),
(1067, 'ADEL', '60b6117f4917e43d5ddf367b9c1ab22322862c19', NULL, NULL, '0097333330646', 'aabunawaf@yahoo.com', NULL, 'bahrain', NULL, NULL, NULL, NULL, '2012-10-16 10:05:09', 0),
(1068, 'حسين ', NULL, NULL, NULL, '39445517', NULL, 'hussainjanahi866@hotmail.com', 'البحرين', 'المحافظة الوسطى', 'مدينة عيسى', NULL, NULL, '2012-10-16 13:20:54', 0),
(1069, 'طيبتي غلطة', '603dab47535aef03827c2e45fa8858215329bf29', NULL, NULL, '39777661', 'lovely9137@hotmail.com', NULL, NULL, NULL, NULL, NULL, NULL, '2012-10-16 15:29:07', 0),
(1070, 'موتورز سوق', NULL, NULL, NULL, '39347766-33004993', NULL, 'info@motorssouq.com', 'البحرين', NULL, NULL, NULL, NULL, '2012-10-16 19:34:46', 0),
(1071, 'Motors Souq', NULL, NULL, NULL, '33344272-33444427 ', NULL, 'info@motorssouq.com', 'Bahrain', NULL, NULL, NULL, NULL, '2012-10-16 20:57:44', 0),
(1072, 'موتورز سوق', NULL, NULL, NULL, '66303663', NULL, 'info@motorssouq.com', 'البحرين', NULL, NULL, NULL, NULL, '2012-10-16 21:03:57', 0),
(1073, 'موتورز سوق', NULL, NULL, NULL, '33645864', NULL, 'info@motorssouq.com', 'البحرين', NULL, NULL, NULL, NULL, '2012-10-16 21:17:34', 0),
(1074, 'محمد', NULL, NULL, NULL, '37777107', NULL, 'm7amed_al5ahldi@hotmail.com', 'البحرين', 'الرفاع', 'الرفاع', NULL, NULL, '2012-10-17 07:26:17', 0),
(1075, 'MOHD', '15e48560dbca6efe69c7224144974dc6405bb7bc', NULL, NULL, '36360306', 'bis3332004@yahoo.com', NULL, NULL, NULL, NULL, NULL, NULL, '2012-10-17 09:22:13', 0),
(1076, 'MOHD', NULL, NULL, NULL, '36360306', NULL, 'bis3332004@yahoo.com', 'Bahrain', 'Isa Town', NULL, NULL, NULL, '2012-10-17 09:27:47', 0),
(1077, 'موتورز سوق', NULL, NULL, NULL, '33271994', NULL, 'info@motorssouq.com', 'البحرين', NULL, NULL, NULL, NULL, '2012-10-17 16:59:34', 0),
(1078, 'عبدالرحمن محمد ', NULL, NULL, NULL, '33990117', NULL, 'aljar7_20@hotmail.com', 'البحرين ', 'المحرق ', 'البسيتين', NULL, NULL, '2012-10-17 18:20:15', 0),
(1079, 'محمد ', NULL, NULL, NULL, '37777107', NULL, 'm7amed_al5ahldi@hotmail.com', 'البحرين', 'الرفاع', 'الرفاع', NULL, NULL, '2012-10-17 19:26:44', 0),
(1080, 'aziz', NULL, NULL, NULL, '05558558', NULL, 'az@bb.nb', '', '', '', NULL, NULL, '2012-10-18 11:21:39', 0),
(1081, 'Jeeme', NULL, NULL, NULL, '33447277', NULL, 'Gim_sim_99@hotmail.com', 'البحرين', NULL, NULL, NULL, NULL, '2012-10-18 23:04:21', 0),
(1082, 'Ahmed', NULL, NULL, NULL, '36529960', NULL, 'amg469@gmail.com', 'bahrain', 'isa town', NULL, NULL, NULL, '2012-10-19 06:10:30', 0),
(1083, 'أحمد جمال', NULL, NULL, NULL, '37779311', NULL, 'Ahd.jamal@hotmail.com', 'البحرين', 'المحافظة الجنوبية', 'الرفاع الشرقي', NULL, NULL, '2012-10-19 09:04:06', 0),
(1084, 'حمد', NULL, NULL, NULL, '34131460 - 36674470', NULL, 'army_b.h.r@hotmail.com', 'البحرين', 'مدينة عيسى', NULL, NULL, NULL, '2012-10-19 13:10:49', 0),
(1085, 'عبدالرحمن', NULL, NULL, NULL, '33123939', NULL, 'hamanii_7@live.com', 'البحرين', 'محافظة العاصمة', 'الجفير', NULL, NULL, '2012-10-19 13:59:04', 0),
(1086, 'محمد', 'b93970ad184a60a4cf6705282791f6eb5ddac1d7', NULL, NULL, '0097333551722', 'momo_22_zooz@hotmail.com', NULL, NULL, NULL, NULL, NULL, NULL, '2012-10-19 21:03:44', 0),
(1087, 'يحيى', NULL, NULL, NULL, '33482139', NULL, 'Yahyabaloch@yahoo.com', 'البحرين', 'المنامة', NULL, NULL, NULL, '2012-10-20 16:13:41', 0),
(1088, 'أحمد', NULL, NULL, NULL, '39675999', NULL, 'bhr888@hotmail.com', 'البحرين', 'الحد', NULL, NULL, NULL, '2012-10-20 17:51:05', 0),
(1089, 'أحمد', NULL, NULL, NULL, '39675999', NULL, 'bhr888@hotmail.com', 'البحرين ', 'الحد ', NULL, NULL, NULL, '2012-10-20 18:12:31', 0),
(1090, 'عبدالله السويدي ', NULL, NULL, NULL, '34454960', NULL, 'Riff3i_@live.com', 'البحرين', 'الرفاع', NULL, NULL, NULL, '2012-10-20 18:21:15', 0),
(1091, 'Jim', NULL, NULL, NULL, '33447277', NULL, 'Gim_sim_99@hotmail.com', 'البحرين', 'مدينة حمد', NULL, NULL, NULL, '2012-10-20 20:46:15', 0),
(1092, 'ahmed 1986', 'c19ec7adad84632237bed40aabc3edcc74d63f1d', NULL, NULL, '34434365', 'mr_aldoy@hotmail.com', NULL, NULL, NULL, NULL, NULL, NULL, '2012-10-21 08:14:31', 0),
(1093, 'Khalid', NULL, NULL, NULL, '39800400', NULL, 'khalidnaqi90@gmail.com', 'BH', 'Muharraq', NULL, NULL, NULL, '2012-10-21 15:38:48', 0),
(1094, 'ali', '3bd8c1cf00c203f96339975dde318de27cbd7fdc', NULL, NULL, '33042119', 'allawi7@w.cn', NULL, NULL, NULL, NULL, NULL, NULL, '2012-10-21 17:23:13', 0),
(1095, 'ايراهيم ', NULL, NULL, NULL, '33241217', NULL, 'bo.ba7ar.4ever@hotmail.com', 'ا لرفاع ', '', '', NULL, NULL, '2012-10-22 10:06:19', 0),
(1096, 'ابراهيم محمد ', NULL, NULL, NULL, '33241217', NULL, 'bo.ba7ar.4ever@hotmail.com', '', '', '', NULL, NULL, '2012-10-22 10:14:41', 0),
(1097, 'أحمد ', NULL, NULL, NULL, '34312254', NULL, 'bo3_bo7@hotmail.com', 'البحرين ', 'الرفاع ', 'الحجيات ', NULL, NULL, '2012-10-22 13:22:22', 0),
(1098, 'موتورز سوق', NULL, NULL, NULL, '36888869', NULL, 'info@motorssouq.com', 'البحرين', NULL, NULL, NULL, NULL, '2012-10-22 20:00:08', 0),
(1099, 'موتورز سوق', NULL, NULL, NULL, '33376966', NULL, 'info@motorssouq.com', 'البحرين', NULL, NULL, NULL, NULL, '2012-10-22 20:11:49', 0),
(1100, 'موتورز سوق', NULL, NULL, NULL, '38888193', NULL, 'info@motorssouq.com', 'البحرين', NULL, NULL, NULL, NULL, '2012-10-22 20:18:38', 0),
(1101, 'جاسم اسامه', NULL, NULL, NULL, '33196587', NULL, 'info@motorssouq.com', 'البحرين', 'المحافظة الوسطى', 'مدينة عيسى', NULL, NULL, '2012-10-22 20:25:23', 0),
(1102, 'خالد', NULL, NULL, NULL, '36030219', NULL, 'info@motorssouq.com', 'البحرين', 'محافظة المحرق', 'قلالي', NULL, NULL, '2012-10-22 21:11:49', 0),
(1103, 'Rasheed', NULL, NULL, NULL, '36780007', NULL, 'r.alwardi@gmail.com', 'Bahrain', NULL, NULL, NULL, NULL, '2012-10-22 21:24:39', 0),
(1104, 'Suod khalifa', NULL, NULL, NULL, '66336451', NULL, 'Einstein_xd@live.com', 'Bahrain', 'Riffa ', 'East', NULL, NULL, '2012-10-23 08:18:32', 0),
(1105, 'isa', NULL, NULL, NULL, '0097336505222', NULL, 'corco_bukhalil@yahoo.com', 'bahrain', '', 'riffa', NULL, NULL, '2012-10-23 10:02:29', 0),
(1106, 'علي الناجم', NULL, NULL, NULL, '36363350', NULL, 'alnajim117@gmail.com', 'البحرين الرفاع', '', 'الرفاع', NULL, NULL, '2012-10-23 19:27:43', 0),
(1107, 'Habib ', 'd320f27a5ac0fbb77db0264a4ce6229b90b5fdf9', NULL, NULL, '36716620', 'habiba790@hotmail.com', NULL, NULL, NULL, NULL, NULL, NULL, '2012-10-23 21:39:37', 0),
(1108, 'مهند المحمود', NULL, NULL, NULL, '33180118', NULL, 'Mohannad-9119@hotmail.com', 'البحرين', 'ام الحصم', NULL, NULL, NULL, '2012-10-24 01:18:33', 0),
(1109, 'صابر', NULL, NULL, NULL, '33470261', NULL, 'info@motorssouq.com', 'البحرين', 'الحد', NULL, NULL, NULL, '2012-10-24 01:26:05', 0),
(1110, 'موتورز سوق', NULL, NULL, NULL, '36231321', NULL, 'info@motorssouq.com', 'البحرين', 'المحافظة الجنوبية', 'الرفاع الغربي', NULL, NULL, '2012-10-24 18:35:45', 0),
(1111, 'ASLI', '1a987b6445ce98e7368a86cb8b3bfe22ac646f87', NULL, NULL, '39130962', 'aekici73@gmail.com', NULL, NULL, NULL, NULL, NULL, NULL, '2012-10-24 23:54:12', 0),
(1112, 'ولد الرفاع ', '6c2186eff944e5bf0756fab4fda8ef70da4e7732', NULL, NULL, '0097336090995 ', 'almurisi_vip@hotmail.com', NULL, NULL, NULL, NULL, NULL, NULL, '2012-10-25 00:34:27', 0),
(1113, 'سلمان محمد إلدوسري', NULL, NULL, NULL, ' 33838809', NULL, 'Sosoman2000@hotmail.com', 'البحرين ', 'المحرق ', NULL, NULL, NULL, '2012-10-25 00:48:25', 0),
(1114, 'taweeel', '9773918002ba9eb2e39a05611ea297d5aea273fa', NULL, NULL, '33399945', 'almutawa75@gmail.com', NULL, NULL, NULL, NULL, NULL, NULL, '2012-10-25 00:54:35', 0),
(1115, 'محمد العوضي', NULL, NULL, NULL, '39551178', NULL, 'info@motorssouq.com', 'البحرين', 'مدينة عيسى', NULL, NULL, NULL, '2012-10-25 01:10:00', 0),
(1116, 'موتورز سوق', NULL, NULL, NULL, '36711151', NULL, 'info@motorssouq.com', 'البحرين', NULL, NULL, NULL, NULL, '2012-10-25 21:54:35', 0),
(1117, 'موتورز سوق', NULL, NULL, NULL, '36733577', NULL, 'info@motorssouq.com', 'البحرين', NULL, NULL, NULL, NULL, '2012-10-25 22:01:12', 0),
(1118, 'موتورز سوق', NULL, NULL, NULL, '39280286', NULL, 'info@motorssouq.com', 'البحرين', NULL, NULL, NULL, NULL, '2012-10-25 22:04:45', 0),
(1119, 'موتورز سوق', NULL, NULL, NULL, '39280286', NULL, 'info@motorssouq.com', 'البحرين', NULL, NULL, NULL, NULL, '2012-10-25 22:07:46', 0),
(1120, 'موتورز سوق', NULL, NULL, NULL, '39280286', NULL, 'info@motorssouq.com', 'البحرين', 'المحافظة الوسطى', 'مدينة عيسى', NULL, NULL, '2012-10-25 22:10:33', 0),
(1121, 'موتورز سوق', NULL, NULL, NULL, '39280286 ', NULL, 'info@motorssouq.com', 'البحرين', 'المحافظة الوسطى', 'مدينة عيسى', NULL, NULL, '2012-10-25 22:13:50', 0),
(1122, 'موتورز سوق', NULL, NULL, NULL, '39280286', NULL, 'info@motorssouq.com', 'البحرين', 'المحافظة الوسطى', 'مدينة عيسى', NULL, NULL, '2012-10-25 22:16:01', 0),
(1123, 'موتورز سوق', NULL, NULL, NULL, '39280286', NULL, 'info@motorssouq.com', 'البحرين', 'المحافظة الوسطى', 'مدينة عيسى', NULL, NULL, '2012-10-25 22:18:45', 0),
(1124, 'موتورز سوق', NULL, NULL, NULL, '39280286', NULL, 'info@motorssouq.com', 'البحرين', 'المحافظة الوسطى', 'مدينة عيسى', NULL, NULL, '2012-10-25 22:20:57', 0),
(1125, 'موتورز سوق', NULL, NULL, NULL, '39280286', NULL, 'info@motorssouq.com', 'البحرين', 'المحافظة الوسطى', 'مدينة عيسى', NULL, NULL, '2012-10-25 22:23:37', 0),
(1126, 'موتورز سوق', NULL, NULL, NULL, '39280286', NULL, 'info@motorssouq.com', 'البحرين', 'المحافظة الوسطى', 'مدينة عيسى', NULL, NULL, '2012-10-25 22:26:09', 0),
(1127, 'موتورز سوق', NULL, NULL, NULL, '39280286', NULL, 'info@motorssouq.com', 'البحرين', 'المحافظة الوسطى', 'مدينة عيسى', NULL, NULL, '2012-10-25 22:29:36', 0),
(1128, 'موتورز سوق', NULL, NULL, NULL, '39280286 ', NULL, 'info@motorssouq.com', 'البحرين', 'المحافظة الوسطى', 'مدينة عيسى', NULL, NULL, '2012-10-25 22:35:43', 0),
(1129, 'موتورز سوق', NULL, NULL, NULL, '39280286', NULL, 'info@motorssouq.com', 'البحرين', 'المحافظة الوسطى', 'مدينة عيسى', NULL, NULL, '2012-10-25 22:38:13', 0),
(1130, 'موتورز سوق', NULL, NULL, NULL, '39280286 ', NULL, 'info@motorssouq.com', 'البحرين', 'المحافظة الوسطى', 'مدينة عيسى', NULL, NULL, '2012-10-25 22:41:40', 0),
(1131, 'مشاري', NULL, NULL, NULL, '36611106', NULL, 'mushari1977@hotmail.com', 'البحرين', 'المحافظة الجنوبية', 'الرفاع الغربي', NULL, NULL, '2012-10-25 22:46:44', 0),
(1132, 'موتورز سوق', NULL, NULL, NULL, '39666650', NULL, 'info@motorssouq.com', 'البحرين', NULL, NULL, NULL, NULL, '2012-10-25 22:49:19', 0),
(1133, 'موتورز سوق', NULL, NULL, NULL, '33344393', NULL, 'info@motorssouq.com', 'البحرين', NULL, NULL, NULL, NULL, '2012-10-25 22:55:23', 0),
(1134, 'موتورز سوق', NULL, NULL, NULL, '39280286', NULL, 'info@motorssouq.com', 'البحرين', 'المحافظة الوسطى', 'مدينة عيسى', NULL, NULL, '2012-10-25 22:58:48', 0),
(1135, 'موتورز سوق', NULL, NULL, NULL, '39280286', NULL, 'info@motorssouq.com', 'البحرين', 'المحافظة الوسطى', 'مدينة عيسى', NULL, NULL, '2012-10-25 23:01:27', 0),
(1136, 'موتورز سوق', NULL, NULL, NULL, '39280286', NULL, 'info@motorssouq.com', 'البحرين', 'المحافظة الوسطى', 'مدينة عيسى', NULL, NULL, '2012-10-26 11:59:08', 0),
(1137, 'مشاري ', NULL, NULL, NULL, '36611106', NULL, 'info@motorssouq.com', 'bahrain', NULL, 'muharraq', NULL, NULL, '2012-10-26 17:52:26', 0),
(1138, 'motors souq', NULL, NULL, NULL, '33556981', NULL, 'info@motorssouq.com', 'bahrain', NULL, '', NULL, NULL, '2012-10-26 18:26:38', 0),
(1139, 'خالد المشخص', NULL, NULL, NULL, '33002231', NULL, 'almsh5a9@hotmail.com', 'البحرين', 'محافظة المحرق', 'قلالي', NULL, NULL, '2012-10-27 10:25:44', 0),
(1140, 'موتورز سوق', NULL, NULL, NULL, '33899005', NULL, 'info@motorssouq.com', 'البحرين', NULL, NULL, NULL, NULL, '2012-10-27 11:17:21', 0),
(1141, 'محمد', NULL, NULL, NULL, '36360306', NULL, 'Bis3332004@yahoo.com', 'البحرين', 'المحافظة الجنوبية', 'الرفاع', NULL, NULL, '2012-10-27 20:55:02', 0),
(1142, 'موتورز سوق', NULL, NULL, NULL, '39222270', NULL, 'info@motorssouq.com', 'البحرين', NULL, NULL, NULL, NULL, '2012-10-27 21:04:07', 0),
(1143, 'موتورز سوق', NULL, NULL, NULL, 'Tel:33224235 - tel:33224317', NULL, 'info@motorssouq.com', 'البحرين', NULL, NULL, NULL, NULL, '2012-10-27 21:10:55', 0),
(1144, 'موتورز سوق', NULL, NULL, NULL, '33978773 ', NULL, 'info@motorssouq.com', 'البحرين', NULL, NULL, NULL, NULL, '2012-10-27 21:17:09', 0),
(1145, 'موتورز سوق', NULL, NULL, NULL, '36111362', NULL, 'info@motorssouq.com', 'البحرين', NULL, NULL, NULL, NULL, '2012-10-27 21:30:11', 0),
(1146, 'موتورز سوق', NULL, NULL, NULL, '33921813', NULL, 'info@motorssouq.com', 'البحرين', NULL, NULL, NULL, NULL, '2012-10-27 21:36:14', 0),
(1147, 'موتورز سوق', NULL, NULL, NULL, '33192358', NULL, 'info@motorssouq.com', 'البحرين', NULL, NULL, NULL, NULL, '2012-10-27 21:40:15', 0),
(1148, 'Hani', NULL, NULL, NULL, ' 36667719', NULL, 'info@motorssouq.com', 'bahrain', NULL, NULL, NULL, NULL, '2012-10-28 09:57:56', 0),
(1149, 'محمد ', NULL, NULL, NULL, '33608780', NULL, 'info@motorssouq.com', 'البحرين ', 'المحرق', 'المحرق', NULL, NULL, '2012-10-28 10:57:20', 0),
(1150, 'موتورز سوق', NULL, NULL, NULL, '39212966', NULL, 'info@motorssouq.com', 'bahrain', '', '', NULL, NULL, '2012-10-28 13:40:38', 0),
(1151, 'كرسيدا ', NULL, NULL, NULL, '33001882 ', NULL, 'info@motorssouq.com', NULL, NULL, NULL, NULL, NULL, '2012-10-28 16:07:51', 0),
(1152, 'موتورز سوق', NULL, NULL, NULL, '33845691', NULL, 'info@motorssouq.com', 'البحرين', NULL, NULL, NULL, NULL, '2012-10-28 19:04:09', 0),
(1153, 'موتورز سوق', NULL, NULL, NULL, '33830482', NULL, 'info@motorssouq.com', 'البحرين', NULL, NULL, NULL, NULL, '2012-10-28 19:16:22', 0),
(1154, 'عبدالله العمران', NULL, NULL, NULL, '33910817', NULL, 'info@motorssouq.com', 'البحرين', 'محافظة المحرق', 'المحرق', NULL, NULL, '2012-10-28 19:24:12', 0),
(1155, 'موتورز سوق', NULL, NULL, NULL, '33399156', NULL, 'info@motorssouq.com', 'البحرين', NULL, NULL, NULL, NULL, '2012-10-28 19:36:10', 0),
(1156, 'موتورز سوق', NULL, NULL, NULL, '36311341', NULL, 'info@motorssouq.com', 'البحرين', NULL, NULL, NULL, NULL, '2012-10-28 19:51:36', 0),
(1157, 'Ahmed', '509538ccfd6add6833c53a020bbb868cc11eb02d', NULL, NULL, '36777663', 'ghaffryii@hotmail.com', NULL, NULL, NULL, NULL, NULL, NULL, '2012-10-28 19:56:35', 0),
(1158, 'موتورز سوق', NULL, NULL, NULL, '34410908', NULL, 'info@motorssouq.com', 'البحرين', NULL, NULL, NULL, NULL, '2012-10-28 20:13:19', 0),
(1159, 'موتورز سوق', NULL, NULL, NULL, '33192358', NULL, 'info@motorssouq.com', 'البحرين', NULL, NULL, NULL, NULL, '2012-10-28 21:25:38', 0),
(1160, 'علي', NULL, NULL, NULL, '33164414', NULL, 'Hamandy_89@hotmail.com', 'البحرين', 'محافظة العاصمة', 'المنامة', NULL, NULL, '2012-10-29 10:44:53', 0),
(1161, 'khalid', 'd941fe23dffb5dd9eefe20588463dfd3b95fb10f', NULL, NULL, '37777039', 'khalid.abdulla@hotmail.com', NULL, NULL, NULL, NULL, NULL, NULL, '2012-10-29 13:52:33', 0),
(1162, 'بوخليفة', NULL, NULL, NULL, '36212966', NULL, 'info@motorssouq.com', 'البحرين', NULL, NULL, NULL, NULL, '2012-10-29 16:27:10', 0),
(1163, 'Badria + Abdulla', '884950a05fe822dddee8030304783e21cdc2b246', NULL, '33163318', '39284436', 'xenaxena66@gmail.com', NULL, 'البحرين', 'القضيبية', 'المنامة', 'عبدالله بن جبر', NULL, '2012-10-29 16:28:12', 0),
(1164, 'فواز', NULL, NULL, NULL, '36339003', NULL, 'Al_mannai_3@hotmail.com', 'البحرين', 'المحافظة الجنوبية', 'الرفاع', NULL, NULL, '2012-10-29 17:05:13', 0),
(1165, 'خالد', NULL, NULL, NULL, '33118566', NULL, 'info@motorssouq.com', 'البحرين', 'المحافظة الجنوبية', 'مدينة حمد', NULL, NULL, '2012-10-29 20:21:09', 0),
(1166, 'حمادوو', 'a642a77abd7d4f51bf9226ceaf891fcbb5b299b8', NULL, NULL, '33566969', 'nana59_@hotmail.con', NULL, NULL, NULL, NULL, NULL, NULL, '2012-10-30 00:24:28', 0),
(1167, 'حمادوو ', NULL, NULL, NULL, '33566969', NULL, 'dmx266@hotmail.com', 'البحرين', NULL, 'الرفاع', NULL, NULL, '2012-10-30 00:33:51', 0),
(1168, 'حمادوو ', NULL, NULL, NULL, '33566969', NULL, 'dmx266@hotmail.com', 'البحرين', NULL, 'الرفاع', NULL, NULL, '2012-10-30 00:38:15', 0),
(1169, 'محمد احمد ', '677e17769f89c467e0ce4cc10b9d78104a926742', NULL, NULL, '0097334197688', 'azas2010@hotmail.com', NULL, NULL, NULL, NULL, NULL, NULL, '2012-10-30 06:19:28', 0),
(1170, 'بوعيسى', NULL, NULL, NULL, '33443030', NULL, 'jassimal_rumaihi@hotmail.com', 'البحرين', 'المحافظة الجنوبية', 'الرفاع', NULL, NULL, '2012-10-30 10:57:43', 0),
(1171, 'عبدالله الانصاري ', '2982dab04dcabee238e65e45776bf4acc1766e7e', NULL, NULL, '33852486', 'aboodo.7@live.com', NULL, NULL, NULL, NULL, NULL, NULL, '2012-10-30 11:28:40', 0),
(1172, 'محمد ', NULL, NULL, NULL, '33608780', NULL, 'info@motorssouq.com', 'بحرين', 'المحرق', 'عراد', NULL, NULL, '2012-10-30 12:48:57', 0),
(1173, 'مشاري', NULL, NULL, NULL, '36611106', NULL, 'mushari1977@hotmail.com', 'البحرين', 'المحافظة الجنوبية', 'الرفاع', NULL, NULL, '2012-10-30 17:55:44', 0),
(1174, 'مشاري', NULL, NULL, NULL, '36611106', NULL, 'mushari1977@hotmail.com', 'البحرين', 'المحافظة الجنوبية', 'الرفاع', NULL, NULL, '2012-10-30 18:01:20', 0),
(1175, 'موتورز سوق', NULL, NULL, NULL, '33220807', NULL, 'info@motorssouq.com', 'البحرين', NULL, NULL, NULL, NULL, '2012-10-30 18:08:02', 0),
(1176, 'موتورز سوق', NULL, NULL, NULL, '39937557', NULL, 'info@motorssouq.com', 'البحرين', NULL, NULL, NULL, NULL, '2012-10-30 18:16:13', 0),
(1177, 'حسن', NULL, NULL, NULL, 'واتس آب 66335447', NULL, 'info@motorssouq.com', 'البحرين', NULL, NULL, NULL, NULL, '2012-10-30 18:26:35', 0),
(1178, 'موتورز سوق', NULL, NULL, NULL, '33937880', NULL, 'info@motorssouq.com', 'البحرين', NULL, NULL, NULL, NULL, '2012-10-30 18:38:34', 0),
(1179, 'بوخليفة', NULL, NULL, NULL, '39212966', NULL, 'info@motorssouq.com', 'البحرين', NULL, NULL, NULL, NULL, '2012-10-30 18:48:28', 0),
(1180, 'aymany', 'ec45ffc744b432893d2d95c89649fee5cbca4115', NULL, NULL, '36866955', 'egypciana-gunners_665@hotmail.com', NULL, NULL, NULL, NULL, NULL, NULL, '2012-10-30 19:06:42', 0),
(1181, 'يحيى', NULL, NULL, NULL, '33994662', NULL, 'racinge.e@hotmail.com', 'البحرين', 'المحافظة الجنوبية', 'مدينة حمد', NULL, NULL, '2012-10-30 19:08:06', 0),
(1182, 'موتورز سوق', NULL, NULL, NULL, '33854355', NULL, 'info@motorssouq.com', 'البحرين', NULL, NULL, NULL, NULL, '2012-10-30 19:21:26', 0),
(1183, 'آدم', NULL, NULL, NULL, '36440550', NULL, 'info@motorssouq.com', 'البحرين', 'محافظة المحرق', 'المحرق', NULL, NULL, '2012-10-30 19:25:11', 0),
(1184, 'الخالدي للسيارات', NULL, NULL, NULL, '33533681', NULL, 'Al_khaldy68@hotmail.com', 'البحرين', NULL, NULL, NULL, NULL, '2012-10-30 19:44:42', 0),
(1185, 'Motors Souq', 'd4fe581561f18ee5006254a7e53f53cbed780bc2', NULL, NULL, '33770735', NULL, 'info@motorssouq.com', 'Bahrain', NULL, 'city22', 'street5221', NULL, '2012-10-30 20:03:58', 0),
(1186, 'sdasdasdadasdadads', NULL, NULL, NULL, NULL, NULL, NULL, NULL, NULL, NULL, NULL, NULL, '2012-12-03 10:00:30', 1),
(1187, 'sdasdasdadasdadads', NULL, NULL, NULL, NULL, NULL, NULL, NULL, NULL, NULL, NULL, NULL, '2012-12-03 10:01:32', 1),
(1188, 'sdasdasdadasdadads', NULL, NULL, NULL, NULL, NULL, NULL, NULL, NULL, NULL, NULL, NULL, '2012-12-03 10:02:00', 1),
(1189, 'sdasdasdadasdadads', NULL, NULL, NULL, NULL, NULL, NULL, NULL, NULL, NULL, NULL, NULL, '2012-12-03 10:02:18', 1),
(1190, 'sdasdasdadasdadads', NULL, NULL, NULL, NULL, NULL, NULL, NULL, NULL, NULL, NULL, NULL, '2012-12-03 10:02:37', 1),
(1191, 'sdasdasdadasdadads', NULL, NULL, NULL, NULL, NULL, NULL, NULL, NULL, NULL, NULL, NULL, '2012-12-03 10:02:55', 1),
(1192, 'sdasdasdadasdadads', NULL, NULL, NULL, NULL, NULL, NULL, NULL, NULL, NULL, NULL, NULL, '2012-12-03 10:02:59', 1),
(1193, 'dfsdfsfsf', NULL, NULL, NULL, NULL, NULL, NULL, NULL, NULL, NULL, NULL, NULL, '2012-12-03 10:03:09', 0),
(1194, 'dfsdfsfsf', NULL, NULL, NULL, NULL, NULL, NULL, NULL, NULL, NULL, NULL, NULL, '2012-12-03 10:03:21', 0),
(1195, 'fghfhfgh', 'd4fe581561f18ee5006254a7e53f53cbed780bc2', NULL, NULL, NULL, NULL, NULL, NULL, NULL, NULL, NULL, NULL, '2012-12-03 10:12:56', 1),
(1196, 'asdadad', 'd4fe581561f18ee5006254a7e53f53cbed780bc2', NULL, NULL, NULL, NULL, NULL, NULL, NULL, NULL, NULL, NULL, '2012-12-04 07:43:42', 1),
(1197, 'Rick', '7c4a8d09ca3762af61e59520943dc26494f8941b', NULL, NULL, '05312801805', 'rick@amhsoft.com', NULL, 'SAU', 'Niedersachsen', 'Braunschweig', 'Berlinerstr 15', '38104', '2012-12-14 09:09:37', 0);

-- --------------------------------------------------------

--
-- Tabellenstruktur für Tabelle `address`
--

DROP TABLE IF EXISTS `address`;
CREATE TABLE IF NOT EXISTS `address` (
  `id` int(11) NOT NULL AUTO_INCREMENT,
  `name` varchar(255) COLLATE utf8_unicode_ci NOT NULL,
  `street` varchar(64) COLLATE utf8_unicode_ci DEFAULT NULL,
  `zipcode` varchar(20) COLLATE utf8_unicode_ci DEFAULT NULL,
  `city` varchar(64) COLLATE utf8_unicode_ci DEFAULT NULL,
  `province` varchar(64) COLLATE utf8_unicode_ci DEFAULT NULL,
  `country` varchar(64) COLLATE utf8_unicode_ci DEFAULT NULL,
  `account_id` int(11) NOT NULL,
  PRIMARY KEY (`id`)
) ENGINE=InnoDB  DEFAULT CHARSET=utf8 COLLATE=utf8_unicode_ci AUTO_INCREMENT=27 ;

--
-- Daten für Tabelle `address`
--

INSERT INTO `address` (`id`, `name`, `street`, `zipcode`, `city`, `province`, `country`, `account_id`) VALUES
(6, 'Amhsoft e.K', 'Berlinerstr 15', '38104', 'Braunschweig', 'Niedersachsen', 'Germany', 601),
(7, 'Amir Cherif', 'Am Queckenberg 8', '38120', 'Braunschweig', 'Niedersachsen', 'Germany', 601),
(12, 'Muneera', 'sdfsfsdf', 'sdfsf2541', 'Muharraq', 'Muharraq ', 'Bahrain', 601),
(23, 'Amhsoft e.K', 'Berlinerstr 15', NULL, 'Braunschweig', 'Niedersachsen', 'Germany', 0),
(24, 'Amir Cherif', 'Am Queckenberg 8', NULL, 'Braunschweig', 'Niedersachsen', 'Germany', 0),
(25, 'Rick', 'Berlinerstr 15', '38104', 'Braunschweig', 'Niedersachsen', 'SAU', 1197),
(26, 'Rick', 'Berlinerstr 15', '38104', 'Braunschweig', 'Niedersachsen', 'SAU', 1197);

-- --------------------------------------------------------

--
-- Tabellenstruktur für Tabelle `autoresponder`
--

DROP TABLE IF EXISTS `autoresponder`;
CREATE TABLE IF NOT EXISTS `autoresponder` (
  `id` int(11) NOT NULL AUTO_INCREMENT,
  `name` varchar(255) COLLATE utf8_unicode_ci NOT NULL,
  `subject` varchar(255) COLLATE utf8_unicode_ci NOT NULL,
  `body` text COLLATE utf8_unicode_ci,
  PRIMARY KEY (`id`)
) ENGINE=InnoDB  DEFAULT CHARSET=utf8 COLLATE=utf8_unicode_ci AUTO_INCREMENT=5 ;

--
-- Daten für Tabelle `autoresponder`
--

INSERT INTO `autoresponder` (`id`, `name`, `subject`, `body`) VALUES
(1, 'reservation_email', 'reservation auto responder title', '<p>reservation auto responder text</p>'),
(2, 'order_email', 'order email settings title', '<p>order email settings text</p>'),
(3, 'tracking_number_email', 'tracking number email settings title', '<p>Dear CUSTOMER</p>\n<p>Your tracking number is: TRACKINGNUMBER</p>\n<p> </p>\n<p>Best Regards.</p>'),
(4, 'offer_email', 'offer email settings title', '<p>offer email settings text</p>');

-- --------------------------------------------------------

--
-- Tabellenstruktur für Tabelle `cms`
--

DROP TABLE IF EXISTS `cms`;
CREATE TABLE IF NOT EXISTS `cms` (
  `id` int(11) NOT NULL AUTO_INCREMENT,
  `name` varchar(64) COLLATE utf8_unicode_ci DEFAULT NULL,
  `position` int(11) NOT NULL DEFAULT '0',
  `title` varchar(64) COLLATE utf8_unicode_ci DEFAULT NULL,
  `keywords` varchar(64) COLLATE utf8_unicode_ci DEFAULT NULL,
  `desc` text COLLATE utf8_unicode_ci,
  `content` text COLLATE utf8_unicode_ci,
  `state` tinyint(1) NOT NULL DEFAULT '1',
  `internal_url` varchar(255) COLLATE utf8_unicode_ci DEFAULT NULL,
  `external_url` varchar(255) COLLATE utf8_unicode_ci DEFAULT NULL,
  `target` varchar(25) COLLATE utf8_unicode_ci DEFAULT NULL,
  PRIMARY KEY (`id`)
) ENGINE=InnoDB  DEFAULT CHARSET=utf8 COLLATE=utf8_unicode_ci AUTO_INCREMENT=18 ;

--
-- Daten für Tabelle `cms`
--

INSERT INTO `cms` (`id`, `name`, `position`, `title`, `keywords`, `desc`, `content`, `state`, `internal_url`, `external_url`, `target`) VALUES
(1, 'الصفحة الرئيسية', 0, NULL, NULL, NULL, NULL, 1, NULL, NULL, NULL),
(2, 'طرق الشحن', 0, NULL, NULL, NULL, NULL, 1, NULL, NULL, NULL),
(3, 'طرق الدفع', 0, NULL, NULL, NULL, NULL, 1, NULL, NULL, NULL),
(4, 'إتصل بنا', 0, NULL, NULL, NULL, '', 1, NULL, NULL, NULL),
(5, 'من نحن', 0, NULL, NULL, NULL, '', 1, NULL, NULL, NULL),
(16, 'offline', 0, NULL, NULL, NULL, NULL, 0, NULL, NULL, NULL),
(17, 'الاسئلة الشائعة', 0, '', '', '', '', 1, 'index.php?module=faq&page=categories', '', '_self');

-- --------------------------------------------------------

--
-- Tabellenstruktur für Tabelle `cms_block`
--

DROP TABLE IF EXISTS `cms_block`;
CREATE TABLE IF NOT EXISTS `cms_block` (
  `id` int(11) NOT NULL AUTO_INCREMENT,
  `title` varchar(255) COLLATE utf8_unicode_ci NOT NULL,
  `content` longtext COLLATE utf8_unicode_ci NOT NULL,
  `state` tinyint(1) NOT NULL,
  `create_date_time` datetime NOT NULL,
  `author` varchar(255) COLLATE utf8_unicode_ci NOT NULL,
  `sort_id` int(11) NOT NULL DEFAULT '0',
  PRIMARY KEY (`id`)
) ENGINE=InnoDB  DEFAULT CHARSET=utf8 COLLATE=utf8_unicode_ci AUTO_INCREMENT=3 ;

--
-- Daten für Tabelle `cms_block`
--

INSERT INTO `cms_block` (`id`, `title`, `content`, `state`, `create_date_time`, `author`, `sort_id`) VALUES
(1, 'dfgd', 'fdfgdfgdgdgdfg', 1, '0000-00-00 00:00:00', '', 0),
(2, 'dfgdf', 'gdfgdg', 1, '2011-04-30 00:23:25', '', 0);

-- --------------------------------------------------------

--
-- Tabellenstruktur für Tabelle `cms_box`
--

DROP TABLE IF EXISTS `cms_box`;
CREATE TABLE IF NOT EXISTS `cms_box` (
  `id` int(11) NOT NULL AUTO_INCREMENT,
  `file` varchar(255) COLLATE utf8_unicode_ci DEFAULT NULL,
  `online` tinyint(1) DEFAULT '1',
  `border` tinyint(1) DEFAULT '0',
  `link` varchar(255) COLLATE utf8_unicode_ci DEFAULT '0',
  `entrypoint` varchar(255) COLLATE utf8_unicode_ci DEFAULT NULL,
  PRIMARY KEY (`id`)
) ENGINE=InnoDB  DEFAULT CHARSET=utf8 COLLATE=utf8_unicode_ci AUTO_INCREMENT=176 ;

--
-- Daten für Tabelle `cms_box`
--

INSERT INTO `cms_box` (`id`, `file`, `online`, `border`, `link`, `entrypoint`) VALUES
(1, 'modules/cms/frontend/views/boxes/mainmenu.box.tpl.html', 1, 1, NULL, NULL),
(130, NULL, 0, 1, NULL, NULL),
(131, NULL, 1, 1, NULL, NULL),
(132, 'modules/cms/frontend/views/boxes/mainmenu.box.tpl.html', 1, 1, NULL, NULL),
(135, 'modules/cms/frontend/views/boxes/box.cms.tpl.html', 1, 1, NULL, NULL),
(136, 'modules/cms/frontend/views/boxes/box.cms.tpl.html', 1, 1, NULL, NULL),
(140, 'modules/cms/frontend/views/boxes/box.cms.tpl.html', 1, 1, NULL, NULL),
(141, 'modules/cms/frontend/views/boxes/box.cms.tpl.html', 1, 1, NULL, NULL),
(143, 'modules/cms/frontend/views/boxes/box.cms.tpl.html', 1, 1, NULL, NULL),
(144, 'modules/cms/frontend/views/boxes/box.cms.tpl.html', 1, 1, NULL, NULL),
(146, 'modules/cms/frontend/views/boxes/box.cms.tpl.html', 1, 1, NULL, NULL),
(147, 'modules/cms/frontend/views/boxes/box.cms.tpl.html', 1, 1, NULL, NULL),
(151, 'modules/cms/frontend/views/boxes/box.cms.tpl.html', 1, 1, NULL, NULL),
(152, 'modules/cms/frontend/views/boxes/box.cms.tpl.html', 1, 1, NULL, NULL),
(156, 'modules/cms/frontend/views/boxes/box.cms.tpl.html', 1, 1, NULL, NULL),
(157, 'modules/cms/frontend/views/boxes/box.cms.tpl.html', 1, 1, NULL, NULL),
(161, 'modules/cms/frontend/views/boxes/box.cms.tpl.html', 1, 1, NULL, NULL),
(162, 'modules/cms/frontend/views/boxes/box.cms.tpl.html', 1, 1, NULL, NULL),
(166, 'modules/cms/frontend/views/boxes/box.cms.tpl.html', 1, 1, NULL, NULL),
(167, 'modules/cms/frontend/views/boxes/box.cms.tpl.html', 1, 1, NULL, NULL),
(171, 'modules/cms/frontend/views/boxes/box.cms.tpl.html', 1, 1, NULL, NULL),
(172, 'modules/cms/frontend/views/boxes/box.cms.tpl.html', 1, 1, NULL, NULL),
(174, 'modules/cms/frontend/views/boxes/box.cms.tpl.html', 1, 1, NULL, NULL),
(175, 'modules/cms/frontend/views/boxes/box.cms.tpl.html', 1, 1, NULL, NULL);

-- --------------------------------------------------------

--
-- Tabellenstruktur für Tabelle `cms_box_lang`
--

DROP TABLE IF EXISTS `cms_box_lang`;
CREATE TABLE IF NOT EXISTS `cms_box_lang` (
  `cms_box_id` int(11) NOT NULL,
  `name` varchar(255) COLLATE utf8_unicode_ci DEFAULT NULL,
  `html` longtext COLLATE utf8_unicode_ci,
  `lang` varchar(3) COLLATE utf8_unicode_ci NOT NULL,
  `image` varchar(255) COLLATE utf8_unicode_ci DEFAULT NULL,
  KEY `fk_cms_box_lang_cms_box1` (`cms_box_id`)
) ENGINE=InnoDB DEFAULT CHARSET=utf8 COLLATE=utf8_unicode_ci;

--
-- Daten für Tabelle `cms_box_lang`
--

INSERT INTO `cms_box_lang` (`cms_box_id`, `name`, `html`, `lang`, `image`) VALUES
(1, 'aaaaa', NULL, 'AR', NULL),
(1, 'MainMenu Top', NULL, 'EN', NULL),
(1, 'aaaaa', NULL, 'DE', NULL),
(130, 'BlackBerry', '&lt;p&gt;&lt;img src=&quot;http://192.168.2.92/projects/crm/media/motorssouq.com blackberry group QR code.png&quot; alt=&quot;&quot; width=&quot;396&quot; height=&quot;396&quot; /&gt;&lt;/p&gt;', 'AR', NULL),
(130, 'BlackBerry', '&lt;p style=&quot;text-align: center;&quot;&gt;&lt;span style=&quot;color: #000000; font-family: Arial; font-style: normal; font-variant: normal; font-weight: bold; letter-spacing: normal; line-height: normal; orphans: 2; text-align: center; text-indent: 0px; text-transform: none; white-space: normal; widows: 2; word-spacing: 0px; background-color: #ffffff; display: inline ! important; float: none; font-size: x-large;&quot;&gt;PIN:28312570&lt;/span&gt;&lt;/p&gt;\n&lt;p&gt;&lt;img style=&quot;display: block; margin-left: auto; margin-right: auto;&quot; src=&quot;http://192.168.2.92/projects/crm/media/motorssouq.com blackberry group QR code.png&quot; alt=&quot;&quot; width=&quot;219&quot; height=&quot;219&quot; /&gt;&lt;/p&gt;', 'EN', NULL),
(130, 'BlackBerry', '&lt;p&gt;&lt;img src=&quot;http://192.168.2.92/projects/crm/media/motorssouq.com blackberry group QR code.png&quot; alt=&quot;&quot; width=&quot;396&quot; height=&quot;396&quot; /&gt;&lt;/p&gt;', 'DE', NULL),
(131, 'Quick search', '&lt;p&gt;&lt;img style=&quot;display: block; margin-left: auto; margin-right: auto;&quot; src=&quot;http://www.motorssouq.com/portal/media/quick search box.png&quot; alt=&quot;&quot; width=&quot;206&quot; height=&quot;252&quot; /&gt;&lt;/p&gt;', 'AR', NULL),
(131, 'Quick search', '&lt;p&gt;&lt;img style=&quot;display: block; margin-left: auto; margin-right: auto;&quot; src=&quot;http://www.motorssouq.com/portal/media/quick search box.png&quot; alt=&quot;&quot; width=&quot;206&quot; height=&quot;252&quot; /&gt;&lt;/p&gt;', 'EN', NULL),
(131, 'Quick search', '&lt;p&gt;&lt;img style=&quot;display: block; margin-left: auto; margin-right: auto;&quot; src=&quot;http://www.motorssouq.com/portal/media/quick search box.png&quot; alt=&quot;&quot; width=&quot;206&quot; height=&quot;252&quot; /&gt;&lt;/p&gt;', 'DE', NULL),
(132, 'company', NULL, 'AR', NULL),
(132, 'Customer Intern Menu Top', NULL, 'EN', NULL),
(132, 'company', NULL, 'DE', NULL),
(135, 'no empty', NULL, 'EN', NULL),
(135, 'no empty', NULL, 'AR', NULL),
(136, 'no empty', NULL, 'EN', NULL),
(136, 'no empty', NULL, 'AR', NULL),
(140, 'no empty', NULL, 'EN', NULL),
(140, 'no empty', NULL, 'AR', NULL),
(141, 'test2', NULL, 'en', NULL),
(141, 'no empty', NULL, 'ar', NULL),
(143, 'no empty', NULL, 'en', NULL),
(143, 'no empty', NULL, 'ar', NULL),
(144, 'test2', NULL, 'en', NULL),
(144, 'no empty', NULL, 'ar', NULL),
(146, 'no empty', NULL, 'en', NULL),
(146, 'no empty', NULL, 'ar', NULL),
(147, 'test2', NULL, 'en', NULL),
(147, 'no empty', NULL, 'ar', NULL),
(151, 'no empty', NULL, 'en', NULL),
(151, 'no empty', NULL, 'ar', NULL),
(152, 'test2', NULL, 'en', NULL),
(152, 'no empty', NULL, 'ar', NULL),
(156, 'no empty', NULL, 'en', NULL),
(156, 'no empty', NULL, 'ar', NULL),
(157, 'test2', NULL, 'en', NULL),
(157, 'no empty', NULL, 'ar', NULL),
(161, 'no empty', NULL, 'en', NULL),
(161, 'no empty', NULL, 'ar', NULL),
(162, 'test2', NULL, 'en', NULL),
(162, 'no empty', NULL, 'ar', NULL),
(166, 'no empty', NULL, 'en', NULL),
(166, 'no empty', NULL, 'ar', NULL),
(167, 'test2', NULL, 'en', NULL),
(167, 'no empty', NULL, 'ar', NULL),
(171, 'no empty', NULL, 'en', NULL),
(171, 'no empty', NULL, 'ar', NULL),
(172, 'test2', NULL, 'en', NULL),
(172, 'no empty', NULL, 'ar', NULL),
(174, 'no empty', NULL, 'en', NULL),
(174, 'no empty', NULL, 'ar', NULL),
(175, 'no empty', NULL, 'en', NULL),
(175, 'no empty', NULL, 'ar', NULL);

-- --------------------------------------------------------

--
-- Tabellenstruktur für Tabelle `cms_main_menu`
--

DROP TABLE IF EXISTS `cms_main_menu`;
CREATE TABLE IF NOT EXISTS `cms_main_menu` (
  `id` int(11) NOT NULL AUTO_INCREMENT,
  `name` varchar(255) COLLATE utf8_unicode_ci DEFAULT NULL,
  `state` tinyint(1) DEFAULT NULL,
  `cms_box_id` int(11) DEFAULT NULL,
  PRIMARY KEY (`id`),
  KEY `fk_cms_main_menu_cms_box1` (`cms_box_id`)
) ENGINE=InnoDB  DEFAULT CHARSET=utf8 COLLATE=utf8_unicode_ci AUTO_INCREMENT=4 ;

--
-- Daten für Tabelle `cms_main_menu`
--

INSERT INTO `cms_main_menu` (`id`, `name`, `state`, `cms_box_id`) VALUES
(1, 'Main Menu Top', 1, 1),
(2, 'Customer Intern Menu Top', 1, 132),
(3, 'test2', 1, 133);

-- --------------------------------------------------------

--
-- Tabellenstruktur für Tabelle `cms_main_menu_has_cms_site`
--

DROP TABLE IF EXISTS `cms_main_menu_has_cms_site`;
CREATE TABLE IF NOT EXISTS `cms_main_menu_has_cms_site` (
  `cms_main_menu_id` int(11) NOT NULL,
  `cms_site_id` int(11) NOT NULL,
  PRIMARY KEY (`cms_main_menu_id`,`cms_site_id`),
  KEY `fk_cms_main_menu_has_cms_site_cms_site1` (`cms_site_id`),
  KEY `fk_cms_main_menu_has_cms_site_cms_main_menu1` (`cms_main_menu_id`)
) ENGINE=InnoDB DEFAULT CHARSET=utf8 COLLATE=utf8_unicode_ci;

--
-- Daten für Tabelle `cms_main_menu_has_cms_site`
--


-- --------------------------------------------------------

--
-- Tabellenstruktur für Tabelle `cms_menu_item`
--

DROP TABLE IF EXISTS `cms_menu_item`;
CREATE TABLE IF NOT EXISTS `cms_menu_item` (
  `id` int(11) NOT NULL AUTO_INCREMENT,
  `title` varchar(45) COLLATE utf8_unicode_ci DEFAULT NULL,
  `alias` varchar(45) COLLATE utf8_unicode_ci DEFAULT NULL,
  `sortid` varchar(45) COLLATE utf8_unicode_ci DEFAULT NULL,
  `url` varchar(255) COLLATE utf8_unicode_ci DEFAULT NULL,
  `state` tinyint(1) DEFAULT NULL,
  `target` varchar(64) COLLATE utf8_unicode_ci DEFAULT NULL,
  `parent_id` int(11) DEFAULT '0',
  `cms_main_menu_id` int(11) NOT NULL,
  `cms_page_id` int(11) DEFAULT NULL,
  PRIMARY KEY (`id`),
  KEY `fk_cms_menu_cms_menu1` (`parent_id`),
  KEY `fk_cms_menu_item_cms_main_menu1` (`cms_main_menu_id`),
  KEY `fk_cms_menu_item_cms_page1` (`cms_page_id`)
) ENGINE=InnoDB  DEFAULT CHARSET=utf8 COLLATE=utf8_unicode_ci AUTO_INCREMENT=138 ;

--
-- Daten für Tabelle `cms_menu_item`
--

INSERT INTO `cms_menu_item` (`id`, `title`, `alias`, `sortid`, `url`, `state`, `target`, `parent_id`, `cms_main_menu_id`, `cms_page_id`) VALUES
(19, NULL, NULL, '80', '.', 1, '', NULL, 1, NULL),
(20, NULL, NULL, '20', '', 1, '', NULL, 1, NULL),
(21, NULL, NULL, '30', '.', 1, '', NULL, 1, NULL),
(22, NULL, NULL, '70', '?page=contact', 1, '', NULL, 1, NULL),
(23, NULL, NULL, '10', '', 1, '', NULL, 1, NULL),
(24, NULL, NULL, '20', '', 1, '', NULL, 1, NULL),
(25, NULL, NULL, NULL, '', 1, '', NULL, 1, NULL),
(26, NULL, NULL, NULL, '', 0, '', NULL, 1, NULL),
(27, NULL, NULL, NULL, '', 0, '', NULL, 1, NULL),
(28, NULL, NULL, NULL, '', 0, '', NULL, 1, NULL),
(29, NULL, NULL, NULL, '', 0, '', NULL, 1, NULL),
(30, NULL, NULL, NULL, '', 0, '', NULL, 1, NULL),
(31, NULL, NULL, '30', '', 1, '', NULL, 1, NULL),
(32, NULL, NULL, '50', '', 1, '', NULL, 1, NULL),
(33, NULL, NULL, '60', '', 1, '', NULL, 1, NULL),
(39, NULL, NULL, '50', '.', 1, '', NULL, 1, NULL),
(40, NULL, NULL, '50', '', 1, '', NULL, 1, NULL),
(41, NULL, NULL, '0', '', 1, '', NULL, 1, NULL),
(42, NULL, NULL, '0', '', 1, '', NULL, 1, NULL),
(43, NULL, NULL, '0', '', 1, '', NULL, 1, NULL),
(44, NULL, NULL, NULL, '', 1, '', NULL, 1, NULL),
(59, NULL, NULL, '10', '', 1, '', NULL, 1, NULL),
(62, NULL, NULL, NULL, 'index.php', 1, 'self', NULL, 1, NULL),
(69, NULL, NULL, '0', '', 0, '', NULL, 1, NULL),
(129, NULL, NULL, NULL, 'index.php?module=product&page=list&cat=22', 1, NULL, NULL, 1, NULL),
(130, NULL, NULL, NULL, 'index.php?module=product&page=list&cat=22', 1, NULL, NULL, 1, NULL),
(132, NULL, NULL, NULL, 'index.php?module=product&page=list&cat=20', 1, NULL, 129, 1, NULL),
(133, NULL, NULL, NULL, 'index.php?module=product&page=list&cat=21', 1, NULL, 129, 1, NULL),
(134, NULL, NULL, NULL, 'index.php?module=product&page=list&cat=22', 1, NULL, 129, 1, NULL),
(135, NULL, NULL, NULL, 'index.php?module=product&page=list&cat=24', 1, NULL, 130, 1, NULL),
(136, NULL, NULL, NULL, 'index.php?module=product&page=list&cat=25', 1, NULL, 130, 1, NULL),
(137, NULL, NULL, NULL, 'index.php?module=product&page=list&cat=26', 1, NULL, 130, 1, NULL);

-- --------------------------------------------------------

--
-- Tabellenstruktur für Tabelle `cms_menu_item_lang`
--

DROP TABLE IF EXISTS `cms_menu_item_lang`;
CREATE TABLE IF NOT EXISTS `cms_menu_item_lang` (
  `title` varchar(255) CHARACTER SET utf8 COLLATE utf8_unicode_ci NOT NULL,
  `lang` varchar(3) CHARACTER SET utf8 COLLATE utf8_unicode_ci NOT NULL,
  `cms_menu_item_id` int(11) NOT NULL,
  KEY `fk_cms_menu_lang_cms_menu1` (`cms_menu_item_id`)
) ENGINE=InnoDB DEFAULT CHARSET=latin1;

--
-- Daten für Tabelle `cms_menu_item_lang`
--

INSERT INTO `cms_menu_item_lang` (`title`, `lang`, `cms_menu_item_id`) VALUES
('Home', 'en', 62),
('الرئيسية', 'AR', 62),
('Allgemein', 'AR', 69),
('Women', 'en', 129),
('النساء', 'ar', 129),
('Men', 'en', 130),
('الرجال', 'ar', 130),
('Shoes', 'en', 132),
('أحذية', 'ar', 132),
('Dresses', 'en', 133),
('فساتين', 'ar', 133),
('Skirts', 'en', 134),
('تنانير', 'ar', 134),
('Jackets & Gilets', 'en', 135),
('تيشرتات و جليهات', 'ar', 135),
('Sweatshirts', 'en', 136),
('بلوزات', 'ar', 136),
('Sportpants', 'en', 137),
('شورتات', 'ar', 137);

-- --------------------------------------------------------

--
-- Tabellenstruktur für Tabelle `cms_page`
--

DROP TABLE IF EXISTS `cms_page`;
CREATE TABLE IF NOT EXISTS `cms_page` (
  `id` int(11) NOT NULL AUTO_INCREMENT,
  `alias` varchar(255) COLLATE utf8_unicode_ci DEFAULT NULL,
  `state` tinyint(1) DEFAULT '1',
  `fixed` tinyint(1) NOT NULL DEFAULT '0',
  `border` tinyint(1) NOT NULL DEFAULT '1',
  `layout` int(11) DEFAULT NULL,
  `insertat` datetime DEFAULT NULL,
  `updateat` datetime DEFAULT NULL,
  `author_name` varchar(255) COLLATE utf8_unicode_ci DEFAULT NULL,
  `update_author_name` varchar(255) COLLATE utf8_unicode_ci DEFAULT NULL,
  `cms_page_category_id` int(11) DEFAULT NULL,
  `cms_site_id` int(11) DEFAULT NULL,
  `inherit_design_from_site` tinyint(1) NOT NULL,
  PRIMARY KEY (`id`),
  KEY `fk_cms_page_cms_page_category1` (`cms_page_category_id`),
  KEY `fk_cms_page_cms_site1` (`cms_site_id`)
) ENGINE=InnoDB  DEFAULT CHARSET=utf8 COLLATE=utf8_unicode_ci AUTO_INCREMENT=460 ;

--
-- Daten für Tabelle `cms_page`
--

INSERT INTO `cms_page` (`id`, `alias`, `state`, `fixed`, `border`, `layout`, `insertat`, `updateat`, `author_name`, `update_author_name`, `cms_page_category_id`, `cms_site_id`, `inherit_design_from_site`) VALUES
(1, 'about motors souq', 1, 1, 1, 3, NULL, NULL, NULL, NULL, NULL, NULL, 1),
(73, NULL, 1, 0, 1, 1, '2012-04-11 12:12:27', '2012-04-11 12:12:27', 'Montasser', 'Amir Cherif', NULL, NULL, 0),
(74, NULL, 1, 0, 1, 1, '2012-04-11 12:12:43', '2012-04-11 12:12:43', 'Montasser', 'Amir Cherif', NULL, NULL, 0),
(75, NULL, 1, 0, 1, 1, '2012-04-11 12:13:54', '2012-04-11 12:13:54', 'Montasser', 'Amir Cherif', NULL, NULL, 0),
(76, NULL, 1, 0, 1, 1, '2012-04-11 12:15:21', '2012-04-11 12:15:21', 'Montasser', 'Amir Cherif', NULL, NULL, 0),
(78, 'carlist', 1, 1, 1, NULL, NULL, NULL, NULL, NULL, NULL, NULL, 0),
(79, 'homepage', 1, 1, 1, NULL, NULL, NULL, NULL, NULL, NULL, NULL, 0),
(82, 'Contact Us', 1, 1, 1, NULL, NULL, NULL, NULL, NULL, NULL, NULL, 1),
(83, 'newcars', 1, 1, 1, NULL, NULL, NULL, NULL, NULL, NULL, NULL, 1),
(84, 'popularcars', 1, 1, 1, NULL, NULL, NULL, NULL, NULL, NULL, NULL, 1),
(85, 'Contact us page', 1, 1, 1, NULL, NULL, NULL, NULL, NULL, NULL, NULL, 1),
(86, 'Office location', 0, 1, 1, NULL, NULL, NULL, NULL, NULL, NULL, NULL, 1),
(87, 'Office location (wrong)', 0, 1, 1, NULL, NULL, NULL, NULL, NULL, NULL, NULL, 1),
(88, 'صفحة توضيح مكان المكتب الإداري للشركة', 1, 1, 1, NULL, NULL, NULL, NULL, NULL, NULL, NULL, 1),
(89, 'site map', 1, 1, 1, NULL, NULL, NULL, NULL, NULL, NULL, NULL, 1),
(90, 'privacy policy', 1, 1, 1, NULL, NULL, NULL, NULL, NULL, NULL, NULL, 1),
(91, 'privacy policy', 1, 1, 1, NULL, NULL, NULL, NULL, NULL, NULL, NULL, 1),
(92, 'سياسة الخصوصية', 1, 1, 1, NULL, NULL, NULL, NULL, NULL, NULL, NULL, 1),
(93, 'vehiclerequest.add.default', 1, 1, 1, NULL, '2012-08-29 18:40:59', NULL, NULL, NULL, NULL, NULL, 1),
(94, 'vehiclerequest.list.default', 1, 1, 1, NULL, '2012-08-29 17:47:36', NULL, NULL, NULL, NULL, NULL, 1),
(95, 'vehiclerequest.list.default', 1, 1, 1, NULL, '2012-08-29 17:49:58', NULL, NULL, NULL, NULL, NULL, 1),
(96, 'vehiclerequest.details.default', 1, 1, 1, NULL, '2012-08-29 17:49:58', NULL, NULL, NULL, NULL, NULL, 1),
(97, 'vehiclerequest.list.default', 1, 1, 1, NULL, '2012-08-29 17:50:18', NULL, NULL, NULL, NULL, NULL, 1),
(98, 'vehiclerequest.details.default', 1, 1, 1, NULL, '2012-08-29 17:50:18', NULL, NULL, NULL, NULL, NULL, 1),
(99, 'vehiclerequest.list.default', 1, 1, 1, NULL, '2012-08-29 17:50:21', NULL, NULL, NULL, NULL, NULL, 1),
(100, 'vehiclerequest.details.default', 1, 1, 1, NULL, '2012-08-29 17:50:21', NULL, NULL, NULL, NULL, NULL, 1),
(101, 'vehiclerequest.list.default', 1, 1, 1, NULL, '2012-08-29 17:50:32', NULL, NULL, NULL, NULL, NULL, 1),
(102, 'vehiclerequest.details.default', 1, 1, 1, NULL, '2012-08-29 17:50:32', NULL, NULL, NULL, NULL, NULL, 1),
(103, 'vehiclerequest.list.default', 1, 1, 1, NULL, '2012-08-29 17:51:03', NULL, NULL, NULL, NULL, NULL, 1),
(104, 'vehiclerequest.list.default', 1, 1, 1, NULL, '2012-08-29 17:51:05', NULL, NULL, NULL, NULL, NULL, 1),
(105, 'vehiclerequest.list.default', 1, 1, 1, NULL, '2012-08-29 17:51:28', NULL, NULL, NULL, NULL, NULL, 1),
(106, 'vehicle.list.default', 1, 1, 1, NULL, '2012-08-29 18:47:55', NULL, NULL, NULL, NULL, NULL, 1),
(107, 'vehicle.list.search', 1, 1, 1, NULL, '2012-08-29 17:51:41', NULL, NULL, NULL, NULL, NULL, 1),
(108, 'vehicle.details.default', 1, 1, 1, NULL, '2012-08-29 17:51:41', NULL, NULL, NULL, NULL, NULL, 1),
(109, 'vehicle.sendtofriend.default', 1, 1, 1, NULL, '2012-08-29 17:51:41', NULL, NULL, NULL, NULL, NULL, 1),
(110, 'vehicle.bookmarks.default', 1, 1, 1, NULL, '2012-08-29 17:51:41', NULL, NULL, NULL, NULL, NULL, 1),
(111, 'vehicle.list-intern.default', 1, 1, 1, NULL, '2012-08-29 17:51:41', NULL, NULL, NULL, NULL, NULL, 1),
(112, 'vehicle.cardetails-intern.default', 1, 1, 1, NULL, '2012-08-29 17:51:41', NULL, NULL, NULL, NULL, NULL, 1),
(113, 'vehicle.addcar-intern.default', 1, 1, 1, NULL, '2012-08-29 17:51:41', NULL, NULL, NULL, NULL, NULL, 1),
(114, 'vehicle.addcar2-intern.default', 1, 1, 1, NULL, '2012-08-29 17:51:41', NULL, NULL, NULL, NULL, NULL, 1),
(115, 'vehicle.addcar3-intern.default', 1, 1, 1, NULL, '2012-08-29 17:51:41', NULL, NULL, NULL, NULL, NULL, 1),
(116, 'vehicle.done-intern.default', 1, 1, 1, NULL, '2012-08-29 17:51:41', NULL, NULL, NULL, NULL, NULL, 1),
(117, 'vehicle.bookmarks.default', 1, 1, 1, NULL, '2012-08-29 17:51:41', NULL, NULL, NULL, NULL, NULL, 1),
(118, 'vehicle.list.search', 1, 1, 1, NULL, '2012-08-29 17:51:42', NULL, NULL, NULL, NULL, NULL, 1),
(119, 'vehicle.details.default', 1, 1, 1, NULL, '2012-08-29 17:51:42', NULL, NULL, NULL, NULL, NULL, 1),
(120, 'vehicle.sendtofriend.default', 1, 1, 1, NULL, '2012-08-29 17:51:42', NULL, NULL, NULL, NULL, NULL, 1),
(121, 'vehicle.bookmarks.default', 1, 1, 1, NULL, '2012-08-29 17:51:42', NULL, NULL, NULL, NULL, NULL, 1),
(122, 'vehicle.list-intern.default', 1, 1, 1, NULL, '2012-08-29 17:51:42', NULL, NULL, NULL, NULL, NULL, 1),
(123, 'vehicle.cardetails-intern.default', 1, 1, 1, NULL, '2012-08-29 17:51:42', NULL, NULL, NULL, NULL, NULL, 1),
(124, 'vehicle.addcar-intern.default', 1, 1, 1, NULL, '2012-08-29 17:51:42', NULL, NULL, NULL, NULL, NULL, 1),
(125, 'vehicle.addcar2-intern.default', 1, 1, 1, NULL, '2012-08-29 17:51:42', NULL, NULL, NULL, NULL, NULL, 1),
(126, 'vehicle.addcar3-intern.default', 1, 1, 1, NULL, '2012-08-29 17:51:42', NULL, NULL, NULL, NULL, NULL, 1),
(127, 'vehicle.done-intern.default', 1, 1, 1, NULL, '2012-08-29 17:51:42', NULL, NULL, NULL, NULL, NULL, 1),
(128, 'vehicle.bookmarks.default', 1, 1, 1, NULL, '2012-08-29 17:51:42', NULL, NULL, NULL, NULL, NULL, 1),
(129, 'vehiclerequest.list.default', 1, 1, 1, NULL, '2012-08-29 18:28:31', NULL, NULL, NULL, NULL, NULL, 1),
(130, 'vehiclerequest.list.default', 1, 1, 1, NULL, '2012-08-29 18:28:43', NULL, NULL, NULL, NULL, NULL, 1),
(131, 'vehicle.list.search', 1, 1, 1, NULL, '2012-08-29 18:29:02', NULL, NULL, NULL, NULL, NULL, 1),
(132, 'vehicle.details.default', 1, 1, 1, NULL, '2012-08-29 18:29:02', NULL, NULL, NULL, NULL, NULL, 1),
(133, 'vehicle.sendtofriend.default', 1, 1, 1, NULL, '2012-08-29 18:29:02', NULL, NULL, NULL, NULL, NULL, 1),
(134, 'vehicle.bookmarks.default', 1, 1, 1, NULL, '2012-08-29 18:29:02', NULL, NULL, NULL, NULL, NULL, 1),
(135, 'vehicle.list-intern.default', 1, 1, 1, NULL, '2012-08-29 18:29:02', NULL, NULL, NULL, NULL, NULL, 1),
(136, 'vehicle.cardetails-intern.default', 1, 1, 1, NULL, '2012-08-29 18:29:02', NULL, NULL, NULL, NULL, NULL, 1),
(137, 'vehicle.addcar-intern.default', 1, 1, 1, NULL, '2012-08-29 18:29:02', NULL, NULL, NULL, NULL, NULL, 1),
(138, 'vehicle.addcar2-intern.default', 1, 1, 1, NULL, '2012-08-29 18:29:02', NULL, NULL, NULL, NULL, NULL, 1),
(139, 'vehicle.addcar3-intern.default', 1, 1, 1, NULL, '2012-08-29 18:29:02', NULL, NULL, NULL, NULL, NULL, 1),
(140, 'vehicle.done-intern.default', 1, 1, 1, NULL, '2012-08-29 18:29:02', NULL, NULL, NULL, NULL, NULL, 1),
(141, 'vehicle.bookmarks.default', 1, 1, 1, NULL, '2012-08-29 18:29:02', NULL, NULL, NULL, NULL, NULL, 1),
(142, 'vehicle.list.search', 1, 1, 1, NULL, '2012-08-29 18:30:16', NULL, NULL, NULL, NULL, NULL, 1),
(143, 'vehicle.details.default', 1, 1, 1, NULL, '2012-08-29 18:30:16', NULL, NULL, NULL, NULL, NULL, 1),
(144, 'vehicle.sendtofriend.default', 1, 1, 1, NULL, '2012-08-29 18:30:16', NULL, NULL, NULL, NULL, NULL, 1),
(145, 'vehicle.bookmarks.default', 1, 1, 1, NULL, '2012-08-29 18:30:16', NULL, NULL, NULL, NULL, NULL, 1),
(146, 'vehicle.list-intern.default', 1, 1, 1, NULL, '2012-08-29 18:30:16', NULL, NULL, NULL, NULL, NULL, 1),
(147, 'vehicle.cardetails-intern.default', 1, 1, 1, NULL, '2012-08-29 18:30:16', NULL, NULL, NULL, NULL, NULL, 1),
(148, 'vehicle.addcar-intern.default', 1, 1, 1, NULL, '2012-08-29 18:30:16', NULL, NULL, NULL, NULL, NULL, 1),
(149, 'vehicle.addcar2-intern.default', 1, 1, 1, NULL, '2012-08-29 18:30:16', NULL, NULL, NULL, NULL, NULL, 1),
(150, 'vehicle.addcar3-intern.default', 1, 1, 1, NULL, '2012-08-29 18:30:16', NULL, NULL, NULL, NULL, NULL, 1),
(151, 'vehicle.done-intern.default', 1, 1, 1, NULL, '2012-08-29 18:30:16', NULL, NULL, NULL, NULL, NULL, 1),
(152, 'vehicle.bookmarks.default', 1, 1, 1, NULL, '2012-08-29 18:30:16', NULL, NULL, NULL, NULL, NULL, 1),
(153, 'vehicle.list.search', 1, 1, 1, NULL, '2012-08-29 18:30:34', NULL, NULL, NULL, NULL, NULL, 1),
(154, 'vehicle.details.default', 1, 1, 1, NULL, '2012-08-29 18:30:34', NULL, NULL, NULL, NULL, NULL, 1),
(155, 'vehicle.sendtofriend.default', 1, 1, 1, NULL, '2012-08-29 18:30:34', NULL, NULL, NULL, NULL, NULL, 1),
(156, 'vehicle.bookmarks.default', 1, 1, 1, NULL, '2012-08-29 18:30:34', NULL, NULL, NULL, NULL, NULL, 1),
(157, 'vehicle.list-intern.default', 1, 1, 1, NULL, '2012-08-29 18:30:34', NULL, NULL, NULL, NULL, NULL, 1),
(158, 'vehicle.cardetails-intern.default', 1, 1, 1, NULL, '2012-08-29 18:30:34', NULL, NULL, NULL, NULL, NULL, 1),
(159, 'vehicle.addcar-intern.default', 1, 1, 1, NULL, '2012-08-29 18:30:34', NULL, NULL, NULL, NULL, NULL, 1),
(160, 'vehicle.addcar2-intern.default', 1, 1, 1, NULL, '2012-08-29 18:30:34', NULL, NULL, NULL, NULL, NULL, 1),
(161, 'vehicle.addcar3-intern.default', 1, 1, 1, NULL, '2012-08-29 18:30:34', NULL, NULL, NULL, NULL, NULL, 1),
(162, 'vehicle.done-intern.default', 1, 1, 1, NULL, '2012-08-29 18:30:34', NULL, NULL, NULL, NULL, NULL, 1),
(163, 'vehicle.bookmarks.default', 1, 1, 1, NULL, '2012-08-29 18:30:34', NULL, NULL, NULL, NULL, NULL, 1),
(164, 'vehicle.list.search', 1, 1, 1, NULL, '2012-08-29 18:30:44', NULL, NULL, NULL, NULL, NULL, 1),
(165, 'vehicle.details.default', 1, 1, 1, NULL, '2012-08-29 18:30:44', NULL, NULL, NULL, NULL, NULL, 1),
(166, 'vehicle.sendtofriend.default', 1, 1, 1, NULL, '2012-08-29 18:30:44', NULL, NULL, NULL, NULL, NULL, 1),
(167, 'vehicle.bookmarks.default', 1, 1, 1, NULL, '2012-08-29 18:30:44', NULL, NULL, NULL, NULL, NULL, 1),
(168, 'vehicle.list-intern.default', 1, 1, 1, NULL, '2012-08-29 18:30:44', NULL, NULL, NULL, NULL, NULL, 1),
(169, 'vehicle.cardetails-intern.default', 1, 1, 1, NULL, '2012-08-29 18:30:44', NULL, NULL, NULL, NULL, NULL, 1),
(170, 'vehicle.addcar-intern.default', 1, 1, 1, NULL, '2012-08-29 18:30:44', NULL, NULL, NULL, NULL, NULL, 1),
(171, 'vehicle.addcar2-intern.default', 1, 1, 1, NULL, '2012-08-29 18:30:44', NULL, NULL, NULL, NULL, NULL, 1),
(172, 'vehicle.addcar3-intern.default', 1, 1, 1, NULL, '2012-08-29 18:30:44', NULL, NULL, NULL, NULL, NULL, 1),
(173, 'vehicle.done-intern.default', 1, 1, 1, NULL, '2012-08-29 18:30:44', NULL, NULL, NULL, NULL, NULL, 1),
(174, 'vehicle.bookmarks.default', 1, 1, 1, NULL, '2012-08-29 18:30:44', NULL, NULL, NULL, NULL, NULL, 1),
(175, 'vehicle.list.search', 1, 1, 1, NULL, '2012-08-29 18:31:55', NULL, NULL, NULL, NULL, NULL, 1),
(176, 'vehicle.details.default', 1, 1, 1, NULL, '2012-08-29 18:31:55', NULL, NULL, NULL, NULL, NULL, 1),
(177, 'vehicle.sendtofriend.default', 1, 1, 1, NULL, '2012-08-29 18:31:55', NULL, NULL, NULL, NULL, NULL, 1),
(178, 'vehicle.bookmarks.default', 1, 1, 1, NULL, '2012-08-29 18:31:55', NULL, NULL, NULL, NULL, NULL, 1),
(179, 'vehicle.list-intern.default', 1, 1, 1, NULL, '2012-08-29 18:31:55', NULL, NULL, NULL, NULL, NULL, 1),
(180, 'vehicle.cardetails-intern.default', 1, 1, 1, NULL, '2012-08-29 18:31:55', NULL, NULL, NULL, NULL, NULL, 1),
(181, 'vehicle.addcar-intern.default', 1, 1, 1, NULL, '2012-08-29 18:31:55', NULL, NULL, NULL, NULL, NULL, 1),
(182, 'vehicle.addcar2-intern.default', 1, 1, 1, NULL, '2012-08-29 18:31:55', NULL, NULL, NULL, NULL, NULL, 1),
(183, 'vehicle.addcar3-intern.default', 1, 1, 1, NULL, '2012-08-29 18:31:55', NULL, NULL, NULL, NULL, NULL, 1),
(184, 'vehicle.done-intern.default', 1, 1, 1, NULL, '2012-08-29 18:31:55', NULL, NULL, NULL, NULL, NULL, 1),
(185, 'vehicle.bookmarks.default', 1, 1, 1, NULL, '2012-08-29 18:31:55', NULL, NULL, NULL, NULL, NULL, 1),
(186, 'vehicle.list.search', 1, 1, 1, NULL, '2012-08-29 18:32:18', NULL, NULL, NULL, NULL, NULL, 1),
(187, 'vehicle.details.default', 1, 1, 1, NULL, '2012-08-29 18:32:18', NULL, NULL, NULL, NULL, NULL, 1),
(188, 'vehicle.sendtofriend.default', 1, 1, 1, NULL, '2012-08-29 18:32:18', NULL, NULL, NULL, NULL, NULL, 1),
(189, 'vehicle.bookmarks.default', 1, 1, 1, NULL, '2012-08-29 18:32:18', NULL, NULL, NULL, NULL, NULL, 1),
(190, 'vehicle.list-intern.default', 1, 1, 1, NULL, '2012-08-29 18:32:18', NULL, NULL, NULL, NULL, NULL, 1),
(191, 'vehicle.cardetails-intern.default', 1, 1, 1, NULL, '2012-08-29 18:32:18', NULL, NULL, NULL, NULL, NULL, 1),
(192, 'vehicle.addcar-intern.default', 1, 1, 1, NULL, '2012-08-29 18:32:18', NULL, NULL, NULL, NULL, NULL, 1),
(193, 'vehicle.addcar2-intern.default', 1, 1, 1, NULL, '2012-08-29 18:32:18', NULL, NULL, NULL, NULL, NULL, 1),
(194, 'vehicle.addcar3-intern.default', 1, 1, 1, NULL, '2012-08-29 18:32:18', NULL, NULL, NULL, NULL, NULL, 1),
(195, 'vehicle.done-intern.default', 1, 1, 1, NULL, '2012-08-29 18:32:18', NULL, NULL, NULL, NULL, NULL, 1),
(196, 'vehicle.bookmarks.default', 1, 1, 1, NULL, '2012-08-29 18:32:18', NULL, NULL, NULL, NULL, NULL, 1),
(197, 'vehicle.list.search', 1, 1, 1, NULL, '2012-08-29 18:32:57', NULL, NULL, NULL, NULL, NULL, 1),
(198, 'vehicle.details.default', 1, 1, 1, NULL, '2012-08-29 18:32:57', NULL, NULL, NULL, NULL, NULL, 1),
(199, 'vehicle.sendtofriend.default', 1, 1, 1, NULL, '2012-08-29 18:32:57', NULL, NULL, NULL, NULL, NULL, 1),
(200, 'vehicle.bookmarks.default', 1, 1, 1, NULL, '2012-08-29 18:32:57', NULL, NULL, NULL, NULL, NULL, 1),
(201, 'vehicle.list-intern.default', 1, 1, 1, NULL, '2012-08-29 18:32:57', NULL, NULL, NULL, NULL, NULL, 1),
(202, 'vehicle.cardetails-intern.default', 1, 1, 1, NULL, '2012-08-29 18:32:57', NULL, NULL, NULL, NULL, NULL, 1),
(203, 'vehicle.addcar-intern.default', 1, 1, 1, NULL, '2012-08-29 18:32:57', NULL, NULL, NULL, NULL, NULL, 1),
(204, 'vehicle.addcar2-intern.default', 1, 1, 1, NULL, '2012-08-29 18:32:57', NULL, NULL, NULL, NULL, NULL, 1),
(205, 'vehicle.addcar3-intern.default', 1, 1, 1, NULL, '2012-08-29 18:32:57', NULL, NULL, NULL, NULL, NULL, 1),
(206, 'vehicle.done-intern.default', 1, 1, 1, NULL, '2012-08-29 18:32:57', NULL, NULL, NULL, NULL, NULL, 1),
(207, 'vehicle.bookmarks.default', 1, 1, 1, NULL, '2012-08-29 18:32:57', NULL, NULL, NULL, NULL, NULL, 1),
(208, 'vehicle.list.search', 1, 1, 1, NULL, '2012-08-29 18:33:15', NULL, NULL, NULL, NULL, NULL, 1),
(209, 'vehicle.details.default', 1, 1, 1, NULL, '2012-08-29 18:33:15', NULL, NULL, NULL, NULL, NULL, 1),
(210, 'vehicle.sendtofriend.default', 1, 1, 1, NULL, '2012-08-29 18:33:15', NULL, NULL, NULL, NULL, NULL, 1),
(211, 'vehicle.bookmarks.default', 1, 1, 1, NULL, '2012-08-29 18:33:15', NULL, NULL, NULL, NULL, NULL, 1),
(212, 'vehicle.list-intern.default', 1, 1, 1, NULL, '2012-08-29 18:33:15', NULL, NULL, NULL, NULL, NULL, 1),
(213, 'vehicle.cardetails-intern.default', 1, 1, 1, NULL, '2012-08-29 18:33:15', NULL, NULL, NULL, NULL, NULL, 1),
(214, 'vehicle.addcar-intern.default', 1, 1, 1, NULL, '2012-08-29 18:33:15', NULL, NULL, NULL, NULL, NULL, 1),
(215, 'vehicle.addcar2-intern.default', 1, 1, 1, NULL, '2012-08-29 18:33:15', NULL, NULL, NULL, NULL, NULL, 1),
(216, 'vehicle.addcar3-intern.default', 1, 1, 1, NULL, '2012-08-29 18:33:15', NULL, NULL, NULL, NULL, NULL, 1),
(217, 'vehicle.done-intern.default', 1, 1, 1, NULL, '2012-08-29 18:33:15', NULL, NULL, NULL, NULL, NULL, 1),
(218, 'vehicle.bookmarks.default', 1, 1, 1, NULL, '2012-08-29 18:33:15', NULL, NULL, NULL, NULL, NULL, 1),
(219, 'vehicle.list.search', 1, 1, 1, NULL, '2012-08-29 18:33:58', NULL, NULL, NULL, NULL, NULL, 1),
(220, 'vehicle.details.default', 1, 1, 1, NULL, '2012-08-29 18:33:58', NULL, NULL, NULL, NULL, NULL, 1),
(221, 'vehicle.sendtofriend.default', 1, 1, 1, NULL, '2012-08-29 18:33:58', NULL, NULL, NULL, NULL, NULL, 1),
(222, 'vehicle.bookmarks.default', 1, 1, 1, NULL, '2012-08-29 18:33:58', NULL, NULL, NULL, NULL, NULL, 1),
(223, 'vehicle.list-intern.default', 1, 1, 1, NULL, '2012-08-29 18:33:58', NULL, NULL, NULL, NULL, NULL, 1),
(224, 'vehicle.cardetails-intern.default', 1, 1, 1, NULL, '2012-08-29 18:33:58', NULL, NULL, NULL, NULL, NULL, 1),
(225, 'vehicle.addcar-intern.default', 1, 1, 1, NULL, '2012-08-29 18:33:58', NULL, NULL, NULL, NULL, NULL, 1),
(226, 'vehicle.addcar2-intern.default', 1, 1, 1, NULL, '2012-08-29 18:33:58', NULL, NULL, NULL, NULL, NULL, 1),
(227, 'vehicle.addcar3-intern.default', 1, 1, 1, NULL, '2012-08-29 18:33:58', NULL, NULL, NULL, NULL, NULL, 1),
(228, 'vehicle.done-intern.default', 1, 1, 1, NULL, '2012-08-29 18:33:58', NULL, NULL, NULL, NULL, NULL, 1),
(229, 'vehicle.bookmarks.default', 1, 1, 1, NULL, '2012-08-29 18:33:58', NULL, NULL, NULL, NULL, NULL, 1),
(230, 'vehicle.list.search', 1, 1, 1, NULL, '2012-08-29 18:34:00', NULL, NULL, NULL, NULL, NULL, 1),
(231, 'vehicle.details.default', 1, 1, 1, NULL, '2012-08-29 18:34:00', NULL, NULL, NULL, NULL, NULL, 1),
(232, 'vehicle.sendtofriend.default', 1, 1, 1, NULL, '2012-08-29 18:34:00', NULL, NULL, NULL, NULL, NULL, 1),
(233, 'vehicle.bookmarks.default', 1, 1, 1, NULL, '2012-08-29 18:34:00', NULL, NULL, NULL, NULL, NULL, 1),
(234, 'vehicle.list-intern.default', 1, 1, 1, NULL, '2012-08-29 18:34:00', NULL, NULL, NULL, NULL, NULL, 1),
(235, 'vehicle.cardetails-intern.default', 1, 1, 1, NULL, '2012-08-29 18:34:00', NULL, NULL, NULL, NULL, NULL, 1),
(236, 'vehicle.addcar-intern.default', 1, 1, 1, NULL, '2012-08-29 18:34:00', NULL, NULL, NULL, NULL, NULL, 1),
(237, 'vehicle.addcar2-intern.default', 1, 1, 1, NULL, '2012-08-29 18:34:00', NULL, NULL, NULL, NULL, NULL, 1),
(238, 'vehicle.addcar3-intern.default', 1, 1, 1, NULL, '2012-08-29 18:34:00', NULL, NULL, NULL, NULL, NULL, 1),
(239, 'vehicle.done-intern.default', 1, 1, 1, NULL, '2012-08-29 18:34:00', NULL, NULL, NULL, NULL, NULL, 1),
(240, 'vehicle.bookmarks.default', 1, 1, 1, NULL, '2012-08-29 18:34:00', NULL, NULL, NULL, NULL, NULL, 1),
(241, 'vehicle.list.search', 1, 1, 1, NULL, '2012-08-29 18:34:08', NULL, NULL, NULL, NULL, NULL, 1),
(242, 'vehicle.details.default', 1, 1, 1, NULL, '2012-08-29 18:34:08', NULL, NULL, NULL, NULL, NULL, 1),
(243, 'vehicle.sendtofriend.default', 1, 1, 1, NULL, '2012-08-29 18:34:08', NULL, NULL, NULL, NULL, NULL, 1),
(244, 'vehicle.bookmarks.default', 1, 1, 1, NULL, '2012-08-29 18:34:08', NULL, NULL, NULL, NULL, NULL, 1),
(245, 'vehicle.list-intern.default', 1, 1, 1, NULL, '2012-08-29 18:34:08', NULL, NULL, NULL, NULL, NULL, 1),
(246, 'vehicle.cardetails-intern.default', 1, 1, 1, NULL, '2012-08-29 18:34:08', NULL, NULL, NULL, NULL, NULL, 1),
(247, 'vehicle.addcar-intern.default', 1, 1, 1, NULL, '2012-08-29 18:34:08', NULL, NULL, NULL, NULL, NULL, 1),
(248, 'vehicle.addcar2-intern.default', 1, 1, 1, NULL, '2012-08-29 18:34:08', NULL, NULL, NULL, NULL, NULL, 1),
(249, 'vehicle.addcar3-intern.default', 1, 1, 1, NULL, '2012-08-29 18:34:08', NULL, NULL, NULL, NULL, NULL, 1),
(250, 'vehicle.done-intern.default', 1, 1, 1, NULL, '2012-08-29 18:34:08', NULL, NULL, NULL, NULL, NULL, 1),
(251, 'vehicle.bookmarks.default', 1, 1, 1, NULL, '2012-08-29 18:34:08', NULL, NULL, NULL, NULL, NULL, 1),
(252, 'vehicle.list.search', 1, 1, 1, NULL, '2012-08-29 18:34:52', NULL, NULL, NULL, NULL, NULL, 1),
(253, 'vehicle.details.default', 1, 1, 1, NULL, '2012-08-29 18:34:52', NULL, NULL, NULL, NULL, NULL, 1),
(254, 'vehicle.sendtofriend.default', 1, 1, 1, NULL, '2012-08-29 18:34:52', NULL, NULL, NULL, NULL, NULL, 1),
(255, 'vehicle.bookmarks.default', 1, 1, 1, NULL, '2012-08-29 18:34:52', NULL, NULL, NULL, NULL, NULL, 1),
(256, 'vehicle.list-intern.default', 1, 1, 1, NULL, '2012-08-29 18:34:52', NULL, NULL, NULL, NULL, NULL, 1),
(257, 'vehicle.cardetails-intern.default', 1, 1, 1, NULL, '2012-08-29 18:34:52', NULL, NULL, NULL, NULL, NULL, 1),
(258, 'vehicle.addcar-intern.default', 1, 1, 1, NULL, '2012-08-29 18:34:52', NULL, NULL, NULL, NULL, NULL, 1),
(259, 'vehicle.addcar2-intern.default', 1, 1, 1, NULL, '2012-08-29 18:34:52', NULL, NULL, NULL, NULL, NULL, 1),
(260, 'vehicle.addcar3-intern.default', 1, 1, 1, NULL, '2012-08-29 18:34:52', NULL, NULL, NULL, NULL, NULL, 1),
(261, 'vehicle.done-intern.default', 1, 1, 1, NULL, '2012-08-29 18:34:52', NULL, NULL, NULL, NULL, NULL, 1),
(262, 'vehicle.bookmarks.default', 1, 1, 1, NULL, '2012-08-29 18:34:52', NULL, NULL, NULL, NULL, NULL, 1),
(263, 'vehicle.list.search', 1, 1, 1, NULL, '2012-08-29 18:34:55', NULL, NULL, NULL, NULL, NULL, 1),
(264, 'vehicle.details.default', 1, 1, 1, NULL, '2012-08-29 18:34:55', NULL, NULL, NULL, NULL, NULL, 1),
(265, 'vehicle.sendtofriend.default', 1, 1, 1, NULL, '2012-08-29 18:34:55', NULL, NULL, NULL, NULL, NULL, 1),
(266, 'vehicle.bookmarks.default', 1, 1, 1, NULL, '2012-08-29 18:34:55', NULL, NULL, NULL, NULL, NULL, 1),
(267, 'vehicle.list-intern.default', 1, 1, 1, NULL, '2012-08-29 18:34:55', NULL, NULL, NULL, NULL, NULL, 1),
(268, 'vehicle.cardetails-intern.default', 1, 1, 1, NULL, '2012-08-29 18:34:55', NULL, NULL, NULL, NULL, NULL, 1),
(269, 'vehicle.addcar-intern.default', 1, 1, 1, NULL, '2012-08-29 18:34:55', NULL, NULL, NULL, NULL, NULL, 1),
(270, 'vehicle.addcar2-intern.default', 1, 1, 1, NULL, '2012-08-29 18:34:55', NULL, NULL, NULL, NULL, NULL, 1),
(271, 'vehicle.addcar3-intern.default', 1, 1, 1, NULL, '2012-08-29 18:34:55', NULL, NULL, NULL, NULL, NULL, 1),
(272, 'vehicle.done-intern.default', 1, 1, 1, NULL, '2012-08-29 18:34:55', NULL, NULL, NULL, NULL, NULL, 1),
(273, 'vehicle.bookmarks.default', 1, 1, 1, NULL, '2012-08-29 18:34:55', NULL, NULL, NULL, NULL, NULL, 1),
(274, 'vehicle.list.search', 1, 1, 1, NULL, '2012-08-29 18:36:28', NULL, NULL, NULL, NULL, NULL, 1),
(275, 'vehicle.details.default', 1, 1, 1, NULL, '2012-08-29 18:36:28', NULL, NULL, NULL, NULL, NULL, 1),
(276, 'vehicle.sendtofriend.default', 1, 1, 1, NULL, '2012-08-29 18:36:28', NULL, NULL, NULL, NULL, NULL, 1),
(277, 'vehicle.bookmarks.default', 1, 1, 1, NULL, '2012-08-29 18:36:28', NULL, NULL, NULL, NULL, NULL, 1),
(278, 'vehicle.list-intern.default', 1, 1, 1, NULL, '2012-08-29 18:36:28', NULL, NULL, NULL, NULL, NULL, 1),
(279, 'vehicle.cardetails-intern.default', 1, 1, 1, NULL, '2012-08-29 18:36:28', NULL, NULL, NULL, NULL, NULL, 1),
(280, 'vehicle.addcar-intern.default', 1, 1, 1, NULL, '2012-08-29 18:36:28', NULL, NULL, NULL, NULL, NULL, 1),
(281, 'vehicle.addcar2-intern.default', 1, 1, 1, NULL, '2012-08-29 18:36:28', NULL, NULL, NULL, NULL, NULL, 1),
(282, 'vehicle.addcar3-intern.default', 1, 1, 1, NULL, '2012-08-29 18:36:28', NULL, NULL, NULL, NULL, NULL, 1),
(283, 'vehicle.done-intern.default', 1, 1, 1, NULL, '2012-08-29 18:36:28', NULL, NULL, NULL, NULL, NULL, 1),
(284, 'vehicle.bookmarks.default', 1, 1, 1, NULL, '2012-08-29 18:36:28', NULL, NULL, NULL, NULL, NULL, 1),
(285, 'vehicle.list.search', 1, 1, 1, NULL, '2012-08-29 18:36:30', NULL, NULL, NULL, NULL, NULL, 1),
(286, 'vehicle.details.default', 1, 1, 1, NULL, '2012-08-29 18:36:30', NULL, NULL, NULL, NULL, NULL, 1),
(287, 'vehicle.sendtofriend.default', 1, 1, 1, NULL, '2012-08-29 18:36:30', NULL, NULL, NULL, NULL, NULL, 1),
(288, 'vehicle.bookmarks.default', 1, 1, 1, NULL, '2012-08-29 18:36:30', NULL, NULL, NULL, NULL, NULL, 1),
(289, 'vehicle.list-intern.default', 1, 1, 1, NULL, '2012-08-29 18:36:30', NULL, NULL, NULL, NULL, NULL, 1),
(290, 'vehicle.cardetails-intern.default', 1, 1, 1, NULL, '2012-08-29 18:36:30', NULL, NULL, NULL, NULL, NULL, 1),
(291, 'vehicle.addcar-intern.default', 1, 1, 1, NULL, '2012-08-29 18:36:30', NULL, NULL, NULL, NULL, NULL, 1),
(292, 'vehicle.addcar2-intern.default', 1, 1, 1, NULL, '2012-08-29 18:36:30', NULL, NULL, NULL, NULL, NULL, 1),
(293, 'vehicle.addcar3-intern.default', 1, 1, 1, NULL, '2012-08-29 18:36:30', NULL, NULL, NULL, NULL, NULL, 1),
(294, 'vehicle.done-intern.default', 1, 1, 1, NULL, '2012-08-29 18:36:30', NULL, NULL, NULL, NULL, NULL, 1),
(295, 'vehicle.bookmarks.default', 1, 1, 1, NULL, '2012-08-29 18:36:30', NULL, NULL, NULL, NULL, NULL, 1),
(296, 'vehicle.list.search', 1, 1, 1, NULL, '2012-08-29 18:36:51', NULL, NULL, NULL, NULL, NULL, 1),
(297, 'vehicle.details.default', 1, 1, 1, NULL, '2012-08-29 18:36:51', NULL, NULL, NULL, NULL, NULL, 1),
(298, 'vehicle.sendtofriend.default', 1, 1, 1, NULL, '2012-08-29 18:36:51', NULL, NULL, NULL, NULL, NULL, 1),
(299, 'vehicle.bookmarks.default', 1, 1, 1, NULL, '2012-08-29 18:36:51', NULL, NULL, NULL, NULL, NULL, 1),
(300, 'vehicle.list-intern.default', 1, 1, 1, NULL, '2012-08-29 18:36:51', NULL, NULL, NULL, NULL, NULL, 1),
(301, 'vehicle.cardetails-intern.default', 1, 1, 1, NULL, '2012-08-29 18:36:51', NULL, NULL, NULL, NULL, NULL, 1),
(302, 'vehicle.addcar-intern.default', 1, 1, 1, NULL, '2012-08-29 18:36:51', NULL, NULL, NULL, NULL, NULL, 1),
(303, 'vehicle.addcar2-intern.default', 1, 1, 1, NULL, '2012-08-29 18:36:51', NULL, NULL, NULL, NULL, NULL, 1),
(304, 'vehicle.addcar3-intern.default', 1, 1, 1, NULL, '2012-08-29 18:36:51', NULL, NULL, NULL, NULL, NULL, 1),
(305, 'vehicle.done-intern.default', 1, 1, 1, NULL, '2012-08-29 18:36:51', NULL, NULL, NULL, NULL, NULL, 1),
(306, 'vehicle.bookmarks.default', 1, 1, 1, NULL, '2012-08-29 18:36:51', NULL, NULL, NULL, NULL, NULL, 1),
(307, 'vehicle.list.search', 1, 1, 1, NULL, '2012-08-29 18:38:37', NULL, NULL, NULL, NULL, NULL, 1),
(308, 'vehicle.details.default', 1, 1, 1, NULL, '2012-08-29 18:38:37', NULL, NULL, NULL, NULL, NULL, 1),
(309, 'vehicle.sendtofriend.default', 1, 1, 1, NULL, '2012-08-29 18:38:37', NULL, NULL, NULL, NULL, NULL, 1),
(310, 'vehicle.bookmarks.default', 1, 1, 1, NULL, '2012-08-29 18:38:37', NULL, NULL, NULL, NULL, NULL, 1),
(311, 'vehicle.list-intern.default', 1, 1, 1, NULL, '2012-08-29 18:38:37', NULL, NULL, NULL, NULL, NULL, 1),
(312, 'vehicle.cardetails-intern.default', 1, 1, 1, NULL, '2012-08-29 18:38:37', NULL, NULL, NULL, NULL, NULL, 1),
(313, 'vehicle.addcar-intern.default', 1, 1, 1, NULL, '2012-08-29 18:38:37', NULL, NULL, NULL, NULL, NULL, 1),
(314, 'vehicle.addcar2-intern.default', 1, 1, 1, NULL, '2012-08-29 18:38:37', NULL, NULL, NULL, NULL, NULL, 1),
(315, 'vehicle.addcar3-intern.default', 1, 1, 1, NULL, '2012-08-29 18:38:37', NULL, NULL, NULL, NULL, NULL, 1),
(316, 'vehicle.done-intern.default', 1, 1, 1, NULL, '2012-08-29 18:38:37', NULL, NULL, NULL, NULL, NULL, 1),
(317, 'vehicle.bookmarks.default', 1, 1, 1, NULL, '2012-08-29 18:38:37', NULL, NULL, NULL, NULL, NULL, 1),
(318, 'vehiclerequest.list.default', 1, 1, 1, NULL, '2012-08-29 18:40:16', NULL, NULL, NULL, NULL, NULL, 1),
(319, 'vehiclerequest.list.default', 1, 1, 1, NULL, '2012-08-29 18:40:42', NULL, NULL, NULL, NULL, NULL, 1),
(320, 'vehiclerequest.list.default', 1, 1, 1, NULL, '2012-08-29 18:40:59', NULL, NULL, NULL, NULL, NULL, 1),
(321, 'bikes.list.default', 1, 1, 1, NULL, '2012-08-29 18:47:23', NULL, NULL, NULL, NULL, NULL, 1),
(322, 'bikes.list.search', 1, 1, 1, NULL, '2012-08-29 18:43:37', NULL, NULL, NULL, NULL, NULL, 1),
(323, 'bikes.details.default', 1, 1, 1, NULL, '2012-08-29 18:43:37', NULL, NULL, NULL, NULL, NULL, 1),
(324, 'bikes.sendtofriend.default', 1, 1, 1, NULL, '2012-08-29 18:43:37', NULL, NULL, NULL, NULL, NULL, 1),
(325, 'bikes.bookmarks.default', 1, 1, 1, NULL, '2012-08-29 18:43:37', NULL, NULL, NULL, NULL, NULL, 1),
(326, 'bikes.list-intern.default', 1, 1, 1, NULL, '2012-08-29 18:43:37', NULL, NULL, NULL, NULL, NULL, 1),
(327, 'bikes.details-intern.default', 1, 1, 1, NULL, '2012-08-29 18:43:37', NULL, NULL, NULL, NULL, NULL, 1),
(328, 'bikes.add-intern.default', 1, 1, 1, NULL, '2012-08-29 18:43:37', NULL, NULL, NULL, NULL, NULL, 1),
(329, 'bikes.add2-intern.default', 1, 1, 1, NULL, '2012-08-29 18:43:37', NULL, NULL, NULL, NULL, NULL, 1),
(330, 'bikes.add3-intern.default', 1, 1, 1, NULL, '2012-08-29 18:43:37', NULL, NULL, NULL, NULL, NULL, 1),
(331, 'bikes.done-intern.default', 1, 1, 1, NULL, '2012-08-29 18:43:37', NULL, NULL, NULL, NULL, NULL, 1),
(332, 'bikes.sendtofriend.default', 1, 1, 1, NULL, '2012-08-29 18:43:37', NULL, NULL, NULL, NULL, NULL, 1),
(333, 'bikes.bookmarks.default', 1, 1, 1, NULL, '2012-08-29 18:43:37', NULL, NULL, NULL, NULL, NULL, 1),
(334, 'bikes.list.search', 1, 1, 1, NULL, '2012-08-29 18:43:44', NULL, NULL, NULL, NULL, NULL, 1),
(335, 'bikes.details.default', 1, 1, 1, NULL, '2012-08-29 18:43:44', NULL, NULL, NULL, NULL, NULL, 1),
(336, 'bikes.sendtofriend.default', 1, 1, 1, NULL, '2012-08-29 18:43:44', NULL, NULL, NULL, NULL, NULL, 1),
(337, 'bikes.bookmarks.default', 1, 1, 1, NULL, '2012-08-29 18:43:44', NULL, NULL, NULL, NULL, NULL, 1),
(338, 'bikes.list-intern.default', 1, 1, 1, NULL, '2012-08-29 18:43:44', NULL, NULL, NULL, NULL, NULL, 1),
(339, 'bikes.details-intern.default', 1, 1, 1, NULL, '2012-08-29 18:43:44', NULL, NULL, NULL, NULL, NULL, 1),
(340, 'bikes.add-intern.default', 1, 1, 1, NULL, '2012-08-29 18:43:44', NULL, NULL, NULL, NULL, NULL, 1),
(341, 'bikes.add2-intern.default', 1, 1, 1, NULL, '2012-08-29 18:43:44', NULL, NULL, NULL, NULL, NULL, 1),
(342, 'bikes.add3-intern.default', 1, 1, 1, NULL, '2012-08-29 18:43:44', NULL, NULL, NULL, NULL, NULL, 1),
(343, 'bikes.done-intern.default', 1, 1, 1, NULL, '2012-08-29 18:43:44', NULL, NULL, NULL, NULL, NULL, 1),
(344, 'bikes.sendtofriend.default', 1, 1, 1, NULL, '2012-08-29 18:43:44', NULL, NULL, NULL, NULL, NULL, 1),
(345, 'bikes.bookmarks.default', 1, 1, 1, NULL, '2012-08-29 18:43:44', NULL, NULL, NULL, NULL, NULL, 1),
(346, 'bikes.list.search', 1, 1, 1, NULL, '2012-08-29 18:44:25', NULL, NULL, NULL, NULL, NULL, 1),
(347, 'bikes.details.default', 1, 1, 1, NULL, '2012-08-29 18:44:25', NULL, NULL, NULL, NULL, NULL, 1),
(348, 'bikes.sendtofriend.default', 1, 1, 1, NULL, '2012-08-29 18:44:25', NULL, NULL, NULL, NULL, NULL, 1),
(349, 'bikes.bookmarks.default', 1, 1, 1, NULL, '2012-08-29 18:44:25', NULL, NULL, NULL, NULL, NULL, 1),
(350, 'bikes.list-intern.default', 1, 1, 1, NULL, '2012-08-29 18:44:25', NULL, NULL, NULL, NULL, NULL, 1),
(351, 'bikes.details-intern.default', 1, 1, 1, NULL, '2012-08-29 18:44:25', NULL, NULL, NULL, NULL, NULL, 1),
(352, 'bikes.add-intern.default', 1, 1, 1, NULL, '2012-08-29 18:44:25', NULL, NULL, NULL, NULL, NULL, 1),
(353, 'bikes.add2-intern.default', 1, 1, 1, NULL, '2012-08-29 18:44:25', NULL, NULL, NULL, NULL, NULL, 1),
(354, 'bikes.add3-intern.default', 1, 1, 1, NULL, '2012-08-29 18:44:25', NULL, NULL, NULL, NULL, NULL, 1),
(355, 'bikes.done-intern.default', 1, 1, 1, NULL, '2012-08-29 18:44:25', NULL, NULL, NULL, NULL, NULL, 1),
(356, 'bikes.sendtofriend.default', 1, 1, 1, NULL, '2012-08-29 18:44:25', NULL, NULL, NULL, NULL, NULL, 1),
(357, 'bikes.bookmarks.default', 1, 1, 1, NULL, '2012-08-29 18:44:25', NULL, NULL, NULL, NULL, NULL, 1),
(358, 'bikes.list.search', 1, 1, 1, NULL, '2012-08-29 18:45:34', NULL, NULL, NULL, NULL, NULL, 1),
(359, 'bikes.details.default', 1, 1, 1, NULL, '2012-08-29 18:45:34', NULL, NULL, NULL, NULL, NULL, 1),
(360, 'bikes.sendtofriend.default', 1, 1, 1, NULL, '2012-08-29 18:45:34', NULL, NULL, NULL, NULL, NULL, 1),
(361, 'bikes.bookmarks.default', 1, 1, 1, NULL, '2012-08-29 18:45:34', NULL, NULL, NULL, NULL, NULL, 1),
(362, 'bikes.list-intern.default', 1, 1, 1, NULL, '2012-08-29 18:45:34', NULL, NULL, NULL, NULL, NULL, 1),
(363, 'bikes.details-intern.default', 1, 1, 1, NULL, '2012-08-29 18:45:34', NULL, NULL, NULL, NULL, NULL, 1),
(364, 'bikes.add-intern.default', 1, 1, 1, NULL, '2012-08-29 18:45:34', NULL, NULL, NULL, NULL, NULL, 1),
(365, 'bikes.add2-intern.default', 1, 1, 1, NULL, '2012-08-29 18:45:34', NULL, NULL, NULL, NULL, NULL, 1),
(366, 'bikes.add3-intern.default', 1, 1, 1, NULL, '2012-08-29 18:45:34', NULL, NULL, NULL, NULL, NULL, 1),
(367, 'bikes.done-intern.default', 1, 1, 1, NULL, '2012-08-29 18:45:34', NULL, NULL, NULL, NULL, NULL, 1),
(368, 'bikes.sendtofriend.default', 1, 1, 1, NULL, '2012-08-29 18:45:34', NULL, NULL, NULL, NULL, NULL, 1),
(369, 'bikes.bookmarks.default', 1, 1, 1, NULL, '2012-08-29 18:45:34', NULL, NULL, NULL, NULL, NULL, 1),
(370, 'bikes.list.search', 1, 1, 1, NULL, '2012-08-29 18:47:08', NULL, NULL, NULL, NULL, NULL, 1),
(371, 'bikes.details.default', 1, 1, 1, NULL, '2012-08-29 18:47:08', NULL, NULL, NULL, NULL, NULL, 1),
(372, 'bikes.sendtofriend.default', 1, 1, 1, NULL, '2012-08-29 18:47:08', NULL, NULL, NULL, NULL, NULL, 1),
(373, 'bikes.bookmarks.default', 1, 1, 1, NULL, '2012-08-29 18:47:08', NULL, NULL, NULL, NULL, NULL, 1),
(374, 'bikes.list-intern.default', 1, 1, 1, NULL, '2012-08-29 18:47:08', NULL, NULL, NULL, NULL, NULL, 1),
(375, 'bikes.details-intern.default', 1, 1, 1, NULL, '2012-08-29 18:47:08', NULL, NULL, NULL, NULL, NULL, 1),
(376, 'bikes.add-intern.default', 1, 1, 1, NULL, '2012-08-29 18:47:08', NULL, NULL, NULL, NULL, NULL, 1),
(377, 'bikes.add2-intern.default', 1, 1, 1, NULL, '2012-08-29 18:47:08', NULL, NULL, NULL, NULL, NULL, 1),
(378, 'bikes.add3-intern.default', 1, 1, 1, NULL, '2012-08-29 18:47:08', NULL, NULL, NULL, NULL, NULL, 1),
(379, 'bikes.done-intern.default', 1, 1, 1, NULL, '2012-08-29 18:47:08', NULL, NULL, NULL, NULL, NULL, 1),
(380, 'bikes.sendtofriend.default', 1, 1, 1, NULL, '2012-08-29 18:47:08', NULL, NULL, NULL, NULL, NULL, 1),
(381, 'bikes.bookmarks.default', 1, 1, 1, NULL, '2012-08-29 18:47:08', NULL, NULL, NULL, NULL, NULL, 1),
(382, 'bikes.list.search', 1, 1, 1, NULL, '2012-08-29 18:47:23', NULL, NULL, NULL, NULL, NULL, 1),
(383, 'bikes.details.default', 1, 1, 1, NULL, '2012-08-29 18:47:23', NULL, NULL, NULL, NULL, NULL, 1),
(384, 'bikes.sendtofriend.default', 1, 1, 1, NULL, '2012-08-29 18:47:23', NULL, NULL, NULL, NULL, NULL, 1),
(385, 'bikes.bookmarks.default', 1, 1, 1, NULL, '2012-08-29 18:47:23', NULL, NULL, NULL, NULL, NULL, 1),
(386, 'bikes.list-intern.default', 1, 1, 1, NULL, '2012-08-29 18:47:23', NULL, NULL, NULL, NULL, NULL, 1),
(387, 'bikes.details-intern.default', 1, 1, 1, NULL, '2012-08-29 18:47:23', NULL, NULL, NULL, NULL, NULL, 1),
(388, 'bikes.add-intern.default', 1, 1, 1, NULL, '2012-08-29 18:47:23', NULL, NULL, NULL, NULL, NULL, 1),
(389, 'bikes.add2-intern.default', 1, 1, 1, NULL, '2012-08-29 18:47:23', NULL, NULL, NULL, NULL, NULL, 1),
(390, 'bikes.add3-intern.default', 1, 1, 1, NULL, '2012-08-29 18:47:23', NULL, NULL, NULL, NULL, NULL, 1),
(391, 'bikes.done-intern.default', 1, 1, 1, NULL, '2012-08-29 18:47:23', NULL, NULL, NULL, NULL, NULL, 1),
(392, 'bikes.sendtofriend.default', 1, 1, 1, NULL, '2012-08-29 18:47:23', NULL, NULL, NULL, NULL, NULL, 1),
(393, 'bikes.bookmarks.default', 1, 1, 1, NULL, '2012-08-29 18:47:23', NULL, NULL, NULL, NULL, NULL, 1),
(394, 'crm.intern.default', 1, 1, 1, NULL, '2012-08-29 18:47:39', NULL, NULL, NULL, NULL, NULL, 0),
(395, 'crm.account.default', 1, 1, 1, NULL, '2012-08-29 18:47:39', NULL, NULL, NULL, NULL, NULL, 1),
(396, 'crm.changepassword.default', 1, 1, 1, NULL, '2012-08-29 18:47:39', NULL, NULL, NULL, NULL, NULL, 1),
(397, 'crm.login.default', 1, 1, 1, NULL, '2012-08-29 18:47:39', NULL, NULL, NULL, NULL, NULL, 1),
(398, 'crm.register.default', 1, 1, 1, NULL, '2012-08-29 18:47:39', NULL, NULL, NULL, NULL, NULL, 1),
(399, 'crm.forgotpassword.default', 1, 1, 1, NULL, '2012-08-29 18:47:39', NULL, NULL, NULL, NULL, NULL, 1),
(400, 'vehicle.list.search', 1, 1, 1, NULL, '2012-08-29 18:47:55', NULL, NULL, NULL, NULL, NULL, 1),
(401, 'vehicle.details.default', 1, 1, 1, NULL, '2012-08-29 18:47:55', NULL, NULL, NULL, NULL, NULL, 1),
(402, 'vehicle.sendtofriend.default', 1, 1, 1, NULL, '2012-08-29 18:47:55', NULL, NULL, NULL, NULL, NULL, 1),
(403, 'vehicle.bookmarks.default', 1, 1, 1, NULL, '2012-08-29 18:47:55', NULL, NULL, NULL, NULL, NULL, 1),
(404, 'vehicle.list-intern.default', 1, 1, 1, NULL, '2012-08-29 18:47:55', NULL, NULL, NULL, NULL, NULL, 1),
(405, 'vehicle.cardetails-intern.default', 1, 1, 1, NULL, '2012-08-29 18:47:55', NULL, NULL, NULL, NULL, NULL, 1),
(406, 'vehicle.addcar-intern.default', 1, 1, 1, NULL, '2012-08-29 18:47:55', NULL, NULL, NULL, NULL, NULL, 1),
(407, 'vehicle.addcar2-intern.default', 1, 1, 1, NULL, '2012-08-29 18:47:55', NULL, NULL, NULL, NULL, NULL, 1),
(408, 'vehicle.addcar3-intern.default', 1, 1, 1, NULL, '2012-08-29 18:47:55', NULL, NULL, NULL, NULL, NULL, 1),
(409, 'vehicle.done-intern.default', 1, 1, 1, NULL, '2012-08-29 18:47:55', NULL, NULL, NULL, NULL, NULL, 1),
(410, 'vehicle.bookmarks.default', 1, 1, 1, NULL, '2012-08-29 18:47:55', NULL, NULL, NULL, NULL, NULL, 1),
(411, 'advertise in motorssouq.com', 1, 1, 1, NULL, NULL, NULL, NULL, NULL, NULL, NULL, 1),
(412, 'test', 0, 1, 1, NULL, NULL, NULL, NULL, NULL, NULL, NULL, 1),
(413, 'صفحة تعليمية في كيفية إضافة سيارة في موتورز سوق translation', 1, 1, 1, NULL, NULL, NULL, NULL, NULL, NULL, NULL, 1),
(414, 'صفحة تعليمية في كيفية إضافة سيارة في موتورز سوق', 1, 1, 1, NULL, NULL, NULL, NULL, NULL, NULL, NULL, 1),
(415, 'educational page on how to add your car in motorssouq.com', 1, 1, 1, NULL, NULL, NULL, NULL, NULL, NULL, NULL, 1),
(416, 'app page', 0, 1, 1, NULL, NULL, NULL, NULL, NULL, NULL, NULL, 1),
(417, 'app page', 0, 1, 1, NULL, NULL, NULL, NULL, NULL, NULL, NULL, 1),
(418, 'app page', 0, 1, 1, NULL, NULL, NULL, NULL, NULL, NULL, NULL, 1),
(419, 'صفحة شرح تطبيق موتورز سوق على الأندرويد', 1, 1, 1, NULL, NULL, NULL, NULL, NULL, NULL, NULL, 1),
(420, 'oscar section (demo)', 1, 1, 1, NULL, NULL, NULL, NULL, NULL, NULL, NULL, 1),
(421, 'oscar section (demo)', 1, 1, 1, NULL, NULL, NULL, NULL, NULL, NULL, NULL, 0),
(422, 'About Oscar-demo', 1, 1, 1, NULL, NULL, NULL, NULL, NULL, NULL, NULL, 1),
(423, 'صفحة تعليمية عن بيع السيارات في البحرين إلكترونيا', 1, 1, 1, NULL, NULL, NULL, NULL, NULL, NULL, NULL, 1),
(424, 'أرشيف الإعلانات', 1, 1, 1, NULL, NULL, NULL, NULL, NULL, NULL, NULL, 1),
(425, '10 أكتوبر 2012م', 1, 1, 1, NULL, NULL, NULL, NULL, NULL, NULL, NULL, 1),
(426, 'أرشيف الإعلانات أكتوبر 2012م', 1, 1, 1, NULL, NULL, NULL, NULL, NULL, NULL, NULL, 1),
(427, 'test', 1, 1, 1, NULL, NULL, NULL, NULL, NULL, NULL, NULL, 1),
(429, NULL, 1, 0, 1, NULL, NULL, NULL, NULL, NULL, NULL, NULL, 1),
(433, 'test', 1, 1, 1, NULL, NULL, NULL, NULL, NULL, NULL, NULL, 1),
(435, 'test', 1, 1, 1, NULL, NULL, NULL, NULL, NULL, NULL, NULL, 1),
(437, 'test', 1, 1, 1, NULL, NULL, NULL, NULL, NULL, NULL, NULL, 1),
(441, 'test', 1, 1, 1, NULL, NULL, NULL, NULL, NULL, NULL, NULL, 1),
(445, 'test', 1, 1, 1, NULL, NULL, NULL, NULL, NULL, NULL, NULL, 1),
(449, 'test', 1, 1, 1, NULL, NULL, NULL, NULL, NULL, NULL, NULL, 1),
(453, 'test', 1, 1, 1, NULL, NULL, NULL, NULL, NULL, NULL, NULL, 1),
(457, 'test', 1, 1, 1, NULL, NULL, NULL, NULL, NULL, NULL, NULL, 1),
(459, NULL, 1, 0, 1, NULL, NULL, NULL, NULL, NULL, NULL, NULL, 1);

-- --------------------------------------------------------

--
-- Tabellenstruktur für Tabelle `cms_page_archive`
--

DROP TABLE IF EXISTS `cms_page_archive`;
CREATE TABLE IF NOT EXISTS `cms_page_archive` (
  `id` int(11) NOT NULL AUTO_INCREMENT,
  `content` longtext COLLATE utf8_unicode_ci,
  `lang` varchar(3) COLLATE utf8_unicode_ci DEFAULT NULL,
  `insertat` datetime DEFAULT NULL,
  `author_name` varchar(255) COLLATE utf8_unicode_ci DEFAULT NULL,
  `cms_page_id` int(11) NOT NULL,
  PRIMARY KEY (`id`),
  KEY `fk_cms_page_archive_cms_page1` (`cms_page_id`)
) ENGINE=InnoDB DEFAULT CHARSET=utf8 COLLATE=utf8_unicode_ci AUTO_INCREMENT=1 ;

--
-- Daten für Tabelle `cms_page_archive`
--


-- --------------------------------------------------------

--
-- Tabellenstruktur für Tabelle `cms_page_category`
--

DROP TABLE IF EXISTS `cms_page_category`;
CREATE TABLE IF NOT EXISTS `cms_page_category` (
  `id` int(11) NOT NULL,
  `sortid` int(11) DEFAULT NULL,
  `insertat` varchar(255) COLLATE utf8_unicode_ci DEFAULT NULL,
  `parent_id` int(11) DEFAULT NULL,
  PRIMARY KEY (`id`),
  KEY `fk_cms_page_category_cms_page_category1` (`parent_id`)
) ENGINE=InnoDB DEFAULT CHARSET=utf8 COLLATE=utf8_unicode_ci;

--
-- Daten für Tabelle `cms_page_category`
--


-- --------------------------------------------------------

--
-- Tabellenstruktur für Tabelle `cms_page_category_lang`
--

DROP TABLE IF EXISTS `cms_page_category_lang`;
CREATE TABLE IF NOT EXISTS `cms_page_category_lang` (
  `name` varchar(255) COLLATE utf8_unicode_ci NOT NULL,
  `lang` varchar(3) COLLATE utf8_unicode_ci DEFAULT NULL,
  `cms_page_category_id` int(11) NOT NULL,
  KEY `fk_cms_page_category_lang_cms_page_category1` (`cms_page_category_id`)
) ENGINE=InnoDB DEFAULT CHARSET=utf8 COLLATE=utf8_unicode_ci;

--
-- Daten für Tabelle `cms_page_category_lang`
--


-- --------------------------------------------------------

--
-- Tabellenstruktur für Tabelle `cms_page_has_cms_block`
--

DROP TABLE IF EXISTS `cms_page_has_cms_block`;
CREATE TABLE IF NOT EXISTS `cms_page_has_cms_block` (
  `cms_page_id` int(11) NOT NULL,
  `cms_block_id` int(11) NOT NULL,
  PRIMARY KEY (`cms_page_id`,`cms_block_id`),
  KEY `fk_cms_page_has_cms_block_cms_block1` (`cms_block_id`),
  KEY `fk_cms_page_has_cms_block_cms_page1` (`cms_page_id`)
) ENGINE=InnoDB DEFAULT CHARSET=utf8 COLLATE=utf8_unicode_ci;

--
-- Daten für Tabelle `cms_page_has_cms_block`
--

INSERT INTO `cms_page_has_cms_block` (`cms_page_id`, `cms_block_id`) VALUES
(1, 1),
(1, 2);

-- --------------------------------------------------------

--
-- Tabellenstruktur für Tabelle `cms_page_has_cms_box`
--

DROP TABLE IF EXISTS `cms_page_has_cms_box`;
CREATE TABLE IF NOT EXISTS `cms_page_has_cms_box` (
  `cms_page_id` int(11) NOT NULL,
  `cms_box_id` int(11) NOT NULL,
  `position` char(1) COLLATE utf8_unicode_ci DEFAULT NULL,
  `sortid` int(2) DEFAULT NULL,
  PRIMARY KEY (`cms_page_id`,`cms_box_id`),
  KEY `fk_cms_page_has_cms_box_cms_box1` (`cms_box_id`),
  KEY `fk_cms_page_has_cms_box_cms_page1` (`cms_page_id`)
) ENGINE=InnoDB DEFAULT CHARSET=utf8 COLLATE=utf8_unicode_ci;

--
-- Daten für Tabelle `cms_page_has_cms_box`
--

INSERT INTO `cms_page_has_cms_box` (`cms_page_id`, `cms_box_id`, `position`, `sortid`) VALUES
(1, 1, 'T', 0),
(78, 1, 'T', 0),
(79, 1, 'T', 0),
(79, 130, 'B', 1),
(79, 131, 'C', 0),
(79, 132, 'B', 0),
(82, 1, 'T', 0),
(83, 1, 'T', 0),
(84, 1, 'T', 0),
(85, 1, 'T', 0),
(86, 1, 'T', 0),
(87, 1, 'T', 0),
(88, 1, 'T', 0),
(89, 1, 'T', 0),
(90, 1, 'T', 0),
(91, 1, 'T', 0),
(92, 1, 'T', 0),
(93, 1, 'T', 0),
(94, 1, 'T', 0),
(95, 1, 'T', 0),
(96, 1, 'T', 0),
(97, 1, 'T', 0),
(98, 1, 'T', 0),
(99, 1, 'T', 0),
(100, 1, 'T', 0),
(101, 1, 'T', 0),
(102, 1, 'T', 0),
(103, 1, 'T', 0),
(104, 1, 'T', 0),
(105, 1, 'T', 0),
(106, 1, 'T', 0),
(107, 1, 'T', 0),
(108, 1, 'T', 0),
(109, 1, 'T', 0),
(110, 1, 'T', 0),
(111, 1, 'T', 0),
(112, 1, 'T', 0),
(113, 1, 'T', 0),
(114, 1, 'T', 0),
(115, 1, 'T', 0),
(116, 1, 'T', 0),
(117, 1, 'T', 0),
(118, 1, 'T', 0),
(119, 1, 'T', 0),
(120, 1, 'T', 0),
(121, 1, 'T', 0),
(122, 1, 'T', 0),
(123, 1, 'T', 0),
(124, 1, 'T', 0),
(125, 1, 'T', 0),
(126, 1, 'T', 0),
(127, 1, 'T', 0),
(128, 1, 'T', 0),
(129, 1, 'T', 0),
(130, 1, 'T', 0),
(131, 1, 'T', 0),
(132, 1, 'T', 0),
(133, 1, 'T', 0),
(134, 1, 'T', 0),
(135, 1, 'T', 0),
(136, 1, 'T', 0),
(137, 1, 'T', 0),
(138, 1, 'T', 0),
(139, 1, 'T', 0),
(140, 1, 'T', 0),
(141, 1, 'T', 0),
(142, 1, 'T', 0),
(143, 1, 'T', 0),
(144, 1, 'T', 0),
(145, 1, 'T', 0),
(146, 1, 'T', 0),
(147, 1, 'T', 0),
(148, 1, 'T', 0),
(149, 1, 'T', 0),
(150, 1, 'T', 0),
(151, 1, 'T', 0),
(152, 1, 'T', 0),
(153, 1, 'T', 0),
(154, 1, 'T', 0),
(155, 1, 'T', 0),
(156, 1, 'T', 0),
(157, 1, 'T', 0),
(158, 1, 'T', 0),
(159, 1, 'T', 0),
(160, 1, 'T', 0),
(161, 1, 'T', 0),
(162, 1, 'T', 0),
(163, 1, 'T', 0),
(164, 1, 'T', 0),
(165, 1, 'T', 0),
(166, 1, 'T', 0),
(167, 1, 'T', 0),
(168, 1, 'T', 0),
(169, 1, 'T', 0),
(170, 1, 'T', 0),
(171, 1, 'T', 0),
(172, 1, 'T', 0),
(173, 1, 'T', 0),
(174, 1, 'T', 0),
(175, 1, 'T', 0),
(176, 1, 'T', 0),
(177, 1, 'T', 0),
(178, 1, 'T', 0),
(179, 1, 'T', 0),
(180, 1, 'T', 0),
(181, 1, 'T', 0),
(182, 1, 'T', 0),
(183, 1, 'T', 0),
(184, 1, 'T', 0),
(185, 1, 'T', 0),
(186, 1, 'T', 0),
(187, 1, 'T', 0),
(188, 1, 'T', 0),
(189, 1, 'T', 0),
(190, 1, 'T', 0),
(191, 1, 'T', 0),
(192, 1, 'T', 0),
(193, 1, 'T', 0),
(194, 1, 'T', 0),
(195, 1, 'T', 0),
(196, 1, 'T', 0),
(197, 1, 'T', 0),
(198, 1, 'T', 0),
(199, 1, 'T', 0),
(200, 1, 'T', 0),
(201, 1, 'T', 0),
(202, 1, 'T', 0),
(203, 1, 'T', 0),
(204, 1, 'T', 0),
(205, 1, 'T', 0),
(206, 1, 'T', 0),
(207, 1, 'T', 0),
(208, 1, 'T', 0),
(209, 1, 'T', 0),
(210, 1, 'T', 0),
(211, 1, 'T', 0),
(212, 1, 'T', 0),
(213, 1, 'T', 0),
(214, 1, 'T', 0),
(215, 1, 'T', 0),
(216, 1, 'T', 0),
(217, 1, 'T', 0),
(218, 1, 'T', 0),
(219, 1, 'T', 0),
(220, 1, 'T', 0),
(221, 1, 'T', 0),
(222, 1, 'T', 0),
(223, 1, 'T', 0),
(224, 1, 'T', 0),
(225, 1, 'T', 0),
(226, 1, 'T', 0),
(227, 1, 'T', 0),
(228, 1, 'T', 0),
(229, 1, 'T', 0),
(230, 1, 'T', 0),
(231, 1, 'T', 0),
(232, 1, 'T', 0),
(233, 1, 'T', 0),
(234, 1, 'T', 0),
(235, 1, 'T', 0),
(236, 1, 'T', 0),
(237, 1, 'T', 0),
(238, 1, 'T', 0),
(239, 1, 'T', 0),
(240, 1, 'T', 0),
(241, 1, 'T', 0),
(242, 1, 'T', 0),
(243, 1, 'T', 0),
(244, 1, 'T', 0),
(245, 1, 'T', 0),
(246, 1, 'T', 0),
(247, 1, 'T', 0),
(248, 1, 'T', 0),
(249, 1, 'T', 0),
(250, 1, 'T', 0),
(251, 1, 'T', 0),
(252, 1, 'T', 0),
(253, 1, 'T', 0),
(254, 1, 'T', 0),
(255, 1, 'T', 0),
(256, 1, 'T', 0),
(257, 1, 'T', 0),
(258, 1, 'T', 0),
(259, 1, 'T', 0),
(260, 1, 'T', 0),
(261, 1, 'T', 0),
(262, 1, 'T', 0),
(263, 1, 'T', 0),
(264, 1, 'T', 0),
(265, 1, 'T', 0),
(266, 1, 'T', 0),
(267, 1, 'T', 0),
(268, 1, 'T', 0),
(269, 1, 'T', 0),
(270, 1, 'T', 0),
(271, 1, 'T', 0),
(272, 1, 'T', 0),
(273, 1, 'T', 0),
(274, 1, 'T', 0),
(275, 1, 'T', 0),
(276, 1, 'T', 0),
(277, 1, 'T', 0),
(278, 1, 'T', 0),
(279, 1, 'T', 0),
(280, 1, 'T', 0),
(281, 1, 'T', 0),
(282, 1, 'T', 0),
(283, 1, 'T', 0),
(284, 1, 'T', 0),
(285, 1, 'T', 0),
(286, 1, 'T', 0),
(287, 1, 'T', 0),
(288, 1, 'T', 0),
(289, 1, 'T', 0),
(290, 1, 'T', 0),
(291, 1, 'T', 0),
(292, 1, 'T', 0),
(293, 1, 'T', 0),
(294, 1, 'T', 0),
(295, 1, 'T', 0),
(296, 1, 'T', 0),
(297, 1, 'T', 0),
(298, 1, 'T', 0),
(299, 1, 'T', 0),
(300, 1, 'T', 0),
(301, 1, 'T', 0),
(302, 1, 'T', 0),
(303, 1, 'T', 0),
(304, 1, 'T', 0),
(305, 1, 'T', 0),
(306, 1, 'T', 0),
(307, 1, 'T', 0),
(308, 1, 'T', 0),
(309, 1, 'T', 0),
(310, 1, 'T', 0),
(311, 1, 'T', 0),
(312, 1, 'T', 0),
(313, 1, 'T', 0),
(314, 1, 'T', 0),
(315, 1, 'T', 0),
(316, 1, 'T', 0),
(317, 1, 'T', 0),
(318, 1, 'T', 0),
(319, 1, 'T', 0),
(320, 1, 'T', 0),
(321, 1, 'T', 0),
(322, 1, 'T', 0),
(323, 1, 'T', 0),
(324, 1, 'T', 0),
(325, 1, 'T', 0),
(326, 1, 'T', 0),
(327, 1, 'T', 0),
(328, 1, 'T', 0),
(329, 1, 'T', 0),
(330, 1, 'T', 0),
(331, 1, 'T', 0),
(332, 1, 'T', 0),
(333, 1, 'T', 0),
(334, 1, 'T', 0),
(335, 1, 'T', 0),
(336, 1, 'T', 0),
(337, 1, 'T', 0),
(338, 1, 'T', 0),
(339, 1, 'T', 0),
(340, 1, 'T', 0),
(341, 1, 'T', 0),
(342, 1, 'T', 0),
(343, 1, 'T', 0),
(344, 1, 'T', 0),
(345, 1, 'T', 0),
(346, 1, 'T', 0),
(347, 1, 'T', 0),
(348, 1, 'T', 0),
(349, 1, 'T', 0),
(350, 1, 'T', 0),
(351, 1, 'T', 0),
(352, 1, 'T', 0),
(353, 1, 'T', 0),
(354, 1, 'T', 0),
(355, 1, 'T', 0),
(356, 1, 'T', 0),
(357, 1, 'T', 0),
(358, 1, 'T', 0),
(359, 1, 'T', 0),
(360, 1, 'T', 0),
(361, 1, 'T', 0),
(362, 1, 'T', 0),
(363, 1, 'T', 0),
(364, 1, 'T', 0),
(365, 1, 'T', 0),
(366, 1, 'T', 0),
(367, 1, 'T', 0),
(368, 1, 'T', 0),
(369, 1, 'T', 0),
(370, 1, 'T', 0),
(371, 1, 'T', 0),
(372, 1, 'T', 0),
(373, 1, 'T', 0),
(374, 1, 'T', 0),
(375, 1, 'T', 0),
(376, 1, 'T', 0),
(377, 1, 'T', 0),
(378, 1, 'T', 0),
(379, 1, 'T', 0),
(380, 1, 'T', 0),
(381, 1, 'T', 0),
(382, 1, 'T', 0),
(383, 1, 'T', 0),
(384, 1, 'T', 0),
(385, 1, 'T', 0),
(386, 1, 'T', 0),
(387, 1, 'T', 0),
(388, 1, 'T', 0),
(389, 1, 'T', 0),
(390, 1, 'T', 0),
(391, 1, 'T', 0),
(392, 1, 'T', 0),
(393, 1, 'T', 0),
(394, 132, 'T', 0),
(395, 1, 'T', 0),
(396, 1, 'T', 0),
(397, 1, 'T', 0),
(398, 1, 'T', 0),
(399, 1, 'T', 0),
(400, 1, 'T', 0),
(401, 1, 'T', 0),
(402, 1, 'T', 0),
(403, 1, 'T', 0),
(404, 1, 'T', 0),
(405, 1, 'T', 0),
(406, 1, 'T', 0),
(407, 1, 'T', 0),
(408, 1, 'T', 0),
(409, 1, 'T', 0),
(410, 1, 'T', 0),
(411, 1, 'T', 0),
(412, 1, 'T', 0),
(413, 1, 'T', 0),
(414, 1, 'T', 0),
(415, 1, 'T', 0),
(416, 1, 'T', 0),
(417, 1, 'T', 0),
(418, 1, 'T', 0),
(419, 1, 'T', 0),
(420, 1, 'T', 0),
(422, 1, 'T', 0),
(423, 1, 'T', 0),
(424, 1, 'T', 0),
(425, 1, 'T', 0),
(426, 1, 'T', 0),
(427, 1, 'T', 0);

-- --------------------------------------------------------

--
-- Tabellenstruktur für Tabelle `cms_page_lang`
--

DROP TABLE IF EXISTS `cms_page_lang`;
CREATE TABLE IF NOT EXISTS `cms_page_lang` (
  `title` varchar(255) COLLATE utf8_unicode_ci NOT NULL,
  `keywords` varchar(255) COLLATE utf8_unicode_ci DEFAULT NULL,
  `description` varchar(255) COLLATE utf8_unicode_ci DEFAULT NULL,
  `content` longtext COLLATE utf8_unicode_ci,
  `lang` varchar(3) COLLATE utf8_unicode_ci NOT NULL,
  `cms_page_id` int(11) NOT NULL,
  KEY `fk_cms_page_lang_cms_page1` (`cms_page_id`)
) ENGINE=InnoDB DEFAULT CHARSET=utf8 COLLATE=utf8_unicode_ci;

--
-- Daten für Tabelle `cms_page_lang`
--

INSERT INTO `cms_page_lang` (`title`, `keywords`, `description`, `content`, `lang`, `cms_page_id`) VALUES
('About Us', 'about motorssouq.com', 'know who we are and you will reialise that you are dealing with an official company Registered in the ministiary of commerce in Kingdom of Bahrain', '&lt;p&gt; &lt;/p&gt;\n&lt;p&gt; &lt;/p&gt;\n&lt;table style=&quot;margin-left: auto; margin-right: auto; width: 500px; border: 0px solid #a9a9a9;&quot; border=&quot;0&quot; align=&quot;center&quot;&gt;\n&lt;tbody&gt;\n&lt;tr&gt;\n&lt;td&gt;\n&lt;p style=&quot;text-align: left;&quot; dir=&quot;rtl&quot;&gt;&lt;span style=&quot;text-decoration: underline;&quot;&gt;&lt;strong&gt;&lt;span style=&quot;font-size: large;&quot;&gt;&lt;img src=&quot;http://motorssouq.com/media/motors souq logo 1.1.png&quot; alt=&quot;&quot; width=&quot;183&quot; height=&quot;106&quot; /&gt;&lt;br /&gt;&lt;/span&gt;&lt;/strong&gt;&lt;/span&gt;&lt;/p&gt;\n&lt;p style=&quot;text-align: left;&quot; dir=&quot;rtl&quot;&gt;&lt;span style=&quot;text-decoration: underline;&quot;&gt;&lt;strong&gt;&lt;span style=&quot;font-size: large;&quot;&gt;&lt;br /&gt;&lt;/span&gt;&lt;/strong&gt;&lt;/span&gt;&lt;/p&gt;\n&lt;p style=&quot;text-align: left;&quot; dir=&quot;ltr&quot;&gt;&lt;span style=&quot;font-size: large;&quot;&gt;&lt;strong&gt; &lt;/strong&gt;&lt;strong&gt;&lt;span id=&quot;internal-source-marker_0.43758476045050576&quot; style=&quot;font-size: 19px; font-family: Arial; color: #000000; background-color: transparent; font-style: normal; font-variant: normal; text-decoration: none; vertical-align: baseline;&quot;&gt;welcome to Motors Souq&lt;/span&gt;&lt;br /&gt;&lt;br /&gt;&lt;span style=&quot;font-size: 19px; font-family: Arial; color: #000000; background-color: transparent; font-weight: normal; font-style: normal; font-variant: normal; text-decoration: none; vertical-align: baseline;&quot;&gt;Motors souq is the Bahraini citizens and residents portal for car trading, whether you are looking for your personal use car or for a good deal car you will find it Motors souq, but why?&lt;/span&gt;&lt;br /&gt;&lt;span style=&quot;font-size: 19px; font-family: Arial; color: #000000; background-color: transparent; font-weight: normal; font-style: normal; font-variant: normal; text-decoration: none; vertical-align: baseline;&quot;&gt;As opposed to the other portals we provide you to display you car whether for sale or buy for free and therefore all individuals can take an advantage of using Motors Souq without worrying about paying fees or additional costs. also, we promote you ad with the latest e-marketing tools to increase the possibilities of getting you the best deal.&lt;/span&gt;&lt;br /&gt;&lt;span style=&quot;font-size: 19px; font-family: Arial; color: #000000; background-color: transparent; font-weight: normal; font-style: normal; font-variant: normal; text-decoration: none; vertical-align: baseline;&quot;&gt;from the other hand Motors Souq considered your only destination to sell your car at your price and your conditions with out any complications with procedures and rules, all what you have to do is to send your car details to us and we will display it to you in the portal the way you want.&lt;/span&gt;&lt;br /&gt;&lt;span style=&quot;font-size: 19px; font-family: Arial; color: #000000; background-color: transparent; font-weight: normal; font-style: normal; font-variant: normal; text-decoration: none; vertical-align: baseline;&quot;&gt;Our policy in Motors Souq is to connect the buyer and seller directly with out a courtier&lt;/span&gt;&lt;span style=&quot;font-size: 19px; font-family: Arial; color: #000000; background-color: transparent; font-weight: normal; font-style: normal; font-variant: normal; text-decoration: none; vertical-align: baseline;&quot;&gt;that is looking for a commission or additional charges.&lt;/span&gt;&lt;br /&gt;&lt;span style=&quot;font-size: 19px; font-family: Arial; color: #000000; background-color: transparent; font-weight: normal; font-style: normal; font-variant: normal; text-decoration: none; vertical-align: baseline;&quot;&gt;Our target in Motors Souq is to be the only gate for all of our visitors and clients to freely trade their cars in the easiest and trustful way.&lt;/span&gt;&lt;br /&gt;&lt;span style=&quot;font-size: 19px; font-family: Arial; color: #000000; background-color: transparent; font-weight: normal; font-style: normal; font-variant: normal; text-decoration: none; vertical-align: baseline;&quot;&gt;and you will experience the huge development in the Motors Souq that will make you usage of it as easy as saying (i want to sell my car), so we invite you to stay in touch with us by our newsletters and social media accounts.&lt;/span&gt;&lt;br /&gt;&lt;br /&gt;&lt;span style=&quot;font-size: 19px; font-family: Arial; color: #000000; background-color: transparent; font-weight: normal; font-style: normal; font-variant: normal; text-decoration: none; vertical-align: baseline;&quot;&gt;we promise you with the best always,&lt;/span&gt;&lt;br /&gt;&lt;br /&gt;&lt;span style=&quot;font-size: 19px; font-family: Arial; color: #000000; background-color: transparent; font-weight: normal; font-style: normal; font-variant: normal; text-decoration: none; vertical-align: baseline;&quot;&gt;wish you a pleasant visit &amp;amp; usage of Motors Souq,&lt;/span&gt;&lt;br /&gt;&lt;br /&gt;&lt;span style=&quot;font-size: 19px; font-family: Arial; color: #000000; background-color: transparent; font-style: normal; font-variant: normal; text-decoration: none; vertical-align: baseline;&quot;&gt;Motors Souq Team&lt;/span&gt;&lt;br /&gt;&lt;/strong&gt;&lt;br /&gt;&lt;/span&gt;&lt;/p&gt;\n&lt;/td&gt;\n&lt;/tr&gt;\n&lt;/tbody&gt;\n&lt;/table&gt;\n&lt;p&gt;&lt;br /&gt;&lt;br /&gt;&lt;/p&gt;', 'EN', 1),
('اهلا و سهلا بكم في موقعنا', 'اهلا و سهلا بكم في موقعنا', 'Home', '&lt;p&gt; &lt;/p&gt;\n&lt;p&gt; &lt;/p&gt;\n&lt;table style=&quot;margin-left: auto; margin-right: auto; width: 500px; border: 0px solid #a9a9a9;&quot; border=&quot;0&quot; align=&quot;center&quot;&gt;\n&lt;tbody&gt;\n&lt;tr&gt;\n&lt;td&gt;\n&lt;p style=&quot;text-align: left;&quot; dir=&quot;rtl&quot;&gt;&lt;span style=&quot;text-decoration: underline;&quot;&gt;&lt;strong&gt;&lt;span style=&quot;font-size: large;&quot;&gt;&lt;img style=&quot;float: right;&quot; src=&quot;http://motorssouq.com/media/motors souq logo 1.1.png&quot; alt=&quot;&quot; width=&quot;183&quot; height=&quot;106&quot; /&gt;&lt;/span&gt;&lt;/strong&gt;&lt;/span&gt;&lt;/p&gt;\n&lt;p style=&quot;text-align: left;&quot; dir=&quot;rtl&quot;&gt; &lt;/p&gt;\n&lt;p style=&quot;text-align: left;&quot; dir=&quot;rtl&quot;&gt; &lt;/p&gt;\n&lt;p style=&quot;text-align: left;&quot; dir=&quot;rtl&quot;&gt;&lt;span style=&quot;text-decoration: underline;&quot;&gt;&lt;strong&gt;&lt;span style=&quot;font-size: large;&quot;&gt;&lt;br /&gt;&lt;/span&gt;&lt;/strong&gt;&lt;/span&gt;&lt;/p&gt;\n&lt;p style=&quot;text-align: right;&quot; dir=&quot;ltr&quot;&gt; &lt;/p&gt;\n&lt;/td&gt;\n&lt;/tr&gt;\n&lt;/tbody&gt;\n&lt;/table&gt;\n&lt;p&gt; &lt;/p&gt;\n&lt;table style=&quot;margin-left: auto; margin-right: auto; width: 500px; border: 0px solid #a9a9a9;&quot; border=&quot;0&quot; align=&quot;center&quot;&gt;\n&lt;tbody&gt;\n&lt;tr&gt;\n&lt;td&gt;\n&lt;p dir=&quot;RTL&quot;&gt;&lt;strong&gt;&lt;span style=&quot;font-size: medium;&quot;&gt;مرحبا بكم في بوابة موتورز سوق الإلكترونية،&lt;/span&gt;&lt;/strong&gt;&lt;/p&gt;\n&lt;p&gt;&lt;span style=&quot;font-size: medium;&quot;&gt; &lt;/span&gt;&lt;/p&gt;\n&lt;p dir=&quot;RTL&quot;&gt;&lt;span style=&quot;font-size: medium;&quot;&gt;موتورز سوق هو بوابة إلكترونية لسوق السيارات في مملكة البحرين، سواء كنت تبحث عن سيارة لاستخدامك الشخصي أو صفقة جيدة ومربحة.&lt;br /&gt;يمكنك الحصول على هذه الخدمات في عديد من المواقع الالتكرونية الأخرى...&lt;br /&gt;&lt;/span&gt;&lt;strong&gt;&lt;/strong&gt;&lt;/p&gt;\n&lt;p dir=&quot;RTL&quot;&gt;&lt;strong&gt;&lt;span style=&quot;color: #ff0000; font-size: large;&quot;&gt;ولكن لماذا موتورز سوق؟&lt;/span&gt;&lt;/strong&gt;&lt;span style=&quot;font-size: medium;&quot;&gt; &lt;br /&gt;&lt;/span&gt;&lt;/p&gt;\n&lt;p dir=&quot;RTL&quot;&gt;&lt;span style=&quot;font-size: medium;&quot;&gt;خلافا للبوابات الإلكترونية الأخرى فإننا نقدم لك خدمة عرض سيارتك سواء للبيع أو الشراء &lt;strong&gt;مجانا&lt;/strong&gt; وبالتالي يمكن  لجميع المستخدمين الاستفادة من موتورز سوق دون الحاجة إلى القلق من دفع رسوم عرض السيارة أو أي تكاليف إضافية أخرى. كما أن موتورز سوق سيقوم برفع نسبة الحصول على نتيجة إيجابية لك من خلال &lt;strong&gt;نشر إعلانك&lt;/strong&gt; بجميع وسائل التسويق الإلكتروني المعتمدة في الموقع للحصول على أفضل صفقة.&lt;/span&gt;&lt;/p&gt;\n&lt;p dir=&quot;RTL&quot;&gt;&lt;span style=&quot;font-size: medium;&quot;&gt; &lt;/span&gt;&lt;/p&gt;\n&lt;p dir=&quot;RTL&quot;&gt;&lt;span style=&quot;font-size: medium;&quot;&gt;في الجهة المقابلة فإن موتورز سوق يعتبر الوجهة المفضلة للجميع لأنه يوفر &lt;strong&gt;لوحة تحكم خاصة بالمستخدم&lt;/strong&gt; تمكنه من &lt;strong&gt;حرية الإستخدام&lt;/strong&gt; وإضافة معلومات سيارته او دراجته حسب شروط مالك المركبة نفسه، ومن غير أي إجراءات زائدة او معقدة، ولا ننسى السبب الرئيسي هو أن جميع معاملاتك التي تقوم بها في موتورز سوق &lt;strong&gt;مجانية&lt;/strong&gt;.&lt;/span&gt;&lt;/p&gt;\n&lt;p dir=&quot;RTL&quot;&gt;&lt;span style=&quot;font-size: medium;&quot;&gt; &lt;/span&gt;&lt;/p&gt;\n&lt;p dir=&quot;RTL&quot;&gt;&lt;span style=&quot;font-size: medium;&quot;&gt;كل ما عليك القيام به هو &lt;span style=&quot;text-decoration: underline;&quot;&gt;التسجيل مجانا للوصول إلى لوحة التحكم الخاصة بك&lt;/span&gt;، وفي حسابك ستتمكن من:&lt;/span&gt;&lt;/p&gt;\n&lt;p dir=&quot;RTL&quot;&gt;&lt;span style=&quot;font-size: medium;&quot;&gt;1. إضافة/تعديل معلومات سيارتك. &lt;br /&gt;&lt;/span&gt;&lt;/p&gt;\n&lt;p dir=&quot;RTL&quot;&gt;&lt;span style=&quot;font-size: medium;&quot;&gt;2. سيقوم فريق عمل موتورز سوق بمساعدتك في نشر إعلان سيارتك/دراجتك بأحدث وسائل التسويق الإلكترونية &lt;br /&gt;&lt;/span&gt;&lt;/p&gt;\n&lt;p dir=&quot;RTL&quot;&gt;&lt;span style=&quot;font-size: medium;&quot;&gt;3. سيتم نشر اعلانك من خلال قنوات موتورز سوق في مواقع التواصل الاجتماعي (تويتر، فيسبوك، جوجل بلس و البلاك بيري).&lt;/span&gt;&lt;/p&gt;\n&lt;p dir=&quot;RTL&quot;&gt;&lt;span style=&quot;font-size: medium;&quot;&gt; &lt;/span&gt;&lt;/p&gt;\n&lt;p dir=&quot;RTL&quot;&gt;&lt;span style=&quot;font-size: medium;&quot;&gt;أهم أهدافنا في موتورز سوق هو ربط المشتري والبائع مباشرة دون وسيط قد يكون سبباً في عدم إتمام الصفقة أو يكون سبب في وجود تكلفة إضافية.&lt;/span&gt;&lt;/p&gt;\n&lt;p dir=&quot;RTL&quot;&gt;&lt;span style=&quot;font-size: medium;&quot;&gt; &lt;/span&gt;&lt;/p&gt;\n&lt;p dir=&quot;RTL&quot;&gt;&lt;span style=&quot;font-size: medium;&quot;&gt;وهدفنا الدائم في موتورز سوق هو أن يكون البوابة الوحيدة لجميع زوارنا وعملائنا للتداول بكل حرية مركباتهم بأسهل طريقة ممكنة وأكثرها شفافية وأمان.&lt;/span&gt;&lt;/p&gt;\n&lt;p dir=&quot;RTL&quot;&gt;&lt;span style=&quot;font-size: medium;&quot;&gt; &lt;/span&gt;&lt;/p&gt;\n&lt;p dir=&quot;RTL&quot;&gt;&lt;span style=&quot;font-size: medium;&quot;&gt;وسوف تختبر معنا عزيزنا الزائر التطور الكبير والمستمر في موتورز سوق الذي من شأنه أن يجعل من عملية بيع مركبة في موتورز سوق مثل سهولة قول (أريد بيع سيارتي)، لذلك فإننا ندعوك بالبقاء على تواصل دائم معنا من خلال اشتراكك في نظام الرسائل الإخبارية في نهاية هذه الصفحة والاشتراك أيضاً بحساباتنا في مواقع التواصل الاجتماعي (تويتر، فيس بوك، قوقل بلاس والبلاك بيري).&lt;/span&gt;&lt;/p&gt;\n&lt;p dir=&quot;RTL&quot;&gt;&lt;span style=&quot;font-size: medium;&quot;&gt; &lt;/span&gt;&lt;/p&gt;\n&lt;p dir=&quot;RTL&quot;&gt;&lt;span style=&quot;font-size: medium;&quot;&gt;لا تتردد في تقديم مقترحاتك لتطوير هذه البوابة بما يناسبك &lt;br /&gt;نتمنى لك زيارة ممتعة واستخدام مفيد معنا في موتورز سوق.&lt;/span&gt;&lt;/p&gt;\n&lt;p&gt;&lt;span style=&quot;font-size: medium;&quot;&gt; &lt;/span&gt;&lt;/p&gt;\n&lt;p dir=&quot;RTL&quot;&gt;&lt;strong&gt;&lt;span style=&quot;font-size: medium;&quot;&gt;فريق عمل موتورز سوق&lt;/span&gt;&lt;/strong&gt;&lt;/p&gt;\n&lt;/td&gt;\n&lt;/tr&gt;\n&lt;/tbody&gt;\n&lt;/table&gt;\n&lt;p&gt;&lt;br /&gt;&lt;br /&gt;&lt;/p&gt;', 'AR', 1),
('carlist', NULL, NULL, NULL, 'AR', 78),
('carlist', NULL, NULL, NULL, 'EN', 78),
('carlist', NULL, NULL, NULL, 'DE', 78),
('Home', 'home', 'home', NULL, 'AR', 79),
('', 'home', 'home', NULL, 'EN', 79),
('Home', 'home', 'home', NULL, 'DE', 79),
('Contact Us', 'contact', NULL, '&lt;p&gt; &lt;/p&gt;\n&lt;table style=&quot;margin-left: auto; margin-right: auto; width: 700px; border: 0pt solid #a9a9a9;&quot; border=&quot;0&quot; align=&quot;center&quot;&gt;\n&lt;tbody&gt;\n&lt;tr&gt;\n&lt;td&gt;\n&lt;p style=&quot;text-align: left;&quot; dir=&quot;ltr&quot;&gt;&lt;span style=&quot;font-size: medium;&quot;&gt;&lt;span id=&quot;result_box&quot; lang=&quot;en&quot;&gt;&lt;span class=&quot;hps&quot;&gt;Dear&lt;/span&gt; &lt;span class=&quot;hps&quot;&gt;Visitor&lt;/span&gt; &lt;span class=&quot;hps&quot;&gt;Thank you for&lt;/span&gt; &lt;span class=&quot;hps&quot;&gt;your desire&lt;/span&gt; &lt;span class=&quot;hps&quot;&gt;to contact our&lt;/span&gt;&lt;span class=&quot;hps&quot;&gt; team&lt;/span&gt; &lt;span class=&quot;hps&quot;&gt;of www.motorssouq.com&lt;/span&gt;&lt;span&gt;,&lt;/span&gt; &lt;span class=&quot;hps&quot;&gt;and&lt;/span&gt; in this page &lt;span class=&quot;hps&quot;&gt;we would like to&lt;/span&gt; provide &lt;span class=&quot;hps&quot;&gt;you with all the contact tools available in Motors Souq to:&lt;/span&gt;&lt;/span&gt;&lt;/span&gt;&lt;/p&gt;\n&lt;p style=&quot;text-align: left;&quot; dir=&quot;ltr&quot;&gt;&lt;span style=&quot;font-size: medium;&quot;&gt;&lt;span id=&quot;result_box&quot; lang=&quot;en&quot;&gt; &lt;br /&gt;&lt;br /&gt; &lt;span style=&quot;text-decoration: underline;&quot;&gt;&lt;strong&gt;&lt;span class=&quot;hps&quot;&gt;Administrative Office&lt;/span&gt;&lt;/strong&gt;&lt;/span&gt;&lt;br /&gt;&lt;span class=&quot;hps&quot;&gt;Office No.&lt;/span&gt; &lt;span class=&quot;hps&quot;&gt;1906&lt;/span&gt;&lt;br /&gt;Almoayyed &lt;span class=&quot;hps&quot;&gt;Tower&lt;/span&gt;&lt;span&gt;,&lt;/span&gt; &lt;span class=&quot;hps&quot;&gt;Seef District&lt;/span&gt;&lt;br /&gt;&lt;span class=&quot;hps&quot;&gt;PO Box&lt;/span&gt; &lt;span class=&quot;hps&quot;&gt;50595&lt;/span&gt;&lt;br /&gt;&lt;span class=&quot;hps&quot;&gt;Manama&lt;/span&gt; &lt;span class=&quot;hps&quot;&gt;428,&lt;/span&gt; &lt;span class=&quot;hps&quot;&gt;Kingdom of&lt;/span&gt; &lt;span class=&quot;hps&quot;&gt;Bahrain&lt;/span&gt;&lt;br /&gt;&lt;br /&gt; &lt;span class=&quot;hps&quot;&gt;Office:&lt;/span&gt; &lt;span class=&quot;hps&quot;&gt;17580516&lt;/span&gt;&lt;br /&gt;&lt;span class=&quot;hps&quot;&gt;Fax:&lt;/span&gt; &lt;span class=&quot;hps&quot;&gt;17580035&lt;/span&gt;&lt;/span&gt;&lt;br /&gt;&lt;/span&gt;&lt;/p&gt;\n&lt;br /&gt;&lt;span style=&quot;font-size: medium;&quot;&gt;and you can use our contact form to send your inquiries:&lt;/span&gt;&lt;br /&gt;{contact_form}&lt;br /&gt;&lt;br /&gt;&lt;span id=&quot;result_box&quot; style=&quot;font-size: medium;&quot; lang=&quot;en&quot;&gt;&lt;span class=&quot;hps&quot;&gt;Dear&lt;/span&gt; &lt;span class=&quot;hps&quot;&gt;customers&lt;/span&gt; &lt;span class=&quot;hps&quot;&gt;and visitors &lt;span id=&quot;result_box&quot; style=&quot;font-size: medium;&quot; lang=&quot;en&quot;&gt;&lt;span class=&quot;hps&quot;&gt;You can also stay updated with &lt;/span&gt;&lt;/span&gt;&lt;/span&gt;&lt;span class=&quot;hps&quot;&gt;the latest&lt;/span&gt; &lt;span class=&quot;hps&quot;&gt;news&lt;/span&gt; &amp;amp; offers by&lt;span class=&quot;hps&quot;&gt; following us via our account in social media networks and by joining our mailing list&lt;br /&gt;&lt;/span&gt;&lt;/span&gt;&lt;/td&gt;\n&lt;/tr&gt;\n&lt;/tbody&gt;\n&lt;/table&gt;\n&lt;p&gt;&lt;span style=&quot;font-size: small;&quot;&gt;&lt;br /&gt;&lt;/span&gt;&lt;/p&gt;', 'AR', 82),
('Contact Us', 'contact', NULL, '&lt;p&gt; &lt;/p&gt;\n&lt;table style=&quot;margin-left: auto; margin-right: auto; width: 700px; border: 0pt solid #a9a9a9;&quot; border=&quot;0&quot; align=&quot;center&quot;&gt;\n&lt;tbody&gt;\n&lt;tr&gt;\n&lt;td&gt;\n&lt;p style=&quot;text-align: left;&quot; dir=&quot;ltr&quot;&gt;&lt;span style=&quot;font-size: medium;&quot;&gt;&lt;span id=&quot;result_box&quot; lang=&quot;en&quot;&gt;&lt;span class=&quot;hps&quot;&gt;Dear&lt;/span&gt; &lt;span class=&quot;hps&quot;&gt;Visitor&lt;/span&gt; &lt;span class=&quot;hps&quot;&gt;Thank you for&lt;/span&gt; &lt;span class=&quot;hps&quot;&gt;your desire&lt;/span&gt; &lt;span class=&quot;hps&quot;&gt;to contact our&lt;/span&gt;&lt;span class=&quot;hps&quot;&gt; team&lt;/span&gt; &lt;span class=&quot;hps&quot;&gt;of www.motorssouq.com&lt;/span&gt;&lt;span&gt;,&lt;/span&gt; &lt;span class=&quot;hps&quot;&gt;and&lt;/span&gt; in this page &lt;span class=&quot;hps&quot;&gt;we would like to&lt;/span&gt; provide &lt;span class=&quot;hps&quot;&gt;you with all the contact tools available in Motors Souq to:&lt;/span&gt;&lt;/span&gt;&lt;/span&gt;&lt;/p&gt;\n&lt;p style=&quot;text-align: left;&quot; dir=&quot;ltr&quot;&gt;&lt;span style=&quot;font-size: medium;&quot;&gt;&lt;span id=&quot;result_box&quot; lang=&quot;en&quot;&gt; &lt;br /&gt;&lt;br /&gt; &lt;span style=&quot;text-decoration: underline;&quot;&gt;&lt;strong&gt;&lt;span class=&quot;hps&quot;&gt;Administrative Office&lt;/span&gt;&lt;/strong&gt;&lt;/span&gt;&lt;br /&gt;&lt;span class=&quot;hps&quot;&gt;Office No.&lt;/span&gt; &lt;span class=&quot;hps&quot;&gt;1906&lt;/span&gt;&lt;br /&gt;Almoayyed &lt;span class=&quot;hps&quot;&gt;Tower&lt;/span&gt;&lt;span&gt;,&lt;/span&gt; &lt;span class=&quot;hps&quot;&gt;Seef District&lt;/span&gt;&lt;br /&gt;&lt;span class=&quot;hps&quot;&gt;PO Box&lt;/span&gt; &lt;span class=&quot;hps&quot;&gt;50595&lt;/span&gt;&lt;br /&gt;&lt;span class=&quot;hps&quot;&gt;Manama&lt;/span&gt; &lt;span class=&quot;hps&quot;&gt;428,&lt;/span&gt; &lt;span class=&quot;hps&quot;&gt;Kingdom of&lt;/span&gt; &lt;span class=&quot;hps&quot;&gt;Bahrain&lt;/span&gt;&lt;br /&gt;&lt;br /&gt; &lt;span class=&quot;hps&quot;&gt;Office:&lt;/span&gt; &lt;span class=&quot;hps&quot;&gt;17580516&lt;/span&gt;&lt;br /&gt;&lt;span class=&quot;hps&quot;&gt;Fax:&lt;/span&gt; &lt;span class=&quot;hps&quot;&gt;17580035&lt;/span&gt;&lt;/span&gt;&lt;br /&gt;&lt;/span&gt;&lt;/p&gt;\n&lt;br /&gt;&lt;span style=&quot;font-size: medium;&quot;&gt;and you can use our contact form to send your inquiries:&lt;/span&gt;&lt;br /&gt;{contact_form}&lt;br /&gt;&lt;br /&gt;&lt;span id=&quot;result_box&quot; style=&quot;font-size: medium;&quot; lang=&quot;en&quot;&gt;&lt;span class=&quot;hps&quot;&gt;Dear&lt;/span&gt; &lt;span class=&quot;hps&quot;&gt;customers&lt;/span&gt; &lt;span class=&quot;hps&quot;&gt;and visitors &lt;span id=&quot;result_box&quot; style=&quot;font-size: medium;&quot; lang=&quot;en&quot;&gt;&lt;span class=&quot;hps&quot;&gt;You can also stay updated with &lt;/span&gt;&lt;/span&gt;&lt;/span&gt;&lt;span class=&quot;hps&quot;&gt;the latest&lt;/span&gt; &lt;span class=&quot;hps&quot;&gt;news&lt;/span&gt; &amp;amp; offers by&lt;span class=&quot;hps&quot;&gt; following us via our account in social media networks and by joining our mailing list&lt;br /&gt;&lt;/span&gt;&lt;/span&gt;&lt;/td&gt;\n&lt;/tr&gt;\n&lt;/tbody&gt;\n&lt;/table&gt;\n&lt;p&gt;&lt;span style=&quot;font-size: small;&quot;&gt;&lt;br /&gt;&lt;/span&gt;&lt;/p&gt;', 'EN', 82),
('Contact Us', 'contact', NULL, '&lt;p&gt; &lt;/p&gt;\n&lt;table style=&quot;margin-left: auto; margin-right: auto; width: 700px; border: 0pt solid #a9a9a9;&quot; border=&quot;0&quot; align=&quot;center&quot;&gt;\n&lt;tbody&gt;\n&lt;tr&gt;\n&lt;td&gt;\n&lt;p style=&quot;text-align: left;&quot; dir=&quot;ltr&quot;&gt;&lt;span style=&quot;font-size: medium;&quot;&gt;&lt;span id=&quot;result_box&quot; lang=&quot;en&quot;&gt;&lt;span class=&quot;hps&quot;&gt;Dear&lt;/span&gt; &lt;span class=&quot;hps&quot;&gt;Visitor&lt;/span&gt; &lt;span class=&quot;hps&quot;&gt;Thank you for&lt;/span&gt; &lt;span class=&quot;hps&quot;&gt;your desire&lt;/span&gt; &lt;span class=&quot;hps&quot;&gt;to contact our&lt;/span&gt;&lt;span class=&quot;hps&quot;&gt; team&lt;/span&gt; &lt;span class=&quot;hps&quot;&gt;of www.motorssouq.com&lt;/span&gt;&lt;span&gt;,&lt;/span&gt; &lt;span class=&quot;hps&quot;&gt;and&lt;/span&gt; in this page &lt;span class=&quot;hps&quot;&gt;we would like to&lt;/span&gt; provide &lt;span class=&quot;hps&quot;&gt;you with all the contact tools available in Motors Souq to:&lt;/span&gt;&lt;/span&gt;&lt;/span&gt;&lt;/p&gt;\n&lt;p style=&quot;text-align: left;&quot; dir=&quot;ltr&quot;&gt;&lt;span style=&quot;font-size: medium;&quot;&gt;&lt;span id=&quot;result_box&quot; lang=&quot;en&quot;&gt; &lt;br /&gt;&lt;br /&gt; &lt;span style=&quot;text-decoration: underline;&quot;&gt;&lt;strong&gt;&lt;span class=&quot;hps&quot;&gt;Administrative Office&lt;/span&gt;&lt;/strong&gt;&lt;/span&gt;&lt;br /&gt;&lt;span class=&quot;hps&quot;&gt;Office No.&lt;/span&gt; &lt;span class=&quot;hps&quot;&gt;1906&lt;/span&gt;&lt;br /&gt;Almoayyed &lt;span class=&quot;hps&quot;&gt;Tower&lt;/span&gt;&lt;span&gt;,&lt;/span&gt; &lt;span class=&quot;hps&quot;&gt;Seef District&lt;/span&gt;&lt;br /&gt;&lt;span class=&quot;hps&quot;&gt;PO Box&lt;/span&gt; &lt;span class=&quot;hps&quot;&gt;50595&lt;/span&gt;&lt;br /&gt;&lt;span class=&quot;hps&quot;&gt;Manama&lt;/span&gt; &lt;span class=&quot;hps&quot;&gt;428,&lt;/span&gt; &lt;span class=&quot;hps&quot;&gt;Kingdom of&lt;/span&gt; &lt;span class=&quot;hps&quot;&gt;Bahrain&lt;/span&gt;&lt;br /&gt;&lt;br /&gt; &lt;span class=&quot;hps&quot;&gt;Office:&lt;/span&gt; &lt;span class=&quot;hps&quot;&gt;17580516&lt;/span&gt;&lt;br /&gt;&lt;span class=&quot;hps&quot;&gt;Fax:&lt;/span&gt; &lt;span class=&quot;hps&quot;&gt;17580035&lt;/span&gt;&lt;/span&gt;&lt;br /&gt;&lt;/span&gt;&lt;/p&gt;\n&lt;br /&gt;&lt;span style=&quot;font-size: medium;&quot;&gt;and you can use our contact form to send your inquiries:&lt;/span&gt;&lt;br /&gt;{contact_form}&lt;br /&gt;&lt;br /&gt;&lt;span id=&quot;result_box&quot; style=&quot;font-size: medium;&quot; lang=&quot;en&quot;&gt;&lt;span class=&quot;hps&quot;&gt;Dear&lt;/span&gt; &lt;span class=&quot;hps&quot;&gt;customers&lt;/span&gt; &lt;span class=&quot;hps&quot;&gt;and visitors &lt;span id=&quot;result_box&quot; style=&quot;font-size: medium;&quot; lang=&quot;en&quot;&gt;&lt;span class=&quot;hps&quot;&gt;You can also stay updated with &lt;/span&gt;&lt;/span&gt;&lt;/span&gt;&lt;span class=&quot;hps&quot;&gt;the latest&lt;/span&gt; &lt;span class=&quot;hps&quot;&gt;news&lt;/span&gt; &amp;amp; offers by&lt;span class=&quot;hps&quot;&gt; following us via our account in social media networks and by joining our mailing list&lt;br /&gt;&lt;/span&gt;&lt;/span&gt;&lt;/td&gt;\n&lt;/tr&gt;\n&lt;/tbody&gt;\n&lt;/table&gt;\n&lt;p&gt;&lt;span style=&quot;font-size: small;&quot;&gt;&lt;br /&gt;&lt;/span&gt;&lt;/p&gt;', 'DE', 82),
('New Cars', 'new cars', 'new cars', '&lt;p&gt;{new_cars}&lt;/p&gt;', 'AR', 83),
('New Cars', 'new cars', 'new cars', '&lt;p&gt;{new_cars}&lt;/p&gt;', 'EN', 83),
('New Cars', 'new cars', 'new cars', '&lt;p&gt;{new_cars}&lt;/p&gt;', 'DE', 83),
('Popular Car', 'popular car', 'popular car', '&lt;p&gt;&lt;span&gt;{popular_cars}&lt;/span&gt;&lt;/p&gt;', 'AR', 84),
('Popular Car', 'popular car', 'popular car', '&lt;p&gt;&lt;span&gt;{popular_cars}&lt;/span&gt;&lt;/p&gt;', 'EN', 84),
('Popular Car', 'popular car', 'popular car', '&lt;p&gt;&lt;span&gt;{popular_cars}&lt;/span&gt;&lt;/p&gt;', 'DE', 84),
('Contact Motors Souq', 'contact us, contact form,  motors, motors Souq, contact motors Souq', 'find out all methods to contact the management of Motorssouq.com', '&lt;p&gt; &lt;/p&gt;\n&lt;table style=&quot;margin-left: auto; margin-right: auto; width: 700px; border: 0pt solid #a9a9a9;&quot; border=&quot;0&quot; align=&quot;center&quot;&gt;\n&lt;tbody&gt;\n&lt;tr&gt;\n&lt;td&gt;\n&lt;p style=&quot;text-align: left;&quot; dir=&quot;ltr&quot;&gt;&lt;span style=&quot;font-size: medium;&quot;&gt;&lt;span id=&quot;result_box&quot; lang=&quot;en&quot;&gt;&lt;span class=&quot;hps&quot;&gt;Dear&lt;/span&gt; &lt;span class=&quot;hps&quot;&gt;Visitor&lt;/span&gt; &lt;span class=&quot;hps&quot;&gt;Thank you for&lt;/span&gt; &lt;span class=&quot;hps&quot;&gt;your desire&lt;/span&gt; &lt;span class=&quot;hps&quot;&gt;to contact our&lt;/span&gt;&lt;span class=&quot;hps&quot;&gt; team&lt;/span&gt; &lt;span class=&quot;hps&quot;&gt;of www.motorssouq.com&lt;/span&gt;&lt;span&gt;,&lt;/span&gt; &lt;span class=&quot;hps&quot;&gt;and&lt;/span&gt; in this page &lt;span class=&quot;hps&quot;&gt;we would like to&lt;/span&gt; provide &lt;span class=&quot;hps&quot;&gt;you with all the contact tools available in Motors Souq to:&lt;/span&gt;&lt;/span&gt;&lt;/span&gt;&lt;/p&gt;\n&lt;p style=&quot;text-align: left;&quot; dir=&quot;ltr&quot;&gt;&lt;span style=&quot;font-size: medium;&quot;&gt;&lt;span id=&quot;result_box&quot; lang=&quot;en&quot;&gt; &lt;br /&gt;&lt;br /&gt; &lt;span style=&quot;text-decoration: underline;&quot;&gt;&lt;strong&gt;&lt;span class=&quot;hps&quot;&gt;Administrative Office&lt;/span&gt;&lt;/strong&gt;&lt;/span&gt;&lt;br /&gt;&lt;span class=&quot;hps&quot;&gt;Office No.&lt;/span&gt; &lt;span class=&quot;hps&quot;&gt;1906&lt;/span&gt;&lt;br /&gt;Almoayyed &lt;span class=&quot;hps&quot;&gt;Tower&lt;/span&gt;&lt;span&gt;,&lt;/span&gt; &lt;span class=&quot;hps&quot;&gt;Seef District&lt;/span&gt;&lt;br /&gt;&lt;span class=&quot;hps&quot;&gt;PO Box&lt;/span&gt; &lt;span class=&quot;hps&quot;&gt;50595&lt;/span&gt;&lt;br /&gt;&lt;span class=&quot;hps&quot;&gt;Manama&lt;/span&gt; &lt;span class=&quot;hps&quot;&gt;428,&lt;/span&gt; &lt;span class=&quot;hps&quot;&gt;Kingdom of&lt;/span&gt; &lt;span class=&quot;hps&quot;&gt;Bahrain&lt;/span&gt;&lt;br /&gt;&lt;br /&gt; &lt;span class=&quot;hps&quot;&gt;Office:&lt;/span&gt; &lt;span class=&quot;hps&quot;&gt;17580516&lt;/span&gt;&lt;br /&gt;&lt;span class=&quot;hps&quot;&gt;Fax:&lt;/span&gt; &lt;span class=&quot;hps&quot;&gt;17580035&lt;/span&gt;&lt;/span&gt;&lt;br /&gt;&lt;/span&gt;&lt;/p&gt;\n&lt;br /&gt;&lt;span style=&quot;font-size: medium;&quot;&gt;and you can use our contact form to send your inquiries:&lt;/span&gt;&lt;br /&gt;{contact_form}&lt;br /&gt;&lt;br /&gt;&lt;span id=&quot;result_box&quot; style=&quot;font-size: medium;&quot; lang=&quot;en&quot;&gt;&lt;span class=&quot;hps&quot;&gt;Dear&lt;/span&gt; &lt;span class=&quot;hps&quot;&gt;customers&lt;/span&gt; &lt;span class=&quot;hps&quot;&gt;and visitors &lt;span id=&quot;result_box&quot; style=&quot;font-size: medium;&quot; lang=&quot;en&quot;&gt;&lt;span class=&quot;hps&quot;&gt;You can also stay updated with &lt;/span&gt;&lt;/span&gt;&lt;/span&gt;&lt;span class=&quot;hps&quot;&gt;the latest&lt;/span&gt; &lt;span class=&quot;hps&quot;&gt;news&lt;/span&gt; &amp;amp; offers by&lt;span class=&quot;hps&quot;&gt; following us via our account in social media networks and by joining our mailing list&lt;br /&gt;&lt;/span&gt;&lt;/span&gt;&lt;/td&gt;\n&lt;/tr&gt;\n&lt;/tbody&gt;\n&lt;/table&gt;\n&lt;p&gt;&lt;span style=&quot;font-size: small;&quot;&gt;&lt;br /&gt;&lt;/span&gt;&lt;/p&gt;', 'AR', 85),
('Contact Motors Souq', 'contact us, contact form,  motors, motors Souq, contact motors Souq', 'find out all methods to contact the management of Motorssouq.com', '&lt;p&gt; &lt;/p&gt;\n&lt;table style=&quot;margin-left: auto; margin-right: auto; width: 700px; border: 0pt solid #a9a9a9;&quot; border=&quot;0&quot; align=&quot;center&quot;&gt;\n&lt;tbody&gt;\n&lt;tr&gt;\n&lt;td&gt;\n&lt;p style=&quot;text-align: left;&quot; dir=&quot;ltr&quot;&gt;&lt;span style=&quot;font-size: medium;&quot;&gt;&lt;span id=&quot;result_box&quot; lang=&quot;en&quot;&gt;&lt;span class=&quot;hps&quot;&gt;Dear&lt;/span&gt; &lt;span class=&quot;hps&quot;&gt;Visitor&lt;/span&gt; &lt;span class=&quot;hps&quot;&gt;Thank you for&lt;/span&gt; &lt;span class=&quot;hps&quot;&gt;your desire&lt;/span&gt; &lt;span class=&quot;hps&quot;&gt;to contact our&lt;/span&gt;&lt;span class=&quot;hps&quot;&gt; team&lt;/span&gt; &lt;span class=&quot;hps&quot;&gt;of www.motorssouq.com&lt;/span&gt;&lt;span&gt;,&lt;/span&gt; &lt;span class=&quot;hps&quot;&gt;and&lt;/span&gt; in this page &lt;span class=&quot;hps&quot;&gt;we would like to&lt;/span&gt; provide &lt;span class=&quot;hps&quot;&gt;you with all the contact tools available in Motors Souq to:&lt;/span&gt;&lt;/span&gt;&lt;/span&gt;&lt;/p&gt;\n&lt;p style=&quot;text-align: left;&quot; dir=&quot;ltr&quot;&gt;&lt;span style=&quot;font-size: medium;&quot;&gt;&lt;span id=&quot;result_box&quot; lang=&quot;en&quot;&gt; &lt;br /&gt;&lt;br /&gt; &lt;span style=&quot;text-decoration: underline;&quot;&gt;&lt;strong&gt;&lt;span class=&quot;hps&quot;&gt;Administrative Office&lt;/span&gt;&lt;/strong&gt;&lt;/span&gt;&lt;br /&gt;&lt;span class=&quot;hps&quot;&gt;Office No.&lt;/span&gt; &lt;span class=&quot;hps&quot;&gt;1906&lt;/span&gt;&lt;br /&gt;Almoayyed &lt;span class=&quot;hps&quot;&gt;Tower&lt;/span&gt;&lt;span&gt;,&lt;/span&gt; &lt;span class=&quot;hps&quot;&gt;Seef District&lt;/span&gt;&lt;br /&gt;&lt;span class=&quot;hps&quot;&gt;PO Box&lt;/span&gt; &lt;span class=&quot;hps&quot;&gt;50595&lt;/span&gt;&lt;br /&gt;&lt;span class=&quot;hps&quot;&gt;Manama&lt;/span&gt; &lt;span class=&quot;hps&quot;&gt;428,&lt;/span&gt; &lt;span class=&quot;hps&quot;&gt;Kingdom of&lt;/span&gt; &lt;span class=&quot;hps&quot;&gt;Bahrain&lt;/span&gt;&lt;br /&gt;&lt;br /&gt; &lt;span class=&quot;hps&quot;&gt;Office:&lt;/span&gt; &lt;span class=&quot;hps&quot;&gt;17580516&lt;/span&gt;&lt;br /&gt;&lt;span class=&quot;hps&quot;&gt;Fax:&lt;/span&gt; &lt;span class=&quot;hps&quot;&gt;17580035&lt;/span&gt;&lt;/span&gt;&lt;br /&gt;&lt;/span&gt;&lt;/p&gt;\n&lt;br /&gt;&lt;span style=&quot;font-size: medium;&quot;&gt;and you can use our contact form to send your inquiries:&lt;/span&gt;&lt;br /&gt;{contact_form}&lt;br /&gt;&lt;br /&gt;&lt;span id=&quot;result_box&quot; style=&quot;font-size: medium;&quot; lang=&quot;en&quot;&gt;&lt;span class=&quot;hps&quot;&gt;Dear&lt;/span&gt; &lt;span class=&quot;hps&quot;&gt;customers&lt;/span&gt; &lt;span class=&quot;hps&quot;&gt;and visitors &lt;span id=&quot;result_box&quot; style=&quot;font-size: medium;&quot; lang=&quot;en&quot;&gt;&lt;span class=&quot;hps&quot;&gt;You can also stay updated with &lt;/span&gt;&lt;/span&gt;&lt;/span&gt;&lt;span class=&quot;hps&quot;&gt;the latest&lt;/span&gt; &lt;span class=&quot;hps&quot;&gt;news&lt;/span&gt; &amp;amp; offers by&lt;span class=&quot;hps&quot;&gt; following us via our account in social media networks and by joining our mailing list&lt;br /&gt;&lt;/span&gt;&lt;/span&gt;&lt;/td&gt;\n&lt;/tr&gt;\n&lt;/tbody&gt;\n&lt;/table&gt;\n&lt;p&gt;&lt;span style=&quot;font-size: small;&quot;&gt;&lt;br /&gt;&lt;/span&gt;&lt;/p&gt;', 'EN', 85),
('Contact Motors Souq', 'contact us, contact form,  motors, motors Souq, contact motors Souq', 'find out all methods to contact the management of Motorssouq.com', '&lt;p&gt; &lt;/p&gt;\n&lt;table style=&quot;margin-left: auto; margin-right: auto; width: 700px; border: 0pt solid #a9a9a9;&quot; border=&quot;0&quot; align=&quot;center&quot;&gt;\n&lt;tbody&gt;\n&lt;tr&gt;\n&lt;td&gt;\n&lt;p style=&quot;text-align: left;&quot; dir=&quot;ltr&quot;&gt;&lt;span style=&quot;font-size: medium;&quot;&gt;&lt;span id=&quot;result_box&quot; lang=&quot;en&quot;&gt;&lt;span class=&quot;hps&quot;&gt;Dear&lt;/span&gt; &lt;span class=&quot;hps&quot;&gt;Visitor&lt;/span&gt; &lt;span class=&quot;hps&quot;&gt;Thank you for&lt;/span&gt; &lt;span class=&quot;hps&quot;&gt;your desire&lt;/span&gt; &lt;span class=&quot;hps&quot;&gt;to contact our&lt;/span&gt;&lt;span class=&quot;hps&quot;&gt; team&lt;/span&gt; &lt;span class=&quot;hps&quot;&gt;of www.motorssouq.com&lt;/span&gt;&lt;span&gt;,&lt;/span&gt; &lt;span class=&quot;hps&quot;&gt;and&lt;/span&gt; in this page &lt;span class=&quot;hps&quot;&gt;we would like to&lt;/span&gt; provide &lt;span class=&quot;hps&quot;&gt;you with all the contact tools available in Motors Souq to:&lt;/span&gt;&lt;/span&gt;&lt;/span&gt;&lt;/p&gt;\n&lt;p style=&quot;text-align: left;&quot; dir=&quot;ltr&quot;&gt;&lt;span style=&quot;font-size: medium;&quot;&gt;&lt;span id=&quot;result_box&quot; lang=&quot;en&quot;&gt; &lt;br /&gt;&lt;br /&gt; &lt;span style=&quot;text-decoration: underline;&quot;&gt;&lt;strong&gt;&lt;span class=&quot;hps&quot;&gt;Administrative Office&lt;/span&gt;&lt;/strong&gt;&lt;/span&gt;&lt;br /&gt;&lt;span class=&quot;hps&quot;&gt;Office No.&lt;/span&gt; &lt;span class=&quot;hps&quot;&gt;1906&lt;/span&gt;&lt;br /&gt;Almoayyed &lt;span class=&quot;hps&quot;&gt;Tower&lt;/span&gt;&lt;span&gt;,&lt;/span&gt; &lt;span class=&quot;hps&quot;&gt;Seef District&lt;/span&gt;&lt;br /&gt;&lt;span class=&quot;hps&quot;&gt;PO Box&lt;/span&gt; &lt;span class=&quot;hps&quot;&gt;50595&lt;/span&gt;&lt;br /&gt;&lt;span class=&quot;hps&quot;&gt;Manama&lt;/span&gt; &lt;span class=&quot;hps&quot;&gt;428,&lt;/span&gt; &lt;span class=&quot;hps&quot;&gt;Kingdom of&lt;/span&gt; &lt;span class=&quot;hps&quot;&gt;Bahrain&lt;/span&gt;&lt;br /&gt;&lt;br /&gt; &lt;span class=&quot;hps&quot;&gt;Office:&lt;/span&gt; &lt;span class=&quot;hps&quot;&gt;17580516&lt;/span&gt;&lt;br /&gt;&lt;span class=&quot;hps&quot;&gt;Fax:&lt;/span&gt; &lt;span class=&quot;hps&quot;&gt;17580035&lt;/span&gt;&lt;/span&gt;&lt;br /&gt;&lt;/span&gt;&lt;/p&gt;\n&lt;br /&gt;&lt;span style=&quot;font-size: medium;&quot;&gt;and you can use our contact form to send your inquiries:&lt;/span&gt;&lt;br /&gt;{contact_form}&lt;br /&gt;&lt;br /&gt;&lt;span id=&quot;result_box&quot; style=&quot;font-size: medium;&quot; lang=&quot;en&quot;&gt;&lt;span class=&quot;hps&quot;&gt;Dear&lt;/span&gt; &lt;span class=&quot;hps&quot;&gt;customers&lt;/span&gt; &lt;span class=&quot;hps&quot;&gt;and visitors &lt;span id=&quot;result_box&quot; style=&quot;font-size: medium;&quot; lang=&quot;en&quot;&gt;&lt;span class=&quot;hps&quot;&gt;You can also stay updated with &lt;/span&gt;&lt;/span&gt;&lt;/span&gt;&lt;span class=&quot;hps&quot;&gt;the latest&lt;/span&gt; &lt;span class=&quot;hps&quot;&gt;news&lt;/span&gt; &amp;amp; offers by&lt;span class=&quot;hps&quot;&gt; following us via our account in social media networks and by joining our mailing list&lt;br /&gt;&lt;/span&gt;&lt;/span&gt;&lt;/td&gt;\n&lt;/tr&gt;\n&lt;/tbody&gt;\n&lt;/table&gt;\n&lt;p&gt;&lt;span style=&quot;font-size: small;&quot;&gt;&lt;br /&gt;&lt;/span&gt;&lt;/p&gt;', 'DE', 85),
('Locate Us', 'motorssouq.com office location, locate motorssouq.com in bahrain', 'to visit our office in Bahrain you can view Our location from Google map', NULL, 'AR', 86),
('Locate Us', 'motorssouq.com office location, locate motorssouq.com in bahrain', 'to visit our office in Bahrain you can view Our location from Google map', NULL, 'EN', 86),
('Locate Us', 'motorssouq.com office location, locate motorssouq.com in bahrain', 'to visit our office in Bahrain you can view Our location from Google map', NULL, 'DE', 86),
('Locate Us', 'motorssouq.com office location, locate motorssouq.com in bahrain', 'to visit our office in Bahrain you can view Our location from Google map', NULL, 'AR', 87),
('Locate Us', 'motorssouq.com office location, locate motorssouq.com in bahrain', 'to visit our office in Bahrain you can view Our location from Google map', NULL, 'EN', 87),
('Locate Us', 'motorssouq.com office location, locate motorssouq.com in bahrain', 'to visit our office in Bahrain you can view Our location from Google map', NULL, 'DE', 87),
('موقع مكتب موتورز سوق الإداري', 'موتورز سوق، مكتب موتورز سوق، إدارة موقع موتورز سوق، زيارة موتورز سوق', 'لزيارة مكتبنا في البحرين يمكنك عرض موقعنا من خريطة جوجل', '&lt;p&gt; &lt;/p&gt;\n&lt;table style=&quot;margin-left: auto; margin-right: auto; width: 700px; border: 0pt solid #a9a9a9;&quot; border=&quot;0&quot; align=&quot;center&quot;&gt;\n&lt;tbody&gt;\n&lt;tr&gt;\n&lt;td&gt;\n&lt;p dir=&quot;RTL&quot;&gt;&lt;span style=&quot;font-size: medium;&quot;&gt;يقع مكتب موتورز سوق الإداري في واحدة من أكثر المواقع نشاطاً وتميزاً في مملكة البحرين (ضاحية السيف) لتجعل من السهل الوصول إلى مكاتبنا، ونرحب بالجميع لزيارتنا عند أخذ موعد لقاء مسبق&lt;/span&gt;&lt;/p&gt;\n&lt;p dir=&quot;RTL&quot;&gt;&lt;span style=&quot;font-size: medium;&quot;&gt;المكتب الإداري:&lt;/span&gt;&lt;/p&gt;\n&lt;p dir=&quot;RTL&quot;&gt;&lt;span style=&quot;font-size: medium;&quot;&gt;مكتب 1906، الطابق 19&lt;/span&gt;&lt;/p&gt;\n&lt;p dir=&quot;RTL&quot;&gt;&lt;span style=&quot;font-size: medium;&quot;&gt;برج المؤيد، ضاحية السيف&lt;/span&gt;&lt;/p&gt;\n&lt;p dir=&quot;RTL&quot;&gt;&lt;span style=&quot;font-size: medium;&quot;&gt;ص.ب 50595&lt;/span&gt;&lt;/p&gt;\n&lt;p dir=&quot;RTL&quot;&gt;&lt;span style=&quot;font-size: medium;&quot;&gt;المنامة 428، مملكة البحرين&lt;/span&gt;&lt;/p&gt;\n&lt;p dir=&quot;RTL&quot;&gt; &lt;/p&gt;\n&lt;p dir=&quot;RTL&quot;&gt;&lt;span style=&quot;font-size: medium;&quot;&gt;المكتب: 17580516&lt;/span&gt;&lt;/p&gt;\n&lt;p dir=&quot;RTL&quot;&gt;&lt;span style=&quot;font-size: medium;&quot;&gt;الفاكس: 17580035&lt;br /&gt;&lt;/span&gt;&lt;/p&gt;\n&lt;/td&gt;\n&lt;/tr&gt;\n&lt;/tbody&gt;\n&lt;/table&gt;\n&lt;p&gt; &lt;/p&gt;\n&lt;p&gt;&lt;iframe style=&quot;display: block; margin-left: auto; margin-right: auto;&quot; src=&quot;https://maps.google.com/maps?ie=UTF8&amp;amp;cid=803601251245255637&amp;amp;q=Motors+Souq&amp;amp;gl=US&amp;amp;hl=en&amp;amp;hq=Motors+Souq&amp;amp;hnear=&amp;amp;ll=26.237362,50.54153&amp;amp;spn=0.006295,0.006295&amp;amp;t=h&amp;amp;iwloc=A&amp;amp;output=embed&quot; frameborder=&quot;0&quot; marginwidth=&quot;0&quot; marginheight=&quot;0&quot; scrolling=&quot;no&quot; width=&quot;425&quot; height=&quot;350&quot;&gt;&lt;/iframe&gt;&lt;br /&gt;&lt;small&gt;&lt;a style=&quot;color: #0000ff; text-align: left;&quot; href=&quot;https://maps.google.com/maps?ie=UTF8&amp;amp;cid=803601251245255637&amp;amp;q=Motors+Souq&amp;amp;gl=US&amp;amp;hl=en&amp;amp;hq=Motors+Souq&amp;amp;hnear=&amp;amp;ll=26.237362,50.54153&amp;amp;spn=0.006295,0.006295&amp;amp;t=h&amp;amp;iwloc=A&amp;amp;source=embed&quot;&gt;View Larger Map&lt;/a&gt;&lt;/small&gt;&lt;/p&gt;', 'AR', 88),
('Motors Souq office location', 'motorssouq.com office location, locate motorssouq.com in bahrain', 'to visit our office in Bahrain you can view Our location from Google map', '&lt;p&gt; &lt;/p&gt;\n&lt;table style=&quot;margin-left: auto; margin-right: auto; width: 700px; border: 0pt solid #a9a9a9;&quot; border=&quot;0&quot; align=&quot;center&quot;&gt;\n&lt;tbody&gt;\n&lt;tr&gt;\n&lt;td&gt;\n&lt;p style=&quot;text-align: left;&quot; dir=&quot;ltr&quot;&gt;&lt;span style=&quot;font-size: medium;&quot;&gt;&lt;span id=&quot;result_box&quot; lang=&quot;en&quot;&gt;&lt;span class=&quot;hps&quot;&gt;Motors Souq is located in one of the most unique locations in the kingdom of bahrain (seef district) to make it easy for visitors to locate us and they are welcomed to visit our administration office with an advance appointment.&lt;/span&gt;&lt;/span&gt;&lt;/span&gt;&lt;/p&gt;\n&lt;p style=&quot;text-align: left;&quot; dir=&quot;ltr&quot;&gt;&lt;span style=&quot;font-size: medium;&quot;&gt;&lt;span id=&quot;result_box&quot; lang=&quot;en&quot;&gt; &lt;span style=&quot;text-decoration: underline;&quot;&gt;&lt;strong&gt;&lt;span class=&quot;hps&quot;&gt;Administrative Office&lt;/span&gt;&lt;/strong&gt;&lt;/span&gt;&lt;br /&gt;&lt;span class=&quot;hps&quot;&gt;Office No.&lt;/span&gt; &lt;span class=&quot;hps&quot;&gt;1906, floor 19th&lt;/span&gt;&lt;br /&gt;Almoayyed &lt;span class=&quot;hps&quot;&gt;Tower&lt;/span&gt;&lt;span&gt;,&lt;/span&gt; &lt;span class=&quot;hps&quot;&gt;Seef District&lt;/span&gt;&lt;br /&gt;&lt;span class=&quot;hps&quot;&gt;PO Box&lt;/span&gt; &lt;span class=&quot;hps&quot;&gt;50595&lt;/span&gt;&lt;br /&gt;&lt;span class=&quot;hps&quot;&gt;Manama&lt;/span&gt; &lt;span class=&quot;hps&quot;&gt;428,&lt;/span&gt; &lt;span class=&quot;hps&quot;&gt;Kingdom of&lt;/span&gt; &lt;span class=&quot;hps&quot;&gt;Bahrain&lt;/span&gt;&lt;br /&gt;&lt;br /&gt; &lt;span class=&quot;hps&quot;&gt;Office:&lt;/span&gt; &lt;span class=&quot;hps&quot;&gt;17580516&lt;/span&gt;&lt;br /&gt;&lt;span class=&quot;hps&quot;&gt;Fax:&lt;/span&gt; &lt;span class=&quot;hps&quot;&gt;17580035&lt;/span&gt;&lt;/span&gt;&lt;br /&gt;&lt;/span&gt;&lt;/p&gt;\n&lt;/td&gt;\n&lt;/tr&gt;\n&lt;/tbody&gt;\n&lt;/table&gt;\n&lt;p&gt; &lt;/p&gt;\n&lt;p&gt;&lt;iframe style=&quot;display: block; margin-left: auto; margin-right: auto;&quot; src=&quot;https://maps.google.com/maps?ie=UTF8&amp;amp;cid=803601251245255637&amp;amp;q=Motors+Souq&amp;amp;gl=US&amp;amp;hl=en&amp;amp;hq=Motors+Souq&amp;amp;hnear=&amp;amp;ll=26.237362,50.54153&amp;amp;spn=0.006295,0.006295&amp;amp;t=h&amp;amp;iwloc=A&amp;amp;output=embed&quot; frameborder=&quot;0&quot; marginwidth=&quot;0&quot; marginheight=&quot;0&quot; scrolling=&quot;no&quot; width=&quot;425&quot; height=&quot;350&quot;&gt;&lt;/iframe&gt;&lt;br /&gt;&lt;small&gt;&lt;a style=&quot;color: #0000ff; text-align: left;&quot; href=&quot;https://maps.google.com/maps?ie=UTF8&amp;amp;cid=803601251245255637&amp;amp;q=Motors+Souq&amp;amp;gl=US&amp;amp;hl=en&amp;amp;hq=Motors+Souq&amp;amp;hnear=&amp;amp;ll=26.237362,50.54153&amp;amp;spn=0.006295,0.006295&amp;amp;t=h&amp;amp;iwloc=A&amp;amp;source=embed&quot;&gt;View Larger Map&lt;/a&gt;&lt;/small&gt;&lt;/p&gt;', 'EN', 88),
('Locate Us', 'motorssouq.com office location, locate motorssouq.com in bahrain', 'to visit our office in Bahrain you can view Our location from Google map', '&lt;p&gt;&lt;iframe style=&quot;display: block; margin-left: auto; margin-right: auto;&quot; src=&quot;https://maps.google.com/maps/myplaces?hl=en&amp;amp;ctz=-180&amp;amp;ie=UTF8&amp;amp;ll=26.235601,50.541669&amp;amp;spn=0.016649,0.027874&amp;amp;t=h&amp;amp;z=16&amp;amp;iwloc=A&quot; frameborder=&quot;0&quot; marginwidth=&quot;0&quot; marginheight=&quot;0&quot; scrolling=&quot;no&quot; width=&quot;425&quot; height=&quot;350&quot;&gt;&lt;/iframe&gt;&lt;br /&gt;&lt;small&gt;&lt;a style=&quot;color: #0000ff; text-align: left;&quot; href=&quot;https://maps.google.com/maps/myplaces?hl=en&amp;amp;ctz=-180&amp;amp;ie=UTF8&amp;amp;ll=26.235601,50.541669&amp;amp;spn=0.016649,0.027874&amp;amp;t=h&amp;amp;z=16&amp;amp;iwloc=A&amp;amp;source=embed&quot;&gt;View Larger Map&lt;/a&gt;&lt;/small&gt;&lt;/p&gt;', 'DE', 88),
('site map', 'motorssouq.com site map, site map, motors souq site map', 'view motorsouq.com site map for a quick navigation', NULL, 'AR', 89),
('site map', 'motorssouq.com site map, site map, motors souq site map', 'view motorsouq.com site map for a quick navigation', NULL, 'EN', 89),
('site map', 'motorssouq.com site map, site map, motors souq site map', 'view motorsouq.com site map for a quick navigation', NULL, 'DE', 89),
('privacy policy', 'motors souq privacy policy, motorssouq.com privacy policy, privacy policy', 'important for you to read motorssouq.com privacy policy.', '&lt;p&gt; &lt;/p&gt;\n&lt;table style=&quot;margin-left: auto; margin-right: auto; width: 700px; border: 0pt solid #a9a9a9;&quot; border=&quot;0&quot; align=&quot;center&quot;&gt;\n&lt;tbody&gt;\n&lt;tr&gt;\n&lt;td&gt;\n&lt;p style=&quot;text-align: left;&quot; dir=&quot;ltr&quot;&gt;&lt;span style=&quot;font-size: medium;&quot;&gt;&lt;span id=&quot;result_box&quot; lang=&quot;en&quot;&gt;&lt;span class=&quot;hps&quot;&gt;Dear&lt;/span&gt; &lt;span class=&quot;hps&quot;&gt;Visitor&lt;/span&gt; &lt;span class=&quot;hps&quot;&gt;Thank you for&lt;/span&gt; &lt;span class=&quot;hps&quot;&gt;your desire&lt;/span&gt; &lt;span class=&quot;hps&quot;&gt;to contact our&lt;/span&gt;&lt;span class=&quot;hps&quot;&gt; team&lt;/span&gt; &lt;span class=&quot;hps&quot;&gt;of www.motorssouq.com&lt;/span&gt;&lt;span&gt;,&lt;/span&gt; &lt;span class=&quot;hps&quot;&gt;and&lt;/span&gt; in this page &lt;span class=&quot;hps&quot;&gt;we would like to&lt;/span&gt; provide &lt;span class=&quot;hps&quot;&gt;you with all the contact tools available in Motors Souq to:&lt;/span&gt;&lt;/span&gt;&lt;/span&gt;&lt;/p&gt;\n&lt;p style=&quot;text-align: left;&quot; dir=&quot;ltr&quot;&gt;&lt;span style=&quot;font-size: medium;&quot;&gt;&lt;span id=&quot;result_box&quot; lang=&quot;en&quot;&gt; &lt;br /&gt;&lt;br /&gt; &lt;span style=&quot;text-decoration: underline;&quot;&gt;&lt;strong&gt;&lt;span class=&quot;hps&quot;&gt;Administrative Office&lt;/span&gt;&lt;/strong&gt;&lt;/span&gt;&lt;br /&gt;&lt;span class=&quot;hps&quot;&gt;Office No.&lt;/span&gt; &lt;span class=&quot;hps&quot;&gt;1906&lt;/span&gt;&lt;br /&gt;Almoayyed &lt;span class=&quot;hps&quot;&gt;Tower&lt;/span&gt;&lt;span&gt;,&lt;/span&gt; &lt;span class=&quot;hps&quot;&gt;Seef District&lt;/span&gt;&lt;br /&gt;&lt;span class=&quot;hps&quot;&gt;PO Box&lt;/span&gt; &lt;span class=&quot;hps&quot;&gt;50595&lt;/span&gt;&lt;br /&gt;&lt;span class=&quot;hps&quot;&gt;Manama&lt;/span&gt; &lt;span class=&quot;hps&quot;&gt;428,&lt;/span&gt; &lt;span class=&quot;hps&quot;&gt;Kingdom of&lt;/span&gt; &lt;span class=&quot;hps&quot;&gt;Bahrain&lt;/span&gt;&lt;br /&gt;&lt;br /&gt; &lt;span class=&quot;hps&quot;&gt;Office:&lt;/span&gt; &lt;span class=&quot;hps&quot;&gt;17580516&lt;/span&gt;&lt;br /&gt;&lt;span class=&quot;hps&quot;&gt;Fax:&lt;/span&gt; &lt;span class=&quot;hps&quot;&gt;17580035&lt;/span&gt;&lt;/span&gt;&lt;br /&gt;&lt;/span&gt;&lt;/p&gt;\n&lt;br /&gt;&lt;span style=&quot;font-size: medium;&quot;&gt;and you can use our contact form to send your inquiries:&lt;/span&gt;&lt;br /&gt;{contact_form}&lt;br /&gt;&lt;br /&gt;&lt;span id=&quot;result_box&quot; style=&quot;font-size: medium;&quot; lang=&quot;en&quot;&gt;&lt;span class=&quot;hps&quot;&gt;Dear&lt;/span&gt; &lt;span class=&quot;hps&quot;&gt;customers&lt;/span&gt; &lt;span class=&quot;hps&quot;&gt;and visitors &lt;span id=&quot;result_box&quot; style=&quot;font-size: medium;&quot; lang=&quot;en&quot;&gt;&lt;span class=&quot;hps&quot;&gt;You can also stay updated with &lt;/span&gt;&lt;/span&gt;&lt;/span&gt;&lt;span class=&quot;hps&quot;&gt;the latest&lt;/span&gt; &lt;span class=&quot;hps&quot;&gt;news&lt;/span&gt; &amp;amp; offers by&lt;span class=&quot;hps&quot;&gt; following us via our account in social media networks and by joining our mailing list&lt;br /&gt;&lt;/span&gt;&lt;/span&gt;&lt;/td&gt;\n&lt;/tr&gt;\n&lt;/tbody&gt;\n&lt;/table&gt;\n&lt;p&gt;&lt;span style=&quot;font-size: small;&quot;&gt;&lt;br /&gt;&lt;/span&gt;&lt;/p&gt;', 'AR', 90);
INSERT INTO `cms_page_lang` (`title`, `keywords`, `description`, `content`, `lang`, `cms_page_id`) VALUES
('privacy policy', 'motors souq privacy policy, motorssouq.com privacy policy, privacy policy', 'important for you to read motorssouq.com privacy policy.', '&lt;p&gt; &lt;/p&gt;\n&lt;table style=&quot;margin-left: auto; margin-right: auto; width: 700px; border: 0pt solid #a9a9a9;&quot; border=&quot;0&quot; align=&quot;center&quot;&gt;\n&lt;tbody&gt;\n&lt;tr&gt;\n&lt;td&gt;\n&lt;p style=&quot;text-align: left;&quot; dir=&quot;ltr&quot;&gt;&lt;span style=&quot;font-size: medium;&quot;&gt;&lt;span id=&quot;result_box&quot; lang=&quot;en&quot;&gt;&lt;span class=&quot;hps&quot;&gt;Dear&lt;/span&gt; &lt;span class=&quot;hps&quot;&gt;Visitor&lt;/span&gt; &lt;span class=&quot;hps&quot;&gt;Thank you for&lt;/span&gt; &lt;span class=&quot;hps&quot;&gt;your desire&lt;/span&gt; &lt;span class=&quot;hps&quot;&gt;to contact our&lt;/span&gt;&lt;span class=&quot;hps&quot;&gt; team&lt;/span&gt; &lt;span class=&quot;hps&quot;&gt;of www.motorssouq.com&lt;/span&gt;&lt;span&gt;,&lt;/span&gt; &lt;span class=&quot;hps&quot;&gt;and&lt;/span&gt; in this page &lt;span class=&quot;hps&quot;&gt;we would like to&lt;/span&gt; provide &lt;span class=&quot;hps&quot;&gt;you with all the contact tools available in Motors Souq to:&lt;/span&gt;&lt;/span&gt;&lt;/span&gt;&lt;/p&gt;\n&lt;p style=&quot;text-align: left;&quot; dir=&quot;ltr&quot;&gt;&lt;span style=&quot;font-size: medium;&quot;&gt;&lt;span id=&quot;result_box&quot; lang=&quot;en&quot;&gt; &lt;br /&gt;&lt;br /&gt; &lt;span style=&quot;text-decoration: underline;&quot;&gt;&lt;strong&gt;&lt;span class=&quot;hps&quot;&gt;Administrative Office&lt;/span&gt;&lt;/strong&gt;&lt;/span&gt;&lt;br /&gt;&lt;span class=&quot;hps&quot;&gt;Office No.&lt;/span&gt; &lt;span class=&quot;hps&quot;&gt;1906&lt;/span&gt;&lt;br /&gt;Almoayyed &lt;span class=&quot;hps&quot;&gt;Tower&lt;/span&gt;&lt;span&gt;,&lt;/span&gt; &lt;span class=&quot;hps&quot;&gt;Seef District&lt;/span&gt;&lt;br /&gt;&lt;span class=&quot;hps&quot;&gt;PO Box&lt;/span&gt; &lt;span class=&quot;hps&quot;&gt;50595&lt;/span&gt;&lt;br /&gt;&lt;span class=&quot;hps&quot;&gt;Manama&lt;/span&gt; &lt;span class=&quot;hps&quot;&gt;428,&lt;/span&gt; &lt;span class=&quot;hps&quot;&gt;Kingdom of&lt;/span&gt; &lt;span class=&quot;hps&quot;&gt;Bahrain&lt;/span&gt;&lt;br /&gt;&lt;br /&gt; &lt;span class=&quot;hps&quot;&gt;Office:&lt;/span&gt; &lt;span class=&quot;hps&quot;&gt;17580516&lt;/span&gt;&lt;br /&gt;&lt;span class=&quot;hps&quot;&gt;Fax:&lt;/span&gt; &lt;span class=&quot;hps&quot;&gt;17580035&lt;/span&gt;&lt;/span&gt;&lt;br /&gt;&lt;/span&gt;&lt;/p&gt;\n&lt;br /&gt;&lt;span style=&quot;font-size: medium;&quot;&gt;and you can use our contact form to send your inquiries:&lt;/span&gt;&lt;br /&gt;{contact_form}&lt;br /&gt;&lt;br /&gt;&lt;span id=&quot;result_box&quot; style=&quot;font-size: medium;&quot; lang=&quot;en&quot;&gt;&lt;span class=&quot;hps&quot;&gt;Dear&lt;/span&gt; &lt;span class=&quot;hps&quot;&gt;customers&lt;/span&gt; &lt;span class=&quot;hps&quot;&gt;and visitors &lt;span id=&quot;result_box&quot; style=&quot;font-size: medium;&quot; lang=&quot;en&quot;&gt;&lt;span class=&quot;hps&quot;&gt;You can also stay updated with &lt;/span&gt;&lt;/span&gt;&lt;/span&gt;&lt;span class=&quot;hps&quot;&gt;the latest&lt;/span&gt; &lt;span class=&quot;hps&quot;&gt;news&lt;/span&gt; &amp;amp; offers by&lt;span class=&quot;hps&quot;&gt; following us via our account in social media networks and by joining our mailing list&lt;br /&gt;&lt;/span&gt;&lt;/span&gt;&lt;/td&gt;\n&lt;/tr&gt;\n&lt;/tbody&gt;\n&lt;/table&gt;\n&lt;p&gt;&lt;span style=&quot;font-size: small;&quot;&gt;&lt;br /&gt;&lt;/span&gt;&lt;/p&gt;', 'EN', 90),
('privacy policy', 'motors souq privacy policy, motorssouq.com privacy policy, privacy policy', 'important for you to read motorssouq.com privacy policy.', '&lt;p&gt; &lt;/p&gt;\n&lt;table style=&quot;margin-left: auto; margin-right: auto; width: 700px; border: 0pt solid #a9a9a9;&quot; border=&quot;0&quot; align=&quot;center&quot;&gt;\n&lt;tbody&gt;\n&lt;tr&gt;\n&lt;td&gt;\n&lt;p style=&quot;text-align: left;&quot; dir=&quot;ltr&quot;&gt;&lt;span style=&quot;font-size: medium;&quot;&gt;&lt;span id=&quot;result_box&quot; lang=&quot;en&quot;&gt;&lt;span class=&quot;hps&quot;&gt;Dear&lt;/span&gt; &lt;span class=&quot;hps&quot;&gt;Visitor&lt;/span&gt; &lt;span class=&quot;hps&quot;&gt;Thank you for&lt;/span&gt; &lt;span class=&quot;hps&quot;&gt;your desire&lt;/span&gt; &lt;span class=&quot;hps&quot;&gt;to contact our&lt;/span&gt;&lt;span class=&quot;hps&quot;&gt; team&lt;/span&gt; &lt;span class=&quot;hps&quot;&gt;of www.motorssouq.com&lt;/span&gt;&lt;span&gt;,&lt;/span&gt; &lt;span class=&quot;hps&quot;&gt;and&lt;/span&gt; in this page &lt;span class=&quot;hps&quot;&gt;we would like to&lt;/span&gt; provide &lt;span class=&quot;hps&quot;&gt;you with all the contact tools available in Motors Souq to:&lt;/span&gt;&lt;/span&gt;&lt;/span&gt;&lt;/p&gt;\n&lt;p style=&quot;text-align: left;&quot; dir=&quot;ltr&quot;&gt;&lt;span style=&quot;font-size: medium;&quot;&gt;&lt;span id=&quot;result_box&quot; lang=&quot;en&quot;&gt; &lt;br /&gt;&lt;br /&gt; &lt;span style=&quot;text-decoration: underline;&quot;&gt;&lt;strong&gt;&lt;span class=&quot;hps&quot;&gt;Administrative Office&lt;/span&gt;&lt;/strong&gt;&lt;/span&gt;&lt;br /&gt;&lt;span class=&quot;hps&quot;&gt;Office No.&lt;/span&gt; &lt;span class=&quot;hps&quot;&gt;1906&lt;/span&gt;&lt;br /&gt;Almoayyed &lt;span class=&quot;hps&quot;&gt;Tower&lt;/span&gt;&lt;span&gt;,&lt;/span&gt; &lt;span class=&quot;hps&quot;&gt;Seef District&lt;/span&gt;&lt;br /&gt;&lt;span class=&quot;hps&quot;&gt;PO Box&lt;/span&gt; &lt;span class=&quot;hps&quot;&gt;50595&lt;/span&gt;&lt;br /&gt;&lt;span class=&quot;hps&quot;&gt;Manama&lt;/span&gt; &lt;span class=&quot;hps&quot;&gt;428,&lt;/span&gt; &lt;span class=&quot;hps&quot;&gt;Kingdom of&lt;/span&gt; &lt;span class=&quot;hps&quot;&gt;Bahrain&lt;/span&gt;&lt;br /&gt;&lt;br /&gt; &lt;span class=&quot;hps&quot;&gt;Office:&lt;/span&gt; &lt;span class=&quot;hps&quot;&gt;17580516&lt;/span&gt;&lt;br /&gt;&lt;span class=&quot;hps&quot;&gt;Fax:&lt;/span&gt; &lt;span class=&quot;hps&quot;&gt;17580035&lt;/span&gt;&lt;/span&gt;&lt;br /&gt;&lt;/span&gt;&lt;/p&gt;\n&lt;br /&gt;&lt;span style=&quot;font-size: medium;&quot;&gt;and you can use our contact form to send your inquiries:&lt;/span&gt;&lt;br /&gt;{contact_form}&lt;br /&gt;&lt;br /&gt;&lt;span id=&quot;result_box&quot; style=&quot;font-size: medium;&quot; lang=&quot;en&quot;&gt;&lt;span class=&quot;hps&quot;&gt;Dear&lt;/span&gt; &lt;span class=&quot;hps&quot;&gt;customers&lt;/span&gt; &lt;span class=&quot;hps&quot;&gt;and visitors &lt;span id=&quot;result_box&quot; style=&quot;font-size: medium;&quot; lang=&quot;en&quot;&gt;&lt;span class=&quot;hps&quot;&gt;You can also stay updated with &lt;/span&gt;&lt;/span&gt;&lt;/span&gt;&lt;span class=&quot;hps&quot;&gt;the latest&lt;/span&gt; &lt;span class=&quot;hps&quot;&gt;news&lt;/span&gt; &amp;amp; offers by&lt;span class=&quot;hps&quot;&gt; following us via our account in social media networks and by joining our mailing list&lt;br /&gt;&lt;/span&gt;&lt;/span&gt;&lt;/td&gt;\n&lt;/tr&gt;\n&lt;/tbody&gt;\n&lt;/table&gt;\n&lt;p&gt;&lt;span style=&quot;font-size: small;&quot;&gt;&lt;br /&gt;&lt;/span&gt;&lt;/p&gt;', 'DE', 90),
('privacy policy', 'motors souq privacy policy, motorssouq.com privacy policy, privacy policy', 'important for you to read motorssouq.com privacy policy.', '&lt;p&gt; &lt;/p&gt;\n&lt;table style=&quot;margin-left: auto; margin-right: auto; width: 700px; border: 0pt solid #a9a9a9;&quot; border=&quot;0&quot; align=&quot;center&quot;&gt;\n&lt;tbody&gt;\n&lt;tr&gt;\n&lt;td&gt;\n&lt;p style=&quot;text-align: left;&quot; dir=&quot;ltr&quot;&gt;&lt;span style=&quot;font-size: medium;&quot;&gt;&lt;span id=&quot;result_box&quot; lang=&quot;en&quot;&gt;&lt;span class=&quot;hps&quot;&gt;Dear&lt;/span&gt; &lt;span class=&quot;hps&quot;&gt;Visitor&lt;/span&gt; &lt;span class=&quot;hps&quot;&gt;Thank you for&lt;/span&gt; &lt;span class=&quot;hps&quot;&gt;your desire&lt;/span&gt; &lt;span class=&quot;hps&quot;&gt;to contact our&lt;/span&gt;&lt;span class=&quot;hps&quot;&gt; team&lt;/span&gt; &lt;span class=&quot;hps&quot;&gt;of www.motorssouq.com&lt;/span&gt;&lt;span&gt;,&lt;/span&gt; &lt;span class=&quot;hps&quot;&gt;and&lt;/span&gt; in this page &lt;span class=&quot;hps&quot;&gt;we would like to&lt;/span&gt; provide &lt;span class=&quot;hps&quot;&gt;you with all the contact tools available in Motors Souq to:&lt;/span&gt;&lt;/span&gt;&lt;/span&gt;&lt;/p&gt;\n&lt;p style=&quot;text-align: left;&quot; dir=&quot;ltr&quot;&gt;&lt;span style=&quot;font-size: medium;&quot;&gt;&lt;span id=&quot;result_box&quot; lang=&quot;en&quot;&gt; &lt;br /&gt;&lt;br /&gt; &lt;span style=&quot;text-decoration: underline;&quot;&gt;&lt;strong&gt;&lt;span class=&quot;hps&quot;&gt;Administrative Office&lt;/span&gt;&lt;/strong&gt;&lt;/span&gt;&lt;br /&gt;&lt;span class=&quot;hps&quot;&gt;Office No.&lt;/span&gt; &lt;span class=&quot;hps&quot;&gt;1906&lt;/span&gt;&lt;br /&gt;Almoayyed &lt;span class=&quot;hps&quot;&gt;Tower&lt;/span&gt;&lt;span&gt;,&lt;/span&gt; &lt;span class=&quot;hps&quot;&gt;Seef District&lt;/span&gt;&lt;br /&gt;&lt;span class=&quot;hps&quot;&gt;PO Box&lt;/span&gt; &lt;span class=&quot;hps&quot;&gt;50595&lt;/span&gt;&lt;br /&gt;&lt;span class=&quot;hps&quot;&gt;Manama&lt;/span&gt; &lt;span class=&quot;hps&quot;&gt;428,&lt;/span&gt; &lt;span class=&quot;hps&quot;&gt;Kingdom of&lt;/span&gt; &lt;span class=&quot;hps&quot;&gt;Bahrain&lt;/span&gt;&lt;br /&gt;&lt;br /&gt; &lt;span class=&quot;hps&quot;&gt;Office:&lt;/span&gt; &lt;span class=&quot;hps&quot;&gt;17580516&lt;/span&gt;&lt;br /&gt;&lt;span class=&quot;hps&quot;&gt;Fax:&lt;/span&gt; &lt;span class=&quot;hps&quot;&gt;17580035&lt;/span&gt;&lt;/span&gt;&lt;br /&gt;&lt;/span&gt;&lt;/p&gt;\n&lt;br /&gt;&lt;span style=&quot;font-size: medium;&quot;&gt;and you can use our contact form to send your inquiries:&lt;/span&gt;&lt;br /&gt;{contact_form}&lt;br /&gt;&lt;br /&gt;&lt;span id=&quot;result_box&quot; style=&quot;font-size: medium;&quot; lang=&quot;en&quot;&gt;&lt;span class=&quot;hps&quot;&gt;Dear&lt;/span&gt; &lt;span class=&quot;hps&quot;&gt;customers&lt;/span&gt; &lt;span class=&quot;hps&quot;&gt;and visitors &lt;span id=&quot;result_box&quot; style=&quot;font-size: medium;&quot; lang=&quot;en&quot;&gt;&lt;span class=&quot;hps&quot;&gt;You can also stay updated with &lt;/span&gt;&lt;/span&gt;&lt;/span&gt;&lt;span class=&quot;hps&quot;&gt;the latest&lt;/span&gt; &lt;span class=&quot;hps&quot;&gt;news&lt;/span&gt; &amp;amp; offers by&lt;span class=&quot;hps&quot;&gt; following us via our account in social media networks and by joining our mailing list&lt;br /&gt;&lt;/span&gt;&lt;/span&gt;&lt;/td&gt;\n&lt;/tr&gt;\n&lt;/tbody&gt;\n&lt;/table&gt;\n&lt;p&gt;&lt;span style=&quot;font-size: small;&quot;&gt;&lt;br /&gt;&lt;/span&gt;&lt;/p&gt;', 'AR', 91),
('privacy policy', 'motors souq privacy policy, motorssouq.com privacy policy, privacy policy', 'important for you to read motorssouq.com privacy policy.', '&lt;p&gt; &lt;/p&gt;\n&lt;table style=&quot;margin-left: auto; margin-right: auto; width: 700px; border: 0pt solid #a9a9a9;&quot; border=&quot;0&quot; align=&quot;center&quot;&gt;\n&lt;tbody&gt;\n&lt;tr&gt;\n&lt;td&gt;\n&lt;p style=&quot;text-align: left;&quot; dir=&quot;ltr&quot;&gt;&lt;span style=&quot;font-size: medium;&quot;&gt;&lt;span id=&quot;result_box&quot; lang=&quot;en&quot;&gt;&lt;span class=&quot;hps&quot;&gt;Dear&lt;/span&gt; &lt;span class=&quot;hps&quot;&gt;Visitor&lt;/span&gt; &lt;span class=&quot;hps&quot;&gt;Thank you for&lt;/span&gt; &lt;span class=&quot;hps&quot;&gt;your desire&lt;/span&gt; &lt;span class=&quot;hps&quot;&gt;to contact our&lt;/span&gt;&lt;span class=&quot;hps&quot;&gt; team&lt;/span&gt; &lt;span class=&quot;hps&quot;&gt;of www.motorssouq.com&lt;/span&gt;&lt;span&gt;,&lt;/span&gt; &lt;span class=&quot;hps&quot;&gt;and&lt;/span&gt; in this page &lt;span class=&quot;hps&quot;&gt;we would like to&lt;/span&gt; provide &lt;span class=&quot;hps&quot;&gt;you with all the contact tools available in Motors Souq to:&lt;/span&gt;&lt;/span&gt;&lt;/span&gt;&lt;/p&gt;\n&lt;p style=&quot;text-align: left;&quot; dir=&quot;ltr&quot;&gt;&lt;span style=&quot;font-size: medium;&quot;&gt;&lt;span id=&quot;result_box&quot; lang=&quot;en&quot;&gt; &lt;br /&gt;&lt;br /&gt; &lt;span style=&quot;text-decoration: underline;&quot;&gt;&lt;strong&gt;&lt;span class=&quot;hps&quot;&gt;Administrative Office&lt;/span&gt;&lt;/strong&gt;&lt;/span&gt;&lt;br /&gt;&lt;span class=&quot;hps&quot;&gt;Office No.&lt;/span&gt; &lt;span class=&quot;hps&quot;&gt;1906&lt;/span&gt;&lt;br /&gt;Almoayyed &lt;span class=&quot;hps&quot;&gt;Tower&lt;/span&gt;&lt;span&gt;,&lt;/span&gt; &lt;span class=&quot;hps&quot;&gt;Seef District&lt;/span&gt;&lt;br /&gt;&lt;span class=&quot;hps&quot;&gt;PO Box&lt;/span&gt; &lt;span class=&quot;hps&quot;&gt;50595&lt;/span&gt;&lt;br /&gt;&lt;span class=&quot;hps&quot;&gt;Manama&lt;/span&gt; &lt;span class=&quot;hps&quot;&gt;428,&lt;/span&gt; &lt;span class=&quot;hps&quot;&gt;Kingdom of&lt;/span&gt; &lt;span class=&quot;hps&quot;&gt;Bahrain&lt;/span&gt;&lt;br /&gt;&lt;br /&gt; &lt;span class=&quot;hps&quot;&gt;Office:&lt;/span&gt; &lt;span class=&quot;hps&quot;&gt;17580516&lt;/span&gt;&lt;br /&gt;&lt;span class=&quot;hps&quot;&gt;Fax:&lt;/span&gt; &lt;span class=&quot;hps&quot;&gt;17580035&lt;/span&gt;&lt;/span&gt;&lt;br /&gt;&lt;/span&gt;&lt;/p&gt;\n&lt;br /&gt;&lt;span style=&quot;font-size: medium;&quot;&gt;and you can use our contact form to send your inquiries:&lt;/span&gt;&lt;br /&gt;{contact_form}&lt;br /&gt;&lt;br /&gt;&lt;span id=&quot;result_box&quot; style=&quot;font-size: medium;&quot; lang=&quot;en&quot;&gt;&lt;span class=&quot;hps&quot;&gt;Dear&lt;/span&gt; &lt;span class=&quot;hps&quot;&gt;customers&lt;/span&gt; &lt;span class=&quot;hps&quot;&gt;and visitors &lt;span id=&quot;result_box&quot; style=&quot;font-size: medium;&quot; lang=&quot;en&quot;&gt;&lt;span class=&quot;hps&quot;&gt;You can also stay updated with &lt;/span&gt;&lt;/span&gt;&lt;/span&gt;&lt;span class=&quot;hps&quot;&gt;the latest&lt;/span&gt; &lt;span class=&quot;hps&quot;&gt;news&lt;/span&gt; &amp;amp; offers by&lt;span class=&quot;hps&quot;&gt; following us via our account in social media networks and by joining our mailing list&lt;br /&gt;&lt;/span&gt;&lt;/span&gt;&lt;/td&gt;\n&lt;/tr&gt;\n&lt;/tbody&gt;\n&lt;/table&gt;\n&lt;p&gt;&lt;span style=&quot;font-size: small;&quot;&gt;&lt;br /&gt;&lt;/span&gt;&lt;/p&gt;', 'EN', 91),
('privacy policy', 'motors souq privacy policy, motorssouq.com privacy policy, privacy policy', 'important for you to read motorssouq.com privacy policy.', '&lt;p&gt; &lt;/p&gt;\n&lt;table style=&quot;margin-left: auto; margin-right: auto; width: 700px; border: 0pt solid #a9a9a9;&quot; border=&quot;0&quot; align=&quot;center&quot;&gt;\n&lt;tbody&gt;\n&lt;tr&gt;\n&lt;td&gt;\n&lt;p style=&quot;text-align: left;&quot; dir=&quot;ltr&quot;&gt;&lt;span style=&quot;font-size: medium;&quot;&gt;&lt;span id=&quot;result_box&quot; lang=&quot;en&quot;&gt;&lt;span class=&quot;hps&quot;&gt;Dear&lt;/span&gt; &lt;span class=&quot;hps&quot;&gt;Visitor&lt;/span&gt; &lt;span class=&quot;hps&quot;&gt;Thank you for&lt;/span&gt; &lt;span class=&quot;hps&quot;&gt;your desire&lt;/span&gt; &lt;span class=&quot;hps&quot;&gt;to contact our&lt;/span&gt;&lt;span class=&quot;hps&quot;&gt; team&lt;/span&gt; &lt;span class=&quot;hps&quot;&gt;of www.motorssouq.com&lt;/span&gt;&lt;span&gt;,&lt;/span&gt; &lt;span class=&quot;hps&quot;&gt;and&lt;/span&gt; in this page &lt;span class=&quot;hps&quot;&gt;we would like to&lt;/span&gt; provide &lt;span class=&quot;hps&quot;&gt;you with all the contact tools available in Motors Souq to:&lt;/span&gt;&lt;/span&gt;&lt;/span&gt;&lt;/p&gt;\n&lt;p style=&quot;text-align: left;&quot; dir=&quot;ltr&quot;&gt;&lt;span style=&quot;font-size: medium;&quot;&gt;&lt;span id=&quot;result_box&quot; lang=&quot;en&quot;&gt; &lt;br /&gt;&lt;br /&gt; &lt;span style=&quot;text-decoration: underline;&quot;&gt;&lt;strong&gt;&lt;span class=&quot;hps&quot;&gt;Administrative Office&lt;/span&gt;&lt;/strong&gt;&lt;/span&gt;&lt;br /&gt;&lt;span class=&quot;hps&quot;&gt;Office No.&lt;/span&gt; &lt;span class=&quot;hps&quot;&gt;1906&lt;/span&gt;&lt;br /&gt;Almoayyed &lt;span class=&quot;hps&quot;&gt;Tower&lt;/span&gt;&lt;span&gt;,&lt;/span&gt; &lt;span class=&quot;hps&quot;&gt;Seef District&lt;/span&gt;&lt;br /&gt;&lt;span class=&quot;hps&quot;&gt;PO Box&lt;/span&gt; &lt;span class=&quot;hps&quot;&gt;50595&lt;/span&gt;&lt;br /&gt;&lt;span class=&quot;hps&quot;&gt;Manama&lt;/span&gt; &lt;span class=&quot;hps&quot;&gt;428,&lt;/span&gt; &lt;span class=&quot;hps&quot;&gt;Kingdom of&lt;/span&gt; &lt;span class=&quot;hps&quot;&gt;Bahrain&lt;/span&gt;&lt;br /&gt;&lt;br /&gt; &lt;span class=&quot;hps&quot;&gt;Office:&lt;/span&gt; &lt;span class=&quot;hps&quot;&gt;17580516&lt;/span&gt;&lt;br /&gt;&lt;span class=&quot;hps&quot;&gt;Fax:&lt;/span&gt; &lt;span class=&quot;hps&quot;&gt;17580035&lt;/span&gt;&lt;/span&gt;&lt;br /&gt;&lt;/span&gt;&lt;/p&gt;\n&lt;br /&gt;&lt;span style=&quot;font-size: medium;&quot;&gt;and you can use our contact form to send your inquiries:&lt;/span&gt;&lt;br /&gt;{contact_form}&lt;br /&gt;&lt;br /&gt;&lt;span id=&quot;result_box&quot; style=&quot;font-size: medium;&quot; lang=&quot;en&quot;&gt;&lt;span class=&quot;hps&quot;&gt;Dear&lt;/span&gt; &lt;span class=&quot;hps&quot;&gt;customers&lt;/span&gt; &lt;span class=&quot;hps&quot;&gt;and visitors &lt;span id=&quot;result_box&quot; style=&quot;font-size: medium;&quot; lang=&quot;en&quot;&gt;&lt;span class=&quot;hps&quot;&gt;You can also stay updated with &lt;/span&gt;&lt;/span&gt;&lt;/span&gt;&lt;span class=&quot;hps&quot;&gt;the latest&lt;/span&gt; &lt;span class=&quot;hps&quot;&gt;news&lt;/span&gt; &amp;amp; offers by&lt;span class=&quot;hps&quot;&gt; following us via our account in social media networks and by joining our mailing list&lt;br /&gt;&lt;/span&gt;&lt;/span&gt;&lt;/td&gt;\n&lt;/tr&gt;\n&lt;/tbody&gt;\n&lt;/table&gt;\n&lt;p&gt;&lt;span style=&quot;font-size: small;&quot;&gt;&lt;br /&gt;&lt;/span&gt;&lt;/p&gt;', 'DE', 91);
INSERT INTO `cms_page_lang` (`title`, `keywords`, `description`, `content`, `lang`, `cms_page_id`) VALUES
('سياسة الخصوصية في بوابة موتورز سوق الإلكترونية', 'سياسة الخصوصية، سياسة خصوصيتك في بوابة موتورز سوق', 'مهم جدً قراءة سياسة الخصوصية في بوابة موتورز سوق الإلكترونية', '&lt;p&gt; &lt;/p&gt;\n&lt;table style=&quot;margin-left: auto; margin-right: auto; width: 700px; border: 0pt solid #a9a9a9;&quot; border=&quot;0&quot; align=&quot;center&quot;&gt;\n&lt;tbody&gt;\n&lt;tr&gt;\n&lt;td style=&quot;text-align: right;&quot; dir=&quot;rtl&quot;&gt;\n&lt;p style=&quot;text-align: right; margin-top: 0pt; margin-bottom: 0pt;&quot; dir=&quot;rtl&quot;&gt;&lt;span style=&quot;font-size: 15px; font-family: Arial; color: #000000; background-color: transparent; font-weight: bold; font-style: normal; font-variant: normal; text-decoration: underline; vertical-align: baseline; white-space: pre-wrap;&quot;&gt;سياسة الخصوصية موقع سوق السيارات&lt;/span&gt;&lt;/p&gt;\n&lt;p style=&quot;text-align: right; margin-top: 0pt; margin-bottom: 0pt;&quot; dir=&quot;rtl&quot;&gt;&lt;span style=&quot;font-size: 15px; font-family: Arial; color: #000000; background-color: transparent; font-weight: normal; font-style: normal; font-variant: normal; text-decoration: none; vertical-align: baseline; white-space: pre-wrap;&quot;&gt;&lt;br /&gt;&lt;/span&gt;&lt;/p&gt;\n&lt;p style=&quot;text-align: right; margin-top: 0pt; margin-bottom: 0pt;&quot; dir=&quot;rtl&quot;&gt;&lt;span style=&quot;font-size: 15px; font-family: Arial; color: #000000; background-color: transparent; font-weight: normal; font-style: normal; font-variant: normal; text-decoration: none; vertical-align: baseline; white-space: pre-wrap;&quot;&gt;إن الإنترنت أداة مذهلة. فلها القدرة على تغيير الطريقة التي نعيش بها حياتنا اليومية، ولقد بدأنا نرى إمكانات هذا التغيير اليوم. مع نقرات بسيطة من فأرة التحكم يمكنك متابعة الأخبار والبحث عن المعلومات والحقائق، وشراء السلع والخدمات، والتواصل مع الآخرين من جميع أنحاء العالم. لذا من المهم أن &quot;موتورز سوق&quot; يساعد ويوضح لعملائه حقوقهم في الخصوصية عند إستخدام موقع موتورز سوق والخدمات التي يقدمها.&lt;/span&gt;&lt;/p&gt;\n&lt;p style=&quot;text-align: right; margin-top: 0pt; margin-bottom: 0pt;&quot; dir=&quot;rtl&quot;&gt;&lt;span style=&quot;font-size: 15px; font-family: Arial; color: #000000; background-color: transparent; font-weight: normal; font-style: normal; font-variant: normal; text-decoration: none; vertical-align: baseline; white-space: pre-wrap;&quot;&gt;&lt;br /&gt;&lt;/span&gt;&lt;/p&gt;\n&lt;p style=&quot;text-align: right; margin-top: 0pt; margin-bottom: 0pt;&quot; dir=&quot;rtl&quot;&gt;&lt;span style=&quot;font-size: 15px; font-family: Arial; color: #000000; background-color: transparent; font-weight: normal; font-style: normal; font-variant: normal; text-decoration: none; vertical-align: baseline; white-space: pre-wrap;&quot;&gt;خصوصيتك مهمة جداً لك ولنا لذا سوف نقوم بحماية جميع المعلومات التي تشاركها معنا. ولحماية خصوصيتك فإن &quot;موتورز سوق&quot; يتبع مبادئ مختلفة وفقا للممارسات في جميع أنحاء العالم لحماية البيانات وخصوصية العملاء.&lt;/span&gt;&lt;/p&gt;\n&lt;p style=&quot;text-align: right; margin-top: 0pt; margin-bottom: 0pt;&quot; dir=&quot;rtl&quot;&gt;&lt;span style=&quot;font-size: 15px; font-family: Arial; color: #000000; background-color: transparent; font-weight: normal; font-style: normal; font-variant: normal; text-decoration: none; vertical-align: baseline; white-space: pre-wrap;&quot;&gt;&lt;br /&gt;&lt;/span&gt;&lt;/p&gt;\n&lt;p style=&quot;text-align: right; margin-top: 0pt; margin-bottom: 0pt;&quot; dir=&quot;rtl&quot;&gt;&lt;strong&gt;&lt;span style=&quot;font-size: 15px; font-family: Arial; color: #000000; background-color: transparent; font-style: normal; font-variant: normal; text-decoration: none; vertical-align: baseline; white-space: pre-wrap;&quot;&gt;في موتورز سوق:&lt;/span&gt;&lt;/strong&gt;&lt;/p&gt;\n&lt;p style=&quot;text-align: right; margin-top: 0pt; margin-bottom: 0pt;&quot; dir=&quot;rtl&quot;&gt;&lt;span style=&quot;font-size: 15px; font-family: Arial; color: #000000; background-color: transparent; font-weight: normal; font-style: normal; font-variant: normal; text-decoration: none; vertical-align: baseline; white-space: pre-wrap;&quot;&gt;لن يتم بيع أو التخلي عن معلومات العنوان البريدي، رقم الهاتف، وعنوان البريد الإلكتروني أو أية معلومات أخرى لأي شخص أو جهة رسمية أو غير رسمية.&lt;/span&gt;&lt;/p&gt;\n&lt;br /&gt;&lt;span style=&quot;font-size: 15px; font-family: Arial; color: #000000; background-color: transparent; font-weight: normal; font-style: normal; font-variant: normal; text-decoration: none; vertical-align: baseline; white-space: pre-wrap;&quot;&gt;سوف نستخدم جميع التدابير الأمنية والقانونية الصادرة من الدولة لحماية المعلومات الخاصة بك من مستخدمين غير مصرح بهم من طرف موتورز سوق.&lt;/span&gt;\n&lt;p style=&quot;text-align: right; margin-top: 0pt; margin-bottom: 0pt;&quot; dir=&quot;rtl&quot;&gt;&lt;span style=&quot;font-size: 15px; font-family: Arial; color: #000000; background-color: transparent; font-weight: normal; font-style: normal; font-variant: normal; text-decoration: none; vertical-align: baseline; white-space: pre-wrap;&quot;&gt;&lt;br /&gt;&lt;/span&gt;&lt;/p&gt;\n&lt;p style=&quot;text-align: right; margin-top: 0pt; margin-bottom: 0pt;&quot; dir=&quot;rtl&quot;&gt;&lt;strong&gt;&lt;span style=&quot;font-size: 15px; font-family: Arial; color: #000000; background-color: transparent; font-style: normal; font-variant: normal; text-decoration: none; vertical-align: baseline; white-space: pre-wrap;&quot;&gt;إشعار:&lt;/span&gt;&lt;/strong&gt;&lt;/p&gt;\n&lt;p style=&quot;text-align: right; margin-top: 0pt; margin-bottom: 0pt;&quot; dir=&quot;rtl&quot;&gt;&lt;span style=&quot;font-size: 15px; font-family: Arial; color: #000000; background-color: transparent; font-weight: normal; font-style: normal; font-variant: normal; text-decoration: none; vertical-align: baseline; white-space: pre-wrap;&quot;&gt;سوف نطلب منك عند الحاجة إلى معلومات تعرفنا بك شخصياً (معلومات شخصية) أو تسمح لنا بالاتصال بك.&lt;/span&gt;&lt;/p&gt;\n&lt;p style=&quot;text-align: right; margin-top: 0pt; margin-bottom: 0pt;&quot; dir=&quot;rtl&quot;&gt;&lt;span style=&quot;font-size: 15px; font-family: Arial; color: #000000; background-color: transparent; font-weight: normal; font-style: normal; font-variant: normal; text-decoration: none; vertical-align: baseline; white-space: pre-wrap;&quot;&gt;عموما، يتم طلب هذه المعلومات عندما تقوم بإنشاء &quot;حساب شخصي&quot; في موقع موتورز سوق  أو عندما تقوم بتحميل صور السيارات او الفيديو، المشاركة في فعالية او مسابقة، أو الإشتراك في نظام البريد الإلكتروني للرسائل الإخبارية. نحن نستخدم &quot;معلوماتك الشخصية&quot; للأغراض الرئيسية الأربعة:&lt;/span&gt;&lt;/p&gt;\n&lt;p style=&quot;text-align: right; margin-top: 0pt; margin-bottom: 0pt;&quot; dir=&quot;rtl&quot;&gt;&lt;span style=&quot;font-size: 15px; font-family: Arial; color: #000000; background-color: transparent; font-weight: normal; font-style: normal; font-variant: normal; text-decoration: none; vertical-align: baseline; white-space: pre-wrap;&quot;&gt;&lt;br /&gt;&lt;/span&gt;&lt;/p&gt;\n&lt;ul&gt;\n&lt;li&gt;&lt;span style=&quot;font-size: 15px; font-family: Arial; color: #000000; background-color: transparent; font-weight: normal; font-style: normal; font-variant: normal; text-decoration: none; vertical-align: baseline; white-space: pre-wrap;&quot;&gt;لجعل إستخدامك لموقع موتورز سوق أسهل بحيث لا تحتاج إلى إعادة التسجيل في كل مرة تحتاج إستخدام خدمات موقع موتورز سوق.&lt;/span&gt;&lt;/li&gt;\n&lt;/ul&gt;\n&lt;ul&gt;\n&lt;li&gt;&lt;span style=&quot;font-size: 15px; font-family: Arial; color: #000000; background-color: transparent; font-weight: normal; font-style: normal; font-variant: normal; text-decoration: none; vertical-align: baseline; white-space: pre-wrap;&quot;&gt;لمساعدتك في العثور على الخدمات أو المعلومات.&lt;/span&gt;&lt;/li&gt;\n&lt;/ul&gt;\n&lt;ul&gt;\n&lt;li&gt;&lt;span style=&quot;font-size: 15px; font-family: Arial; color: #000000; background-color: transparent; font-weight: normal; font-style: normal; font-variant: normal; text-decoration: none; vertical-align: baseline; white-space: pre-wrap;&quot;&gt;لمساعدتنا في إنشاء محتوى إلكتروني يناسبك ويشكل أهمية كبرى لديك.&lt;/span&gt;&lt;/li&gt;\n&lt;/ul&gt;\n&lt;ul&gt;\n&lt;li&gt;&lt;span style=&quot;font-size: 15px; font-family: Arial; color: #000000; background-color: transparent; font-weight: normal; font-style: normal; font-variant: normal; text-decoration: none; vertical-align: baseline; white-space: pre-wrap;&quot;&gt;لتنبيهك بوسائل التواصل المعتمدة في الموقع عند حصول ترقيات على الموقع والعروض الخاصة، معلومات حديثة والخدمات الأخرى الجديدة من &quot;سوق السيارات&quot;.&lt;/span&gt;&lt;/li&gt;\n&lt;/ul&gt;\n&lt;p dir=&quot;rtl&quot;&gt;&lt;strong style=&quot;color: #000000; font-family: &#039;Times New Roman&#039;; font-size: medium; font-style: normal; font-variant: normal; letter-spacing: normal; line-height: normal; orphans: 2; text-align: start; text-indent: 0px; text-transform: none; white-space: normal; widows: 2; word-spacing: 0px; -webkit-text-size-adjust: auto; -webkit-text-stroke-width: 0px; font-weight: normal;&quot;&gt;&lt;strong style=&quot;color: #000000; font-family: &#039;Times New Roman&#039;; font-size: medium; font-style: normal; font-variant: normal; letter-spacing: normal; line-height: normal; orphans: 2; text-align: start; text-indent: 0px; text-transform: none; white-space: normal; widows: 2; word-spacing: 0px; -webkit-text-size-adjust: auto; -webkit-text-stroke-width: 0px; font-weight: normal;&quot;&gt;&lt;br /&gt;&lt;/strong&gt;&lt;/strong&gt;&lt;/p&gt;\n&lt;p style=&quot;text-align: right; margin-top: 0pt; margin-bottom: 0pt;&quot; dir=&quot;rtl&quot;&gt;&lt;strong&gt;&lt;span style=&quot;font-size: 15px; font-family: Arial; color: #000000; background-color: transparent; font-style: normal; font-variant: normal; text-decoration: none; vertical-align: baseline; white-space: pre-wrap;&quot;&gt;الموافقة:&lt;/span&gt;&lt;/strong&gt;&lt;/p&gt;\n&lt;p style=&quot;text-align: right; margin-top: 0pt; margin-bottom: 0pt;&quot; dir=&quot;rtl&quot;&gt;&lt;span style=&quot;font-size: 15px; font-family: Arial; color: #000000; background-color: transparent; font-weight: normal; font-style: normal; font-variant: normal; text-decoration: none; vertical-align: baseline; white-space: pre-wrap;&quot;&gt;إذا اخترت عدم التسجيل أو تقديم معلومات شخصية، لا يزال يمكنك استخدام موقع موتورز سوق. ولكن لن تكون قادراً على الوصول إلى المناطق والخدمات التي تحتاج إلى تسجيل.&lt;/span&gt;&lt;/p&gt;\n&lt;p style=&quot;text-align: right; margin-top: 0pt; margin-bottom: 0pt;&quot; dir=&quot;rtl&quot;&gt;&lt;span style=&quot;font-size: 15px; font-family: Arial; color: #000000; background-color: transparent; font-weight: normal; font-style: normal; font-variant: normal; text-decoration: none; vertical-align: baseline; white-space: pre-wrap;&quot;&gt;&lt;br /&gt;&lt;/span&gt;&lt;/p&gt;\n&lt;p style=&quot;text-align: right; margin-top: 0pt; margin-bottom: 0pt;&quot; dir=&quot;rtl&quot;&gt;&lt;span style=&quot;font-size: 15px; font-family: Arial; color: #000000; background-color: transparent; font-weight: normal; font-style: normal; font-variant: normal; text-decoration: none; vertical-align: baseline; white-space: pre-wrap;&quot;&gt;إذا قررت التسجيل، سوف تكون قادرة على تحديد أنواع المعلومات التي تريد أن تتلقاها منا عن طريق الاشتراك في خدمات مختلفة، مثل نشرتنا الإخبارية الإلكترونية. إذا كنت لا ترغب منا التواصل معك حول عروض أخرى فيما يتعلق بخدمات موقع موتورز سوق، بالبريد الإلكتروني يمكنك إرسال رسالة إلكترونية لنا تفيد بعدم رغبتك في إستلام هذه الرسائل الإلكترونية التسويقية من موقع موتورز سوق.&lt;/span&gt;&lt;/p&gt;\n&lt;p style=&quot;text-align: right; margin-top: 0pt; margin-bottom: 0pt;&quot; dir=&quot;rtl&quot;&gt;&lt;strong style=&quot;color: #000000; font-family: &#039;Times New Roman&#039;; font-size: medium; font-style: normal; font-variant: normal; letter-spacing: normal; line-height: normal; orphans: 2; text-align: start; text-indent: 0px; text-transform: none; white-space: normal; widows: 2; word-spacing: 0px; -webkit-text-size-adjust: auto; -webkit-text-stroke-width: 0px; font-weight: normal;&quot;&gt;&lt;strong style=&quot;color: #000000; font-family: &#039;Times New Roman&#039;; font-size: medium; font-style: normal; font-variant: normal; letter-spacing: normal; line-height: normal; orphans: 2; text-align: start; text-indent: 0px; text-transform: none; white-space: normal; widows: 2; word-spacing: 0px; -webkit-text-size-adjust: auto; -webkit-text-stroke-width: 0px; font-weight: normal;&quot;&gt;&lt;br /&gt;&lt;/strong&gt;&lt;/strong&gt;&lt;span style=&quot;font-size: 15px; font-family: Arial; color: #000000; background-color: transparent; font-weight: bold; font-style: normal; font-variant: normal; text-decoration: none; vertical-align: baseline; white-space: pre-wrap;&quot;&gt;الوصول لحسابك في موتورز سوق:&lt;/span&gt;&lt;/p&gt;\n&lt;p style=&quot;text-align: right; margin-top: 0pt; margin-bottom: 0pt;&quot; dir=&quot;rtl&quot;&gt;&lt;span style=&quot;font-size: 15px; font-family: Arial; color: #000000; background-color: transparent; font-weight: normal; font-style: normal; font-variant: normal; text-decoration: none; vertical-align: baseline; white-space: pre-wrap;&quot;&gt;سوف نقدم لكم بالوسائل اللازمة آليات ضمان أن المعلومات الشخصية الخاصة بك صحيحة ومحدثة. ويمكنك مراجعة وتحديث هذه المعلومات أي وقت في منطقة العميل من صفحة الحساب الخاص بك. ومن خلال صفحة حسابك في موقع موتورز سوق يمكنك:&lt;/span&gt;&lt;/p&gt;\n&lt;br /&gt;\n&lt;ul style=&quot;margin-top: 0pt; margin-bottom: 0pt;&quot;&gt;\n&lt;li style=&quot;list-style-type: disc; font-size: 15px; font-family: Arial; color: #000000; background-color: transparent; font-weight: normal; font-style: normal; font-variant: normal; text-decoration: none; vertical-align: baseline;&quot;&gt;\n&lt;p style=&quot;text-align: right; margin-top: 0pt; margin-bottom: 0pt;&quot; dir=&quot;rtl&quot;&gt;&lt;span style=&quot;font-size: 15px; font-family: Arial; color: #000000; background-color: transparent; font-weight: normal; font-style: normal; font-variant: normal; text-decoration: none; vertical-align: baseline; white-space: pre-wrap;&quot;&gt;عرض وتعديل المعلومات الشخصية التي سبق توفيرها لنا.&lt;/span&gt;&lt;/p&gt;\n&lt;/li&gt;\n&lt;li style=&quot;list-style-type: disc; font-size: 15px; font-family: Arial; color: #000000; background-color: transparent; font-weight: normal; font-style: normal; font-variant: normal; text-decoration: none; vertical-align: baseline;&quot;&gt;\n&lt;p style=&quot;text-align: right; margin-top: 0pt; margin-bottom: 0pt;&quot; dir=&quot;rtl&quot;&gt;&lt;span style=&quot;font-size: 15px; font-family: Arial; color: #000000; background-color: transparent; font-weight: normal; font-style: normal; font-variant: normal; text-decoration: none; vertical-align: baseline; white-space: pre-wrap;&quot;&gt;إستعراض سياراتك.&lt;/span&gt;&lt;/p&gt;\n&lt;/li&gt;\n&lt;li style=&quot;list-style-type: disc; font-size: 15px; font-family: Arial; color: #000000; background-color: transparent; font-weight: normal; font-style: normal; font-variant: normal; text-decoration: none; vertical-align: baseline;&quot;&gt;\n&lt;p style=&quot;text-align: right; margin-top: 0pt; margin-bottom: 0pt;&quot; dir=&quot;rtl&quot;&gt;&lt;span style=&quot;font-size: 15px; font-family: Arial; color: #000000; background-color: transparent; font-weight: normal; font-style: normal; font-variant: normal; text-decoration: none; vertical-align: baseline; white-space: pre-wrap;&quot;&gt;إضافة مركبة.&lt;/span&gt;&lt;/p&gt;\n&lt;/li&gt;\n&lt;li style=&quot;list-style-type: disc; font-size: 15px; font-family: Arial; color: #000000; background-color: transparent; font-weight: normal; font-style: normal; font-variant: normal; text-decoration: none; vertical-align: baseline;&quot;&gt;\n&lt;p style=&quot;text-align: right; margin-top: 0pt; margin-bottom: 0pt;&quot; dir=&quot;rtl&quot;&gt;&lt;span style=&quot;font-size: 15px; font-family: Arial; color: #000000; background-color: transparent; font-weight: normal; font-style: normal; font-variant: normal; text-decoration: none; vertical-align: baseline; white-space: pre-wrap;&quot;&gt;طلب مركبة.&lt;/span&gt;&lt;/p&gt;\n&lt;/li&gt;\n&lt;li style=&quot;list-style-type: disc; font-size: 15px; font-family: Arial; color: #000000; background-color: transparent; font-weight: normal; font-style: normal; font-variant: normal; text-decoration: none; vertical-align: baseline;&quot;&gt;\n&lt;p style=&quot;text-align: right; margin-top: 0pt; margin-bottom: 0pt;&quot; dir=&quot;rtl&quot;&gt;&lt;span style=&quot;font-size: 15px; font-family: Arial; color: #000000; background-color: transparent; font-weight: normal; font-style: normal; font-variant: normal; text-decoration: none; vertical-align: baseline; white-space: pre-wrap;&quot;&gt;تغيير كلمة المرور.&lt;/span&gt;&lt;/p&gt;\n&lt;/li&gt;\n&lt;/ul&gt;\n&lt;p&gt;&lt;strong style=&quot;color: #000000; font-family: &#039;Times New Roman&#039;; font-size: medium; font-style: normal; font-variant: normal; letter-spacing: normal; line-height: normal; orphans: 2; text-align: start; text-indent: 0px; text-transform: none; white-space: normal; widows: 2; word-spacing: 0px; -webkit-text-size-adjust: auto; -webkit-text-stroke-width: 0px; font-weight: normal;&quot;&gt;&lt;strong style=&quot;color: #000000; font-family: &#039;Times New Roman&#039;; font-size: medium; font-style: normal; font-variant: normal; letter-spacing: normal; line-height: normal; orphans: 2; text-align: start; text-indent: 0px; text-transform: none; white-space: normal; widows: 2; word-spacing: 0px; -webkit-text-size-adjust: auto; -webkit-text-stroke-width: 0px; font-weight: normal;&quot;&gt;&lt;br /&gt;&lt;/strong&gt;&lt;/strong&gt;&lt;/p&gt;\n&lt;p style=&quot;text-align: right; margin-top: 0pt; margin-bottom: 0pt;&quot; dir=&quot;rtl&quot;&gt;&lt;span style=&quot;font-size: 15px; font-family: Arial; color: #000000; background-color: transparent; font-weight: bold; font-style: normal; font-variant: normal; text-decoration: none; vertical-align: baseline; white-space: pre-wrap;&quot;&gt;الأمن&lt;/span&gt;&lt;/p&gt;\n&lt;p style=&quot;text-align: right; margin-top: 0pt; margin-bottom: 0pt;&quot; dir=&quot;rtl&quot;&gt;&lt;span style=&quot;font-size: 15px; font-family: Arial; color: #000000; background-color: transparent; font-weight: normal; font-style: normal; font-variant: normal; text-decoration: none; vertical-align: baseline; white-space: pre-wrap;&quot;&gt;موتورز سوق اتخذت إجراءات قوية حماية أمان المعلومات الشخصية الخاصة بك، كما علينا اتخاذ إجراءات وقائية مشددة لحماية البيانات الخاصة بك من الضياع أو إساءة استخدام، الوصول غير المصرح به أو الكشف، التعديل، أو تدمير.&lt;/span&gt;&lt;/p&gt;\n&lt;p style=&quot;text-align: right; margin-top: 0pt; margin-bottom: 0pt;&quot; dir=&quot;rtl&quot;&gt;&lt;span style=&quot;font-size: 15px; font-family: Arial; color: #000000; background-color: transparent; font-weight: normal; font-style: normal; font-variant: normal; text-decoration: none; vertical-align: baseline; white-space: pre-wrap;&quot;&gt;&lt;br /&gt;&lt;/span&gt;&lt;/p&gt;\n&lt;p style=&quot;text-align: right; margin-top: 0pt; margin-bottom: 0pt;&quot; dir=&quot;rtl&quot;&gt;&lt;span style=&quot;font-size: 15px; font-family: Arial; color: #000000; background-color: transparent; font-weight: normal; font-style: normal; font-variant: normal; text-decoration: none; vertical-align: baseline; white-space: pre-wrap;&quot;&gt;نحن نضمن أنه عند الدخول إلى معلومات حسابك الشخصي، فإن برنامج SSL الذي يقوم بتشفير المعلومات الشخصية الخاصة بك قبل إرسالها عبر الإنترنت فعال. &lt;br /&gt;&lt;/span&gt;&lt;/p&gt;\n&lt;p style=&quot;text-align: right; margin-top: 0pt; margin-bottom: 0pt;&quot; dir=&quot;rtl&quot;&gt;&lt;span style=&quot;font-size: 15px; font-family: Arial; color: #000000; background-color: transparent; font-weight: normal; font-style: normal; font-variant: normal; text-decoration: none; vertical-align: baseline; white-space: pre-wrap;&quot;&gt;&lt;br /&gt;&lt;/span&gt;&lt;/p&gt;\n&lt;p style=&quot;text-align: right; margin-top: 0pt; margin-bottom: 0pt;&quot; dir=&quot;rtl&quot;&gt;&lt;span style=&quot;font-size: 15px; font-family: Arial; color: #000000; background-color: transparent; font-weight: normal; font-style: normal; font-variant: normal; text-decoration: none; vertical-align: baseline; white-space: pre-wrap;&quot;&gt;موتورز سوق يحمي لكل صرامة أمن المعلومات الشخصية الخاصة بك ويحترم الخيارات الخاصة بك للاستخدام المطلوب. ونحن بكل عناية نحمي البيانات الخاصة بك من الضياع أو سوء الاستخدام، او الوصول غير المصرح به والكشف، التعديل، أو التدمير.&lt;/span&gt;&lt;/p&gt;\n&lt;p style=&quot;text-align: right; margin-top: 0pt; margin-bottom: 0pt;&quot; dir=&quot;rtl&quot;&gt;&lt;span style=&quot;font-size: 15px; font-family: Arial; color: #000000; background-color: transparent; font-weight: normal; font-style: normal; font-variant: normal; text-decoration: none; vertical-align: baseline; white-space: pre-wrap;&quot;&gt;&lt;br /&gt;&lt;/span&gt;&lt;/p&gt;\n&lt;p style=&quot;text-align: right; margin-top: 0pt; margin-bottom: 0pt;&quot; dir=&quot;rtl&quot;&gt;&lt;span style=&quot;font-size: 15px; font-family: Arial; color: #000000; background-color: transparent; font-weight: normal; font-style: normal; font-variant: normal; text-decoration: none; vertical-align: baseline; white-space: pre-wrap;&quot;&gt;نحن في موتورز سوق لا نشارك معلوماتك الشخصية ابدأ خارج الشركة دون الحصول على إذن منك، ما عدا في ظل الظروف المبينة أعلاه. داخياً في الشركة، يتم تخزين البيانات في سيرفرات تسيطر عليها كلمة المرور مع وصول محدود. كما يجوز تخزين المعلومات الخاصة بك ومعالجتها في مملكة البحرين أو أي بلد آخر حيث يوجد &quot;موتورز سوق&quot;، وفروعها أو وكلائها.&lt;/span&gt;&lt;/p&gt;\n&lt;p style=&quot;text-align: right; margin-top: 0pt; margin-bottom: 0pt;&quot; dir=&quot;rtl&quot;&gt;&lt;span style=&quot;font-size: 15px; font-family: Arial; color: #000000; background-color: transparent; font-weight: normal; font-style: normal; font-variant: normal; text-decoration: none; vertical-align: baseline; white-space: pre-wrap;&quot;&gt;&lt;br /&gt;&lt;/span&gt;&lt;/p&gt;\n&lt;p style=&quot;text-align: right; margin-top: 0pt; margin-bottom: 0pt;&quot; dir=&quot;rtl&quot;&gt;&lt;span style=&quot;font-size: 15px; font-family: Arial; color: #000000; background-color: transparent; font-weight: normal; font-style: normal; font-variant: normal; text-decoration: none; vertical-align: baseline; white-space: pre-wrap;&quot;&gt;لديك أيضا دوراً هاما في حماية المعلومات الخاصة بك، حيث لا أحد يمكنه مشاهدة أو تحرير المعلومات الشخصية الخاصة بك دون معرفة اسم المستخدم وكلمة المرور الخاص بك، لذا لا تشاطر هذه المعلومات مع الآخرين.&lt;/span&gt;&lt;/p&gt;\n&lt;p&gt;&lt;strong style=&quot;color: #000000; font-family: &#039;Times New Roman&#039;; font-size: medium; font-style: normal; font-variant: normal; letter-spacing: normal; line-height: normal; orphans: 2; text-align: start; text-indent: 0px; text-transform: none; white-space: normal; widows: 2; word-spacing: 0px; -webkit-text-size-adjust: auto; -webkit-text-stroke-width: 0px; font-weight: normal;&quot;&gt;&lt;strong style=&quot;color: #000000; font-family: &#039;Times New Roman&#039;; font-size: medium; font-style: normal; font-variant: normal; letter-spacing: normal; line-height: normal; orphans: 2; text-align: start; text-indent: 0px; text-transform: none; white-space: normal; widows: 2; word-spacing: 0px; -webkit-text-size-adjust: auto; -webkit-text-stroke-width: 0px; font-weight: normal;&quot;&gt;&lt;br /&gt;&lt;/strong&gt;&lt;/strong&gt;&lt;/p&gt;\n&lt;p style=&quot;text-align: right; margin-top: 0pt; margin-bottom: 0pt;&quot; dir=&quot;rtl&quot;&gt;&lt;span style=&quot;font-size: 15px; font-family: Arial; color: #000000; background-color: transparent; font-weight: bold; font-style: normal; font-variant: normal; text-decoration: none; vertical-align: baseline; white-space: pre-wrap;&quot;&gt;تطبيق القوانين:&lt;/span&gt;&lt;/p&gt;\n&lt;p style=&quot;text-align: right; margin-top: 0pt; margin-bottom: 0pt;&quot; dir=&quot;rtl&quot;&gt;&lt;span style=&quot;font-size: 15px; font-family: Arial; color: #000000; background-color: transparent; font-weight: normal; font-style: normal; font-variant: normal; text-decoration: none; vertical-align: baseline; white-space: pre-wrap;&quot;&gt;إذا كان لسبب ما كنت تعتقد أن &quot;موتورز سوق&quot; لم تلتزم بهذه السياسة والمبادئ، يرجى إعلامنا عن طريق ارسال رسالة إلكترونية إلى العنوان التالي info@motorssouq.com، ونعدكم إننا سوف نبذل قصارى جهدنا تحديد المشكلة وتصحيحها فورا. ويرجى تحديد السطر الذي يحتوي على المبدئ او القانون من هذا المستند والمخالفة المذكورة.&lt;/span&gt;&lt;/p&gt;\n&lt;p style=&quot;text-align: right; margin-top: 0pt; margin-bottom: 0pt;&quot; dir=&quot;rtl&quot;&gt;&lt;span style=&quot;font-size: 15px; font-family: Arial; color: #000000; background-color: transparent; font-weight: normal; font-style: normal; font-variant: normal; text-decoration: none; vertical-align: baseline; white-space: pre-wrap;&quot;&gt;&lt;br /&gt;&lt;/span&gt;&lt;/p&gt;\n&lt;p style=&quot;text-align: right; margin-top: 0pt; margin-bottom: 0pt;&quot; dir=&quot;rtl&quot;&gt;&lt;span style=&quot;font-size: 15px; font-family: Arial; color: #000000; background-color: transparent; font-weight: bold; font-style: normal; font-variant: normal; text-decoration: none; vertical-align: baseline; white-space: pre-wrap;&quot;&gt;حسابات العملاء &lt;/span&gt;&lt;/p&gt;\n&lt;p style=&quot;text-align: right; margin-top: 0pt; margin-bottom: 0pt;&quot; dir=&quot;rtl&quot;&gt;&lt;span style=&quot;font-size: 15px; font-family: Arial; color: #000000; background-color: transparent; font-weight: normal; font-style: normal; font-variant: normal; text-decoration: none; vertical-align: baseline; white-space: pre-wrap;&quot;&gt;كما هو مذكور أعلاه، كل عميل مسجل في الموقع لديه منطقة شخصية خاصة بها. كل ملف شخصي معنون بالبريد الإلكتروني الخاص بك والذي يساعدنا على التأكد من أنك أنت فقط من يمكنه الوصول إلى ملفك الشخصي.&lt;/span&gt;&lt;/p&gt;\n&lt;p style=&quot;text-align: right; margin-top: 0pt; margin-bottom: 0pt;&quot; dir=&quot;rtl&quot;&gt;&lt;span style=&quot;font-size: 15px; font-family: Arial; color: #000000; background-color: transparent; font-weight: normal; font-style: normal; font-variant: normal; text-decoration: none; vertical-align: baseline; white-space: pre-wrap;&quot;&gt;&lt;br /&gt;&lt;/span&gt;&lt;/p&gt;\n&lt;p style=&quot;text-align: right; margin-top: 0pt; margin-bottom: 0pt;&quot; dir=&quot;rtl&quot;&gt;&lt;span style=&quot;font-size: 15px; font-family: Arial; color: #000000; background-color: transparent; font-weight: normal; font-style: normal; font-variant: normal; text-decoration: none; vertical-align: baseline; white-space: pre-wrap;&quot;&gt;عندما تقوم بالتسجيل، نقوم نحن بتحديد رمز تعريفي خاص بك، ثم نقوم بإرسال الرمز التعريفي الشخصي هذا مرة أخرى إلى القرص الصلب في شكل ملف تعريف الارتباط (كوكيز) وهو جزء صغير جداً من التعليمات البرمجية. هذا الرمز هو مخصص لك. وهو جواز إستخدامك السلس لموقع موتورز سوق.&lt;/span&gt;&lt;/p&gt;\n&lt;p style=&quot;text-align: right; margin-top: 0pt; margin-bottom: 0pt;&quot; dir=&quot;rtl&quot;&gt;&lt;span style=&quot;font-size: 15px; font-family: Arial; color: #000000; background-color: transparent; font-weight: normal; font-style: normal; font-variant: normal; text-decoration: none; vertical-align: baseline; white-space: pre-wrap;&quot;&gt;ويسمح لك باستخدام موتورز سوق دون الاضطرار إلى ملء استمارات التسجيل مع المعلومات التي قمت بتوفيرها مسبقا إلى أن تقوم بتبديل جهاز الحاسب الآلي.&lt;/span&gt;&lt;/p&gt;\n&lt;br /&gt;&lt;br /&gt;\n&lt;p style=&quot;text-align: right; margin-top: 0pt; margin-bottom: 0pt;&quot; dir=&quot;rtl&quot;&gt;&lt;span style=&quot;font-size: 15px; font-family: Arial; color: #000000; background-color: transparent; font-weight: bold; font-style: normal; font-variant: normal; text-decoration: none; vertical-align: baseline; white-space: pre-wrap;&quot;&gt;ما نقوم به مع المعلومات التي تقوم بمشاركتها&lt;/span&gt;&lt;/p&gt;\n&lt;p style=&quot;text-align: right; margin-top: 0pt; margin-bottom: 0pt;&quot; dir=&quot;rtl&quot;&gt;&lt;span style=&quot;font-size: 15px; font-family: Arial; color: #000000; background-color: transparent; font-weight: normal; font-style: normal; font-variant: normal; text-decoration: none; vertical-align: baseline; white-space: pre-wrap;&quot;&gt;عندما تنضم إلينا في موقع موتورز سوق، يمكنك تزويدنا بمعلومات الاتصال الخاصة بك، بما في ذلك رقم الهاتف، الدولة، العنوان البريدي. نحن نستخدم هذه المعلومات لإرسال تحديثات حول طلبك، استبيانات لقياس الارتياح الخاص بك مع خدماتنا وإعلانات عن الخدمات الجديدة التي نقدمها.&lt;/span&gt;&lt;/p&gt;\n&lt;br /&gt;\n&lt;p style=&quot;text-align: right; margin-top: 0pt; margin-bottom: 0pt;&quot; dir=&quot;rtl&quot;&gt;&lt;span style=&quot;font-size: 15px; font-family: Arial; color: #000000; background-color: transparent; font-weight: normal; font-style: normal; font-variant: normal; text-decoration: none; vertical-align: baseline; white-space: pre-wrap;&quot;&gt;موتورز سوق يقوم أحياناً بالاستعانة بشركات أخرى لتوفير خدمات محدودة بالنيابة عنه، وسوف نقدم فقط معلومات المطلوبة التي تخص هذه الخدمات لتوصيل الخدمة لك، وأنهم ممنوعون من استخدام تلك المعلومات لأي غرض آخر.&lt;/span&gt;&lt;/p&gt;\n&lt;br /&gt;\n&lt;p style=&quot;text-align: right; margin-top: 0pt; margin-bottom: 0pt;&quot; dir=&quot;rtl&quot;&gt;&lt;span style=&quot;font-size: 15px; font-family: Arial; color: #000000; background-color: transparent; font-weight: normal; font-style: normal; font-variant: normal; text-decoration: none; vertical-align: baseline; white-space: pre-wrap;&quot;&gt;موتورز سوق سوف تكشف معلوماتك الشخصية بدون إشعار مسبق، فقط في حال قضى القانون بذلك او عند الإعتقاد بأن هذا الإجراء ضروري، ويتلخص الإعتقاد بالضرورة في الحالات التالية:&lt;/span&gt;&lt;/p&gt;\n&lt;p style=&quot;text-align: right; margin-top: 0pt; margin-bottom: 0pt;&quot; dir=&quot;rtl&quot;&gt;&lt;span style=&quot;font-size: 15px; font-family: Arial; color: #000000; background-color: transparent; font-weight: normal; font-style: normal; font-variant: normal; text-decoration: none; vertical-align: baseline; white-space: pre-wrap;&quot;&gt;(أ) تطبيق أوامر القانون أو الامتثال لعملية قانونية على &quot;موتورز سوق&quot; أو الموقع الإلكتروني.&lt;/span&gt;&lt;/p&gt;\n&lt;p style=&quot;text-align: right; margin-top: 0pt; margin-bottom: 0pt;&quot; dir=&quot;rtl&quot;&gt;&lt;span style=&quot;font-size: 15px; font-family: Arial; color: #000000; background-color: transparent; font-weight: normal; font-style: normal; font-variant: normal; text-decoration: none; vertical-align: baseline; white-space: pre-wrap;&quot;&gt;(ب) الحماية والدفاع عن حقوق أو ممتلكات &quot;موتورز سوق&quot; وعائلته من المواقع الإلكترونية.&lt;/span&gt;&lt;/p&gt;\n&lt;p style=&quot;text-align: right; margin-top: 0pt; margin-bottom: 0pt;&quot; dir=&quot;rtl&quot;&gt;&lt;span style=&quot;font-size: 15px; font-family: Arial; color: #000000; background-color: transparent; font-weight: normal; font-style: normal; font-variant: normal; text-decoration: none; vertical-align: baseline; white-space: pre-wrap;&quot;&gt;(ج) في الحالات العاجلة لحماية الأمان الشخصي لمستخدمي &quot;موتورز سوق&quot;، ومواقعها، أو الجمهور.&lt;/span&gt;&lt;/p&gt;\n&lt;span id=&quot;result_box&quot; style=&quot;font-size: medium;&quot; lang=&quot;en&quot;&gt;&lt;span class=&quot;hps&quot;&gt;&lt;br /&gt;&lt;/span&gt;&lt;/span&gt;&lt;/td&gt;\n&lt;/tr&gt;\n&lt;/tbody&gt;\n&lt;/table&gt;\n&lt;p&gt;&lt;span style=&quot;font-size: small;&quot;&gt;&lt;br /&gt;&lt;/span&gt;&lt;/p&gt;', 'AR', 92);
INSERT INTO `cms_page_lang` (`title`, `keywords`, `description`, `content`, `lang`, `cms_page_id`) VALUES
('Motors Souq privacy policy', 'motors souq privacy policy, motorssouq.com privacy policy, privacy policy', 'important for you to read motorssouq.com privacy policy.\n', '&lt;p&gt; &lt;/p&gt;\n&lt;table style=&quot;margin-left: auto; margin-right: auto; width: 700px; border: 0pt solid #a9a9a9;&quot; border=&quot;0&quot; align=&quot;center&quot;&gt;\n&lt;tbody&gt;\n&lt;tr&gt;\n&lt;td style=&quot;text-align: right;&quot; dir=&quot;ltr&quot;&gt;&lt;br /&gt;\n&lt;p style=&quot;text-align: left;&quot;&gt;&lt;span id=&quot;internal-source-marker_0.31305808331545837&quot; style=&quot;font-size: 16px; font-family: Arial; color: #000000; background-color: transparent; font-weight: bold; font-style: normal; font-variant: normal; text-decoration: underline; vertical-align: baseline;&quot;&gt;Motors Souq WEBSITE PRIVACY POLICY&lt;/span&gt;&lt;br /&gt;&lt;span style=&quot;font-size: 15px; font-family: Arial; color: #000000; background-color: transparent; font-weight: normal; font-style: normal; font-variant: normal; text-decoration: none; vertical-align: baseline;&quot;&gt;The Internet is an amazing tool. It has the power to change the way we live, and we&#039;re starting to see that potential today. With only few mouse-clicks, you can follow the news, look up facts, buy goods and services, and communicate with others from around the world. It&#039;s important to Motors Souq to help our customers retain their privacy when they take advantage of all the Internet has to offer.&lt;/span&gt;&lt;br /&gt;&lt;br /&gt;&lt;span style=&quot;font-size: 15px; font-family: Arial; color: #000000; background-color: transparent; font-weight: normal; font-style: normal; font-variant: normal; text-decoration: none; vertical-align: baseline;&quot;&gt;We believe your business is no one else&#039;s. Your privacy is important to you and to us. So we&#039;ll protect the information you share with us. To protect your privacy, Motors Souq follows different principles in accordance with worldwide practices for customer privacy and data protection.&lt;/span&gt;&lt;br /&gt;&lt;br /&gt;&lt;/p&gt;\n&lt;ul style=&quot;margin-top: 0pt; margin-bottom: 0pt; text-align: left;&quot;&gt;\n&lt;li style=&quot;list-style-type: disc; font-size: 15px; font-family: Arial; color: #000000; background-color: transparent; font-weight: normal; font-style: normal; font-variant: normal; text-decoration: none; vertical-align: baseline;&quot;&gt;&lt;span style=&quot;font-size: 15px; font-family: Arial; color: #000000; background-color: transparent; font-weight: normal; font-style: normal; font-variant: normal; text-decoration: none; vertical-align: baseline;&quot;&gt;We won’t sell or give away mail address, phone number, email address or any other information to anyone.&lt;/span&gt;&lt;/li&gt;\n&lt;/ul&gt;\n&lt;p style=&quot;text-align: left;&quot;&gt; &lt;/p&gt;\n&lt;ul style=&quot;margin-top: 0pt; margin-bottom: 0pt; text-align: left;&quot;&gt;\n&lt;li style=&quot;list-style-type: disc; font-size: 15px; font-family: Arial; color: #000000; background-color: transparent; font-weight: normal; font-style: normal; font-variant: normal; text-decoration: none; vertical-align: baseline;&quot;&gt;&lt;span style=&quot;font-size: 15px; font-family: Arial; color: #000000; background-color: transparent; font-weight: normal; font-style: normal; font-variant: normal; text-decoration: none; vertical-align: baseline;&quot;&gt;We’ll use state-of-the-art security measures to protect your information from unauthorized users.&lt;/span&gt;&lt;/li&gt;\n&lt;/ul&gt;\n&lt;p style=&quot;text-align: left;&quot;&gt;&lt;br /&gt;&lt;span style=&quot;font-size: 15px; font-family: Arial; color: #000000; background-color: transparent; font-weight: bold; font-style: normal; font-variant: normal; text-decoration: none; vertical-align: baseline;&quot;&gt;NOTICE&lt;/span&gt;&lt;br /&gt;&lt;span style=&quot;font-size: 15px; font-family: Arial; color: #000000; background-color: transparent; font-weight: normal; font-style: normal; font-variant: normal; text-decoration: none; vertical-align: baseline;&quot;&gt;We will ask you when we need information that personally identifies you (personal information) or allows us to contact you. Generally, this information is requested when you create a Registration ID on the site or when you download free software, enter a contest, order email newsletters or join a limited-access premium site. We use your Personal Information for four primary purposes:&lt;/span&gt;&lt;/p&gt;\n&lt;ul style=&quot;margin-top: 0pt; margin-bottom: 0pt; text-align: left;&quot;&gt;\n&lt;li style=&quot;list-style-type: disc; font-size: 15px; font-family: Arial; color: #000000; background-color: transparent; font-weight: normal; font-style: normal; font-variant: normal; text-decoration: none; vertical-align: baseline;&quot;&gt;&lt;span style=&quot;font-size: 15px; font-family: Arial; color: #000000; background-color: transparent; font-weight: normal; font-style: normal; font-variant: normal; text-decoration: none; vertical-align: baseline;&quot;&gt;To make the site easier for you to use by not having to enter information more than once.&lt;/span&gt;&lt;/li&gt;\n&lt;/ul&gt;\n&lt;p style=&quot;text-align: left;&quot;&gt; &lt;/p&gt;\n&lt;ul style=&quot;margin-top: 0pt; margin-bottom: 0pt; text-align: left;&quot;&gt;\n&lt;li style=&quot;list-style-type: disc; font-size: 15px; font-family: Arial; color: #000000; background-color: transparent; font-weight: normal; font-style: normal; font-variant: normal; text-decoration: none; vertical-align: baseline;&quot;&gt;&lt;span style=&quot;font-size: 15px; font-family: Arial; color: #000000; background-color: transparent; font-weight: normal; font-style: normal; font-variant: normal; text-decoration: none; vertical-align: baseline;&quot;&gt;To help you quickly find services or information.&lt;/span&gt;&lt;/li&gt;\n&lt;/ul&gt;\n&lt;p style=&quot;text-align: left;&quot;&gt; &lt;/p&gt;\n&lt;ul style=&quot;margin-top: 0pt; margin-bottom: 0pt; text-align: left;&quot;&gt;\n&lt;li style=&quot;list-style-type: disc; font-size: 15px; font-family: Arial; color: #000000; background-color: transparent; font-weight: normal; font-style: normal; font-variant: normal; text-decoration: none; vertical-align: baseline;&quot;&gt;&lt;span style=&quot;font-size: 15px; font-family: Arial; color: #000000; background-color: transparent; font-weight: normal; font-style: normal; font-variant: normal; text-decoration: none; vertical-align: baseline;&quot;&gt;To help us create content most relevant to you.&lt;/span&gt;&lt;/li&gt;\n&lt;/ul&gt;\n&lt;p style=&quot;text-align: left;&quot;&gt; &lt;/p&gt;\n&lt;ul style=&quot;margin-top: 0pt; margin-bottom: 0pt; text-align: left;&quot;&gt;\n&lt;li style=&quot;list-style-type: disc; font-size: 15px; font-family: Arial; color: #000000; background-color: transparent; font-weight: normal; font-style: normal; font-variant: normal; text-decoration: none; vertical-align: baseline;&quot;&gt;&lt;span style=&quot;font-size: 15px; font-family: Arial; color: #000000; background-color: transparent; font-weight: normal; font-style: normal; font-variant: normal; text-decoration: none; vertical-align: baseline;&quot;&gt;To alert you to product upgrades, special offers, updated information and other new services from Motors Souq.&lt;/span&gt;&lt;/li&gt;\n&lt;/ul&gt;\n&lt;p style=&quot;text-align: left;&quot;&gt;&lt;br /&gt;&lt;span style=&quot;font-size: 15px; font-family: Arial; color: #000000; background-color: transparent; font-weight: bold; font-style: normal; font-variant: normal; text-decoration: none; vertical-align: baseline;&quot;&gt;CONSENT&lt;/span&gt;&lt;br /&gt;&lt;span style=&quot;font-size: 15px; font-family: Arial; color: #000000; background-color: transparent; font-weight: normal; font-style: normal; font-variant: normal; text-decoration: none; vertical-align: baseline;&quot;&gt;If you choose not to register or provide personal information, you can still use most of&lt;/span&gt;&lt;a href=&quot;http://motorssouq.com/portal/admin/www.motorssouq.com&quot;&gt;&lt;span style=&quot;font-size: 15px; font-family: Arial; color: #1155cc; background-color: transparent; font-weight: normal; font-style: normal; font-variant: normal; text-decoration: underline; vertical-align: baseline;&quot;&gt;www.motorssouq.com&lt;/span&gt;&lt;/a&gt;&lt;span style=&quot;font-size: 15px; font-family: Arial; color: #000000; background-color: transparent; font-weight: normal; font-style: normal; font-variant: normal; text-decoration: none; vertical-align: baseline;&quot;&gt;. But you will not be able to access areas that require registration.&lt;/span&gt;&lt;br /&gt;&lt;br /&gt;&lt;span style=&quot;font-size: 15px; font-family: Arial; color: #000000; background-color: transparent; font-weight: normal; font-style: normal; font-variant: normal; text-decoration: none; vertical-align: baseline;&quot;&gt;If you decide to register, you will be able to select the kinds of information you want to receive from us by subscribing to various services, like our electronic newsletters. If you do not want us to communicate with you about other offers regarding Motors Souq products, programs, events, or services by email, postal mail, or telephone, you may select the option stating that you do not wish to receive marketing messages from Motors Souq.&lt;/span&gt;&lt;br /&gt;&lt;br /&gt;&lt;br /&gt;&lt;br /&gt;&lt;br /&gt;&lt;br /&gt;&lt;br /&gt;&lt;span style=&quot;font-size: 16px; font-family: Arial; color: #000000; background-color: transparent; font-weight: bold; font-style: normal; font-variant: normal; text-decoration: none; vertical-align: baseline;&quot;&gt;ACCESS&lt;/span&gt;&lt;br /&gt;&lt;span style=&quot;font-size: 15px; font-family: Arial; color: #000000; background-color: transparent; font-weight: normal; font-style: normal; font-variant: normal; text-decoration: none; vertical-align: baseline;&quot;&gt;We will provide you with the means to ensure that your personal information is correct and current. You may review and update this information at any time at the client area of your account page. There, you can:&lt;/span&gt;&lt;br /&gt;&lt;br /&gt;&lt;/p&gt;\n&lt;ul style=&quot;margin-top: 0pt; margin-bottom: 0pt; text-align: left;&quot;&gt;\n&lt;li style=&quot;list-style-type: disc; font-size: 15px; font-family: Arial; color: #000000; background-color: transparent; font-weight: normal; font-style: normal; font-variant: normal; text-decoration: none; vertical-align: baseline;&quot;&gt;&lt;span style=&quot;font-size: 15px; font-family: Arial; color: #000000; background-color: transparent; font-weight: normal; font-style: normal; font-variant: normal; text-decoration: none; vertical-align: baseline;&quot;&gt;View and edit personal information you have already given us.&lt;/span&gt;&lt;/li&gt;\n&lt;/ul&gt;\n&lt;p style=&quot;text-align: left;&quot;&gt; &lt;/p&gt;\n&lt;ul style=&quot;margin-top: 0pt; margin-bottom: 0pt; text-align: left;&quot;&gt;\n&lt;li style=&quot;list-style-type: disc; font-size: 15px; font-family: Arial; color: #000000; background-color: transparent; font-weight: normal; font-style: normal; font-variant: normal; text-decoration: none; vertical-align: baseline;&quot;&gt;&lt;span style=&quot;font-size: 15px; font-family: Arial; color: #000000; background-color: transparent; font-weight: normal; font-style: normal; font-variant: normal; text-decoration: none; vertical-align: baseline;&quot;&gt;in the kingdom of bahrain.&lt;/span&gt;&lt;/li&gt;\n&lt;li style=&quot;list-style-type: disc; font-size: 15px; font-family: Arial; color: #000000; background-color: transparent; font-weight: normal; font-style: normal; font-variant: normal; text-decoration: none; vertical-align: baseline;&quot;&gt;&lt;span style=&quot;font-size: 15px; font-family: Arial; color: #000000; background-color: transparent; font-weight: normal; font-style: normal; font-variant: normal; text-decoration: none; vertical-align: baseline;&quot;&gt;view your motors list.&lt;/span&gt;&lt;/li&gt;\n&lt;li style=&quot;list-style-type: disc; font-size: 15px; font-family: Arial; color: #000000; background-color: transparent; font-weight: normal; font-style: normal; font-variant: normal; text-decoration: none; vertical-align: baseline;&quot;&gt;&lt;span style=&quot;font-size: 15px; font-family: Arial; color: #000000; background-color: transparent; font-weight: normal; font-style: normal; font-variant: normal; text-decoration: none; vertical-align: baseline;&quot;&gt;List your cars (motors).&lt;/span&gt;&lt;/li&gt;\n&lt;/ul&gt;\n&lt;p style=&quot;text-align: left;&quot;&gt; &lt;/p&gt;\n&lt;ul style=&quot;margin-top: 0pt; margin-bottom: 0pt; text-align: left;&quot;&gt;\n&lt;li style=&quot;list-style-type: disc; font-size: 15px; font-family: Arial; color: #000000; background-color: transparent; font-weight: normal; font-style: normal; font-variant: normal; text-decoration: none; vertical-align: baseline;&quot;&gt;&lt;span style=&quot;font-size: 15px; font-family: Arial; color: #000000; background-color: transparent; font-weight: normal; font-style: normal; font-variant: normal; text-decoration: none; vertical-align: baseline;&quot;&gt;Request a Car (motor).&lt;/span&gt;&lt;/li&gt;\n&lt;/ul&gt;\n&lt;p style=&quot;text-align: left;&quot;&gt; &lt;/p&gt;\n&lt;ul style=&quot;margin-top: 0pt; margin-bottom: 0pt; text-align: left;&quot;&gt;\n&lt;li style=&quot;list-style-type: disc; font-size: 15px; font-family: Arial; color: #000000; background-color: transparent; font-weight: normal; font-style: normal; font-variant: normal; text-decoration: none; vertical-align: baseline;&quot;&gt;&lt;span style=&quot;font-size: 15px; font-family: Arial; color: #000000; background-color: transparent; font-weight: normal; font-style: normal; font-variant: normal; text-decoration: none; vertical-align: baseline;&quot;&gt;Change password.&lt;/span&gt;&lt;/li&gt;\n&lt;/ul&gt;\n&lt;p style=&quot;text-align: left;&quot;&gt;&lt;br /&gt;&lt;span style=&quot;font-size: 15px; font-family: Arial; color: #000000; background-color: transparent; font-weight: bold; font-style: normal; font-variant: normal; text-decoration: none; vertical-align: baseline;&quot;&gt;SECURITY&lt;/span&gt;&lt;br /&gt;&lt;span style=&quot;font-size: 15px; font-family: Arial; color: #000000; background-color: transparent; font-weight: normal; font-style: normal; font-variant: normal; text-decoration: none; vertical-align: baseline;&quot;&gt;Motors Souq has taken strong measures to protect the security of your personal information and to ensure that your choices for its intended use are honored. We take strong precautions to protect your data from loss, misuse, unauthorized access or disclosure, alteration, or destruction.&lt;/span&gt;&lt;br /&gt;&lt;br /&gt;&lt;span style=&quot;font-size: 15px; font-family: Arial; color: #000000; background-color: transparent; font-weight: normal; font-style: normal; font-variant: normal; text-decoration: none; vertical-align: baseline;&quot;&gt;We guarantee that When you access your personal account information, you&#039;re utilizing secure server software SSL, which encrypts your personal information before it&#039;s sent over the Internet. SSL is one of the safest encryption technologies available.&lt;/span&gt;&lt;br /&gt;&lt;br /&gt;&lt;span style=&quot;font-size: 15px; font-family: Arial; color: #000000; background-color: transparent; font-weight: normal; font-style: normal; font-variant: normal; text-decoration: none; vertical-align: baseline;&quot;&gt;Motors Souq strictly protects the security of your personal information and honors your choices for its intended use. We carefully protect your data from loss, misuse, unauthorized access or disclosure, alteration, or destruction.&lt;/span&gt;&lt;br /&gt;&lt;br /&gt;&lt;span style=&quot;font-size: 15px; font-family: Arial; color: #000000; background-color: transparent; font-weight: normal; font-style: normal; font-variant: normal; text-decoration: none; vertical-align: baseline;&quot;&gt;Your personal information is never shared outside the company without your permission, except under conditions explained above. Inside the company, data is stored in password-controlled servers with limited access. Your information may be stored and processed in Kingdom of Bahrain or any other country where Motors Souq, its subsidiaries, affiliates or agents are located.&lt;/span&gt;&lt;br /&gt;&lt;br /&gt;&lt;span style=&quot;font-size: 15px; font-family: Arial; color: #000000; background-color: transparent; font-weight: normal; font-style: normal; font-variant: normal; text-decoration: none; vertical-align: baseline;&quot;&gt;You also have a significant role in protecting your information. No one can see or edit your personal information without knowing your user name and password, so do not share these with others.&lt;/span&gt;&lt;br /&gt;&lt;br /&gt;&lt;span style=&quot;font-size: 16px; font-family: Arial; color: #000000; background-color: transparent; font-weight: bold; font-style: normal; font-variant: normal; text-decoration: none; vertical-align: baseline;&quot;&gt;ENFORCEMENT&lt;/span&gt;&lt;br /&gt;&lt;span style=&quot;font-size: 15px; font-family: Arial; color: #000000; background-color: transparent; font-weight: normal; font-style: normal; font-variant: normal; text-decoration: none; vertical-align: baseline;&quot;&gt;If for some reason you believe Motors Souq has not adhered to these principles, please notify us by email at info@motorssouq.com, and we will do our best to determine and correct the problem promptly. Be certain the words Privacy Policy are in the Subject line.&lt;/span&gt;&lt;br /&gt;&lt;br /&gt;&lt;span style=&quot;font-size: 15px; font-family: Arial; color: #000000; background-color: transparent; font-weight: bold; font-style: normal; font-variant: normal; text-decoration: none; vertical-align: baseline;&quot;&gt;CUSTOMER PROFILES&lt;/span&gt;&lt;br /&gt;&lt;span style=&quot;font-size: 15px; font-family: Arial; color: #000000; background-color: transparent; font-weight: normal; font-style: normal; font-variant: normal; text-decoration: none; vertical-align: baseline;&quot;&gt;As mentioned above, every registered customer has a unique personal profile. Each profile is to your email address, which helps us ensure that only you can access your profile.&lt;/span&gt;&lt;br /&gt;&lt;br /&gt;&lt;span style=&quot;font-size: 15px; font-family: Arial; color: #000000; background-color: transparent; font-weight: normal; font-style: normal; font-variant: normal; text-decoration: none; vertical-align: baseline;&quot;&gt;When you register, we create your profile, assign a personal identification number, then send this personal identification number back to your hard drive in the form of a cookie, which is a very small bit of code. This code is uniquely yours. It is your passport to seamless travel across&lt;/span&gt;&lt;a href=&quot;http://motorssouq.com/portal/admin/www.motorssouq.com&quot;&gt;&lt;span style=&quot;font-size: 15px; font-family: Arial; color: #1155cc; background-color: transparent; font-weight: normal; font-style: normal; font-variant: normal; text-decoration: underline; vertical-align: baseline;&quot;&gt;www.motorssouq.com&lt;/span&gt;&lt;/a&gt;&lt;span style=&quot;font-size: 15px; font-family: Arial; color: #000000; background-color: transparent; font-weight: normal; font-style: normal; font-variant: normal; text-decoration: none; vertical-align: baseline;&quot;&gt;, allowing you to use&lt;/span&gt;&lt;a href=&quot;http://motorssouq.com/portal/admin/www.motorssouq.com&quot;&gt;&lt;span style=&quot;font-size: 15px; font-family: Arial; color: #1155cc; background-color: transparent; font-weight: normal; font-style: normal; font-variant: normal; text-decoration: underline; vertical-align: baseline;&quot;&gt;www.motorssouq.com&lt;/span&gt;&lt;/a&gt;&lt;span style=&quot;font-size: 15px; font-family: Arial; color: #000000; background-color: transparent; font-weight: normal; font-style: normal; font-variant: normal; text-decoration: none; vertical-align: baseline;&quot;&gt; without having to fill out registration forms with information you&#039;ve already provided. Even if you switch computers, you won&#039;t have to re-register – just use your Registration ID to identify yourself.&lt;/span&gt;&lt;br /&gt;&lt;br /&gt;&lt;span style=&quot;font-size: 15px; font-family: Arial; color: #000000; background-color: transparent; font-weight: bold; font-style: normal; font-variant: normal; text-decoration: none; vertical-align: baseline;&quot;&gt;What we do with the information you share&lt;/span&gt;&lt;br /&gt;&lt;span style=&quot;font-size: 15px; font-family: Arial; color: #000000; background-color: transparent; font-weight: normal; font-style: normal; font-variant: normal; text-decoration: none; vertical-align: baseline;&quot;&gt;When you join us, you provide us with your contact information, including Motors activity and email address. We use this information to send you updates about your order, questionnaires to measure your satisfaction with our service and announcements about new and exciting services that we offer.&lt;/span&gt;&lt;br /&gt;&lt;br /&gt;&lt;span style=&quot;font-size: 15px; font-family: Arial; color: #000000; background-color: transparent; font-weight: normal; font-style: normal; font-variant: normal; text-decoration: none; vertical-align: baseline;&quot;&gt;We occasionally hire other companies to provide limited services on our behalf, We will only provide those companies the information they need to deliver the service, and they are prohibited from using that information for any other purpose.&lt;/span&gt;&lt;br /&gt;&lt;br /&gt;&lt;span style=&quot;font-size: 15px; font-family: Arial; color: #000000; background-color: transparent; font-weight: normal; font-style: normal; font-variant: normal; text-decoration: none; vertical-align: baseline;&quot;&gt;Motors Souq will disclose your personal information, without notice, only if required to do so by law or in the good faith belief that such action is necessary to: (a) conform to the edicts of the law or comply with legal process served on Motors Souq or the site; (b) protect and defend the rights or property of Motors Souq and its family of Websites, and, (c) act in urgent circumstances to protect the personal safety of users Motors Souq, its Websites, or the public.&lt;/span&gt;&lt;/p&gt;\n&lt;/td&gt;\n&lt;/tr&gt;\n&lt;/tbody&gt;\n&lt;/table&gt;\n&lt;p&gt;&lt;span style=&quot;font-size: small;&quot;&gt;&lt;br /&gt;&lt;/span&gt;&lt;/p&gt;', 'EN', 92),
('privacy policy', 'motors souq privacy policy, motorssouq.com privacy policy, privacy policy', 'important for you to read motorssouq.com privacy policy.', '&lt;p&gt; &lt;/p&gt;\n&lt;table style=&quot;margin-left: auto; margin-right: auto; width: 700px; border: 0pt solid #a9a9a9;&quot; border=&quot;0&quot; align=&quot;center&quot;&gt;\n&lt;tbody&gt;\n&lt;tr&gt;\n&lt;td&gt;\n&lt;p&gt; &lt;/p&gt;\n&lt;strong&gt;&lt;span style=&quot;text-decoration: underline;&quot;&gt;&lt;span style=&quot;font-size: medium;&quot; lang=&quot;en&quot;&gt;&lt;span style=&quot;font-size: medium;&quot; lang=&quot;en&quot;&gt;&lt;span class=&quot;hps&quot;&gt;Motors Souq WEBSITE PRIVACY POLICY&lt;/span&gt;&lt;/span&gt;&lt;/span&gt;&lt;/span&gt;&lt;/strong&gt;\n&lt;p class=&quot;minitext&quot;&gt;The Internet is an amazing tool. It has the power to change the way we live, and we&#039;re starting to see that potential today. With only a few mouse-clicks, you can follow the news, look up facts, buy goods and services, and communicate with others from around the world. It&#039;s important to Motors Souq to help our customers retain their privacy when they take advantage of all the Internet has to offer.&lt;/p&gt;\n&lt;p class=&quot;minitext&quot;&gt; &lt;/p&gt;\n&lt;p class=&quot;minitext&quot;&gt;We believe your business is no one else&#039;s. Your privacy is important to you and to us. So we&#039;ll protect the information you share with us. To protect your privacy, Motors Souq follows different principles in accordance with worldwide practices for customer privacy and data protection.&lt;/p&gt;\n&lt;p class=&quot;minitext&quot;&gt; &lt;/p&gt;\n&lt;ul&gt;\n&lt;li&gt;We won’t sell or give away mail address, phone number, email address or any other information to anyone.&lt;/li&gt;\n&lt;/ul&gt;\n&lt;ul&gt;\n&lt;li&gt;We’ll use state-of-the-art security measures to protect your information from unauthorized users.&lt;/li&gt;\n&lt;/ul&gt;\n&lt;p class=&quot;minitext&quot;&gt; &lt;/p&gt;\n&lt;p&gt;&lt;strong&gt;NOTICE&lt;/strong&gt;&lt;/p&gt;\n&lt;p&gt;We will ask you when we need information that personally identifies you (personal information) or allows us to contact you. Generally, this information is requested when you create a Registration ID on the site or when you download free software, enter a contest, order email newsletters or join a limited-access premium site. We use your Personal Information for four primary purposes:&lt;/p&gt;\n&lt;ul&gt;\n&lt;li&gt;q To make the site easier for you to use by not having to enter information more than once.&lt;/li&gt;\n&lt;/ul&gt;\n&lt;ul&gt;\n&lt;li&gt;q To help you quickly find software, services or information.&lt;/li&gt;\n&lt;/ul&gt;\n&lt;ul&gt;\n&lt;li&gt;q To help us create content most relevant to you.&lt;/li&gt;\n&lt;/ul&gt;\n&lt;ul&gt;\n&lt;li&gt;q To alert you to product upgrades, special offers, updated information and other new services from Motors Souq.&lt;/li&gt;\n&lt;/ul&gt;\n&lt;p&gt;&lt;strong&gt; &lt;/strong&gt;&lt;/p&gt;\n&lt;p&gt;&lt;strong&gt;CONSENT&lt;/strong&gt;&lt;/p&gt;\n&lt;p&gt;If you choose not to register or provide personal information, you can still use most of &lt;a href=&quot;www.motorssouq.com&quot;&gt;www.motorssouq.com&lt;/a&gt;. But you will not be able to access areas that require registration.&lt;/p&gt;\n&lt;p&gt; &lt;/p&gt;\n&lt;p&gt;If you decide to register, you will be able to select the kinds of information you want to receive from us by subscribing to various services, like our electronic newsletters. If you do not want us to communicate with you about other offers regarding Motors Souq products, programs, events, or services by email, postal mail, or telephone, you may select the option stating that you do not wish to receive marketing messages from Motors Souq.&lt;/p&gt;\n&lt;p&gt; &lt;/p&gt;\n&lt;p&gt;Motors Souq occasionally allows other companies to offer our registered customers information about their products and services, using e-mails only. If you do not want to receive these offers, you may select the option stating that you do not wish to receive marketing materials from third parties.&lt;/p&gt;\n&lt;p&gt; &lt;/p&gt;\n&lt;span style=&quot;font-size: medium;&quot; lang=&quot;en&quot;&gt;&lt;span style=&quot;font-size: medium;&quot; lang=&quot;en&quot;&gt;&lt;span class=&quot;hps&quot;&gt;&lt;strong&gt;ACCESS&lt;/strong&gt;&lt;/span&gt;&lt;/span&gt;&lt;/span&gt;\n&lt;p&gt;We will provide you with the means to ensure that your personal information is correct and current. You may review and update this information at any time at the client area of your account page. There, you can:&lt;/p&gt;\n&lt;p&gt; &lt;/p&gt;\n&lt;ul&gt;\n&lt;li&gt;q View and edit personal information you have already given us.&lt;/li&gt;\n&lt;/ul&gt;\n&lt;ul&gt;\n&lt;li&gt;q Tell us whether you want us to send you marketing information, or whether you want third parties to send you their offers by Emails.&lt;/li&gt;\n&lt;/ul&gt;\n&lt;ul&gt;\n&lt;li&gt;q Sign up for electronic newsletters about our services and products.&lt;/li&gt;\n&lt;/ul&gt;\n&lt;ul&gt;\n&lt;li&gt;q Register. Once you register, you won&#039;t need to do it again. Wherever you go on &lt;a href=&quot;www.motorssouq.com&quot;&gt;www.motorssouq.com&lt;/a&gt;, your information stays with you.&lt;/li&gt;\n&lt;/ul&gt;\n&lt;ul&gt;\n&lt;li&gt;q List your cars (motors).&lt;/li&gt;\n&lt;/ul&gt;\n&lt;ul&gt;\n&lt;li&gt;q Request a Car (motor).&lt;/li&gt;\n&lt;/ul&gt;\n&lt;ul&gt;\n&lt;li&gt;q Change password.&lt;/li&gt;\n&lt;/ul&gt;\n&lt;p&gt;&lt;strong&gt; &lt;/strong&gt;&lt;/p&gt;\n&lt;p&gt;&lt;strong&gt;SECURITY&lt;/strong&gt;&lt;/p&gt;\n&lt;p class=&quot;smallbold&quot;&gt;Motors Souq has taken strong measures to protect the security of your personal information and to ensure that your choices for its intended use are honored. We take strong precautions to protect your data from loss, misuse, unauthorized access or disclosure, alteration, or destruction.&lt;/p&gt;\n&lt;p class=&quot;smallbold&quot;&gt; &lt;/p&gt;\n&lt;p class=&quot;minitext&quot;&gt;We guarantee that When you access your personal account information, you&#039;re utilizing secure server software SSL, which encrypts your personal information before it&#039;s sent over the Internet. SSL is one of the safest encryption technologies available.&lt;/p&gt;\n&lt;p class=&quot;minitext&quot;&gt; &lt;/p&gt;\n&lt;p&gt;Motors Souq strictly protects the security of your personal information and honors your choices for its intended use. We carefully protect your data from loss, misuse, unauthorized access or disclosure, alteration, or destruction.&lt;/p&gt;\n&lt;p&gt; &lt;/p&gt;\n&lt;p&gt;Your personal information is never shared outside the company without your permission, except under conditions explained above. Inside the company, data is stored in password-controlled servers with limited access. Your information may be stored and processed in Kingdom of Bahrain or any other country where Motors Souq, its subsidiaries, affiliates or agents are located.&lt;/p&gt;\n&lt;p&gt; &lt;/p&gt;\n&lt;p&gt;You also have a significant role in protecting your information. No one can see or edit your personal information without knowing your user name and password, so do not share these with others.&lt;/p&gt;\n&lt;p&gt; &lt;/p&gt;\n&lt;span style=&quot;font-size: medium;&quot; lang=&quot;en&quot;&gt;&lt;span style=&quot;font-size: medium;&quot; lang=&quot;en&quot;&gt;&lt;span class=&quot;hps&quot;&gt;&lt;strong&gt;ENFORCEMENT&lt;/strong&gt;&lt;/span&gt;&lt;/span&gt;&lt;/span&gt;\n&lt;p&gt;If for some reason you believe Motors Souq has not adhered to these principles, please notify us by email at info@motorssouq.com, and we will do our best to determine and correct the problem promptly. Be certain the words Privacy Policy are in the Subject line.&lt;/p&gt;\n&lt;p&gt;&lt;strong&gt; &lt;/strong&gt;&lt;/p&gt;\n&lt;p&gt;&lt;strong&gt;CUSTOMER PROFILES&lt;/strong&gt;&lt;/p&gt;\n&lt;p&gt;As mentioned above, every registered customer has a unique personal profile. Each profile is to your email address, which helps us ensure that only you can access your profile.&lt;/p&gt;\n&lt;p&gt; &lt;/p&gt;\n&lt;p&gt;When you register, we create your profile, assign a personal identification number, then send this personal identification number back to your hard drive in the form of a cookie, which is a very small bit of code. This code is uniquely yours. It is your passport to seamless travel across &lt;a href=&quot;www.motorssouq.com&quot;&gt;www.motorssouq.com&lt;/a&gt;, allowing you to use &lt;a href=&quot;www.motorssouq.com&quot;&gt;www.motorssouq.com&lt;/a&gt; without having to fill out registration forms with information you&#039;ve already provided. Even if you switch computers, you won&#039;t have to re-register – just use your Registration ID to identify yourself.&lt;/p&gt;\n&lt;p&gt; &lt;/p&gt;\n&lt;p class=&quot;smallbold&quot;&gt;&lt;strong&gt;What we do with the information you share&lt;/strong&gt;&lt;/p&gt;\n&lt;p class=&quot;smallbold&quot;&gt;When you join us, you provide us with your contact information, including Motors activity and email address. We use this information to send you updates about your order, questionnaires to measure your satisfaction with our service and announcements about new and exciting services that we offer.&lt;/p&gt;\n&lt;p&gt;&lt;strong&gt; &lt;/strong&gt;&lt;/p&gt;\n&lt;p class=&quot;smallbold&quot;&gt;We occasionally hire other companies to provide limited services on our behalf, We will only provide those companies the information they need to deliver the service, and they are prohibited from using that information for any other purpose.&lt;/p&gt;\n&lt;p class=&quot;smallbold&quot;&gt; &lt;/p&gt;\n&lt;p class=&quot;smallbold&quot;&gt;Motors Souq will disclose your personal information, without notice, only if required to do so by law or in the good faith belief that such action is necessary to: (a) conform to the edicts of the law or comply with legal process served on Motors Souq or the site; (b) protect and defend the rights or property of Motors Souq and its family of Websites, and, (c) act in urgent circumstances to protect the personal safety of users Motors Souq, its Websites, or the public.&lt;strong&gt;&lt;/strong&gt;&lt;/p&gt;\n&lt;p&gt;&lt;strong&gt; &lt;/strong&gt;&lt;/p&gt;\n&lt;span id=&quot;result_box&quot; style=&quot;font-size: medium;&quot; lang=&quot;en&quot;&gt;&lt;span class=&quot;hps&quot;&gt;&lt;br /&gt;&lt;/span&gt;&lt;/span&gt;&lt;/td&gt;\n&lt;/tr&gt;\n&lt;/tbody&gt;\n&lt;/table&gt;\n&lt;p&gt;&lt;span style=&quot;font-size: small;&quot;&gt;&lt;br /&gt;&lt;/span&gt;&lt;/p&gt;', 'DE', 92),
('Add a new Request', NULL, NULL, NULL, 'AR', 93),
('Add a new Request', NULL, NULL, NULL, 'EN', 93),
('Add a new Request', NULL, NULL, NULL, 'DE', 93),
('List Requests', NULL, NULL, NULL, 'AR', 94),
('List Requests', NULL, NULL, NULL, 'EN', 94),
('List Requests', NULL, NULL, NULL, 'DE', 94),
('List All vehicles Requests', NULL, NULL, NULL, 'AR', 95),
('List All vehicles Requests', NULL, NULL, NULL, 'EN', 95),
('List All vehicles Requests', NULL, NULL, NULL, 'DE', 95),
('Vehicle Details Requests', NULL, NULL, NULL, 'AR', 96),
('Vehicle Details Requests', NULL, NULL, NULL, 'EN', 96),
('Vehicle Details Requests', NULL, NULL, NULL, 'DE', 96),
('List All vehicles Requests', NULL, NULL, NULL, 'AR', 97),
('List All vehicles Requests', NULL, NULL, NULL, 'EN', 97),
('List All vehicles Requests', NULL, NULL, NULL, 'DE', 97),
('Vehicle Details Requests', NULL, NULL, NULL, 'AR', 98),
('Vehicle Details Requests', NULL, NULL, NULL, 'EN', 98),
('Vehicle Details Requests', NULL, NULL, NULL, 'DE', 98),
('List All vehicles Requests', NULL, NULL, NULL, 'AR', 99),
('List All vehicles Requests', NULL, NULL, NULL, 'EN', 99),
('List All vehicles Requests', NULL, NULL, NULL, 'DE', 99),
('Vehicle Details Requests', NULL, NULL, NULL, 'AR', 100),
('Vehicle Details Requests', NULL, NULL, NULL, 'EN', 100),
('Vehicle Details Requests', NULL, NULL, NULL, 'DE', 100),
('List All vehicles Requests', NULL, NULL, NULL, 'AR', 101),
('List All vehicles Requests', NULL, NULL, NULL, 'EN', 101),
('List All vehicles Requests', NULL, NULL, NULL, 'DE', 101),
('Vehicle Details Requests', NULL, NULL, NULL, 'AR', 102),
('Vehicle Details Requests', NULL, NULL, NULL, 'EN', 102),
('Vehicle Details Requests', NULL, NULL, NULL, 'DE', 102),
('List Requests', NULL, NULL, NULL, 'AR', 103),
('List Requests', NULL, NULL, NULL, 'EN', 103),
('List Requests', NULL, NULL, NULL, 'DE', 103),
('List Requests', NULL, NULL, NULL, 'AR', 104),
('List Requests', NULL, NULL, NULL, 'EN', 104),
('List Requests', NULL, NULL, NULL, 'DE', 104),
('List Requests', NULL, NULL, NULL, 'AR', 105),
('List Requests', NULL, NULL, NULL, 'EN', 105),
('List Requests', NULL, NULL, NULL, 'DE', 105),
('List Vehicles', NULL, NULL, NULL, 'AR', 106),
('List Vehicles', NULL, NULL, NULL, 'EN', 106),
('List Vehicles', NULL, NULL, NULL, 'DE', 106),
('Search for Vehicle', NULL, NULL, NULL, 'AR', 107),
('Search for Vehicle', NULL, NULL, NULL, 'EN', 107),
('Search for Vehicle', NULL, NULL, NULL, 'DE', 107),
('Vehicle Details', NULL, NULL, NULL, 'AR', 108),
('Vehicle Details', NULL, NULL, NULL, 'EN', 108),
('Vehicle Details', NULL, NULL, NULL, 'DE', 108),
('Send Vehicle to Friend', NULL, NULL, NULL, 'AR', 109),
('Send Vehicle to Friend', NULL, NULL, NULL, 'EN', 109),
('Send Vehicle to Friend', NULL, NULL, NULL, 'DE', 109),
('Vehicles Bookmarked Page', NULL, NULL, NULL, 'AR', 110),
('Vehicles Bookmarked Page', NULL, NULL, NULL, 'EN', 110),
('Vehicles Bookmarked Page', NULL, NULL, NULL, 'DE', 110),
('List My Vehicles', NULL, NULL, NULL, 'AR', 111),
('List My Vehicles', NULL, NULL, NULL, 'EN', 111),
('List My Vehicles', NULL, NULL, NULL, 'DE', 111),
(' My Vehicle Details', NULL, NULL, NULL, 'AR', 112),
(' My Vehicle Details', NULL, NULL, NULL, 'EN', 112),
(' My Vehicle Details', NULL, NULL, NULL, 'DE', 112),
('Add Vehicle first step', NULL, NULL, NULL, 'AR', 113),
('Add Vehicle first step', NULL, NULL, NULL, 'EN', 113),
('Add Vehicle first step', NULL, NULL, NULL, 'DE', 113),
('Add Vehicle second step', NULL, NULL, NULL, 'AR', 114),
('Add Vehicle second step', NULL, NULL, NULL, 'EN', 114),
('Add Vehicle second step', NULL, NULL, NULL, 'DE', 114),
('Add Vehicle third step', NULL, NULL, NULL, 'AR', 115),
('Add Vehicle third step', NULL, NULL, NULL, 'EN', 115),
('Add Vehicle third step', NULL, NULL, NULL, 'DE', 115),
('Add done page', NULL, NULL, NULL, 'AR', 116),
('Add done page', NULL, NULL, NULL, 'EN', 116),
('Add done page', NULL, NULL, NULL, 'DE', 116),
('Vehicles Bookmarked Page', NULL, NULL, NULL, 'AR', 117),
('Vehicles Bookmarked Page', NULL, NULL, NULL, 'EN', 117),
('Vehicles Bookmarked Page', NULL, NULL, NULL, 'DE', 117),
('Search for Vehicle', NULL, NULL, NULL, 'AR', 118),
('Search for Vehicle', NULL, NULL, NULL, 'EN', 118),
('Search for Vehicle', NULL, NULL, NULL, 'DE', 118),
('Vehicle Details', NULL, NULL, NULL, 'AR', 119),
('Vehicle Details', NULL, NULL, NULL, 'EN', 119),
('Vehicle Details', NULL, NULL, NULL, 'DE', 119),
('Send Vehicle to Friend', NULL, NULL, NULL, 'AR', 120),
('Send Vehicle to Friend', NULL, NULL, NULL, 'EN', 120),
('Send Vehicle to Friend', NULL, NULL, NULL, 'DE', 120),
('Vehicles Bookmarked Page', NULL, NULL, NULL, 'AR', 121),
('Vehicles Bookmarked Page', NULL, NULL, NULL, 'EN', 121),
('Vehicles Bookmarked Page', NULL, NULL, NULL, 'DE', 121),
('List My Vehicles', NULL, NULL, NULL, 'AR', 122),
('List My Vehicles', NULL, NULL, NULL, 'EN', 122),
('List My Vehicles', NULL, NULL, NULL, 'DE', 122),
(' My Vehicle Details', NULL, NULL, NULL, 'AR', 123),
(' My Vehicle Details', NULL, NULL, NULL, 'EN', 123),
(' My Vehicle Details', NULL, NULL, NULL, 'DE', 123),
('Add Vehicle first step', NULL, NULL, NULL, 'AR', 124),
('Add Vehicle first step', NULL, NULL, NULL, 'EN', 124),
('Add Vehicle first step', NULL, NULL, NULL, 'DE', 124),
('Add Vehicle second step', NULL, NULL, NULL, 'AR', 125),
('Add Vehicle second step', NULL, NULL, NULL, 'EN', 125),
('Add Vehicle second step', NULL, NULL, NULL, 'DE', 125),
('Add Vehicle third step', NULL, NULL, NULL, 'AR', 126),
('Add Vehicle third step', NULL, NULL, NULL, 'EN', 126),
('Add Vehicle third step', NULL, NULL, NULL, 'DE', 126),
('Add done page', NULL, NULL, NULL, 'AR', 127),
('Add done page', NULL, NULL, NULL, 'EN', 127),
('Add done page', NULL, NULL, NULL, 'DE', 127),
('Vehicles Bookmarked Page', NULL, NULL, NULL, 'AR', 128),
('Vehicles Bookmarked Page', NULL, NULL, NULL, 'EN', 128),
('Vehicles Bookmarked Page', NULL, NULL, NULL, 'DE', 128),
('List Requests', NULL, NULL, NULL, 'AR', 129),
('List Requests', NULL, NULL, NULL, 'EN', 129),
('List Requests', NULL, NULL, NULL, 'DE', 129),
('List Requests', NULL, NULL, NULL, 'AR', 130),
('List Requests', NULL, NULL, NULL, 'EN', 130),
('List Requests', NULL, NULL, NULL, 'DE', 130),
('Search for Vehicle', NULL, NULL, NULL, 'AR', 131),
('Search for Vehicle', NULL, NULL, NULL, 'EN', 131),
('Search for Vehicle', NULL, NULL, NULL, 'DE', 131),
('Vehicle Details', NULL, NULL, NULL, 'AR', 132),
('Vehicle Details', NULL, NULL, NULL, 'EN', 132),
('Vehicle Details', NULL, NULL, NULL, 'DE', 132),
('Send Vehicle to Friend', NULL, NULL, NULL, 'AR', 133),
('Send Vehicle to Friend', NULL, NULL, NULL, 'EN', 133),
('Send Vehicle to Friend', NULL, NULL, NULL, 'DE', 133),
('Vehicles Bookmarked Page', NULL, NULL, NULL, 'AR', 134),
('Vehicles Bookmarked Page', NULL, NULL, NULL, 'EN', 134),
('Vehicles Bookmarked Page', NULL, NULL, NULL, 'DE', 134),
('List My Vehicles', NULL, NULL, NULL, 'AR', 135),
('List My Vehicles', NULL, NULL, NULL, 'EN', 135),
('List My Vehicles', NULL, NULL, NULL, 'DE', 135),
(' My Vehicle Details', NULL, NULL, NULL, 'AR', 136),
(' My Vehicle Details', NULL, NULL, NULL, 'EN', 136),
(' My Vehicle Details', NULL, NULL, NULL, 'DE', 136),
('Add Vehicle first step', NULL, NULL, NULL, 'AR', 137),
('Add Vehicle first step', NULL, NULL, NULL, 'EN', 137),
('Add Vehicle first step', NULL, NULL, NULL, 'DE', 137),
('Add Vehicle second step', NULL, NULL, NULL, 'AR', 138),
('Add Vehicle second step', NULL, NULL, NULL, 'EN', 138),
('Add Vehicle second step', NULL, NULL, NULL, 'DE', 138),
('Add Vehicle third step', NULL, NULL, NULL, 'AR', 139),
('Add Vehicle third step', NULL, NULL, NULL, 'EN', 139),
('Add Vehicle third step', NULL, NULL, NULL, 'DE', 139),
('Add done page', NULL, NULL, NULL, 'AR', 140),
('Add done page', NULL, NULL, NULL, 'EN', 140),
('Add done page', NULL, NULL, NULL, 'DE', 140),
('Vehicles Bookmarked Page', NULL, NULL, NULL, 'AR', 141),
('Vehicles Bookmarked Page', NULL, NULL, NULL, 'EN', 141),
('Vehicles Bookmarked Page', NULL, NULL, NULL, 'DE', 141),
('Search for Vehicle', NULL, NULL, NULL, 'AR', 142),
('Search for Vehicle', NULL, NULL, NULL, 'EN', 142),
('Search for Vehicle', NULL, NULL, NULL, 'DE', 142),
('Vehicle Details', NULL, NULL, NULL, 'AR', 143),
('Vehicle Details', NULL, NULL, NULL, 'EN', 143),
('Vehicle Details', NULL, NULL, NULL, 'DE', 143),
('Send Vehicle to Friend', NULL, NULL, NULL, 'AR', 144),
('Send Vehicle to Friend', NULL, NULL, NULL, 'EN', 144),
('Send Vehicle to Friend', NULL, NULL, NULL, 'DE', 144),
('Vehicles Bookmarked Page', NULL, NULL, NULL, 'AR', 145),
('Vehicles Bookmarked Page', NULL, NULL, NULL, 'EN', 145),
('Vehicles Bookmarked Page', NULL, NULL, NULL, 'DE', 145),
('List My Vehicles', NULL, NULL, NULL, 'AR', 146),
('List My Vehicles', NULL, NULL, NULL, 'EN', 146),
('List My Vehicles', NULL, NULL, NULL, 'DE', 146),
(' My Vehicle Details', NULL, NULL, NULL, 'AR', 147),
(' My Vehicle Details', NULL, NULL, NULL, 'EN', 147),
(' My Vehicle Details', NULL, NULL, NULL, 'DE', 147),
('Add Vehicle first step', NULL, NULL, NULL, 'AR', 148),
('Add Vehicle first step', NULL, NULL, NULL, 'EN', 148),
('Add Vehicle first step', NULL, NULL, NULL, 'DE', 148),
('Add Vehicle second step', NULL, NULL, NULL, 'AR', 149),
('Add Vehicle second step', NULL, NULL, NULL, 'EN', 149),
('Add Vehicle second step', NULL, NULL, NULL, 'DE', 149),
('Add Vehicle third step', NULL, NULL, NULL, 'AR', 150),
('Add Vehicle third step', NULL, NULL, NULL, 'EN', 150),
('Add Vehicle third step', NULL, NULL, NULL, 'DE', 150),
('Add done page', NULL, NULL, NULL, 'AR', 151),
('Add done page', NULL, NULL, NULL, 'EN', 151),
('Add done page', NULL, NULL, NULL, 'DE', 151),
('Vehicles Bookmarked Page', NULL, NULL, NULL, 'AR', 152),
('Vehicles Bookmarked Page', NULL, NULL, NULL, 'EN', 152),
('Vehicles Bookmarked Page', NULL, NULL, NULL, 'DE', 152),
('Search for Vehicle', NULL, NULL, NULL, 'AR', 153),
('Search for Vehicle', NULL, NULL, NULL, 'EN', 153),
('Search for Vehicle', NULL, NULL, NULL, 'DE', 153),
('Vehicle Details', NULL, NULL, NULL, 'AR', 154),
('Vehicle Details', NULL, NULL, NULL, 'EN', 154),
('Vehicle Details', NULL, NULL, NULL, 'DE', 154),
('Send Vehicle to Friend', NULL, NULL, NULL, 'AR', 155),
('Send Vehicle to Friend', NULL, NULL, NULL, 'EN', 155),
('Send Vehicle to Friend', NULL, NULL, NULL, 'DE', 155),
('Vehicles Bookmarked Page', NULL, NULL, NULL, 'AR', 156),
('Vehicles Bookmarked Page', NULL, NULL, NULL, 'EN', 156),
('Vehicles Bookmarked Page', NULL, NULL, NULL, 'DE', 156),
('List My Vehicles', NULL, NULL, NULL, 'AR', 157),
('List My Vehicles', NULL, NULL, NULL, 'EN', 157),
('List My Vehicles', NULL, NULL, NULL, 'DE', 157),
(' My Vehicle Details', NULL, NULL, NULL, 'AR', 158),
(' My Vehicle Details', NULL, NULL, NULL, 'EN', 158),
(' My Vehicle Details', NULL, NULL, NULL, 'DE', 158),
('Add Vehicle first step', NULL, NULL, NULL, 'AR', 159),
('Add Vehicle first step', NULL, NULL, NULL, 'EN', 159),
('Add Vehicle first step', NULL, NULL, NULL, 'DE', 159),
('Add Vehicle second step', NULL, NULL, NULL, 'AR', 160),
('Add Vehicle second step', NULL, NULL, NULL, 'EN', 160),
('Add Vehicle second step', NULL, NULL, NULL, 'DE', 160),
('Add Vehicle third step', NULL, NULL, NULL, 'AR', 161),
('Add Vehicle third step', NULL, NULL, NULL, 'EN', 161),
('Add Vehicle third step', NULL, NULL, NULL, 'DE', 161),
('Add done page', NULL, NULL, NULL, 'AR', 162),
('Add done page', NULL, NULL, NULL, 'EN', 162),
('Add done page', NULL, NULL, NULL, 'DE', 162),
('Vehicles Bookmarked Page', NULL, NULL, NULL, 'AR', 163),
('Vehicles Bookmarked Page', NULL, NULL, NULL, 'EN', 163),
('Vehicles Bookmarked Page', NULL, NULL, NULL, 'DE', 163),
('Search for Vehicle', NULL, NULL, NULL, 'AR', 164),
('Search for Vehicle', NULL, NULL, NULL, 'EN', 164),
('Search for Vehicle', NULL, NULL, NULL, 'DE', 164),
('Vehicle Details', NULL, NULL, NULL, 'AR', 165),
('Vehicle Details', NULL, NULL, NULL, 'EN', 165),
('Vehicle Details', NULL, NULL, NULL, 'DE', 165),
('Send Vehicle to Friend', NULL, NULL, NULL, 'AR', 166),
('Send Vehicle to Friend', NULL, NULL, NULL, 'EN', 166),
('Send Vehicle to Friend', NULL, NULL, NULL, 'DE', 166),
('Vehicles Bookmarked Page', NULL, NULL, NULL, 'AR', 167),
('Vehicles Bookmarked Page', NULL, NULL, NULL, 'EN', 167),
('Vehicles Bookmarked Page', NULL, NULL, NULL, 'DE', 167),
('List My Vehicles', NULL, NULL, NULL, 'AR', 168),
('List My Vehicles', NULL, NULL, NULL, 'EN', 168),
('List My Vehicles', NULL, NULL, NULL, 'DE', 168),
(' My Vehicle Details', NULL, NULL, NULL, 'AR', 169),
(' My Vehicle Details', NULL, NULL, NULL, 'EN', 169),
(' My Vehicle Details', NULL, NULL, NULL, 'DE', 169),
('Add Vehicle first step', NULL, NULL, NULL, 'AR', 170),
('Add Vehicle first step', NULL, NULL, NULL, 'EN', 170),
('Add Vehicle first step', NULL, NULL, NULL, 'DE', 170),
('Add Vehicle second step', NULL, NULL, NULL, 'AR', 171),
('Add Vehicle second step', NULL, NULL, NULL, 'EN', 171),
('Add Vehicle second step', NULL, NULL, NULL, 'DE', 171),
('Add Vehicle third step', NULL, NULL, NULL, 'AR', 172),
('Add Vehicle third step', NULL, NULL, NULL, 'EN', 172),
('Add Vehicle third step', NULL, NULL, NULL, 'DE', 172),
('Add done page', NULL, NULL, NULL, 'AR', 173),
('Add done page', NULL, NULL, NULL, 'EN', 173),
('Add done page', NULL, NULL, NULL, 'DE', 173),
('Vehicles Bookmarked Page', NULL, NULL, NULL, 'AR', 174),
('Vehicles Bookmarked Page', NULL, NULL, NULL, 'EN', 174),
('Vehicles Bookmarked Page', NULL, NULL, NULL, 'DE', 174),
('Search for Vehicle', NULL, NULL, NULL, 'AR', 175),
('Search for Vehicle', NULL, NULL, NULL, 'EN', 175),
('Search for Vehicle', NULL, NULL, NULL, 'DE', 175),
('Vehicle Details', NULL, NULL, NULL, 'AR', 176),
('Vehicle Details', NULL, NULL, NULL, 'EN', 176),
('Vehicle Details', NULL, NULL, NULL, 'DE', 176),
('Send Vehicle to Friend', NULL, NULL, NULL, 'AR', 177),
('Send Vehicle to Friend', NULL, NULL, NULL, 'EN', 177),
('Send Vehicle to Friend', NULL, NULL, NULL, 'DE', 177),
('Vehicles Bookmarked Page', NULL, NULL, NULL, 'AR', 178),
('Vehicles Bookmarked Page', NULL, NULL, NULL, 'EN', 178),
('Vehicles Bookmarked Page', NULL, NULL, NULL, 'DE', 178),
('List My Vehicles', NULL, NULL, NULL, 'AR', 179),
('List My Vehicles', NULL, NULL, NULL, 'EN', 179),
('List My Vehicles', NULL, NULL, NULL, 'DE', 179),
(' My Vehicle Details', NULL, NULL, NULL, 'AR', 180),
(' My Vehicle Details', NULL, NULL, NULL, 'EN', 180),
(' My Vehicle Details', NULL, NULL, NULL, 'DE', 180),
('Add Vehicle first step', NULL, NULL, NULL, 'AR', 181),
('Add Vehicle first step', NULL, NULL, NULL, 'EN', 181),
('Add Vehicle first step', NULL, NULL, NULL, 'DE', 181),
('Add Vehicle second step', NULL, NULL, NULL, 'AR', 182),
('Add Vehicle second step', NULL, NULL, NULL, 'EN', 182),
('Add Vehicle second step', NULL, NULL, NULL, 'DE', 182),
('Add Vehicle third step', NULL, NULL, NULL, 'AR', 183),
('Add Vehicle third step', NULL, NULL, NULL, 'EN', 183),
('Add Vehicle third step', NULL, NULL, NULL, 'DE', 183),
('Add done page', NULL, NULL, NULL, 'AR', 184),
('Add done page', NULL, NULL, NULL, 'EN', 184),
('Add done page', NULL, NULL, NULL, 'DE', 184),
('Vehicles Bookmarked Page', NULL, NULL, NULL, 'AR', 185),
('Vehicles Bookmarked Page', NULL, NULL, NULL, 'EN', 185),
('Vehicles Bookmarked Page', NULL, NULL, NULL, 'DE', 185),
('Search for Vehicle', NULL, NULL, NULL, 'AR', 186),
('Search for Vehicle', NULL, NULL, NULL, 'EN', 186),
('Search for Vehicle', NULL, NULL, NULL, 'DE', 186),
('Vehicle Details', NULL, NULL, NULL, 'AR', 187),
('Vehicle Details', NULL, NULL, NULL, 'EN', 187),
('Vehicle Details', NULL, NULL, NULL, 'DE', 187),
('Send Vehicle to Friend', NULL, NULL, NULL, 'AR', 188),
('Send Vehicle to Friend', NULL, NULL, NULL, 'EN', 188),
('Send Vehicle to Friend', NULL, NULL, NULL, 'DE', 188),
('Vehicles Bookmarked Page', NULL, NULL, NULL, 'AR', 189),
('Vehicles Bookmarked Page', NULL, NULL, NULL, 'EN', 189),
('Vehicles Bookmarked Page', NULL, NULL, NULL, 'DE', 189),
('List My Vehicles', NULL, NULL, NULL, 'AR', 190),
('List My Vehicles', NULL, NULL, NULL, 'EN', 190),
('List My Vehicles', NULL, NULL, NULL, 'DE', 190),
(' My Vehicle Details', NULL, NULL, NULL, 'AR', 191),
(' My Vehicle Details', NULL, NULL, NULL, 'EN', 191),
(' My Vehicle Details', NULL, NULL, NULL, 'DE', 191),
('Add Vehicle first step', NULL, NULL, NULL, 'AR', 192),
('Add Vehicle first step', NULL, NULL, NULL, 'EN', 192),
('Add Vehicle first step', NULL, NULL, NULL, 'DE', 192),
('Add Vehicle second step', NULL, NULL, NULL, 'AR', 193),
('Add Vehicle second step', NULL, NULL, NULL, 'EN', 193),
('Add Vehicle second step', NULL, NULL, NULL, 'DE', 193),
('Add Vehicle third step', NULL, NULL, NULL, 'AR', 194),
('Add Vehicle third step', NULL, NULL, NULL, 'EN', 194),
('Add Vehicle third step', NULL, NULL, NULL, 'DE', 194),
('Add done page', NULL, NULL, NULL, 'AR', 195),
('Add done page', NULL, NULL, NULL, 'EN', 195),
('Add done page', NULL, NULL, NULL, 'DE', 195),
('Vehicles Bookmarked Page', NULL, NULL, NULL, 'AR', 196),
('Vehicles Bookmarked Page', NULL, NULL, NULL, 'EN', 196),
('Vehicles Bookmarked Page', NULL, NULL, NULL, 'DE', 196),
('Search for Vehicle', NULL, NULL, NULL, 'AR', 197),
('Search for Vehicle', NULL, NULL, NULL, 'EN', 197),
('Search for Vehicle', NULL, NULL, NULL, 'DE', 197);
INSERT INTO `cms_page_lang` (`title`, `keywords`, `description`, `content`, `lang`, `cms_page_id`) VALUES
('Vehicle Details', NULL, NULL, NULL, 'AR', 198),
('Vehicle Details', NULL, NULL, NULL, 'EN', 198),
('Vehicle Details', NULL, NULL, NULL, 'DE', 198),
('Send Vehicle to Friend', NULL, NULL, NULL, 'AR', 199),
('Send Vehicle to Friend', NULL, NULL, NULL, 'EN', 199),
('Send Vehicle to Friend', NULL, NULL, NULL, 'DE', 199),
('Vehicles Bookmarked Page', NULL, NULL, NULL, 'AR', 200),
('Vehicles Bookmarked Page', NULL, NULL, NULL, 'EN', 200),
('Vehicles Bookmarked Page', NULL, NULL, NULL, 'DE', 200),
('List My Vehicles', NULL, NULL, NULL, 'AR', 201),
('List My Vehicles', NULL, NULL, NULL, 'EN', 201),
('List My Vehicles', NULL, NULL, NULL, 'DE', 201),
(' My Vehicle Details', NULL, NULL, NULL, 'AR', 202),
(' My Vehicle Details', NULL, NULL, NULL, 'EN', 202),
(' My Vehicle Details', NULL, NULL, NULL, 'DE', 202),
('Add Vehicle first step', NULL, NULL, NULL, 'AR', 203),
('Add Vehicle first step', NULL, NULL, NULL, 'EN', 203),
('Add Vehicle first step', NULL, NULL, NULL, 'DE', 203),
('Add Vehicle second step', NULL, NULL, NULL, 'AR', 204),
('Add Vehicle second step', NULL, NULL, NULL, 'EN', 204),
('Add Vehicle second step', NULL, NULL, NULL, 'DE', 204),
('Add Vehicle third step', NULL, NULL, NULL, 'AR', 205),
('Add Vehicle third step', NULL, NULL, NULL, 'EN', 205),
('Add Vehicle third step', NULL, NULL, NULL, 'DE', 205),
('Add done page', NULL, NULL, NULL, 'AR', 206),
('Add done page', NULL, NULL, NULL, 'EN', 206),
('Add done page', NULL, NULL, NULL, 'DE', 206),
('Vehicles Bookmarked Page', NULL, NULL, NULL, 'AR', 207),
('Vehicles Bookmarked Page', NULL, NULL, NULL, 'EN', 207),
('Vehicles Bookmarked Page', NULL, NULL, NULL, 'DE', 207),
('Search for Vehicle', NULL, NULL, NULL, 'AR', 208),
('Search for Vehicle', NULL, NULL, NULL, 'EN', 208),
('Search for Vehicle', NULL, NULL, NULL, 'DE', 208),
('Vehicle Details', NULL, NULL, NULL, 'AR', 209),
('Vehicle Details', NULL, NULL, NULL, 'EN', 209),
('Vehicle Details', NULL, NULL, NULL, 'DE', 209),
('Send Vehicle to Friend', NULL, NULL, NULL, 'AR', 210),
('Send Vehicle to Friend', NULL, NULL, NULL, 'EN', 210),
('Send Vehicle to Friend', NULL, NULL, NULL, 'DE', 210),
('Vehicles Bookmarked Page', NULL, NULL, NULL, 'AR', 211),
('Vehicles Bookmarked Page', NULL, NULL, NULL, 'EN', 211),
('Vehicles Bookmarked Page', NULL, NULL, NULL, 'DE', 211),
('List My Vehicles', NULL, NULL, NULL, 'AR', 212),
('List My Vehicles', NULL, NULL, NULL, 'EN', 212),
('List My Vehicles', NULL, NULL, NULL, 'DE', 212),
(' My Vehicle Details', NULL, NULL, NULL, 'AR', 213),
(' My Vehicle Details', NULL, NULL, NULL, 'EN', 213),
(' My Vehicle Details', NULL, NULL, NULL, 'DE', 213),
('Add Vehicle first step', NULL, NULL, NULL, 'AR', 214),
('Add Vehicle first step', NULL, NULL, NULL, 'EN', 214),
('Add Vehicle first step', NULL, NULL, NULL, 'DE', 214),
('Add Vehicle second step', NULL, NULL, NULL, 'AR', 215),
('Add Vehicle second step', NULL, NULL, NULL, 'EN', 215),
('Add Vehicle second step', NULL, NULL, NULL, 'DE', 215),
('Add Vehicle third step', NULL, NULL, NULL, 'AR', 216),
('Add Vehicle third step', NULL, NULL, NULL, 'EN', 216),
('Add Vehicle third step', NULL, NULL, NULL, 'DE', 216),
('Add done page', NULL, NULL, NULL, 'AR', 217),
('Add done page', NULL, NULL, NULL, 'EN', 217),
('Add done page', NULL, NULL, NULL, 'DE', 217),
('Vehicles Bookmarked Page', NULL, NULL, NULL, 'AR', 218),
('Vehicles Bookmarked Page', NULL, NULL, NULL, 'EN', 218),
('Vehicles Bookmarked Page', NULL, NULL, NULL, 'DE', 218),
('Search for Vehicle', NULL, NULL, NULL, 'AR', 219),
('Search for Vehicle', NULL, NULL, NULL, 'EN', 219),
('Search for Vehicle', NULL, NULL, NULL, 'DE', 219),
('Vehicle Details', NULL, NULL, NULL, 'AR', 220),
('Vehicle Details', NULL, NULL, NULL, 'EN', 220),
('Vehicle Details', NULL, NULL, NULL, 'DE', 220),
('Send Vehicle to Friend', NULL, NULL, NULL, 'AR', 221),
('Send Vehicle to Friend', NULL, NULL, NULL, 'EN', 221),
('Send Vehicle to Friend', NULL, NULL, NULL, 'DE', 221),
('Vehicles Bookmarked Page', NULL, NULL, NULL, 'AR', 222),
('Vehicles Bookmarked Page', NULL, NULL, NULL, 'EN', 222),
('Vehicles Bookmarked Page', NULL, NULL, NULL, 'DE', 222),
('List My Vehicles', NULL, NULL, NULL, 'AR', 223),
('List My Vehicles', NULL, NULL, NULL, 'EN', 223),
('List My Vehicles', NULL, NULL, NULL, 'DE', 223),
(' My Vehicle Details', NULL, NULL, NULL, 'AR', 224),
(' My Vehicle Details', NULL, NULL, NULL, 'EN', 224),
(' My Vehicle Details', NULL, NULL, NULL, 'DE', 224),
('Add Vehicle first step', NULL, NULL, NULL, 'AR', 225),
('Add Vehicle first step', NULL, NULL, NULL, 'EN', 225),
('Add Vehicle first step', NULL, NULL, NULL, 'DE', 225),
('Add Vehicle second step', NULL, NULL, NULL, 'AR', 226),
('Add Vehicle second step', NULL, NULL, NULL, 'EN', 226),
('Add Vehicle second step', NULL, NULL, NULL, 'DE', 226),
('Add Vehicle third step', NULL, NULL, NULL, 'AR', 227),
('Add Vehicle third step', NULL, NULL, NULL, 'EN', 227),
('Add Vehicle third step', NULL, NULL, NULL, 'DE', 227),
('Add done page', NULL, NULL, NULL, 'AR', 228),
('Add done page', NULL, NULL, NULL, 'EN', 228),
('Add done page', NULL, NULL, NULL, 'DE', 228),
('Vehicles Bookmarked Page', NULL, NULL, NULL, 'AR', 229),
('Vehicles Bookmarked Page', NULL, NULL, NULL, 'EN', 229),
('Vehicles Bookmarked Page', NULL, NULL, NULL, 'DE', 229),
('Search for Vehicle', NULL, NULL, NULL, 'AR', 230),
('Search for Vehicle', NULL, NULL, NULL, 'EN', 230),
('Search for Vehicle', NULL, NULL, NULL, 'DE', 230),
('Vehicle Details', NULL, NULL, NULL, 'AR', 231),
('Vehicle Details', NULL, NULL, NULL, 'EN', 231),
('Vehicle Details', NULL, NULL, NULL, 'DE', 231),
('Send Vehicle to Friend', NULL, NULL, NULL, 'AR', 232),
('Send Vehicle to Friend', NULL, NULL, NULL, 'EN', 232),
('Send Vehicle to Friend', NULL, NULL, NULL, 'DE', 232),
('Vehicles Bookmarked Page', NULL, NULL, NULL, 'AR', 233),
('Vehicles Bookmarked Page', NULL, NULL, NULL, 'EN', 233),
('Vehicles Bookmarked Page', NULL, NULL, NULL, 'DE', 233),
('List My Vehicles', NULL, NULL, NULL, 'AR', 234),
('List My Vehicles', NULL, NULL, NULL, 'EN', 234),
('List My Vehicles', NULL, NULL, NULL, 'DE', 234),
(' My Vehicle Details', NULL, NULL, NULL, 'AR', 235),
(' My Vehicle Details', NULL, NULL, NULL, 'EN', 235),
(' My Vehicle Details', NULL, NULL, NULL, 'DE', 235),
('Add Vehicle first step', NULL, NULL, NULL, 'AR', 236),
('Add Vehicle first step', NULL, NULL, NULL, 'EN', 236),
('Add Vehicle first step', NULL, NULL, NULL, 'DE', 236),
('Add Vehicle second step', NULL, NULL, NULL, 'AR', 237),
('Add Vehicle second step', NULL, NULL, NULL, 'EN', 237),
('Add Vehicle second step', NULL, NULL, NULL, 'DE', 237),
('Add Vehicle third step', NULL, NULL, NULL, 'AR', 238),
('Add Vehicle third step', NULL, NULL, NULL, 'EN', 238),
('Add Vehicle third step', NULL, NULL, NULL, 'DE', 238),
('Add done page', NULL, NULL, NULL, 'AR', 239),
('Add done page', NULL, NULL, NULL, 'EN', 239),
('Add done page', NULL, NULL, NULL, 'DE', 239),
('Vehicles Bookmarked Page', NULL, NULL, NULL, 'AR', 240),
('Vehicles Bookmarked Page', NULL, NULL, NULL, 'EN', 240),
('Vehicles Bookmarked Page', NULL, NULL, NULL, 'DE', 240),
('Search for Vehicle', NULL, NULL, NULL, 'AR', 241),
('Search for Vehicle', NULL, NULL, NULL, 'EN', 241),
('Search for Vehicle', NULL, NULL, NULL, 'DE', 241),
('Vehicle Details', NULL, NULL, NULL, 'AR', 242),
('Vehicle Details', NULL, NULL, NULL, 'EN', 242),
('Vehicle Details', NULL, NULL, NULL, 'DE', 242),
('Send Vehicle to Friend', NULL, NULL, NULL, 'AR', 243),
('Send Vehicle to Friend', NULL, NULL, NULL, 'EN', 243),
('Send Vehicle to Friend', NULL, NULL, NULL, 'DE', 243),
('Vehicles Bookmarked Page', NULL, NULL, NULL, 'AR', 244),
('Vehicles Bookmarked Page', NULL, NULL, NULL, 'EN', 244),
('Vehicles Bookmarked Page', NULL, NULL, NULL, 'DE', 244),
('List My Vehicles', NULL, NULL, NULL, 'AR', 245),
('List My Vehicles', NULL, NULL, NULL, 'EN', 245),
('List My Vehicles', NULL, NULL, NULL, 'DE', 245),
(' My Vehicle Details', NULL, NULL, NULL, 'AR', 246),
(' My Vehicle Details', NULL, NULL, NULL, 'EN', 246),
(' My Vehicle Details', NULL, NULL, NULL, 'DE', 246),
('Add Vehicle first step', NULL, NULL, NULL, 'AR', 247),
('Add Vehicle first step', NULL, NULL, NULL, 'EN', 247),
('Add Vehicle first step', NULL, NULL, NULL, 'DE', 247),
('Add Vehicle second step', NULL, NULL, NULL, 'AR', 248),
('Add Vehicle second step', NULL, NULL, NULL, 'EN', 248),
('Add Vehicle second step', NULL, NULL, NULL, 'DE', 248),
('Add Vehicle third step', NULL, NULL, NULL, 'AR', 249),
('Add Vehicle third step', NULL, NULL, NULL, 'EN', 249),
('Add Vehicle third step', NULL, NULL, NULL, 'DE', 249),
('Add done page', NULL, NULL, NULL, 'AR', 250),
('Add done page', NULL, NULL, NULL, 'EN', 250),
('Add done page', NULL, NULL, NULL, 'DE', 250),
('Vehicles Bookmarked Page', NULL, NULL, NULL, 'AR', 251),
('Vehicles Bookmarked Page', NULL, NULL, NULL, 'EN', 251),
('Vehicles Bookmarked Page', NULL, NULL, NULL, 'DE', 251),
('Search for Vehicle', NULL, NULL, NULL, 'AR', 252),
('Search for Vehicle', NULL, NULL, NULL, 'EN', 252),
('Search for Vehicle', NULL, NULL, NULL, 'DE', 252),
('Vehicle Details', NULL, NULL, NULL, 'AR', 253),
('Vehicle Details', NULL, NULL, NULL, 'EN', 253),
('Vehicle Details', NULL, NULL, NULL, 'DE', 253),
('Send Vehicle to Friend', NULL, NULL, NULL, 'AR', 254),
('Send Vehicle to Friend', NULL, NULL, NULL, 'EN', 254),
('Send Vehicle to Friend', NULL, NULL, NULL, 'DE', 254),
('Vehicles Bookmarked Page', NULL, NULL, NULL, 'AR', 255),
('Vehicles Bookmarked Page', NULL, NULL, NULL, 'EN', 255),
('Vehicles Bookmarked Page', NULL, NULL, NULL, 'DE', 255),
('List My Vehicles', NULL, NULL, NULL, 'AR', 256),
('List My Vehicles', NULL, NULL, NULL, 'EN', 256),
('List My Vehicles', NULL, NULL, NULL, 'DE', 256),
(' My Vehicle Details', NULL, NULL, NULL, 'AR', 257),
(' My Vehicle Details', NULL, NULL, NULL, 'EN', 257),
(' My Vehicle Details', NULL, NULL, NULL, 'DE', 257),
('Add Vehicle first step', NULL, NULL, NULL, 'AR', 258),
('Add Vehicle first step', NULL, NULL, NULL, 'EN', 258),
('Add Vehicle first step', NULL, NULL, NULL, 'DE', 258),
('Add Vehicle second step', NULL, NULL, NULL, 'AR', 259),
('Add Vehicle second step', NULL, NULL, NULL, 'EN', 259),
('Add Vehicle second step', NULL, NULL, NULL, 'DE', 259),
('Add Vehicle third step', NULL, NULL, NULL, 'AR', 260),
('Add Vehicle third step', NULL, NULL, NULL, 'EN', 260),
('Add Vehicle third step', NULL, NULL, NULL, 'DE', 260),
('Add done page', NULL, NULL, NULL, 'AR', 261),
('Add done page', NULL, NULL, NULL, 'EN', 261),
('Add done page', NULL, NULL, NULL, 'DE', 261),
('Vehicles Bookmarked Page', NULL, NULL, NULL, 'AR', 262),
('Vehicles Bookmarked Page', NULL, NULL, NULL, 'EN', 262),
('Vehicles Bookmarked Page', NULL, NULL, NULL, 'DE', 262),
('Search for Vehicle', NULL, NULL, NULL, 'AR', 263),
('Search for Vehicle', NULL, NULL, NULL, 'EN', 263),
('Search for Vehicle', NULL, NULL, NULL, 'DE', 263),
('Vehicle Details', NULL, NULL, NULL, 'AR', 264),
('Vehicle Details', NULL, NULL, NULL, 'EN', 264),
('Vehicle Details', NULL, NULL, NULL, 'DE', 264),
('Send Vehicle to Friend', NULL, NULL, NULL, 'AR', 265),
('Send Vehicle to Friend', NULL, NULL, NULL, 'EN', 265),
('Send Vehicle to Friend', NULL, NULL, NULL, 'DE', 265),
('Vehicles Bookmarked Page', NULL, NULL, NULL, 'AR', 266),
('Vehicles Bookmarked Page', NULL, NULL, NULL, 'EN', 266),
('Vehicles Bookmarked Page', NULL, NULL, NULL, 'DE', 266),
('List My Vehicles', NULL, NULL, NULL, 'AR', 267),
('List My Vehicles', NULL, NULL, NULL, 'EN', 267),
('List My Vehicles', NULL, NULL, NULL, 'DE', 267),
(' My Vehicle Details', NULL, NULL, NULL, 'AR', 268),
(' My Vehicle Details', NULL, NULL, NULL, 'EN', 268),
(' My Vehicle Details', NULL, NULL, NULL, 'DE', 268),
('Add Vehicle first step', NULL, NULL, NULL, 'AR', 269),
('Add Vehicle first step', NULL, NULL, NULL, 'EN', 269),
('Add Vehicle first step', NULL, NULL, NULL, 'DE', 269),
('Add Vehicle second step', NULL, NULL, NULL, 'AR', 270),
('Add Vehicle second step', NULL, NULL, NULL, 'EN', 270),
('Add Vehicle second step', NULL, NULL, NULL, 'DE', 270),
('Add Vehicle third step', NULL, NULL, NULL, 'AR', 271),
('Add Vehicle third step', NULL, NULL, NULL, 'EN', 271),
('Add Vehicle third step', NULL, NULL, NULL, 'DE', 271),
('Add done page', NULL, NULL, NULL, 'AR', 272),
('Add done page', NULL, NULL, NULL, 'EN', 272),
('Add done page', NULL, NULL, NULL, 'DE', 272),
('Vehicles Bookmarked Page', NULL, NULL, NULL, 'AR', 273),
('Vehicles Bookmarked Page', NULL, NULL, NULL, 'EN', 273),
('Vehicles Bookmarked Page', NULL, NULL, NULL, 'DE', 273),
('Search for Vehicle', NULL, NULL, NULL, 'AR', 274),
('Search for Vehicle', NULL, NULL, NULL, 'EN', 274),
('Search for Vehicle', NULL, NULL, NULL, 'DE', 274),
('Vehicle Details', NULL, NULL, NULL, 'AR', 275),
('Vehicle Details', NULL, NULL, NULL, 'EN', 275),
('Vehicle Details', NULL, NULL, NULL, 'DE', 275),
('Send Vehicle to Friend', NULL, NULL, NULL, 'AR', 276),
('Send Vehicle to Friend', NULL, NULL, NULL, 'EN', 276),
('Send Vehicle to Friend', NULL, NULL, NULL, 'DE', 276),
('Vehicles Bookmarked Page', NULL, NULL, NULL, 'AR', 277),
('Vehicles Bookmarked Page', NULL, NULL, NULL, 'EN', 277),
('Vehicles Bookmarked Page', NULL, NULL, NULL, 'DE', 277),
('List My Vehicles', NULL, NULL, NULL, 'AR', 278),
('List My Vehicles', NULL, NULL, NULL, 'EN', 278),
('List My Vehicles', NULL, NULL, NULL, 'DE', 278),
(' My Vehicle Details', NULL, NULL, NULL, 'AR', 279),
(' My Vehicle Details', NULL, NULL, NULL, 'EN', 279),
(' My Vehicle Details', NULL, NULL, NULL, 'DE', 279),
('Add Vehicle first step', NULL, NULL, NULL, 'AR', 280),
('Add Vehicle first step', NULL, NULL, NULL, 'EN', 280),
('Add Vehicle first step', NULL, NULL, NULL, 'DE', 280),
('Add Vehicle second step', NULL, NULL, NULL, 'AR', 281),
('Add Vehicle second step', NULL, NULL, NULL, 'EN', 281),
('Add Vehicle second step', NULL, NULL, NULL, 'DE', 281),
('Add Vehicle third step', NULL, NULL, NULL, 'AR', 282),
('Add Vehicle third step', NULL, NULL, NULL, 'EN', 282),
('Add Vehicle third step', NULL, NULL, NULL, 'DE', 282),
('Add done page', NULL, NULL, NULL, 'AR', 283),
('Add done page', NULL, NULL, NULL, 'EN', 283),
('Add done page', NULL, NULL, NULL, 'DE', 283),
('Vehicles Bookmarked Page', NULL, NULL, NULL, 'AR', 284),
('Vehicles Bookmarked Page', NULL, NULL, NULL, 'EN', 284),
('Vehicles Bookmarked Page', NULL, NULL, NULL, 'DE', 284),
('Search for Vehicle', NULL, NULL, NULL, 'AR', 285),
('Search for Vehicle', NULL, NULL, NULL, 'EN', 285),
('Search for Vehicle', NULL, NULL, NULL, 'DE', 285),
('Vehicle Details', NULL, NULL, NULL, 'AR', 286),
('Vehicle Details', NULL, NULL, NULL, 'EN', 286),
('Vehicle Details', NULL, NULL, NULL, 'DE', 286),
('Send Vehicle to Friend', NULL, NULL, NULL, 'AR', 287),
('Send Vehicle to Friend', NULL, NULL, NULL, 'EN', 287),
('Send Vehicle to Friend', NULL, NULL, NULL, 'DE', 287),
('Vehicles Bookmarked Page', NULL, NULL, NULL, 'AR', 288),
('Vehicles Bookmarked Page', NULL, NULL, NULL, 'EN', 288),
('Vehicles Bookmarked Page', NULL, NULL, NULL, 'DE', 288),
('List My Vehicles', NULL, NULL, NULL, 'AR', 289),
('List My Vehicles', NULL, NULL, NULL, 'EN', 289),
('List My Vehicles', NULL, NULL, NULL, 'DE', 289),
(' My Vehicle Details', NULL, NULL, NULL, 'AR', 290),
(' My Vehicle Details', NULL, NULL, NULL, 'EN', 290),
(' My Vehicle Details', NULL, NULL, NULL, 'DE', 290),
('Add Vehicle first step', NULL, NULL, NULL, 'AR', 291),
('Add Vehicle first step', NULL, NULL, NULL, 'EN', 291),
('Add Vehicle first step', NULL, NULL, NULL, 'DE', 291),
('Add Vehicle second step', NULL, NULL, NULL, 'AR', 292),
('Add Vehicle second step', NULL, NULL, NULL, 'EN', 292),
('Add Vehicle second step', NULL, NULL, NULL, 'DE', 292),
('Add Vehicle third step', NULL, NULL, NULL, 'AR', 293),
('Add Vehicle third step', NULL, NULL, NULL, 'EN', 293),
('Add Vehicle third step', NULL, NULL, NULL, 'DE', 293),
('Add done page', NULL, NULL, NULL, 'AR', 294),
('Add done page', NULL, NULL, NULL, 'EN', 294),
('Add done page', NULL, NULL, NULL, 'DE', 294),
('Vehicles Bookmarked Page', NULL, NULL, NULL, 'AR', 295),
('Vehicles Bookmarked Page', NULL, NULL, NULL, 'EN', 295),
('Vehicles Bookmarked Page', NULL, NULL, NULL, 'DE', 295),
('Search for Vehicle', NULL, NULL, NULL, 'AR', 296),
('Search for Vehicle', NULL, NULL, NULL, 'EN', 296),
('Search for Vehicle', NULL, NULL, NULL, 'DE', 296),
('Vehicle Details', NULL, NULL, NULL, 'AR', 297),
('Vehicle Details', NULL, NULL, NULL, 'EN', 297),
('Vehicle Details', NULL, NULL, NULL, 'DE', 297),
('Send Vehicle to Friend', NULL, NULL, NULL, 'AR', 298),
('Send Vehicle to Friend', NULL, NULL, NULL, 'EN', 298),
('Send Vehicle to Friend', NULL, NULL, NULL, 'DE', 298),
('Vehicles Bookmarked Page', NULL, NULL, NULL, 'AR', 299),
('Vehicles Bookmarked Page', NULL, NULL, NULL, 'EN', 299),
('Vehicles Bookmarked Page', NULL, NULL, NULL, 'DE', 299),
('List My Vehicles', NULL, NULL, NULL, 'AR', 300),
('List My Vehicles', NULL, NULL, NULL, 'EN', 300),
('List My Vehicles', NULL, NULL, NULL, 'DE', 300),
(' My Vehicle Details', NULL, NULL, NULL, 'AR', 301),
(' My Vehicle Details', NULL, NULL, NULL, 'EN', 301),
(' My Vehicle Details', NULL, NULL, NULL, 'DE', 301),
('Add Vehicle first step', NULL, NULL, NULL, 'AR', 302),
('Add Vehicle first step', NULL, NULL, NULL, 'EN', 302),
('Add Vehicle first step', NULL, NULL, NULL, 'DE', 302),
('Add Vehicle second step', NULL, NULL, NULL, 'AR', 303),
('Add Vehicle second step', NULL, NULL, NULL, 'EN', 303),
('Add Vehicle second step', NULL, NULL, NULL, 'DE', 303),
('Add Vehicle third step', NULL, NULL, NULL, 'AR', 304),
('Add Vehicle third step', NULL, NULL, NULL, 'EN', 304),
('Add Vehicle third step', NULL, NULL, NULL, 'DE', 304),
('Add done page', NULL, NULL, NULL, 'AR', 305),
('Add done page', NULL, NULL, NULL, 'EN', 305),
('Add done page', NULL, NULL, NULL, 'DE', 305),
('Vehicles Bookmarked Page', NULL, NULL, NULL, 'AR', 306),
('Vehicles Bookmarked Page', NULL, NULL, NULL, 'EN', 306),
('Vehicles Bookmarked Page', NULL, NULL, NULL, 'DE', 306),
('Search for Vehicle', NULL, NULL, NULL, 'AR', 307),
('Search for Vehicle', NULL, NULL, NULL, 'EN', 307),
('Search for Vehicle', NULL, NULL, NULL, 'DE', 307),
('Vehicle Details', NULL, NULL, NULL, 'AR', 308),
('Vehicle Details', NULL, NULL, NULL, 'EN', 308),
('Vehicle Details', NULL, NULL, NULL, 'DE', 308),
('Send Vehicle to Friend', NULL, NULL, NULL, 'AR', 309),
('Send Vehicle to Friend', NULL, NULL, NULL, 'EN', 309),
('Send Vehicle to Friend', NULL, NULL, NULL, 'DE', 309),
('Vehicles Bookmarked Page', NULL, NULL, NULL, 'AR', 310),
('Vehicles Bookmarked Page', NULL, NULL, NULL, 'EN', 310),
('Vehicles Bookmarked Page', NULL, NULL, NULL, 'DE', 310),
('List My Vehicles', NULL, NULL, NULL, 'AR', 311),
('List My Vehicles', NULL, NULL, NULL, 'EN', 311),
('List My Vehicles', NULL, NULL, NULL, 'DE', 311),
(' My Vehicle Details', NULL, NULL, NULL, 'AR', 312),
(' My Vehicle Details', NULL, NULL, NULL, 'EN', 312),
(' My Vehicle Details', NULL, NULL, NULL, 'DE', 312),
('Add Vehicle first step', NULL, NULL, NULL, 'AR', 313),
('Add Vehicle first step', NULL, NULL, NULL, 'EN', 313),
('Add Vehicle first step', NULL, NULL, NULL, 'DE', 313),
('Add Vehicle second step', NULL, NULL, NULL, 'AR', 314),
('Add Vehicle second step', NULL, NULL, NULL, 'EN', 314),
('Add Vehicle second step', NULL, NULL, NULL, 'DE', 314),
('Add Vehicle third step', NULL, NULL, NULL, 'AR', 315),
('Add Vehicle third step', NULL, NULL, NULL, 'EN', 315),
('Add Vehicle third step', NULL, NULL, NULL, 'DE', 315),
('Add done page', NULL, NULL, NULL, 'AR', 316),
('Add done page', NULL, NULL, NULL, 'EN', 316),
('Add done page', NULL, NULL, NULL, 'DE', 316),
('Vehicles Bookmarked Page', NULL, NULL, NULL, 'AR', 317),
('Vehicles Bookmarked Page', NULL, NULL, NULL, 'EN', 317),
('Vehicles Bookmarked Page', NULL, NULL, NULL, 'DE', 317),
('List Requests', NULL, NULL, NULL, 'AR', 318),
('List Requests', NULL, NULL, NULL, 'EN', 318),
('List Requests', NULL, NULL, NULL, 'DE', 318),
('List Requests', NULL, NULL, NULL, 'AR', 319),
('List Requests', NULL, NULL, NULL, 'EN', 319),
('List Requests', NULL, NULL, NULL, 'DE', 319),
('List Requests', NULL, NULL, NULL, 'AR', 320),
('List Requests', NULL, NULL, NULL, 'EN', 320),
('List Requests', NULL, NULL, NULL, 'DE', 320),
('List bikes', NULL, NULL, NULL, 'AR', 321),
('List bikes', NULL, NULL, NULL, 'EN', 321),
('List bikes', NULL, NULL, NULL, 'DE', 321),
('Search for bike', NULL, NULL, NULL, 'AR', 322),
('Search for bike', NULL, NULL, NULL, 'EN', 322),
('Search for bike', NULL, NULL, NULL, 'DE', 322),
('Bike Details', NULL, NULL, NULL, 'AR', 323),
('Bike Details', NULL, NULL, NULL, 'EN', 323),
('Bike Details', NULL, NULL, NULL, 'DE', 323),
('Send Bike to Friend', NULL, NULL, NULL, 'AR', 324),
('Send Bike to Friend', NULL, NULL, NULL, 'EN', 324),
('Send Bike to Friend', NULL, NULL, NULL, 'DE', 324),
('Bikes Bookmarked Page', NULL, NULL, NULL, 'AR', 325),
('Bikes Bookmarked Page', NULL, NULL, NULL, 'EN', 325),
('Bikes Bookmarked Page', NULL, NULL, NULL, 'DE', 325),
('List My bikes', NULL, NULL, NULL, 'AR', 326),
('List My bikes', NULL, NULL, NULL, 'EN', 326),
('List My bikes', NULL, NULL, NULL, 'DE', 326),
(' My Bike Details', NULL, NULL, NULL, 'AR', 327),
(' My Bike Details', NULL, NULL, NULL, 'EN', 327),
(' My Bike Details', NULL, NULL, NULL, 'DE', 327),
('Add Bike first step', NULL, NULL, NULL, 'AR', 328),
('Add Bike first step', NULL, NULL, NULL, 'EN', 328),
('Add Bike first step', NULL, NULL, NULL, 'DE', 328),
('Add Bike second step', NULL, NULL, NULL, 'AR', 329),
('Add Bike second step', NULL, NULL, NULL, 'EN', 329),
('Add Bike second step', NULL, NULL, NULL, 'DE', 329),
('Add Bike third step', NULL, NULL, NULL, 'AR', 330),
('Add Bike third step', NULL, NULL, NULL, 'EN', 330),
('Add Bike third step', NULL, NULL, NULL, 'DE', 330),
('Add done page', NULL, NULL, NULL, 'AR', 331),
('Add done page', NULL, NULL, NULL, 'EN', 331),
('Add done page', NULL, NULL, NULL, 'DE', 331),
('Send Bike to Friend', NULL, NULL, NULL, 'AR', 332),
('Send Bike to Friend', NULL, NULL, NULL, 'EN', 332),
('Send Bike to Friend', NULL, NULL, NULL, 'DE', 332),
('Bikes Bookmarked Page', NULL, NULL, NULL, 'AR', 333),
('Bikes Bookmarked Page', NULL, NULL, NULL, 'EN', 333),
('Bikes Bookmarked Page', NULL, NULL, NULL, 'DE', 333),
('Search for bike', NULL, NULL, NULL, 'AR', 334),
('Search for bike', NULL, NULL, NULL, 'EN', 334),
('Search for bike', NULL, NULL, NULL, 'DE', 334),
('Bike Details', NULL, NULL, NULL, 'AR', 335),
('Bike Details', NULL, NULL, NULL, 'EN', 335),
('Bike Details', NULL, NULL, NULL, 'DE', 335),
('Send Bike to Friend', NULL, NULL, NULL, 'AR', 336),
('Send Bike to Friend', NULL, NULL, NULL, 'EN', 336),
('Send Bike to Friend', NULL, NULL, NULL, 'DE', 336),
('Bikes Bookmarked Page', NULL, NULL, NULL, 'AR', 337),
('Bikes Bookmarked Page', NULL, NULL, NULL, 'EN', 337),
('Bikes Bookmarked Page', NULL, NULL, NULL, 'DE', 337),
('List My bikes', NULL, NULL, NULL, 'AR', 338),
('List My bikes', NULL, NULL, NULL, 'EN', 338),
('List My bikes', NULL, NULL, NULL, 'DE', 338),
(' My Bike Details', NULL, NULL, NULL, 'AR', 339),
(' My Bike Details', NULL, NULL, NULL, 'EN', 339),
(' My Bike Details', NULL, NULL, NULL, 'DE', 339),
('Add Bike first step', NULL, NULL, NULL, 'AR', 340),
('Add Bike first step', NULL, NULL, NULL, 'EN', 340),
('Add Bike first step', NULL, NULL, NULL, 'DE', 340),
('Add Bike second step', NULL, NULL, NULL, 'AR', 341),
('Add Bike second step', NULL, NULL, NULL, 'EN', 341),
('Add Bike second step', NULL, NULL, NULL, 'DE', 341),
('Add Bike third step', NULL, NULL, NULL, 'AR', 342),
('Add Bike third step', NULL, NULL, NULL, 'EN', 342),
('Add Bike third step', NULL, NULL, NULL, 'DE', 342),
('Add done page', NULL, NULL, NULL, 'AR', 343),
('Add done page', NULL, NULL, NULL, 'EN', 343),
('Add done page', NULL, NULL, NULL, 'DE', 343),
('Send Bike to Friend', NULL, NULL, NULL, 'AR', 344),
('Send Bike to Friend', NULL, NULL, NULL, 'EN', 344),
('Send Bike to Friend', NULL, NULL, NULL, 'DE', 344),
('Bikes Bookmarked Page', NULL, NULL, NULL, 'AR', 345),
('Bikes Bookmarked Page', NULL, NULL, NULL, 'EN', 345),
('Bikes Bookmarked Page', NULL, NULL, NULL, 'DE', 345),
('Search for bike', NULL, NULL, NULL, 'AR', 346),
('Search for bike', NULL, NULL, NULL, 'EN', 346),
('Search for bike', NULL, NULL, NULL, 'DE', 346),
('Bike Details', NULL, NULL, NULL, 'AR', 347),
('Bike Details', NULL, NULL, NULL, 'EN', 347),
('Bike Details', NULL, NULL, NULL, 'DE', 347),
('Send Bike to Friend', NULL, NULL, NULL, 'AR', 348),
('Send Bike to Friend', NULL, NULL, NULL, 'EN', 348),
('Send Bike to Friend', NULL, NULL, NULL, 'DE', 348),
('Bikes Bookmarked Page', NULL, NULL, NULL, 'AR', 349),
('Bikes Bookmarked Page', NULL, NULL, NULL, 'EN', 349),
('Bikes Bookmarked Page', NULL, NULL, NULL, 'DE', 349),
('List My bikes', NULL, NULL, NULL, 'AR', 350),
('List My bikes', NULL, NULL, NULL, 'EN', 350),
('List My bikes', NULL, NULL, NULL, 'DE', 350),
(' My Bike Details', NULL, NULL, NULL, 'AR', 351),
(' My Bike Details', NULL, NULL, NULL, 'EN', 351),
(' My Bike Details', NULL, NULL, NULL, 'DE', 351),
('Add Bike first step', NULL, NULL, NULL, 'AR', 352),
('Add Bike first step', NULL, NULL, NULL, 'EN', 352),
('Add Bike first step', NULL, NULL, NULL, 'DE', 352),
('Add Bike second step', NULL, NULL, NULL, 'AR', 353),
('Add Bike second step', NULL, NULL, NULL, 'EN', 353),
('Add Bike second step', NULL, NULL, NULL, 'DE', 353),
('Add Bike third step', NULL, NULL, NULL, 'AR', 354),
('Add Bike third step', NULL, NULL, NULL, 'EN', 354),
('Add Bike third step', NULL, NULL, NULL, 'DE', 354),
('Add done page', NULL, NULL, NULL, 'AR', 355),
('Add done page', NULL, NULL, NULL, 'EN', 355),
('Add done page', NULL, NULL, NULL, 'DE', 355),
('Send Bike to Friend', NULL, NULL, NULL, 'AR', 356),
('Send Bike to Friend', NULL, NULL, NULL, 'EN', 356),
('Send Bike to Friend', NULL, NULL, NULL, 'DE', 356),
('Bikes Bookmarked Page', NULL, NULL, NULL, 'AR', 357),
('Bikes Bookmarked Page', NULL, NULL, NULL, 'EN', 357),
('Bikes Bookmarked Page', NULL, NULL, NULL, 'DE', 357),
('Search for bike', NULL, NULL, NULL, 'AR', 358),
('Search for bike', NULL, NULL, NULL, 'EN', 358),
('Search for bike', NULL, NULL, NULL, 'DE', 358),
('Bike Details', NULL, NULL, NULL, 'AR', 359),
('Bike Details', NULL, NULL, NULL, 'EN', 359),
('Bike Details', NULL, NULL, NULL, 'DE', 359),
('Send Bike to Friend', NULL, NULL, NULL, 'AR', 360),
('Send Bike to Friend', NULL, NULL, NULL, 'EN', 360),
('Send Bike to Friend', NULL, NULL, NULL, 'DE', 360),
('Bikes Bookmarked Page', NULL, NULL, NULL, 'AR', 361),
('Bikes Bookmarked Page', NULL, NULL, NULL, 'EN', 361),
('Bikes Bookmarked Page', NULL, NULL, NULL, 'DE', 361),
('List My bikes', NULL, NULL, NULL, 'AR', 362),
('List My bikes', NULL, NULL, NULL, 'EN', 362),
('List My bikes', NULL, NULL, NULL, 'DE', 362),
(' My Bike Details', NULL, NULL, NULL, 'AR', 363),
(' My Bike Details', NULL, NULL, NULL, 'EN', 363),
(' My Bike Details', NULL, NULL, NULL, 'DE', 363),
('Add Bike first step', NULL, NULL, NULL, 'AR', 364),
('Add Bike first step', NULL, NULL, NULL, 'EN', 364),
('Add Bike first step', NULL, NULL, NULL, 'DE', 364),
('Add Bike second step', NULL, NULL, NULL, 'AR', 365),
('Add Bike second step', NULL, NULL, NULL, 'EN', 365),
('Add Bike second step', NULL, NULL, NULL, 'DE', 365),
('Add Bike third step', NULL, NULL, NULL, 'AR', 366),
('Add Bike third step', NULL, NULL, NULL, 'EN', 366),
('Add Bike third step', NULL, NULL, NULL, 'DE', 366),
('Add done page', NULL, NULL, NULL, 'AR', 367),
('Add done page', NULL, NULL, NULL, 'EN', 367),
('Add done page', NULL, NULL, NULL, 'DE', 367),
('Send Bike to Friend', NULL, NULL, NULL, 'AR', 368),
('Send Bike to Friend', NULL, NULL, NULL, 'EN', 368),
('Send Bike to Friend', NULL, NULL, NULL, 'DE', 368),
('Bikes Bookmarked Page', NULL, NULL, NULL, 'AR', 369),
('Bikes Bookmarked Page', NULL, NULL, NULL, 'EN', 369),
('Bikes Bookmarked Page', NULL, NULL, NULL, 'DE', 369),
('Search for bike', NULL, NULL, NULL, 'AR', 370),
('Search for bike', NULL, NULL, NULL, 'EN', 370),
('Search for bike', NULL, NULL, NULL, 'DE', 370),
('Bike Details', NULL, NULL, NULL, 'AR', 371),
('Bike Details', NULL, NULL, NULL, 'EN', 371),
('Bike Details', NULL, NULL, NULL, 'DE', 371),
('Send Bike to Friend', NULL, NULL, NULL, 'AR', 372),
('Send Bike to Friend', NULL, NULL, NULL, 'EN', 372),
('Send Bike to Friend', NULL, NULL, NULL, 'DE', 372),
('Bikes Bookmarked Page', NULL, NULL, NULL, 'AR', 373),
('Bikes Bookmarked Page', NULL, NULL, NULL, 'EN', 373),
('Bikes Bookmarked Page', NULL, NULL, NULL, 'DE', 373),
('List My bikes', NULL, NULL, NULL, 'AR', 374),
('List My bikes', NULL, NULL, NULL, 'EN', 374),
('List My bikes', NULL, NULL, NULL, 'DE', 374),
(' My Bike Details', NULL, NULL, NULL, 'AR', 375),
(' My Bike Details', NULL, NULL, NULL, 'EN', 375),
(' My Bike Details', NULL, NULL, NULL, 'DE', 375),
('Add Bike first step', NULL, NULL, NULL, 'AR', 376),
('Add Bike first step', NULL, NULL, NULL, 'EN', 376),
('Add Bike first step', NULL, NULL, NULL, 'DE', 376),
('Add Bike second step', NULL, NULL, NULL, 'AR', 377),
('Add Bike second step', NULL, NULL, NULL, 'EN', 377),
('Add Bike second step', NULL, NULL, NULL, 'DE', 377),
('Add Bike third step', NULL, NULL, NULL, 'AR', 378),
('Add Bike third step', NULL, NULL, NULL, 'EN', 378),
('Add Bike third step', NULL, NULL, NULL, 'DE', 378),
('Add done page', NULL, NULL, NULL, 'AR', 379),
('Add done page', NULL, NULL, NULL, 'EN', 379),
('Add done page', NULL, NULL, NULL, 'DE', 379),
('Send Bike to Friend', NULL, NULL, NULL, 'AR', 380),
('Send Bike to Friend', NULL, NULL, NULL, 'EN', 380),
('Send Bike to Friend', NULL, NULL, NULL, 'DE', 380),
('Bikes Bookmarked Page', NULL, NULL, NULL, 'AR', 381),
('Bikes Bookmarked Page', NULL, NULL, NULL, 'EN', 381),
('Bikes Bookmarked Page', NULL, NULL, NULL, 'DE', 381),
('Search for bike', NULL, NULL, NULL, 'AR', 382),
('Search for bike', NULL, NULL, NULL, 'EN', 382),
('Search for bike', NULL, NULL, NULL, 'DE', 382),
('Bike Details', NULL, NULL, NULL, 'AR', 383),
('Bike Details', NULL, NULL, NULL, 'EN', 383),
('Bike Details', NULL, NULL, NULL, 'DE', 383),
('Send Bike to Friend', NULL, NULL, NULL, 'AR', 384),
('Send Bike to Friend', NULL, NULL, NULL, 'EN', 384),
('Send Bike to Friend', NULL, NULL, NULL, 'DE', 384),
('Bikes Bookmarked Page', NULL, NULL, NULL, 'AR', 385),
('Bikes Bookmarked Page', NULL, NULL, NULL, 'EN', 385),
('Bikes Bookmarked Page', NULL, NULL, NULL, 'DE', 385),
('List My bikes', NULL, NULL, NULL, 'AR', 386),
('List My bikes', NULL, NULL, NULL, 'EN', 386),
('List My bikes', NULL, NULL, NULL, 'DE', 386),
(' My Bike Details', NULL, NULL, NULL, 'AR', 387),
(' My Bike Details', NULL, NULL, NULL, 'EN', 387),
(' My Bike Details', NULL, NULL, NULL, 'DE', 387),
('Add Bike first step', NULL, NULL, NULL, 'AR', 388),
('Add Bike first step', NULL, NULL, NULL, 'EN', 388),
('Add Bike first step', NULL, NULL, NULL, 'DE', 388),
('Add Bike second step', NULL, NULL, NULL, 'AR', 389),
('Add Bike second step', NULL, NULL, NULL, 'EN', 389),
('Add Bike second step', NULL, NULL, NULL, 'DE', 389),
('Add Bike third step', NULL, NULL, NULL, 'AR', 390),
('Add Bike third step', NULL, NULL, NULL, 'EN', 390),
('Add Bike third step', NULL, NULL, NULL, 'DE', 390),
('Add done page', NULL, NULL, NULL, 'AR', 391),
('Add done page', NULL, NULL, NULL, 'EN', 391),
('Add done page', NULL, NULL, NULL, 'DE', 391),
('Send Bike to Friend', NULL, NULL, NULL, 'AR', 392),
('Send Bike to Friend', NULL, NULL, NULL, 'EN', 392),
('Send Bike to Friend', NULL, NULL, NULL, 'DE', 392),
('Bikes Bookmarked Page', NULL, NULL, NULL, 'AR', 393),
('Bikes Bookmarked Page', NULL, NULL, NULL, 'EN', 393),
('Bikes Bookmarked Page', NULL, NULL, NULL, 'DE', 393),
('Control Panel', NULL, NULL, NULL, 'AR', 394),
('Control Panel', NULL, NULL, NULL, 'EN', 394),
('Control Panel', NULL, NULL, NULL, 'DE', 394),
('Control Panel : Account Page', NULL, NULL, NULL, 'AR', 395),
('Control Panel : Account Page', NULL, NULL, NULL, 'EN', 395),
('Control Panel : Account Page', NULL, NULL, NULL, 'DE', 395),
('Control Panel : Change Password', NULL, NULL, NULL, 'AR', 396),
('Control Panel : Change Password', NULL, NULL, NULL, 'EN', 396),
('Control Panel : Change Password', NULL, NULL, NULL, 'DE', 396),
('Control Panel : Login Page', NULL, NULL, NULL, 'AR', 397),
('Control Panel : Login Page', NULL, NULL, NULL, 'EN', 397),
('Control Panel : Login Page', NULL, NULL, NULL, 'DE', 397),
('Register', NULL, NULL, NULL, 'AR', 398),
('Register', NULL, NULL, NULL, 'EN', 398),
('Register', NULL, NULL, NULL, 'DE', 398),
('Forgot Password Page', NULL, NULL, NULL, 'AR', 399),
('Forgot Password Page', NULL, NULL, NULL, 'EN', 399),
('Forgot Password Page', NULL, NULL, NULL, 'DE', 399),
('Search for Vehicle', NULL, NULL, NULL, 'AR', 400),
('Search for Vehicle', NULL, NULL, NULL, 'EN', 400),
('Search for Vehicle', NULL, NULL, NULL, 'DE', 400),
('Vehicle Details', NULL, NULL, NULL, 'AR', 401),
('Vehicle Details', NULL, NULL, NULL, 'EN', 401),
('Vehicle Details', NULL, NULL, NULL, 'DE', 401),
('Send Vehicle to Friend', NULL, NULL, NULL, 'AR', 402),
('Send Vehicle to Friend', NULL, NULL, NULL, 'EN', 402),
('Send Vehicle to Friend', NULL, NULL, NULL, 'DE', 402),
('Vehicles Bookmarked Page', NULL, NULL, NULL, 'AR', 403),
('Vehicles Bookmarked Page', NULL, NULL, NULL, 'EN', 403),
('Vehicles Bookmarked Page', NULL, NULL, NULL, 'DE', 403),
('List My Vehicles', NULL, NULL, NULL, 'AR', 404),
('List My Vehicles', NULL, NULL, NULL, 'EN', 404),
('List My Vehicles', NULL, NULL, NULL, 'DE', 404),
(' My Vehicle Details', NULL, NULL, NULL, 'AR', 405),
(' My Vehicle Details', NULL, NULL, NULL, 'EN', 405),
(' My Vehicle Details', NULL, NULL, NULL, 'DE', 405),
('Add Vehicle first step', NULL, NULL, NULL, 'AR', 406),
('Add Vehicle first step', NULL, NULL, NULL, 'EN', 406),
('Add Vehicle first step', NULL, NULL, NULL, 'DE', 406),
('Add Vehicle second step', NULL, NULL, NULL, 'AR', 407),
('Add Vehicle second step', NULL, NULL, NULL, 'EN', 407),
('Add Vehicle second step', NULL, NULL, NULL, 'DE', 407),
('Add Vehicle third step', NULL, NULL, NULL, 'AR', 408),
('Add Vehicle third step', NULL, NULL, NULL, 'EN', 408),
('Add Vehicle third step', NULL, NULL, NULL, 'DE', 408),
('Add done page', NULL, NULL, NULL, 'AR', 409),
('Add done page', NULL, NULL, NULL, 'EN', 409),
('Add done page', NULL, NULL, NULL, 'DE', 409),
('Vehicles Bookmarked Page', NULL, NULL, NULL, 'AR', 410),
('Vehicles Bookmarked Page', NULL, NULL, NULL, 'EN', 410),
('Vehicles Bookmarked Page', NULL, NULL, NULL, 'DE', 410),
('advertise', NULL, 'how to adverise in motorssouq.com and why?', '&lt;p style=&quot;text-align: left;&quot;&gt;&lt;span id=&quot;internal-source-marker_0.12612559192542616&quot; style=&quot;font-size: 15px; font-family: Arial; color: #000000; background-color: transparent; font-weight: normal; font-style: normal; font-variant: normal; text-decoration: none; vertical-align: baseline;&quot;&gt;Motors souq is the first C2C portal in the kingdom of bahrain, with more than 800 motor in the website and over 500 visit per day motors souq is considered as the most fast growing service portal in the kingdom of bahrain.&lt;/span&gt;&lt;br /&gt;&lt;span style=&quot;font-size: 15px; font-family: Arial; color: #000000; background-color: transparent; font-weight: normal; font-style: normal; font-variant: normal; text-decoration: none; vertical-align: baseline;&quot;&gt;Motors Souq become in a very short term the destination for locals and residents to provide a single platform to trade motors in all thier types.&lt;/span&gt;&lt;br /&gt;&lt;span style=&quot;font-size: 15px; font-family: Arial; color: #000000; background-color: transparent; font-weight: normal; font-style: normal; font-variant: normal; text-decoration: none; vertical-align: baseline;&quot;&gt;whether you are selling or buying, motors souq will provide you with all different options to choose from a large varities of vehicles that can be as expnesive as a rich person is looking for, and it can provide a selection for chaeap cars for those who is staying short time in bahrain.&lt;/span&gt;&lt;/p&gt;\n&lt;p style=&quot;text-align: left;&quot;&gt; &lt;/p&gt;\n&lt;p style=&quot;text-align: left;&quot;&gt;&lt;span style=&quot;font-size: 15px; font-family: Arial; color: #000000; background-color: transparent; font-weight: normal; font-style: normal; font-variant: normal; text-decoration: none; vertical-align: baseline;&quot;&gt;but why motorssouq.com? click here.&lt;br /&gt;&lt;/span&gt;&lt;/p&gt;\n&lt;p style=&quot;text-align: left;&quot;&gt; &lt;/p&gt;', 'AR', 411),
('advertise', NULL, 'how to adverise in motorssouq.com and why?', '&lt;p style=&quot;text-align: left;&quot;&gt;&lt;span id=&quot;internal-source-marker_0.12612559192542616&quot; style=&quot;font-size: 15px; font-family: Arial; color: #000000; background-color: transparent; font-weight: normal; font-style: normal; font-variant: normal; text-decoration: none; vertical-align: baseline;&quot;&gt;Motors souq is the first C2C portal in the kingdom of bahrain, with more than 800 motor in the website and over 500 visit per day motors souq is considered as the most fast growing service portal in the kingdom of bahrain.&lt;/span&gt;&lt;br /&gt;&lt;span style=&quot;font-size: 15px; font-family: Arial; color: #000000; background-color: transparent; font-weight: normal; font-style: normal; font-variant: normal; text-decoration: none; vertical-align: baseline;&quot;&gt;Motors Souq become in a very short term the destination for locals and residents to provide a single platform to trade motors in all thier types.&lt;/span&gt;&lt;br /&gt;&lt;span style=&quot;font-size: 15px; font-family: Arial; color: #000000; background-color: transparent; font-weight: normal; font-style: normal; font-variant: normal; text-decoration: none; vertical-align: baseline;&quot;&gt;whether you are selling or buying, motors souq will provide you with all different options to choose from a large varities of vehicles that can be as expnesive as a rich person is looking for, and it can provide a selection for chaeap cars for those who is staying short time in bahrain.&lt;/span&gt;&lt;/p&gt;\n&lt;p style=&quot;text-align: left;&quot;&gt; &lt;/p&gt;\n&lt;p style=&quot;text-align: left;&quot;&gt;&lt;span style=&quot;font-size: 15px; font-family: Arial; color: #000000; background-color: transparent; font-weight: normal; font-style: normal; font-variant: normal; text-decoration: none; vertical-align: baseline;&quot;&gt;but why motorssouq.com? click here.&lt;br /&gt;&lt;/span&gt;&lt;/p&gt;\n&lt;p style=&quot;text-align: left;&quot;&gt; &lt;/p&gt;', 'EN', 411),
('advertise', NULL, 'how to adverise in motorssouq.com and why?', '&lt;p style=&quot;text-align: left;&quot;&gt;&lt;span id=&quot;internal-source-marker_0.12612559192542616&quot; style=&quot;font-size: 15px; font-family: Arial; color: #000000; background-color: transparent; font-weight: normal; font-style: normal; font-variant: normal; text-decoration: none; vertical-align: baseline;&quot;&gt;Motors souq is the first C2C portal in the kingdom of bahrain, with more than 800 motor in the website and over 500 visit per day motors souq is considered as the most fast growing service portal in the kingdom of bahrain.&lt;/span&gt;&lt;br /&gt;&lt;span style=&quot;font-size: 15px; font-family: Arial; color: #000000; background-color: transparent; font-weight: normal; font-style: normal; font-variant: normal; text-decoration: none; vertical-align: baseline;&quot;&gt;Motors Souq become in a very short term the destination for locals and residents to provide a single platform to trade motors in all thier types.&lt;/span&gt;&lt;br /&gt;&lt;span style=&quot;font-size: 15px; font-family: Arial; color: #000000; background-color: transparent; font-weight: normal; font-style: normal; font-variant: normal; text-decoration: none; vertical-align: baseline;&quot;&gt;whether you are selling or buying, motors souq will provide you with all different options to choose from a large varities of vehicles that can be as expnesive as a rich person is looking for, and it can provide a selection for chaeap cars for those who is staying short time in bahrain.&lt;/span&gt;&lt;/p&gt;\n&lt;p style=&quot;text-align: left;&quot;&gt; &lt;/p&gt;\n&lt;p style=&quot;text-align: left;&quot;&gt;&lt;span style=&quot;font-size: 15px; font-family: Arial; color: #000000; background-color: transparent; font-weight: normal; font-style: normal; font-variant: normal; text-decoration: none; vertical-align: baseline;&quot;&gt;but why motorssouq.com? click here.&lt;br /&gt;&lt;/span&gt;&lt;/p&gt;\n&lt;p style=&quot;text-align: left;&quot;&gt; &lt;/p&gt;', 'DE', 411),
('test', 'car', 'test cars test cars', '&lt;p&gt;test cars&lt;/p&gt;', 'AR', 412),
('test', 'car', 'test cars test cars', '&lt;p&gt;test cars&lt;/p&gt;', 'EN', 412),
('test', 'car', 'test cars test cars', '&lt;p&gt;test cars&lt;/p&gt;', 'DE', 412);
INSERT INTO `cms_page_lang` (`title`, `keywords`, `description`, `content`, `lang`, `cms_page_id`) VALUES
('خطوات إضافة سيارة في بوابة موتورز سوق الإلأكترونية', 'سيارات البحرين، للبيع سيارة، مطلوب سيارة، سيارات، حراج سيارات، ', 'في هذه الصفحة يتم تقديم شرح لمستخدمي بوابة موتورز سوق الإلكترونية للتعرف على كيفية إضافة سياراتهم في البوابة.', '&lt;p&gt; &lt;/p&gt;\n&lt;p&gt; &lt;/p&gt;\n&lt;p style=&quot;text-align: center;&quot;&gt;&lt;span style=&quot;color: #ff0000; font-size: large;&quot;&gt; translation is coming soon &lt;/span&gt;&lt;/p&gt;\n&lt;table style=&quot;margin-left: auto; margin-right: auto; width: 700px; border: 0pt solid #a9a9a9;&quot; border=&quot;0&quot; align=&quot;center&quot;&gt;\n&lt;tbody&gt;\n&lt;tr&gt;\n&lt;td style=&quot;text-align: right;&quot; dir=&quot;rtl&quot;&gt;\n&lt;p style=&quot;text-align: right;&quot; dir=&quot;rtl&quot;&gt; &lt;/p&gt;\n&lt;p style=&quot;text-align: right;&quot; dir=&quot;rtl&quot;&gt;&lt;span style=&quot;font-size: medium; font-family: tahoma,arial,helvetica,sans-serif;&quot;&gt;Dear customers,&lt;/span&gt;&lt;/p&gt;\n&lt;p style=&quot;text-align: right;&quot; dir=&quot;rtl&quot;&gt;&lt;span style=&quot;font-size: medium; font-family: tahoma,arial,helvetica,sans-serif;&quot;&gt;In this page we are going to illustrate the steps of adding your car on motorssouq portal with explanation of each. this is to assist you in advertising your car in our website and all other social media channels easily and freely. &lt;br /&gt;&lt;/span&gt;&lt;/p&gt;\n&lt;p style=&quot;text-align: right;&quot; dir=&quot;rtl&quot;&gt; &lt;/p&gt;\n&lt;p style=&quot;text-align: right;&quot; dir=&quot;rtl&quot;&gt;&lt;span style=&quot;font-size: medium; font-family: tahoma,arial,helvetica,sans-serif;&quot;&gt;&lt;span style=&quot;text-decoration: underline;&quot;&gt;&lt;strong&gt;Step 1:&lt;/strong&gt;&lt;/span&gt;&lt;br /&gt;&lt;/span&gt;&lt;/p&gt;\n&lt;p style=&quot;text-align: right;&quot; dir=&quot;rtl&quot;&gt;&lt;span style=&quot;font-size: medium; font-family: tahoma,arial,helvetica,sans-serif;&quot;&gt;In the home page you may click on the (add your motor now) top button &lt;br /&gt;&lt;/span&gt;&lt;/p&gt;\n&lt;p style=&quot;text-align: right;&quot; dir=&quot;rtl&quot;&gt;&lt;span style=&quot;font-size: medium; font-family: tahoma,arial,helvetica,sans-serif;&quot;&gt;&lt;br /&gt;&lt;/span&gt;&lt;/p&gt;\n&lt;p style=&quot;text-align: right;&quot; dir=&quot;rtl&quot;&gt;&lt;span style=&quot;font-size: medium; font-family: tahoma,arial,helvetica,sans-serif;&quot;&gt;&lt;br /&gt;&lt;/span&gt;&lt;/p&gt;\n&lt;span style=&quot;font-family: tahoma,arial,helvetica,sans-serif;&quot;&gt;&lt;span id=&quot;result_box&quot; style=&quot;font-size: 15px; color: #000000; background-color: transparent; font-style: normal; font-variant: normal; vertical-align: baseline; white-space: pre-wrap;&quot; lang=&quot;en&quot;&gt;&lt;span class=&quot;hps&quot;&gt;&lt;img style=&quot;vertical-align: middle; display: block; margin-left: auto; margin-right: auto;&quot; src=&quot;https://lh5.googleusercontent.com/-bgMzKAaqL84/UFdBakw3bOI/AAAAAAAAALo/bXDy_kLBQ7k/s576/how to add car 1st step (arabic).jpg&quot; alt=&quot;how to add car 1st step (arabic)&quot; width=&quot;576&quot; height=&quot;492&quot; /&gt;&lt;span style=&quot;font-size: 15px; font-family: tahoma,arial,helvetica,sans-serif; color: #000000; background-color: transparent; font-style: normal; font-variant: normal; vertical-align: baseline; white-space: pre-wrap;&quot; lang=&quot;en&quot;&gt;&lt;span style=&quot;font-size: 15px; color: #000000; background-color: transparent; font-style: normal; font-variant: normal; vertical-align: baseline; white-space: pre-wrap;&quot; lang=&quot;en&quot;&gt;&lt;span class=&quot;hps&quot;&gt;&lt;span style=&quot;font-family: tahoma,arial,helvetica,sans-serif;&quot;&gt;&lt;span id=&quot;result_box&quot; style=&quot;font-size: 15px; color: #000000; background-color: transparent; font-style: normal; font-variant: normal; vertical-align: baseline; white-space: pre-wrap;&quot; lang=&quot;en&quot;&gt;&lt;span class=&quot;hps&quot;&gt;&lt;br /&gt;The page will navigate you to (My account) page which enables you to choose the preferable method for you to deal with Motorssouq portal and choose the car type that you want to advertise&lt;br /&gt;&lt;/span&gt;&lt;/span&gt;&lt;/span&gt;&lt;/span&gt;&lt;/span&gt;&lt;/span&gt;&lt;/span&gt;&lt;/span&gt;&lt;span style=&quot;font-size: 15px; color: #000000; background-color: transparent; font-style: normal; font-variant: normal; vertical-align: baseline; white-space: pre-wrap;&quot; lang=&quot;en&quot;&gt;&lt;span style=&quot;font-size: 15px; color: #000000; background-color: transparent; font-style: normal; font-variant: normal; vertical-align: baseline; white-space: pre-wrap;&quot; lang=&quot;en&quot;&gt;&lt;span class=&quot;hps&quot;&gt;&lt;br /&gt;&lt;/span&gt;&lt;/span&gt;&lt;/span&gt;&lt;/span&gt;&lt;hr /&gt;&lt;span style=&quot;font-size: 15px; font-family: tahoma,arial,helvetica,sans-serif; color: #000000; background-color: transparent; font-style: normal; font-variant: normal; vertical-align: baseline; white-space: pre-wrap;&quot; lang=&quot;en&quot;&gt;&lt;span style=&quot;font-size: 15px; color: #000000; background-color: transparent; font-style: normal; font-variant: normal; vertical-align: baseline; white-space: pre-wrap;&quot; lang=&quot;en&quot;&gt;&lt;span class=&quot;hps&quot;&gt;&lt;br /&gt;&lt;strong&gt;&lt;span style=&quot;text-decoration: underline;&quot;&gt;Step 2:&lt;/span&gt; &lt;/strong&gt;&lt;br /&gt;&lt;span style=&quot;font-family: tahoma,arial,helvetica,sans-serif;&quot;&gt;&lt;span id=&quot;result_box&quot; style=&quot;font-size: 15px; color: #000000; background-color: transparent; font-style: normal; font-variant: normal; vertical-align: baseline; white-space: pre-wrap;&quot; lang=&quot;en&quot;&gt;&lt;span class=&quot;hps&quot;&gt;The (My account) page will enables you to choose between opening a new account or use your current one. additionally, you would have the choice of adding your motor without registration procedures.&lt;/span&gt;&lt;/span&gt;&lt;/span&gt;&lt;strong&gt;&lt;br /&gt;&lt;/strong&gt;And we are choosing in this example, adding a car without registering in the website&lt;br /&gt;&lt;br /&gt;Click on (insert car) icon:&lt;br /&gt;&lt;br /&gt;&lt;img style=&quot;vertical-align: middle; display: block; margin-left: auto; margin-right: auto;&quot; src=&quot;https://lh5.googleusercontent.com/-SoNg28b4yL0/UFdBasmP3qI/AAAAAAAAALY/UOuJdTRXhCo/s603/how to add car 2nd step (arabic).jpg&quot; alt=&quot;how to add car 2nd step (arabic)&quot; width=&quot;603&quot; height=&quot;494&quot; /&gt;&lt;br /&gt;Then you will be navigated to the first step on adding your car in Motorssouq cars gateway&lt;br /&gt;&lt;br /&gt;&lt;/span&gt;&lt;/span&gt;&lt;/span&gt;&lt;hr /&gt;&lt;span style=&quot;font-size: 15px; font-family: tahoma,arial,helvetica,sans-serif; color: #000000; background-color: transparent; font-style: normal; font-variant: normal; vertical-align: baseline; white-space: pre-wrap;&quot; lang=&quot;en&quot;&gt;&lt;span style=&quot;font-size: 15px; color: #000000; background-color: transparent; font-style: normal; font-variant: normal; vertical-align: baseline; white-space: pre-wrap;&quot; lang=&quot;en&quot;&gt;&lt;span class=&quot;hps&quot;&gt;&lt;br /&gt;&lt;/span&gt;&lt;/span&gt;&lt;/span&gt;\n&lt;p id=&quot;internal-source-marker_0.9424052616105251&quot; style=&quot;text-align: right; margin-top: 0pt; margin-bottom: 0pt;&quot; dir=&quot;rtl&quot;&gt;&lt;strong&gt;&lt;span style=&quot;text-decoration: underline;&quot;&gt;&lt;span style=&quot;font-size: 15px; font-family: tahoma,arial,helvetica,sans-serif; color: #000000; background-color: transparent; font-style: normal; font-variant: normal; vertical-align: baseline; text-decoration: underline;&quot;&gt;Step 3:&lt;br /&gt;&lt;/span&gt;&lt;/span&gt;&lt;/strong&gt;&lt;/p&gt;\n&lt;p style=&quot;text-align: right; margin-top: 0pt; margin-bottom: 0pt;&quot; dir=&quot;rtl&quot;&gt;&lt;span style=&quot;font-size: 15px; font-family: tahoma,arial,helvetica,sans-serif; color: #000000; background-color: transparent; font-style: normal; font-variant: normal; vertical-align: baseline;&quot;&gt;Write down your car&#039;s general information which will be displayed for the visitors or viewers of your car &lt;br /&gt;&lt;/span&gt;&lt;/p&gt;\n&lt;p style=&quot;text-align: right; margin-top: 0pt; margin-bottom: 0pt;&quot; dir=&quot;rtl&quot;&gt;&lt;span style=&quot;font-size: 15px; font-family: tahoma,arial,helvetica,sans-serif; color: #000000; background-color: transparent; font-style: normal; font-variant: normal; vertical-align: baseline;&quot;&gt;&lt;br /&gt;&lt;/span&gt;&lt;/p&gt;\n&lt;p style=&quot;text-align: right; margin-top: 0pt; margin-bottom: 0pt;&quot; dir=&quot;rtl&quot;&gt;&lt;span style=&quot;font-size: 15px; font-family: tahoma,arial,helvetica,sans-serif; color: #000000; background-color: transparent; font-style: normal; font-variant: normal; vertical-align: baseline;&quot;&gt;&lt;img style=&quot;vertical-align: middle; display: block; margin-left: auto; margin-right: auto;&quot; src=&quot;https://lh4.googleusercontent.com/-H_PWbY5zAW0/UFdBaQBrTkI/AAAAAAAAALQ/d8XexR77LIA/s512/how to add car 3rd step (arabic).jpg&quot; alt=&quot;how to add car 3rd step (arabic)&quot; width=&quot;512&quot; height=&quot;478&quot; /&gt;&lt;/span&gt;&lt;/p&gt;\n&lt;p style=&quot;text-align: right; margin-top: 0pt; margin-bottom: 0pt;&quot; dir=&quot;rtl&quot;&gt; &lt;/p&gt;\n&lt;br /&gt;\n&lt;p style=&quot;text-align: right; margin-top: 0pt; margin-bottom: 0pt;&quot; dir=&quot;rtl&quot;&gt;&lt;span style=&quot;font-size: 15px; font-family: tahoma,arial,helvetica,sans-serif; color: #000000; background-color: transparent; font-style: normal; font-variant: normal; vertical-align: baseline;&quot;&gt;Note: the more you add information of your car the more you increase the possibility of selling your car rapidly &lt;br /&gt;&lt;/span&gt;&lt;/p&gt;\n&lt;p style=&quot;text-align: right; margin-top: 0pt; margin-bottom: 0pt;&quot; dir=&quot;rtl&quot;&gt;&lt;span style=&quot;font-size: 15px; font-family: tahoma,arial,helvetica,sans-serif; color: #000000; background-color: transparent; font-style: normal; font-variant: normal; vertical-align: baseline;&quot;&gt;After completing your added information click on (Save and continue), and then you will be moved to uploading your car pictures. &lt;br /&gt;&lt;/span&gt;&lt;/p&gt;\n&lt;span style=&quot;font-size: 15px; font-family: tahoma,arial,helvetica,sans-serif; color: #000000; background-color: transparent; font-style: normal; font-variant: normal; vertical-align: baseline; white-space: pre-wrap;&quot; lang=&quot;en&quot;&gt;&lt;span style=&quot;font-size: 15px; color: #000000; background-color: transparent; font-style: normal; font-variant: normal; vertical-align: baseline; white-space: pre-wrap;&quot; lang=&quot;en&quot;&gt;&lt;span class=&quot;hps&quot;&gt;&lt;br /&gt;&lt;/span&gt;&lt;/span&gt;&lt;/span&gt;&lt;hr /&gt;&lt;span style=&quot;font-size: 15px; font-family: tahoma,arial,helvetica,sans-serif; color: #000000; background-color: transparent; font-style: normal; font-variant: normal; vertical-align: baseline; white-space: pre-wrap;&quot; lang=&quot;en&quot;&gt;&lt;span style=&quot;font-size: 15px; color: #000000; background-color: transparent; font-style: normal; font-variant: normal; vertical-align: baseline; white-space: pre-wrap;&quot; lang=&quot;en&quot;&gt;&lt;span class=&quot;hps&quot;&gt;&lt;br /&gt;&lt;/span&gt;&lt;/span&gt;&lt;/span&gt;\n&lt;p id=&quot;internal-source-marker_0.9424052616105251&quot; style=&quot;text-align: right; margin-top: 0pt; margin-bottom: 0pt;&quot; dir=&quot;rtl&quot;&gt;&lt;strong&gt;&lt;span style=&quot;text-decoration: underline;&quot;&gt;&lt;span style=&quot;font-size: 15px; font-family: tahoma,arial,helvetica,sans-serif; color: #000000; background-color: transparent; font-style: normal; font-variant: normal; vertical-align: baseline; text-decoration: underline;&quot;&gt;Step 4:&lt;br /&gt;&lt;/span&gt;&lt;/span&gt;&lt;/strong&gt;&lt;/p&gt;\n&lt;p style=&quot;text-align: right; margin-top: 0pt; margin-bottom: 0pt;&quot; dir=&quot;rtl&quot;&gt;&lt;strong&gt;&lt;span style=&quot;text-decoration: underline;&quot;&gt;&lt;span style=&quot;font-size: 15px; font-family: tahoma,arial,helvetica,sans-serif; color: #000000; background-color: transparent; font-style: normal; font-variant: normal; vertical-align: baseline; text-decoration: underline;&quot;&gt;الخطوة الرابعة:&lt;/span&gt;&lt;/span&gt;&lt;/strong&gt;&lt;/p&gt;\n&lt;p style=&quot;text-align: right; margin-top: 0pt; margin-bottom: 0pt;&quot; dir=&quot;rtl&quot;&gt;&lt;span style=&quot;font-size: 15px; font-family: tahoma,arial,helvetica,sans-serif; color: #000000; background-color: transparent; font-style: normal; font-variant: normal; vertical-align: baseline;&quot;&gt;أرفع صور سيارتك، ويمكنك أن ترفع حتى 12 صورة لكل سيارة.&lt;/span&gt;&lt;/p&gt;\n&lt;p style=&quot;text-align: right; margin-top: 0pt; margin-bottom: 0pt;&quot; dir=&quot;rtl&quot;&gt;&lt;span style=&quot;font-size: 15px; font-family: tahoma,arial,helvetica,sans-serif; color: #000000; background-color: transparent; font-style: normal; font-variant: normal; vertical-align: baseline;&quot;&gt;&lt;br /&gt;&lt;/span&gt;&lt;/p&gt;\n&lt;p style=&quot;text-align: right; margin-top: 0pt; margin-bottom: 0pt;&quot; dir=&quot;rtl&quot;&gt;&lt;span style=&quot;font-size: 15px; font-family: tahoma,arial,helvetica,sans-serif; color: #000000; background-color: transparent; font-style: normal; font-variant: normal; vertical-align: baseline;&quot;&gt;&lt;img style=&quot;vertical-align: middle; display: block; margin-left: auto; margin-right: auto;&quot; src=&quot;https://lh5.googleusercontent.com/-lHDbz01WFv8/UFdBazNyBYI/AAAAAAAAALM/e_v4LGPmH4Q/s553/how to add car 4th step (arabic).jpg&quot; alt=&quot;how to add car 4th step (arabic)&quot; width=&quot;553&quot; height=&quot;292&quot; /&gt;&lt;/span&gt;&lt;/p&gt;\n&lt;span style=&quot;font-size: 15px; font-family: tahoma,arial,helvetica,sans-serif; color: #000000; background-color: transparent; font-style: normal; font-variant: normal; vertical-align: baseline; white-space: pre-wrap;&quot; lang=&quot;en&quot;&gt;&lt;span style=&quot;font-size: 15px; color: #000000; background-color: transparent; font-style: normal; font-variant: normal; vertical-align: baseline; white-space: pre-wrap;&quot; lang=&quot;en&quot;&gt;&lt;span class=&quot;hps&quot;&gt;&lt;br /&gt;&lt;/span&gt;&lt;/span&gt;&lt;/span&gt;\n&lt;p id=&quot;internal-source-marker_0.9424052616105251&quot; style=&quot;text-align: right; margin-top: 0pt; margin-bottom: 0pt;&quot; dir=&quot;rtl&quot;&gt;&lt;span style=&quot;font-size: 15px; font-family: tahoma,arial,helvetica,sans-serif; color: #000000; background-color: transparent; font-style: normal; font-variant: normal; vertical-align: baseline;&quot;&gt;ملاحظة هامة: بعد إختيار صور السيارة، يرجى الإنتظار قليلاً حتى يقوم الموقع برفع الصور&lt;/span&gt;&lt;/p&gt;\n&lt;span style=&quot;font-size: 15px; font-family: tahoma,arial,helvetica,sans-serif; color: #000000; background-color: transparent; font-style: normal; font-variant: normal; vertical-align: baseline; white-space: pre-wrap;&quot; lang=&quot;en&quot;&gt;&lt;span style=&quot;font-size: 15px; color: #000000; background-color: transparent; font-style: normal; font-variant: normal; vertical-align: baseline; white-space: pre-wrap;&quot; lang=&quot;en&quot;&gt;&lt;span class=&quot;hps&quot;&gt;&lt;br /&gt;&lt;/span&gt;&lt;/span&gt;&lt;/span&gt;\n&lt;p style=&quot;text-align: right; margin-top: 0pt; margin-bottom: 0pt;&quot; dir=&quot;rtl&quot;&gt;&lt;span style=&quot;font-size: 15px; font-family: tahoma,arial,helvetica,sans-serif; color: #000000; background-color: transparent; font-style: normal; font-variant: normal; vertical-align: baseline;&quot;&gt;ستظهر لك صور السيارة بالشكل التالي:&lt;/span&gt;&lt;/p&gt;\n&lt;p style=&quot;text-align: right; margin-top: 0pt; margin-bottom: 0pt;&quot; dir=&quot;rtl&quot;&gt;&lt;span style=&quot;font-size: 15px; font-family: tahoma,arial,helvetica,sans-serif; color: #000000; background-color: transparent; font-style: normal; font-variant: normal; vertical-align: baseline;&quot;&gt;&lt;br /&gt;&lt;/span&gt;&lt;/p&gt;\n&lt;p style=&quot;text-align: right; margin-top: 0pt; margin-bottom: 0pt;&quot; dir=&quot;rtl&quot;&gt;&lt;span style=&quot;font-family: tahoma,arial,helvetica,sans-serif;&quot;&gt;&lt;img style=&quot;vertical-align: middle; display: block; margin-left: auto; margin-right: auto;&quot; src=&quot;https://lh3.googleusercontent.com/-Sc5l8-HyD6s/UFdBapd1hXI/AAAAAAAAALI/sNv1cut2hzI/s512/how to add car 5th step (arabic).jpg&quot; alt=&quot;how to add car 5th step (arabic)&quot; width=&quot;512&quot; height=&quot;503&quot; /&gt;&lt;/span&gt;&lt;/p&gt;\n&lt;p style=&quot;text-align: right; margin-top: 0pt; margin-bottom: 0pt;&quot; dir=&quot;rtl&quot;&gt;&lt;span style=&quot;font-size: 15px; font-family: tahoma,arial,helvetica,sans-serif; color: #000000; background-color: transparent; font-style: normal; font-variant: normal; vertical-align: baseline;&quot;&gt;&lt;br /&gt;&lt;/span&gt;&lt;/p&gt;\n&lt;hr /&gt;&lt;span style=&quot;font-size: 15px; font-family: tahoma,arial,helvetica,sans-serif; color: #000000; background-color: transparent; font-style: normal; font-variant: normal; vertical-align: baseline; white-space: pre-wrap;&quot; lang=&quot;en&quot;&gt;&lt;span style=&quot;font-size: 15px; color: #000000; background-color: transparent; font-style: normal; font-variant: normal; vertical-align: baseline; white-space: pre-wrap;&quot; lang=&quot;en&quot;&gt;&lt;span class=&quot;hps&quot;&gt;&lt;br /&gt;&lt;/span&gt;&lt;/span&gt;&lt;/span&gt;\n&lt;p id=&quot;internal-source-marker_0.9424052616105251&quot; style=&quot;text-align: right; margin-top: 0pt; margin-bottom: 0pt;&quot; dir=&quot;rtl&quot;&gt;&lt;strong&gt;&lt;span style=&quot;text-decoration: underline;&quot;&gt;&lt;span style=&quot;font-size: 15px; font-family: tahoma,arial,helvetica,sans-serif; color: #000000; background-color: transparent; font-style: normal; font-variant: normal; vertical-align: baseline; text-decoration: underline;&quot;&gt;الخطوة الخامسة والأخيرة:&lt;/span&gt;&lt;/span&gt;&lt;/strong&gt;&lt;/p&gt;\n&lt;p style=&quot;text-align: right; margin-top: 0pt; margin-bottom: 0pt;&quot; dir=&quot;rtl&quot;&gt;&lt;span style=&quot;font-size: 15px; font-family: tahoma,arial,helvetica,sans-serif; color: #000000; background-color: transparent; font-style: normal; font-variant: normal; vertical-align: baseline;&quot;&gt;توفير معلومات الإتصال التي سيستخدمها المشتري للتواصل مع مالك المركبة.&lt;/span&gt;&lt;/p&gt;\n&lt;p style=&quot;text-align: right; margin-top: 0pt; margin-bottom: 0pt;&quot; dir=&quot;rtl&quot;&gt;&lt;span style=&quot;font-size: 15px; font-family: tahoma,arial,helvetica,sans-serif; color: #000000; background-color: transparent; font-style: normal; font-variant: normal; vertical-align: baseline;&quot;&gt;&lt;br /&gt;&lt;/span&gt;&lt;/p&gt;\n&lt;p style=&quot;text-align: right; margin-top: 0pt; margin-bottom: 0pt;&quot; dir=&quot;rtl&quot;&gt;&lt;span style=&quot;font-size: 15px; font-family: tahoma,arial,helvetica,sans-serif; color: #000000; background-color: transparent; font-style: normal; font-variant: normal; vertical-align: baseline;&quot;&gt;&lt;img style=&quot;vertical-align: middle; display: block; margin-left: auto; margin-right: auto;&quot; src=&quot;https://lh3.googleusercontent.com/-6k2HsBxR8Bc/UFdBafmmCxI/AAAAAAAAALE/srvzCGqAQbo/s512/how to add car 6th step (arabic).jpg&quot; alt=&quot;how to add car 6th step (arabic)&quot; width=&quot;512&quot; height=&quot;458&quot; /&gt;&lt;/span&gt;&lt;/p&gt;\n&lt;span style=&quot;font-size: 15px; font-family: tahoma,arial,helvetica,sans-serif; color: #000000; background-color: transparent; font-style: normal; font-variant: normal; vertical-align: baseline; white-space: pre-wrap;&quot; lang=&quot;en&quot;&gt;&lt;span style=&quot;font-size: 15px; color: #000000; background-color: transparent; font-style: normal; font-variant: normal; vertical-align: baseline; white-space: pre-wrap;&quot; lang=&quot;en&quot;&gt;&lt;span class=&quot;hps&quot;&gt;&lt;br /&gt;&lt;/span&gt;&lt;/span&gt;&lt;/span&gt;\n&lt;p id=&quot;internal-source-marker_0.9424052616105251&quot; style=&quot;text-align: right; margin-top: 0pt; margin-bottom: 0pt;&quot; dir=&quot;rtl&quot;&gt;&lt;span style=&quot;font-size: 15px; font-family: tahoma,arial,helvetica,sans-serif; color: #000000; background-color: transparent; font-style: normal; font-variant: normal; vertical-align: baseline;&quot;&gt;بعد النقر على حفظ المعلومات ستصل إلى فريق عمل موتورز سوق رسالة إلكترونية تعلمهم بأن مركبة جديدة تم إضافتها، ومن ثم سيقوم بمعاينة الإعلان للتأكد من صحة جميع المعلومات ومن ثم سيفعل الإعلان خلال فترة لن تتجاوز 24 ساعة طوال أيام الأسبوع.&lt;/span&gt;&lt;/p&gt;\n&lt;p style=&quot;text-align: right; margin-top: 0pt; margin-bottom: 0pt;&quot; dir=&quot;rtl&quot;&gt; &lt;/p&gt;\n&lt;hr /&gt;\n&lt;p style=&quot;text-align: right; margin-top: 0pt; margin-bottom: 0pt;&quot; dir=&quot;rtl&quot;&gt;&lt;span style=&quot;font-size: 15px; font-family: tahoma,arial,helvetica,sans-serif; color: #000000; background-color: transparent; font-style: normal; font-variant: normal; vertical-align: baseline;&quot;&gt;&lt;br /&gt;&lt;/span&gt;&lt;/p&gt;\n&lt;p style=&quot;text-align: right; margin-top: 0pt; margin-bottom: 0pt;&quot; dir=&quot;rtl&quot;&gt; &lt;/p&gt;\n&lt;p style=&quot;text-align: right; margin-top: 0pt; margin-bottom: 0pt;&quot; dir=&quot;rtl&quot;&gt; &lt;/p&gt;\n&lt;p style=&quot;text-align: right; margin-top: 0pt; margin-bottom: 0pt;&quot; dir=&quot;rtl&quot;&gt;&lt;span style=&quot;font-size: small; font-family: tahoma,arial,helvetica,sans-serif; color: #000000; background-color: transparent; font-style: normal; font-variant: normal; vertical-align: baseline;&quot;&gt;في الختام إن كانت لديكم أي ملاحظات على الشرح يرجى التكرم بتقديم ملاحظاتكم وذلك من خلال إستمارة التواصل حتى يتم التعديل على الشرح.&lt;/span&gt;&lt;/p&gt;\n&lt;p style=&quot;text-align: right; margin-top: 0pt; margin-bottom: 0pt;&quot; dir=&quot;rtl&quot;&gt; &lt;/p&gt;\n&lt;p style=&quot;text-align: right; margin-top: 0pt; margin-bottom: 0pt;&quot; dir=&quot;rtl&quot;&gt;&lt;span style=&quot;font-size: 15px; font-family: tahoma,arial,helvetica,sans-serif; color: #000000; background-color: transparent; font-style: normal; font-variant: normal; vertical-align: baseline;&quot;&gt;&lt;span style=&quot;font-size: small;&quot;&gt;والآن هل أنت جاهز للبدء في إضافة سيارتك في بوابة موتورز سوق الإلكترونية وعرضها على الآلاف الزوار؟&lt;a title=&quot;أضف سيارتك الآن&quot; href=&quot;http://www.motorssouq.com/index.php?module=crm&amp;amp;page=login&quot; target=&quot;_blank&quot;&gt; إضغط هنا.&lt;/a&gt;&lt;/span&gt;&lt;br /&gt;&lt;/span&gt;&lt;/p&gt;\n&lt;span id=&quot;result_box&quot; style=&quot;font-size: 15px; font-family: tahoma,arial,helvetica,sans-serif; color: #000000; background-color: transparent; font-style: normal; font-variant: normal; vertical-align: baseline; white-space: pre-wrap;&quot; lang=&quot;en&quot;&gt;&lt;span class=&quot;hps&quot;&gt;&lt;br /&gt;&lt;br /&gt;&lt;br /&gt;&lt;br /&gt;&lt;br /&gt;&lt;br /&gt;&lt;br /&gt;&lt;br /&gt;&lt;/span&gt;&lt;/span&gt;&lt;/td&gt;\n&lt;/tr&gt;\n&lt;/tbody&gt;\n&lt;/table&gt;\n&lt;p&gt;&lt;span style=&quot;font-size: small; font-family: tahoma,arial,helvetica,sans-serif;&quot;&gt;&lt;br /&gt;&lt;/span&gt;&lt;/p&gt;', 'AR', 413),
('خطوات إضافة سيارة في بوابة موتورز سوق الإلأكترونية', 'سيارات البحرين، للبيع سيارة، مطلوب سيارة، سيارات، حراج سيارات، ', 'في هذه الصفحة يتم تقديم شرح لمستخدمي بوابة موتورز سوق الإلكترونية للتعرف على كيفية إضافة سياراتهم في البوابة.', NULL, 'EN', 413),
('خطوات إضافة سيارة في بوابة موتورز سوق الإلأكترونية', 'سيارات البحرين، للبيع سيارة، مطلوب سيارة، سيارات، حراج سيارات، ', 'في هذه الصفحة يتم تقديم شرح لمستخدمي بوابة موتورز سوق الإلكترونية للتعرف على كيفية إضافة سياراتهم في البوابة.', NULL, 'DE', 413),
('خطوات إضافة سيارة في بوابة موتورز سوق الإلأكترونية', 'سيارات البحرين، للبيع سيارة، مطلوب سيارة، سيارات، حراج سيارات، ', 'في هذه الصفحة يتم تقديم شرح لمستخدمي بوابة موتورز سوق الإلكترونية للتعرف على كيفية إضافة سياراتهم في البوابة.', '&lt;p style=&quot;text-align: right;&quot; dir=&quot;rtl&quot;&gt;&lt;span style=&quot;font-size: medium;&quot;&gt;أعزائنا الزوار سنأخذكم في الخطوات التالية للتعرف على كيفية إضافة سيارة في بوابة موتورز سوق الإلكترونية وذلك لتسهيل عملية الإعلان عن سيارتك في الموقع وجميع وسائل التسويق الإلكترونية المستخدمة في البوابة:&lt;/span&gt;&lt;/p&gt;\n&lt;p style=&quot;text-align: right;&quot; dir=&quot;rtl&quot;&gt;أولاً: من خلال الصفحة الرئيسية إضغط على كلمة (اضافة مركبة مجاناً):&lt;/p&gt;\n&lt;p style=&quot;text-align: right;&quot; dir=&quot;rtl&quot;&gt;&lt;img style=&quot;vertical-align: middle;&quot; src=&quot;https://picasaweb.google.com/lh/photo/kuQ64Z8mj1POv7U9qasJMGr5F_idDi58TFLa_LfI4rc?feat=directlink&quot; alt=&quot;how to add car 1st step (arabic)&quot; /&gt;&lt;/p&gt;\n&lt;p style=&quot;text-align: right;&quot; dir=&quot;rtl&quot;&gt; &lt;/p&gt;', 'AR', 414),
('خطوات إضافة سيارة في بوابة موتورز سوق الإلأكترونية', 'سيارات البحرين، للبيع سيارة، مطلوب سيارة، سيارات، حراج سيارات، ', 'في هذه الصفحة يتم تقديم شرح لمستخدمي بوابة موتورز سوق الإلكترونية للتعرف على كيفية إضافة سياراتهم في البوابة.', '&lt;p style=&quot;text-align: right;&quot; dir=&quot;rtl&quot;&gt;&lt;span style=&quot;font-size: medium;&quot;&gt;أعزائنا الزوار سنأخذكم في الخطوات التالية للتعرف على كيفية إضافة سيارة في بوابة موتورز سوق الإلكترونية وذلك لتسهيل عملية الإعلان عن سيارتك في الموقع وجميع وسائل التسويق الإلكترونية المستخدمة في البوابة:&lt;/span&gt;&lt;/p&gt;\n&lt;p style=&quot;text-align: right;&quot; dir=&quot;rtl&quot;&gt;أولاً: من خلال الصفحة الرئيسية إضغط على كلمة (اضافة مركبة مجاناً):&lt;/p&gt;\n&lt;p style=&quot;text-align: right;&quot; dir=&quot;rtl&quot;&gt;&lt;img style=&quot;vertical-align: middle;&quot; src=&quot;https://picasaweb.google.com/lh/photo/kuQ64Z8mj1POv7U9qasJMGr5F_idDi58TFLa_LfI4rc?feat=directlink&quot; alt=&quot;how to add car 1st step (arabic)&quot; /&gt;&lt;/p&gt;\n&lt;p style=&quot;text-align: right;&quot; dir=&quot;rtl&quot;&gt; &lt;/p&gt;', 'EN', 414),
('خطوات إضافة سيارة في بوابة موتورز سوق الإلأكترونية', 'سيارات البحرين، للبيع سيارة، مطلوب سيارة، سيارات، حراج سيارات، ', 'في هذه الصفحة يتم تقديم شرح لمستخدمي بوابة موتورز سوق الإلكترونية للتعرف على كيفية إضافة سياراتهم في البوابة.', '&lt;p style=&quot;text-align: right;&quot; dir=&quot;rtl&quot;&gt;&lt;span style=&quot;font-size: medium;&quot;&gt;أعزائنا الزوار سنأخذكم في الخطوات التالية للتعرف على كيفية إضافة سيارة في بوابة موتورز سوق الإلكترونية وذلك لتسهيل عملية الإعلان عن سيارتك في الموقع وجميع وسائل التسويق الإلكترونية المستخدمة في البوابة:&lt;/span&gt;&lt;/p&gt;\n&lt;p style=&quot;text-align: right;&quot; dir=&quot;rtl&quot;&gt;أولاً: من خلال الصفحة الرئيسية إضغط على كلمة (اضافة مركبة مجاناً):&lt;/p&gt;\n&lt;p style=&quot;text-align: right;&quot; dir=&quot;rtl&quot;&gt;&lt;img style=&quot;vertical-align: middle;&quot; src=&quot;https://picasaweb.google.com/lh/photo/kuQ64Z8mj1POv7U9qasJMGr5F_idDi58TFLa_LfI4rc?feat=directlink&quot; alt=&quot;how to add car 1st step (arabic)&quot; /&gt;&lt;/p&gt;\n&lt;p style=&quot;text-align: right;&quot; dir=&quot;rtl&quot;&gt; &lt;/p&gt;', 'DE', 414);
INSERT INTO `cms_page_lang` (`title`, `keywords`, `description`, `content`, `lang`, `cms_page_id`) VALUES
('خطوات إضافة سيارة في بوابة موتورز سوق الإلكترونية', 'سيارات البحرين، للبيع سيارة، مطلوب سيارة، سيارات، حراج سيارات، ', 'في هذه الصفحة يتم تقديم شرح لمستخدمي بوابة موتورز سوق الإلكترونية للتعرف على كيفية إضافة سياراتهم في البوابة.', '&lt;p&gt; &lt;/p&gt;\n&lt;table style=&quot;margin-left: auto; margin-right: auto; width: 700px; border: 0pt solid #a9a9a9;&quot; border=&quot;0&quot; align=&quot;center&quot;&gt;\n&lt;tbody&gt;\n&lt;tr&gt;\n&lt;td style=&quot;text-align: right;&quot; dir=&quot;rtl&quot;&gt;\n&lt;p style=&quot;text-align: right;&quot; dir=&quot;rtl&quot;&gt;&lt;span style=&quot;font-size: medium; font-family: tahoma,arial,helvetica,sans-serif;&quot;&gt;&lt;br /&gt;&lt;/span&gt;&lt;/p&gt;\n&lt;p style=&quot;text-align: right;&quot; dir=&quot;rtl&quot;&gt;&lt;span style=&quot;font-size: medium; font-family: tahoma,arial,helvetica,sans-serif;&quot;&gt;أعزائنا الزوار سنأخذكم في الخطوات التالية للتعرف على كيفية إضافة سيارة في بوابة موتورز سوق الإلكترونية وذلك لتسهيل عملية الإعلان عن سيارتك في الموقع وجميع وسائل التسويق الإلكترونية المستخدمة في البوابة:&lt;/span&gt;&lt;/p&gt;\n&lt;p style=&quot;text-align: right;&quot; dir=&quot;rtl&quot;&gt;&lt;span style=&quot;font-size: medium; font-family: tahoma,arial,helvetica,sans-serif;&quot;&gt;&lt;br /&gt;&lt;/span&gt;&lt;/p&gt;\n&lt;p style=&quot;text-align: right;&quot; dir=&quot;rtl&quot;&gt;&lt;span style=&quot;font-size: medium;&quot;&gt;&lt;strong&gt;&lt;span style=&quot;font-family: tahoma,arial,helvetica,sans-serif;&quot;&gt;&lt;span style=&quot;text-decoration: underline;&quot;&gt;الخطوة الأولى: &lt;/span&gt;&lt;/span&gt;&lt;/strong&gt;&lt;span style=&quot;font-family: tahoma,arial,helvetica,sans-serif;&quot;&gt;&lt;br /&gt;&lt;/span&gt;&lt;/span&gt;&lt;/p&gt;\n&lt;p style=&quot;text-align: right;&quot; dir=&quot;rtl&quot;&gt;&lt;span style=&quot;font-size: medium; font-family: tahoma,arial,helvetica,sans-serif;&quot;&gt;من خلال الصفحة الرئيسية إضغط على كلمة (اضافة مركبة مجاناً).&lt;/span&gt;&lt;/p&gt;\n&lt;p style=&quot;text-align: right;&quot; dir=&quot;rtl&quot;&gt;&lt;span style=&quot;font-size: medium; font-family: tahoma,arial,helvetica,sans-serif;&quot;&gt;&lt;br /&gt;&lt;/span&gt;&lt;/p&gt;\n&lt;span style=&quot;font-family: tahoma,arial,helvetica,sans-serif;&quot;&gt;&lt;span id=&quot;result_box&quot; style=&quot;font-size: 15px; color: #000000; background-color: transparent; font-style: normal; font-variant: normal; vertical-align: baseline; white-space: pre-wrap;&quot; lang=&quot;en&quot;&gt;&lt;span class=&quot;hps&quot;&gt;&lt;img style=&quot;vertical-align: middle; display: block; margin-left: auto; margin-right: auto;&quot; src=&quot;https://lh5.googleusercontent.com/-bgMzKAaqL84/UFdBakw3bOI/AAAAAAAAALo/bXDy_kLBQ7k/s576/how to add car 1st step (arabic).jpg&quot; alt=&quot;how to add car 1st step (arabic)&quot; width=&quot;576&quot; height=&quot;492&quot; /&gt;&lt;br /&gt;&lt;/span&gt;&lt;/span&gt;&lt;span id=&quot;result_box&quot; style=&quot;font-size: 15px; color: #000000; background-color: transparent; font-style: normal; font-variant: normal; vertical-align: baseline; white-space: pre-wrap;&quot; lang=&quot;en&quot;&gt;&lt;span class=&quot;hps&quot;&gt;&lt;span style=&quot;font-size: medium;&quot;&gt;سيتم نقلك إلى صفحة (حسابي) لإختيار طريقة التعامل مع بوابة موتورز سوق وإختيار نوع المركبة التي ستقوم بالإعلان عنها.&lt;/span&gt;&lt;/span&gt;&lt;/span&gt;&lt;span style=&quot;font-size: 15px; color: #000000; background-color: transparent; font-style: normal; font-variant: normal; vertical-align: baseline; white-space: pre-wrap;&quot; lang=&quot;en&quot;&gt;&lt;span style=&quot;font-size: 15px; color: #000000; background-color: transparent; font-style: normal; font-variant: normal; vertical-align: baseline; white-space: pre-wrap;&quot; lang=&quot;en&quot;&gt;&lt;span class=&quot;hps&quot;&gt;&lt;br /&gt;&lt;br /&gt;&lt;/span&gt;&lt;/span&gt;&lt;/span&gt;&lt;/span&gt;&lt;hr /&gt;&lt;span style=&quot;font-size: 15px; font-family: tahoma,arial,helvetica,sans-serif; color: #000000; background-color: transparent; font-style: normal; font-variant: normal; vertical-align: baseline; white-space: pre-wrap;&quot; lang=&quot;en&quot;&gt;&lt;span style=&quot;font-size: 15px; color: #000000; background-color: transparent; font-style: normal; font-variant: normal; vertical-align: baseline; white-space: pre-wrap;&quot; lang=&quot;en&quot;&gt;&lt;span class=&quot;hps&quot;&gt;&lt;br /&gt;&lt;strong&gt;&lt;span style=&quot;text-decoration: underline;&quot;&gt;&lt;span style=&quot;font-size: medium;&quot;&gt;الخطوة الثانية:&lt;/span&gt;&lt;/span&gt;&lt;/strong&gt;&lt;br /&gt;&lt;span style=&quot;font-size: medium;&quot;&gt;من خلال صفحة (حسابي) سيتسنى لك الإختيار ما بين فتح حساب جديد او الدخول لحسابك القائم، بالإضافة إلى خيار إضافة مركبة بدون تسجيل.&lt;/span&gt;&lt;br /&gt;&lt;span style=&quot;font-size: medium;&quot;&gt;وسنختار في هذا المثال خيار إضافة سيارة بدون تسجيل.&lt;/span&gt;&lt;br /&gt;&lt;br /&gt;&lt;span style=&quot;font-size: medium;&quot;&gt;إضغط على أيقونة (اضافة سيارة):&lt;/span&gt;&lt;br /&gt;&lt;br /&gt;&lt;img style=&quot;vertical-align: middle; display: block; margin-left: auto; margin-right: auto;&quot; src=&quot;https://lh5.googleusercontent.com/-SoNg28b4yL0/UFdBasmP3qI/AAAAAAAAALY/UOuJdTRXhCo/s603/how to add car 2nd step (arabic).jpg&quot; alt=&quot;how to add car 2nd step (arabic)&quot; width=&quot;603&quot; height=&quot;494&quot; /&gt;&lt;br /&gt;&lt;span style=&quot;font-size: medium;&quot;&gt;سيتم نقلك إلى أول خطوة في إضافة سيارتك في بوابة موتورز سوق للسيارات.&lt;/span&gt;&lt;br /&gt;&lt;br /&gt;&lt;/span&gt;&lt;/span&gt;&lt;/span&gt;&lt;hr /&gt;&lt;span style=&quot;font-size: 15px; font-family: tahoma,arial,helvetica,sans-serif; color: #000000; background-color: transparent; font-style: normal; font-variant: normal; vertical-align: baseline; white-space: pre-wrap;&quot; lang=&quot;en&quot;&gt;&lt;span style=&quot;font-size: 15px; color: #000000; background-color: transparent; font-style: normal; font-variant: normal; vertical-align: baseline; white-space: pre-wrap;&quot; lang=&quot;en&quot;&gt;&lt;span class=&quot;hps&quot;&gt;&lt;br /&gt;&lt;/span&gt;&lt;/span&gt;&lt;/span&gt;\n&lt;p id=&quot;internal-source-marker_0.9424052616105251&quot; style=&quot;text-align: right; margin-top: 0pt; margin-bottom: 0pt;&quot; dir=&quot;rtl&quot;&gt;&lt;strong&gt;&lt;span style=&quot;text-decoration: underline;&quot;&gt;&lt;span style=&quot;font-size: 15px; font-family: tahoma,arial,helvetica,sans-serif; color: #000000; background-color: transparent; font-style: normal; font-variant: normal; vertical-align: baseline; text-decoration: underline;&quot;&gt;الخطوة الثالثة:&lt;/span&gt;&lt;/span&gt;&lt;/strong&gt;&lt;/p&gt;\n&lt;p style=&quot;text-align: right; margin-top: 0pt; margin-bottom: 0pt;&quot; dir=&quot;rtl&quot;&gt;&lt;span style=&quot;font-size: 15px; font-family: tahoma,arial,helvetica,sans-serif; color: #000000; background-color: transparent; font-style: normal; font-variant: normal; vertical-align: baseline;&quot;&gt; أكتب المعلومات العامة عن سيارتك والتي ستظهر للزائر المهتم في شراء سيارتك.&lt;/span&gt;&lt;/p&gt;\n&lt;p style=&quot;text-align: right; margin-top: 0pt; margin-bottom: 0pt;&quot; dir=&quot;rtl&quot;&gt;&lt;span style=&quot;font-size: 15px; font-family: tahoma,arial,helvetica,sans-serif; color: #000000; background-color: transparent; font-style: normal; font-variant: normal; vertical-align: baseline;&quot;&gt;&lt;br /&gt;&lt;/span&gt;&lt;/p&gt;\n&lt;p style=&quot;text-align: right; margin-top: 0pt; margin-bottom: 0pt;&quot; dir=&quot;rtl&quot;&gt;&lt;span style=&quot;font-size: 15px; font-family: tahoma,arial,helvetica,sans-serif; color: #000000; background-color: transparent; font-style: normal; font-variant: normal; vertical-align: baseline;&quot;&gt;&lt;img style=&quot;vertical-align: middle; display: block; margin-left: auto; margin-right: auto;&quot; src=&quot;https://lh4.googleusercontent.com/-H_PWbY5zAW0/UFdBaQBrTkI/AAAAAAAAALQ/d8XexR77LIA/s512/how to add car 3rd step (arabic).jpg&quot; alt=&quot;how to add car 3rd step (arabic)&quot; width=&quot;512&quot; height=&quot;478&quot; /&gt;&lt;/span&gt;&lt;/p&gt;\n&lt;p style=&quot;text-align: right; margin-top: 0pt; margin-bottom: 0pt;&quot; dir=&quot;rtl&quot;&gt; &lt;/p&gt;\n&lt;br /&gt;\n&lt;p style=&quot;text-align: right; margin-top: 0pt; margin-bottom: 0pt;&quot; dir=&quot;rtl&quot;&gt;&lt;span style=&quot;font-size: 15px; font-family: tahoma,arial,helvetica,sans-serif; color: #000000; background-color: transparent; font-style: normal; font-variant: normal; vertical-align: baseline;&quot;&gt;ملاحظة: كلما زودت الصفحة بمعلومات وافرة عن سياراتك زدت فرصه بيعها بشكل أسرع.&lt;/span&gt;&lt;/p&gt;\n&lt;span style=&quot;font-size: 15px; font-family: tahoma,arial,helvetica,sans-serif; color: #000000; background-color: transparent; font-style: normal; font-variant: normal; vertical-align: baseline; white-space: pre-wrap;&quot; lang=&quot;en&quot;&gt;&lt;span style=&quot;font-size: 15px; color: #000000; background-color: transparent; font-style: normal; font-variant: normal; vertical-align: baseline; white-space: pre-wrap;&quot; lang=&quot;en&quot;&gt;&lt;span class=&quot;hps&quot;&gt;&lt;br /&gt;&lt;/span&gt;&lt;/span&gt;&lt;/span&gt;\n&lt;p style=&quot;text-align: right; margin-top: 0pt; margin-bottom: 0pt;&quot; dir=&quot;rtl&quot;&gt;&lt;span style=&quot;font-size: 15px; font-family: tahoma,arial,helvetica,sans-serif; color: #000000; background-color: transparent; font-style: normal; font-variant: normal; vertical-align: baseline;&quot;&gt;بعد ملئ المعلومات عن السيارة إضغط على (احفظ ثم واصل)، سيتم نقلك إلى مرحلة رفع صور السيارة.&lt;/span&gt;&lt;/p&gt;\n&lt;span style=&quot;font-size: 15px; font-family: tahoma,arial,helvetica,sans-serif; color: #000000; background-color: transparent; font-style: normal; font-variant: normal; vertical-align: baseline; white-space: pre-wrap;&quot; lang=&quot;en&quot;&gt;&lt;span style=&quot;font-size: 15px; color: #000000; background-color: transparent; font-style: normal; font-variant: normal; vertical-align: baseline; white-space: pre-wrap;&quot; lang=&quot;en&quot;&gt;&lt;span class=&quot;hps&quot;&gt;&lt;br /&gt;&lt;/span&gt;&lt;/span&gt;&lt;/span&gt;&lt;hr /&gt;&lt;span style=&quot;font-size: 15px; font-family: tahoma,arial,helvetica,sans-serif; color: #000000; background-color: transparent; font-style: normal; font-variant: normal; vertical-align: baseline; white-space: pre-wrap;&quot; lang=&quot;en&quot;&gt;&lt;span style=&quot;font-size: 15px; color: #000000; background-color: transparent; font-style: normal; font-variant: normal; vertical-align: baseline; white-space: pre-wrap;&quot; lang=&quot;en&quot;&gt;&lt;span class=&quot;hps&quot;&gt;&lt;br /&gt;&lt;/span&gt;&lt;/span&gt;&lt;/span&gt;\n&lt;p id=&quot;internal-source-marker_0.9424052616105251&quot; style=&quot;text-align: right; margin-top: 0pt; margin-bottom: 0pt;&quot; dir=&quot;rtl&quot;&gt;&lt;strong&gt;&lt;span style=&quot;text-decoration: underline;&quot;&gt;&lt;span style=&quot;font-size: 15px; font-family: tahoma,arial,helvetica,sans-serif; color: #000000; background-color: transparent; font-style: normal; font-variant: normal; vertical-align: baseline; text-decoration: underline;&quot;&gt;الخطوة الرابعة:&lt;/span&gt;&lt;/span&gt;&lt;/strong&gt;&lt;/p&gt;\n&lt;p style=&quot;text-align: right; margin-top: 0pt; margin-bottom: 0pt;&quot; dir=&quot;rtl&quot;&gt;&lt;span style=&quot;font-size: 15px; font-family: tahoma,arial,helvetica,sans-serif; color: #000000; background-color: transparent; font-style: normal; font-variant: normal; vertical-align: baseline;&quot;&gt;أرفع صور سيارتك، ويمكنك أن ترفع حتى 12 صورة لكل سيارة.&lt;/span&gt;&lt;/p&gt;\n&lt;p style=&quot;text-align: right; margin-top: 0pt; margin-bottom: 0pt;&quot; dir=&quot;rtl&quot;&gt;&lt;span style=&quot;font-size: 15px; font-family: tahoma,arial,helvetica,sans-serif; color: #000000; background-color: transparent; font-style: normal; font-variant: normal; vertical-align: baseline;&quot;&gt;&lt;br /&gt;&lt;/span&gt;&lt;/p&gt;\n&lt;p style=&quot;text-align: right; margin-top: 0pt; margin-bottom: 0pt;&quot; dir=&quot;rtl&quot;&gt;&lt;span style=&quot;font-size: 15px; font-family: tahoma,arial,helvetica,sans-serif; color: #000000; background-color: transparent; font-style: normal; font-variant: normal; vertical-align: baseline;&quot;&gt;&lt;img style=&quot;vertical-align: middle; display: block; margin-left: auto; margin-right: auto;&quot; src=&quot;https://lh5.googleusercontent.com/-lHDbz01WFv8/UFdBazNyBYI/AAAAAAAAALM/e_v4LGPmH4Q/s553/how to add car 4th step (arabic).jpg&quot; alt=&quot;how to add car 4th step (arabic)&quot; width=&quot;553&quot; height=&quot;292&quot; /&gt;&lt;/span&gt;&lt;/p&gt;\n&lt;span style=&quot;font-size: 15px; font-family: tahoma,arial,helvetica,sans-serif; color: #000000; background-color: transparent; font-style: normal; font-variant: normal; vertical-align: baseline; white-space: pre-wrap;&quot; lang=&quot;en&quot;&gt;&lt;span style=&quot;font-size: 15px; color: #000000; background-color: transparent; font-style: normal; font-variant: normal; vertical-align: baseline; white-space: pre-wrap;&quot; lang=&quot;en&quot;&gt;&lt;span class=&quot;hps&quot;&gt;&lt;br /&gt;&lt;/span&gt;&lt;/span&gt;&lt;/span&gt;\n&lt;p id=&quot;internal-source-marker_0.9424052616105251&quot; style=&quot;text-align: right; margin-top: 0pt; margin-bottom: 0pt;&quot; dir=&quot;rtl&quot;&gt;&lt;span style=&quot;font-size: 15px; font-family: tahoma,arial,helvetica,sans-serif; color: #000000; background-color: transparent; font-style: normal; font-variant: normal; vertical-align: baseline;&quot;&gt;ملاحظة هامة: بعد إختيار صور السيارة، يرجى الإنتظار قليلاً حتى يقوم الموقع برفع الصور&lt;/span&gt;&lt;/p&gt;\n&lt;span style=&quot;font-size: 15px; font-family: tahoma,arial,helvetica,sans-serif; color: #000000; background-color: transparent; font-style: normal; font-variant: normal; vertical-align: baseline; white-space: pre-wrap;&quot; lang=&quot;en&quot;&gt;&lt;span style=&quot;font-size: 15px; color: #000000; background-color: transparent; font-style: normal; font-variant: normal; vertical-align: baseline; white-space: pre-wrap;&quot; lang=&quot;en&quot;&gt;&lt;span class=&quot;hps&quot;&gt;&lt;br /&gt;&lt;/span&gt;&lt;/span&gt;&lt;/span&gt;\n&lt;p style=&quot;text-align: right; margin-top: 0pt; margin-bottom: 0pt;&quot; dir=&quot;rtl&quot;&gt;&lt;span style=&quot;font-size: 15px; font-family: tahoma,arial,helvetica,sans-serif; color: #000000; background-color: transparent; font-style: normal; font-variant: normal; vertical-align: baseline;&quot;&gt;ستظهر لك صور السيارة بالشكل التالي:&lt;/span&gt;&lt;/p&gt;\n&lt;p style=&quot;text-align: right; margin-top: 0pt; margin-bottom: 0pt;&quot; dir=&quot;rtl&quot;&gt;&lt;span style=&quot;font-size: 15px; font-family: tahoma,arial,helvetica,sans-serif; color: #000000; background-color: transparent; font-style: normal; font-variant: normal; vertical-align: baseline;&quot;&gt;&lt;br /&gt;&lt;/span&gt;&lt;/p&gt;\n&lt;p style=&quot;text-align: right; margin-top: 0pt; margin-bottom: 0pt;&quot; dir=&quot;rtl&quot;&gt;&lt;span style=&quot;font-family: tahoma,arial,helvetica,sans-serif;&quot;&gt;&lt;img style=&quot;vertical-align: middle; display: block; margin-left: auto; margin-right: auto;&quot; src=&quot;https://lh3.googleusercontent.com/-Sc5l8-HyD6s/UFdBapd1hXI/AAAAAAAAALI/sNv1cut2hzI/s512/how to add car 5th step (arabic).jpg&quot; alt=&quot;how to add car 5th step (arabic)&quot; width=&quot;512&quot; height=&quot;503&quot; /&gt;&lt;/span&gt;&lt;/p&gt;\n&lt;p style=&quot;text-align: right; margin-top: 0pt; margin-bottom: 0pt;&quot; dir=&quot;rtl&quot;&gt;&lt;span style=&quot;font-size: 15px; font-family: tahoma,arial,helvetica,sans-serif; color: #000000; background-color: transparent; font-style: normal; font-variant: normal; vertical-align: baseline;&quot;&gt;&lt;br /&gt;&lt;/span&gt;&lt;/p&gt;\n&lt;hr /&gt;&lt;span style=&quot;font-size: 15px; font-family: tahoma,arial,helvetica,sans-serif; color: #000000; background-color: transparent; font-style: normal; font-variant: normal; vertical-align: baseline; white-space: pre-wrap;&quot; lang=&quot;en&quot;&gt;&lt;span style=&quot;font-size: 15px; color: #000000; background-color: transparent; font-style: normal; font-variant: normal; vertical-align: baseline; white-space: pre-wrap;&quot; lang=&quot;en&quot;&gt;&lt;span class=&quot;hps&quot;&gt;&lt;br /&gt;&lt;/span&gt;&lt;/span&gt;&lt;/span&gt;\n&lt;p id=&quot;internal-source-marker_0.9424052616105251&quot; style=&quot;text-align: right; margin-top: 0pt; margin-bottom: 0pt;&quot; dir=&quot;rtl&quot;&gt;&lt;strong&gt;&lt;span style=&quot;text-decoration: underline;&quot;&gt;&lt;span style=&quot;font-size: 15px; font-family: tahoma,arial,helvetica,sans-serif; color: #000000; background-color: transparent; font-style: normal; font-variant: normal; vertical-align: baseline; text-decoration: underline;&quot;&gt;الخطوة الخامسة والأخيرة:&lt;/span&gt;&lt;/span&gt;&lt;/strong&gt;&lt;/p&gt;\n&lt;p style=&quot;text-align: right; margin-top: 0pt; margin-bottom: 0pt;&quot; dir=&quot;rtl&quot;&gt;&lt;span style=&quot;font-size: 15px; font-family: tahoma,arial,helvetica,sans-serif; color: #000000; background-color: transparent; font-style: normal; font-variant: normal; vertical-align: baseline;&quot;&gt;توفير معلومات الإتصال التي سيستخدمها المشتري للتواصل مع مالك المركبة.&lt;/span&gt;&lt;/p&gt;\n&lt;p style=&quot;text-align: right; margin-top: 0pt; margin-bottom: 0pt;&quot; dir=&quot;rtl&quot;&gt;&lt;span style=&quot;font-size: 15px; font-family: tahoma,arial,helvetica,sans-serif; color: #000000; background-color: transparent; font-style: normal; font-variant: normal; vertical-align: baseline;&quot;&gt;&lt;br /&gt;&lt;/span&gt;&lt;/p&gt;\n&lt;p style=&quot;text-align: right; margin-top: 0pt; margin-bottom: 0pt;&quot; dir=&quot;rtl&quot;&gt;&lt;span style=&quot;font-size: 15px; font-family: tahoma,arial,helvetica,sans-serif; color: #000000; background-color: transparent; font-style: normal; font-variant: normal; vertical-align: baseline;&quot;&gt;&lt;img style=&quot;vertical-align: middle; display: block; margin-left: auto; margin-right: auto;&quot; src=&quot;https://lh3.googleusercontent.com/-6k2HsBxR8Bc/UFdBafmmCxI/AAAAAAAAALE/srvzCGqAQbo/s512/how to add car 6th step (arabic).jpg&quot; alt=&quot;how to add car 6th step (arabic)&quot; width=&quot;512&quot; height=&quot;458&quot; /&gt;&lt;/span&gt;&lt;/p&gt;\n&lt;span style=&quot;font-size: 15px; font-family: tahoma,arial,helvetica,sans-serif; color: #000000; background-color: transparent; font-style: normal; font-variant: normal; vertical-align: baseline; white-space: pre-wrap;&quot; lang=&quot;en&quot;&gt;&lt;span style=&quot;font-size: 15px; color: #000000; background-color: transparent; font-style: normal; font-variant: normal; vertical-align: baseline; white-space: pre-wrap;&quot; lang=&quot;en&quot;&gt;&lt;span class=&quot;hps&quot;&gt;&lt;br /&gt;&lt;/span&gt;&lt;/span&gt;&lt;/span&gt;\n&lt;p id=&quot;internal-source-marker_0.9424052616105251&quot; style=&quot;text-align: right; margin-top: 0pt; margin-bottom: 0pt;&quot; dir=&quot;rtl&quot;&gt;&lt;span style=&quot;font-size: 15px; font-family: tahoma,arial,helvetica,sans-serif; color: #000000; background-color: transparent; font-style: normal; font-variant: normal; vertical-align: baseline;&quot;&gt;بعد النقر على حفظ المعلومات ستصل إلى فريق عمل موتورز سوق رسالة إلكترونية تعلمهم بأن مركبة جديدة تم إضافتها، ومن ثم سيقوم بمعاينة الإعلان للتأكد من صحة جميع المعلومات ومن ثم سيفعل الإعلان خلال فترة لن تتجاوز 24 ساعة طوال أيام الأسبوع.&lt;/span&gt;&lt;/p&gt;\n&lt;p style=&quot;text-align: right; margin-top: 0pt; margin-bottom: 0pt;&quot; dir=&quot;rtl&quot;&gt; &lt;/p&gt;\n&lt;hr /&gt;\n&lt;p style=&quot;text-align: right; margin-top: 0pt; margin-bottom: 0pt;&quot; dir=&quot;rtl&quot;&gt;&lt;span style=&quot;font-size: 15px; font-family: tahoma,arial,helvetica,sans-serif; color: #000000; background-color: transparent; font-style: normal; font-variant: normal; vertical-align: baseline;&quot;&gt;&lt;br /&gt;&lt;/span&gt;&lt;/p&gt;\n&lt;p style=&quot;text-align: right; margin-top: 0pt; margin-bottom: 0pt;&quot; dir=&quot;rtl&quot;&gt; &lt;/p&gt;\n&lt;p style=&quot;text-align: right; margin-top: 0pt; margin-bottom: 0pt;&quot; dir=&quot;rtl&quot;&gt; &lt;/p&gt;\n&lt;p style=&quot;text-align: right; margin-top: 0pt; margin-bottom: 0pt;&quot; dir=&quot;rtl&quot;&gt;&lt;span style=&quot;font-size: small; font-family: tahoma,arial,helvetica,sans-serif; color: #000000; background-color: transparent; font-style: normal; font-variant: normal; vertical-align: baseline;&quot;&gt;في الختام إن كانت لديكم أي ملاحظات على الشرح يرجى التكرم بتقديم ملاحظاتكم وذلك من خلال إستمارة التواصل حتى يتم التعديل على الشرح.&lt;/span&gt;&lt;/p&gt;\n&lt;p style=&quot;text-align: right; margin-top: 0pt; margin-bottom: 0pt;&quot; dir=&quot;rtl&quot;&gt; &lt;/p&gt;\n&lt;p style=&quot;text-align: right; margin-top: 0pt; margin-bottom: 0pt;&quot; dir=&quot;rtl&quot;&gt;&lt;span style=&quot;font-size: 15px; font-family: tahoma,arial,helvetica,sans-serif; color: #000000; background-color: transparent; font-style: normal; font-variant: normal; vertical-align: baseline;&quot;&gt;&lt;span style=&quot;font-size: small;&quot;&gt;والآن هل أنت جاهز للبدء في إضافة سيارتك في بوابة موتورز سوق الإلكترونية وعرضها على الآلاف الزوار؟&lt;a title=&quot;أضف سيارتك الآن&quot; href=&quot;http://www.motorssouq.com/index.php?module=crm&amp;amp;page=login&quot; target=&quot;_blank&quot;&gt; إضغط هنا.&lt;/a&gt;&lt;/span&gt;&lt;br /&gt;&lt;/span&gt;&lt;/p&gt;\n&lt;span id=&quot;result_box&quot; style=&quot;font-size: 15px; font-family: tahoma,arial,helvetica,sans-serif; color: #000000; background-color: transparent; font-style: normal; font-variant: normal; vertical-align: baseline; white-space: pre-wrap;&quot; lang=&quot;en&quot;&gt;&lt;span class=&quot;hps&quot;&gt;&lt;br /&gt;&lt;br /&gt;&lt;br /&gt;&lt;br /&gt;&lt;br /&gt;&lt;br /&gt;&lt;br /&gt;&lt;br /&gt;&lt;/span&gt;&lt;/span&gt;&lt;/td&gt;\n&lt;/tr&gt;\n&lt;/tbody&gt;\n&lt;/table&gt;\n&lt;p&gt;&lt;span style=&quot;font-size: small; font-family: tahoma,arial,helvetica,sans-serif;&quot;&gt;&lt;br /&gt;&lt;/span&gt;&lt;/p&gt;', 'AR', 415),
('learn how to add your car in Motors Souq', 'Bahrain cars, car for sale, car wanted, cars, Bahrain auto market', 'in this page we will provide an explaination to Motors Souq user on how to add thier Motors in the portal.', '&lt;p style=&quot;text-align: center;&quot;&gt; &lt;/p&gt;\n&lt;table style=&quot;margin-left: auto; margin-right: auto; width: 700px; border: 0pt solid #a9a9a9;&quot; border=&quot;0&quot; align=&quot;center&quot;&gt;\n&lt;tbody&gt;\n&lt;tr&gt;\n&lt;td style=&quot;text-align: left;&quot; dir=&quot;ltr&quot;&gt;\n&lt;p style=&quot;text-align: left;&quot; dir=&quot;rtl&quot;&gt; &lt;/p&gt;\n&lt;p style=&quot;text-align: left;&quot;&gt;&lt;span style=&quot;font-size: medium; font-family: tahoma,arial,helvetica,sans-serif;&quot;&gt;Dear visitors,&lt;/span&gt;&lt;/p&gt;\n&lt;p style=&quot;text-align: left;&quot;&gt;&lt;span style=&quot;font-size: medium; font-family: tahoma,arial,helvetica,sans-serif;&quot;&gt;we are going to illustrate for you the steps of adding a car in Motorssouq portal which would ease for you to advertise your car online and by using all social media channels (twitter, BlackBerry, Facebook and Google+).&lt;br /&gt;&lt;/span&gt;&lt;/p&gt;\n&lt;p style=&quot;text-align: left;&quot; dir=&quot;rtl&quot;&gt;&lt;span style=&quot;font-size: medium; font-family: tahoma,arial,helvetica,sans-serif;&quot;&gt;&lt;br /&gt;&lt;/span&gt;&lt;/p&gt;\n&lt;p style=&quot;text-align: left;&quot; dir=&quot;ltr&quot;&gt;&lt;span style=&quot;text-decoration: underline;&quot;&gt;&lt;strong&gt;&lt;span style=&quot;font-size: medium;&quot;&gt;step&lt;/span&gt;&lt;/strong&gt; &lt;span style=&quot;font-size: medium;&quot;&gt;&lt;strong&gt;1:&lt;/strong&gt;&lt;/span&gt;&lt;/span&gt;&lt;span style=&quot;font-size: medium;&quot;&gt;&lt;span style=&quot;font-family: tahoma,arial,helvetica,sans-serif;&quot;&gt;&lt;br /&gt;&lt;/span&gt;&lt;/span&gt;&lt;/p&gt;\n&lt;p style=&quot;text-align: left;&quot; dir=&quot;ltr&quot;&gt;&lt;span id=&quot;internal-source-marker_0.37451382000511413&quot; style=&quot;font-size: 16px; font-family: Arial; color: #000000; background-color: #ffffff; font-weight: normal; font-style: normal; font-variant: normal; text-decoration: none; vertical-align: baseline;&quot;&gt;From the Home page click on (Add your motor now) green top left button&lt;/span&gt;&lt;/p&gt;\n&lt;p style=&quot;text-align: right;&quot; dir=&quot;rtl&quot;&gt;&lt;span style=&quot;font-size: medium; font-family: tahoma,arial,helvetica,sans-serif;&quot;&gt;&lt;br /&gt;&lt;/span&gt;&lt;/p&gt;\n&lt;span style=&quot;font-family: tahoma,arial,helvetica,sans-serif;&quot;&gt;&lt;span style=&quot;font-family: tahoma,arial,helvetica,sans-serif;&quot;&gt;&lt;span id=&quot;result_box&quot; style=&quot;font-size: 15px; color: #000000; background-color: transparent; font-style: normal; font-variant: normal; vertical-align: baseline; white-space: pre-wrap;&quot; lang=&quot;en&quot;&gt;&lt;span class=&quot;hps&quot;&gt;&lt;img style=&quot;display: block; margin-left: auto; margin-right: auto;&quot; src=&quot;https://lh5.googleusercontent.com/-qocp7JeaieM/UFoL4y1NZwI/AAAAAAAABPk/4no1spCZZGM/s600/how+to+add+car+1st+step+(english).jpg&quot; alt=&quot;how to add car 1st step (english)&quot; width=&quot;600&quot; height=&quot;514&quot; /&gt;&lt;/span&gt;&lt;/span&gt;&lt;/span&gt;&lt;/span&gt;\n&lt;p&gt;&lt;span style=&quot;font-size: medium;&quot;&gt;You will be navigated to (My Account) page to choose the method you prefer when dealing with  Motorssouq portal as well as choosing the motor type that you want to publish in the media.&lt;/span&gt;&lt;/p&gt;\n&lt;span style=&quot;font-family: tahoma,arial,helvetica,sans-serif;&quot;&gt;&lt;span style=&quot;font-size: 15px; color: #000000; background-color: transparent; font-style: normal; font-variant: normal; vertical-align: baseline; white-space: pre-wrap;&quot; lang=&quot;en&quot;&gt;&lt;span style=&quot;font-size: 15px; color: #000000; background-color: transparent; font-style: normal; font-variant: normal; vertical-align: baseline; white-space: pre-wrap;&quot; lang=&quot;en&quot;&gt;&lt;span class=&quot;hps&quot;&gt;&lt;br /&gt;&lt;/span&gt;&lt;/span&gt;&lt;/span&gt;&lt;/span&gt;&lt;hr /&gt;&lt;span style=&quot;font-size: 15px; font-family: tahoma,arial,helvetica,sans-serif; color: #000000; background-color: transparent; font-style: normal; font-variant: normal; vertical-align: baseline; white-space: pre-wrap;&quot; lang=&quot;en&quot;&gt;&lt;span style=&quot;font-size: 15px; font-family: tahoma,arial,helvetica,sans-serif; color: #000000; background-color: transparent; font-style: normal; font-variant: normal; vertical-align: baseline; white-space: pre-wrap;&quot; lang=&quot;en&quot;&gt;&lt;span style=&quot;font-size: 15px; color: #000000; background-color: transparent; font-style: normal; font-variant: normal; vertical-align: baseline; white-space: pre-wrap;&quot; lang=&quot;en&quot;&gt;&lt;span class=&quot;hps&quot;&gt;&lt;br /&gt;&lt;span style=&quot;text-decoration: underline;&quot;&gt;&lt;strong&gt;Step 2:&lt;/strong&gt;&lt;/span&gt;&lt;br /&gt;&lt;/span&gt;&lt;/span&gt;&lt;/span&gt;&lt;/span&gt;\n&lt;p&gt;&lt;span style=&quot;font-size: medium; font-family: tahoma,arial,helvetica,sans-serif;&quot;&gt;From (My Account) page you will have to choose between opening a new account or using your current account. Additionally, you have the choice of adding a car without going through the registration procedures.&lt;/span&gt;&lt;/p&gt;\n&lt;p&gt;&lt;span style=&quot;font-size: medium; font-family: tahoma,arial,helvetica,sans-serif;&quot;&gt;We are going to take adding the car without registering in Motors Souq as an example&lt;/span&gt;&lt;/p&gt;\n&lt;span style=&quot;font-size: 15px; font-family: tahoma,arial,helvetica,sans-serif; color: #000000; background-color: transparent; font-style: normal; font-variant: normal; vertical-align: baseline; white-space: pre-wrap;&quot; lang=&quot;en&quot;&gt;&lt;span style=&quot;font-size: 15px; font-family: tahoma,arial,helvetica,sans-serif; color: #000000; background-color: transparent; font-style: normal; font-variant: normal; vertical-align: baseline; white-space: pre-wrap;&quot; lang=&quot;en&quot;&gt;&lt;span style=&quot;font-size: 15px; color: #000000; background-color: transparent; font-style: normal; font-variant: normal; vertical-align: baseline; white-space: pre-wrap;&quot; lang=&quot;en&quot;&gt;&lt;span class=&quot;hps&quot;&gt;&lt;br /&gt;&lt;br /&gt;&lt;/span&gt;&lt;/span&gt;&lt;/span&gt;&lt;/span&gt;\n&lt;p&gt;&lt;span style=&quot;font-size: medium; font-family: tahoma,arial,helvetica,sans-serif;&quot;&gt;Click on (insert car) icon:&lt;/span&gt;&lt;/p&gt;\n&lt;span style=&quot;font-size: 15px; font-family: tahoma,arial,helvetica,sans-serif; color: #000000; background-color: transparent; font-style: normal; font-variant: normal; vertical-align: baseline; white-space: pre-wrap;&quot; lang=&quot;en&quot;&gt;&lt;span style=&quot;font-size: 15px; font-family: tahoma,arial,helvetica,sans-serif; color: #000000; background-color: transparent; font-style: normal; font-variant: normal; vertical-align: baseline; white-space: pre-wrap;&quot; lang=&quot;en&quot;&gt;&lt;span style=&quot;font-size: 15px; color: #000000; background-color: transparent; font-style: normal; font-variant: normal; vertical-align: baseline; white-space: pre-wrap;&quot; lang=&quot;en&quot;&gt;&lt;span class=&quot;hps&quot;&gt;&lt;br /&gt;&lt;br /&gt;&lt;img style=&quot;display: block; margin-left: auto; margin-right: auto;&quot; src=&quot;https://lh5.googleusercontent.com/-1mgI7WVQNvo/UFoMZh0MQeI/AAAAAAAABPs/yDjV16olKKM/s558/how+to+add+car+2nd+step+(english).jpg&quot; alt=&quot;how to add car 2nd step (english)&quot; width=&quot;558&quot; height=&quot;436&quot; /&gt;&lt;br /&gt;&lt;/span&gt;&lt;/span&gt;&lt;/span&gt;&lt;/span&gt;\n&lt;p&gt;&lt;span style=&quot;font-size: medium; font-family: tahoma,arial,helvetica,sans-serif;&quot;&gt;Then you will be navigated to the first step of adding your car in the Motors Souq portal&lt;/span&gt;&lt;/p&gt;\n&lt;span style=&quot;font-size: 15px; font-family: tahoma,arial,helvetica,sans-serif; color: #000000; background-color: transparent; font-style: normal; font-variant: normal; vertical-align: baseline; white-space: pre-wrap;&quot; lang=&quot;en&quot;&gt;&lt;span style=&quot;font-size: 15px; color: #000000; background-color: transparent; font-style: normal; font-variant: normal; vertical-align: baseline; white-space: pre-wrap;&quot; lang=&quot;en&quot;&gt;&lt;span class=&quot;hps&quot;&gt;&lt;br /&gt;&lt;/span&gt;&lt;/span&gt;&lt;/span&gt;&lt;hr /&gt;&lt;span style=&quot;font-size: 15px; font-family: tahoma,arial,helvetica,sans-serif; color: #000000; background-color: transparent; font-style: normal; font-variant: normal; vertical-align: baseline; white-space: pre-wrap;&quot; lang=&quot;en&quot;&gt;&lt;span style=&quot;font-size: 15px; color: #000000; background-color: transparent; font-style: normal; font-variant: normal; vertical-align: baseline; white-space: pre-wrap;&quot; lang=&quot;en&quot;&gt;&lt;span class=&quot;hps&quot;&gt;&lt;br /&gt;&lt;/span&gt;&lt;/span&gt;&lt;/span&gt;\n&lt;p id=&quot;internal-source-marker_0.9424052616105251&quot; style=&quot;margin-top: 0pt; margin-bottom: 0pt;&quot; dir=&quot;ltr&quot;&gt;&lt;span style=&quot;text-decoration: underline; font-size: medium; font-family: tahoma,arial,helvetica,sans-serif;&quot;&gt;&lt;strong&gt;Step 3:&lt;/strong&gt; &lt;/span&gt;&lt;/p&gt;\n&lt;p style=&quot;margin-top: 0pt; margin-bottom: 0pt;&quot; dir=&quot;ltr&quot;&gt;&lt;span style=&quot;font-size: medium; font-family: tahoma,arial,helvetica,sans-serif;&quot;&gt;Write down all your car information which would be displayed for the interested Buyers&lt;/span&gt;&lt;/p&gt;\n&lt;p style=&quot;text-align: right; margin-top: 0pt; margin-bottom: 0pt;&quot; dir=&quot;rtl&quot;&gt;&lt;span style=&quot;font-size: 15px; font-family: tahoma,arial,helvetica,sans-serif; color: #000000; background-color: transparent; font-style: normal; font-variant: normal; vertical-align: baseline;&quot;&gt;&lt;br /&gt;&lt;/span&gt;&lt;/p&gt;\n&lt;p style=&quot;text-align: right; margin-top: 0pt; margin-bottom: 0pt;&quot; dir=&quot;rtl&quot;&gt;&lt;span style=&quot;font-size: 15px; font-family: tahoma,arial,helvetica,sans-serif; color: #000000; background-color: transparent; font-style: normal; font-variant: normal; vertical-align: baseline;&quot;&gt;&lt;img style=&quot;display: block; margin-left: auto; margin-right: auto;&quot; src=&quot;https://lh4.googleusercontent.com/-nbSqXmCiom4/UFoN6Vxq2yI/AAAAAAAABP0/B-vH_M5JeVc/s514/how+to+add+car+3rd+step+(english).jpg&quot; alt=&quot;how to add car 3rd step (english)&quot; width=&quot;514&quot; height=&quot;514&quot; /&gt;&lt;/span&gt;&lt;/p&gt;\n&lt;p style=&quot;text-align: right; margin-top: 0pt; margin-bottom: 0pt;&quot; dir=&quot;rtl&quot;&gt; &lt;/p&gt;\n&lt;br /&gt;\n&lt;p style=&quot;margin-top: 0pt; margin-bottom: 0pt;&quot; dir=&quot;ltr&quot;&gt;&lt;span style=&quot;font-size: medium; font-family: tahoma,arial,helvetica,sans-serif;&quot;&gt;Note: The more you describe your car and provide information, the more you increase the chances of selling you car faster.&lt;/span&gt;&lt;/p&gt;\n&lt;span style=&quot;font-size: 15px; font-family: tahoma,arial,helvetica,sans-serif; color: #000000; background-color: transparent; font-style: normal; font-variant: normal; vertical-align: baseline; white-space: pre-wrap;&quot; lang=&quot;en&quot;&gt;&lt;span style=&quot;font-size: 15px; color: #000000; background-color: transparent; font-style: normal; font-variant: normal; vertical-align: baseline; white-space: pre-wrap;&quot; lang=&quot;en&quot;&gt;&lt;span class=&quot;hps&quot;&gt;&lt;br /&gt;&lt;/span&gt;&lt;/span&gt;&lt;/span&gt;\n&lt;p&gt;&lt;span style=&quot;font-size: medium; font-family: tahoma,arial,helvetica,sans-serif;&quot;&gt;After adding the information of your car click on (save and continue), you will be navigated to the stage of uploading the car pictures.&lt;/span&gt;&lt;/p&gt;\n&lt;span style=&quot;font-size: 15px; font-family: tahoma,arial,helvetica,sans-serif; color: #000000; background-color: transparent; font-style: normal; font-variant: normal; vertical-align: baseline; white-space: pre-wrap;&quot; lang=&quot;en&quot;&gt;&lt;span style=&quot;font-size: 15px; color: #000000; background-color: transparent; font-style: normal; font-variant: normal; vertical-align: baseline; white-space: pre-wrap;&quot; lang=&quot;en&quot;&gt;&lt;span class=&quot;hps&quot;&gt;&lt;br /&gt;&lt;/span&gt;&lt;/span&gt;&lt;/span&gt;&lt;hr /&gt;&lt;span style=&quot;font-size: 15px; font-family: tahoma,arial,helvetica,sans-serif; color: #000000; background-color: transparent; font-style: normal; font-variant: normal; vertical-align: baseline; white-space: pre-wrap;&quot; lang=&quot;en&quot;&gt;&lt;span style=&quot;font-size: 15px; color: #000000; background-color: transparent; font-style: normal; font-variant: normal; vertical-align: baseline; white-space: pre-wrap;&quot; lang=&quot;en&quot;&gt;&lt;span class=&quot;hps&quot;&gt;&lt;br /&gt;&lt;/span&gt;&lt;/span&gt;&lt;/span&gt;\n&lt;p id=&quot;internal-source-marker_0.9424052616105251&quot; style=&quot;margin-top: 0pt; margin-bottom: 0pt;&quot; dir=&quot;ltr&quot;&gt;&lt;span style=&quot;text-decoration: underline; font-size: medium;&quot;&gt;&lt;strong&gt;step 4:&lt;/strong&gt;&lt;/span&gt;&lt;/p&gt;\n&lt;p&gt;&lt;span style=&quot;font-size: medium; font-family: tahoma,arial,helvetica,sans-serif;&quot;&gt;Upload your car pictures; you can even upload pictures up to12 pictures each.&lt;/span&gt;&lt;/p&gt;\n&lt;p style=&quot;text-align: right; margin-top: 0pt; margin-bottom: 0pt;&quot; dir=&quot;rtl&quot;&gt;&lt;span style=&quot;font-size: 15px; font-family: tahoma,arial,helvetica,sans-serif; color: #000000; background-color: transparent; font-style: normal; font-variant: normal; vertical-align: baseline;&quot;&gt;&lt;br /&gt;&lt;/span&gt;&lt;/p&gt;\n&lt;p style=&quot;text-align: right; margin-top: 0pt; margin-bottom: 0pt;&quot; dir=&quot;rtl&quot;&gt;&lt;span style=&quot;font-size: 15px; font-family: tahoma,arial,helvetica,sans-serif; color: #000000; background-color: transparent; font-style: normal; font-variant: normal; vertical-align: baseline;&quot;&gt;&lt;img style=&quot;display: block; margin-left: auto; margin-right: auto;&quot; src=&quot;https://lh4.googleusercontent.com/-z1aafVmQpjM/UFoOiuxupoI/AAAAAAAABP8/iu0654N3FFY/s539/how+to+add+car+4th+step+(english).jpg&quot; alt=&quot;how to add car 4th step (english)&quot; width=&quot;539&quot; height=&quot;355&quot; /&gt;&lt;/span&gt;&lt;/p&gt;\n&lt;span style=&quot;font-size: 15px; font-family: tahoma,arial,helvetica,sans-serif; color: #000000; background-color: transparent; font-style: normal; font-variant: normal; vertical-align: baseline; white-space: pre-wrap;&quot; lang=&quot;en&quot;&gt;&lt;span style=&quot;font-size: 15px; color: #000000; background-color: transparent; font-style: normal; font-variant: normal; vertical-align: baseline; white-space: pre-wrap;&quot; lang=&quot;en&quot;&gt;&lt;span class=&quot;hps&quot;&gt;&lt;br /&gt;&lt;/span&gt;&lt;/span&gt;&lt;/span&gt;\n&lt;p&gt;&lt;span style=&quot;font-size: medium; font-family: tahoma,arial,helvetica,sans-serif;&quot;&gt;Important note: after adding your car pictures, please WAIT until the pictures are uploaded fully&lt;/span&gt;&lt;/p&gt;\n&lt;span style=&quot;font-size: 15px; font-family: tahoma,arial,helvetica,sans-serif; color: #000000; background-color: transparent; font-style: normal; font-variant: normal; vertical-align: baseline; white-space: pre-wrap;&quot; lang=&quot;en&quot;&gt;&lt;span style=&quot;font-size: 15px; color: #000000; background-color: transparent; font-style: normal; font-variant: normal; vertical-align: baseline; white-space: pre-wrap;&quot; lang=&quot;en&quot;&gt;&lt;span class=&quot;hps&quot;&gt;&lt;br /&gt;&lt;/span&gt;&lt;/span&gt;&lt;/span&gt;\n&lt;p&gt;&lt;span style=&quot;font-size: medium; font-family: tahoma,arial,helvetica,sans-serif;&quot;&gt;The pictures of your cars will appear as follow:&lt;/span&gt;&lt;/p&gt;\n&lt;p style=&quot;text-align: right; margin-top: 0pt; margin-bottom: 0pt;&quot; dir=&quot;rtl&quot;&gt;&lt;span style=&quot;font-size: 15px; font-family: tahoma,arial,helvetica,sans-serif; color: #000000; background-color: transparent; font-style: normal; font-variant: normal; vertical-align: baseline;&quot;&gt;&lt;br /&gt;&lt;/span&gt;&lt;/p&gt;\n&lt;p style=&quot;text-align: right; margin-top: 0pt; margin-bottom: 0pt;&quot; dir=&quot;rtl&quot;&gt;&lt;span style=&quot;font-family: tahoma,arial,helvetica,sans-serif;&quot;&gt;&lt;img style=&quot;display: block; margin-left: auto; margin-right: auto;&quot; src=&quot;https://lh4.googleusercontent.com/-lAYYfwF882E/UFoS8mzbI-I/AAAAAAAABQM/zzWdNDEum58/s514/how+to+add+car+5th+step+(english).jpg&quot; alt=&quot;how to add car 5th step (english)&quot; width=&quot;398&quot; height=&quot;514&quot; /&gt;&lt;/span&gt;&lt;/p&gt;\n&lt;p style=&quot;text-align: right; margin-top: 0pt; margin-bottom: 0pt;&quot; dir=&quot;rtl&quot;&gt;&lt;span style=&quot;font-size: 15px; font-family: tahoma,arial,helvetica,sans-serif; color: #000000; background-color: transparent; font-style: normal; font-variant: normal; vertical-align: baseline;&quot;&gt;&lt;br /&gt;&lt;/span&gt;&lt;/p&gt;\n&lt;hr /&gt;&lt;span style=&quot;font-size: 15px; font-family: tahoma,arial,helvetica,sans-serif; color: #000000; background-color: transparent; font-style: normal; font-variant: normal; vertical-align: baseline; white-space: pre-wrap;&quot; lang=&quot;en&quot;&gt;&lt;span style=&quot;font-size: 15px; color: #000000; background-color: transparent; font-style: normal; font-variant: normal; vertical-align: baseline; white-space: pre-wrap;&quot; lang=&quot;en&quot;&gt;&lt;span class=&quot;hps&quot;&gt;&lt;br /&gt;&lt;/span&gt;&lt;/span&gt;&lt;/span&gt;\n&lt;p id=&quot;internal-source-marker_0.9424052616105251&quot; style=&quot;margin-top: 0pt; margin-bottom: 0pt;&quot; dir=&quot;ltr&quot;&gt;&lt;span style=&quot;text-decoration: underline; font-size: medium; font-family: tahoma,arial,helvetica,sans-serif;&quot;&gt;&lt;strong&gt;step 5:&lt;/strong&gt;&lt;/span&gt;&lt;/p&gt;\n&lt;p&gt;&lt;span style=&quot;font-size: medium; font-family: tahoma,arial,helvetica,sans-serif;&quot;&gt;Provide your contact information (phone number) which will be used by the Buyer to call you.&lt;/span&gt;&lt;/p&gt;\n&lt;p style=&quot;text-align: right; margin-top: 0pt; margin-bottom: 0pt;&quot; dir=&quot;rtl&quot;&gt;&lt;span style=&quot;font-size: 15px; font-family: tahoma,arial,helvetica,sans-serif; color: #000000; background-color: transparent; font-style: normal; font-variant: normal; vertical-align: baseline;&quot;&gt;&lt;br /&gt;&lt;/span&gt;&lt;/p&gt;\n&lt;p style=&quot;text-align: right; margin-top: 0pt; margin-bottom: 0pt;&quot; dir=&quot;rtl&quot;&gt;&lt;span style=&quot;font-size: 15px; font-family: tahoma,arial,helvetica,sans-serif; color: #000000; background-color: transparent; font-style: normal; font-variant: normal; vertical-align: baseline;&quot;&gt;&lt;img style=&quot;display: block; margin-left: auto; margin-right: auto;&quot; src=&quot;https://lh4.googleusercontent.com/-5C6CQPiOvKA/UFoS9yZsWSI/AAAAAAAABQU/anKeOhJiAe8/s567/how+to+add+car+6th+step+(english).jpg&quot; alt=&quot;how to add car 6th step (english)&quot; width=&quot;567&quot; height=&quot;514&quot; /&gt;&lt;/span&gt;&lt;/p&gt;\n&lt;p&gt; &lt;/p&gt;\n&lt;p&gt;&lt;span style=&quot;font-size: medium; font-family: tahoma,arial,helvetica,sans-serif;&quot;&gt;After clicking on save information, Motors Souq Team will receive a notification Email of adding a new car, then the team will modify and ensure the correct information of your car.&lt;/span&gt;&lt;/p&gt;\n&lt;span style=&quot;font-size: medium; font-family: tahoma,arial,helvetica,sans-serif;&quot;&gt;Your Motor will be published within 24hrs.&lt;/span&gt;&lt;br /&gt;\n&lt;p style=&quot;text-align: right; margin-top: 0pt; margin-bottom: 0pt;&quot; dir=&quot;rtl&quot;&gt; &lt;/p&gt;\n&lt;hr /&gt;\n&lt;p style=&quot;text-align: right; margin-top: 0pt; margin-bottom: 0pt;&quot; dir=&quot;rtl&quot;&gt;&lt;span style=&quot;font-size: 15px; font-family: tahoma,arial,helvetica,sans-serif; color: #000000; background-color: transparent; font-style: normal; font-variant: normal; vertical-align: baseline;&quot;&gt;&lt;br /&gt;&lt;/span&gt;&lt;/p&gt;\n&lt;p style=&quot;text-align: right; margin-top: 0pt; margin-bottom: 0pt;&quot; dir=&quot;rtl&quot;&gt; &lt;/p&gt;\n&lt;p style=&quot;text-align: right; margin-top: 0pt; margin-bottom: 0pt;&quot; dir=&quot;rtl&quot;&gt; &lt;/p&gt;\n&lt;p&gt;&lt;span style=&quot;font-size: medium; font-family: tahoma,arial,helvetica,sans-serif;&quot;&gt;Finally, if you have any comments on the previous explanations please &lt;a title=&quot;Contact www.motorssouq.com&quot; href=&quot;http://www.motorssouq.com/index.php?module=crm&amp;amp;page=contact&quot; target=&quot;_blank&quot;&gt;contact us&lt;/a&gt; by sending the communication form so that we can edit the explanation, if necessary.&lt;/span&gt;&lt;/p&gt;\n&lt;p&gt;&lt;span style=&quot;font-size: medium; font-family: tahoma,arial,helvetica,sans-serif;&quot;&gt;And now, are you ready to add your car on motors Souq portal and display it for thousands of viewers?.if yes &lt;a title=&quot;add your car in www.motorssouq.com&quot; href=&quot;http://www.motorssouq.com/index.php?module=crm&amp;amp;page=login&quot; target=&quot;_blank&quot;&gt;click here.&lt;/a&gt;&lt;/span&gt;&lt;/p&gt;\n&lt;span id=&quot;result_box&quot; style=&quot;font-size: 15px; font-family: tahoma,arial,helvetica,sans-serif; color: #000000; background-color: transparent; font-style: normal; font-variant: normal; vertical-align: baseline; white-space: pre-wrap;&quot; lang=&quot;en&quot;&gt;&lt;span class=&quot;hps&quot;&gt;&lt;br /&gt;&lt;br /&gt;&lt;br /&gt;&lt;br /&gt;&lt;br /&gt;&lt;br /&gt;&lt;br /&gt;&lt;br /&gt;&lt;/span&gt;&lt;/span&gt;&lt;/td&gt;\n&lt;/tr&gt;\n&lt;/tbody&gt;\n&lt;/table&gt;\n&lt;p&gt;&lt;span style=&quot;font-size: small; font-family: tahoma,arial,helvetica,sans-serif;&quot;&gt;&lt;br /&gt;&lt;/span&gt;&lt;/p&gt;', 'EN', 415),
('خطوات إضافة سيارة في بوابة موتورز سوق الإلأكترونية', 'سيارات البحرين، للبيع سيارة، مطلوب سيارة، سيارات، حراج سيارات، ', 'في هذه الصفحة يتم تقديم شرح لمستخدمي بوابة موتورز سوق الإلكترونية للتعرف على كيفية إضافة سياراتهم في البوابة.', '&lt;p style=&quot;text-align: right;&quot; dir=&quot;rtl&quot;&gt;&lt;span style=&quot;font-size: medium;&quot;&gt;أعزائنا الزوار سنأخذكم في الخطوات التالية للتعرف على كيفية إضافة سيارة في بوابة موتورز سوق الإلكترونية وذلك لتسهيل عملية الإعلان عن سيارتك في الموقع وجميع وسائل التسويق الإلكترونية المستخدمة في البوابة:&lt;/span&gt;&lt;/p&gt;\n&lt;p style=&quot;text-align: right;&quot; dir=&quot;rtl&quot;&gt;أولاً: من خلال الصفحة الرئيسية إضغط على كلمة (اضافة مركبة مجاناً):&lt;/p&gt;\n&lt;p style=&quot;text-align: right;&quot; dir=&quot;rtl&quot;&gt;&lt;img style=&quot;vertical-align: middle;&quot; src=&quot;https://picasaweb.google.com/lh/photo/kuQ64Z8mj1POv7U9qasJMGr5F_idDi58TFLa_LfI4rc?feat=directlink&quot; alt=&quot;how to add car 1st step (arabic)&quot; /&gt;&lt;/p&gt;\n&lt;p style=&quot;text-align: right;&quot; dir=&quot;rtl&quot;&gt; &lt;/p&gt;', 'DE', 415);
INSERT INTO `cms_page_lang` (`title`, `keywords`, `description`, `content`, `lang`, `cms_page_id`) VALUES
('Motors Souq APP', 'android app, google store, motors souq app, car app, online car website, motors souq, car for sale, bahrain cars, buy car, android market', 'Motors Souq android app is available now for free to download.', '&lt;p&gt;&lt;span style=&quot;font-family: tahoma,arial,helvetica,sans-serif; font-size: small;&quot;&gt;Motors Souq present today for his users (motors souq android app) after a concentrating work consume 14 days of hard working by (AMHSOFT) development team. And motors souq android app is the first app AHSOFT produce in the company for its own global projects.&lt;/span&gt;&lt;/p&gt;\n&lt;p&gt;&lt;span style=&quot;font-family: tahoma,arial,helvetica,sans-serif; font-size: small;&quot;&gt;Motors Souq app is design by android system that allow it users to use the most used functions in Motors Souq website and they are:&lt;/span&gt;&lt;/p&gt;\n&lt;ol&gt;\n&lt;li&gt;&lt;span style=&quot;font-family: tahoma,arial,helvetica,sans-serif; font-size: small;&quot;&gt;Motors searching.&lt;/span&gt;&lt;/li&gt;\n&lt;li&gt;&lt;span style=&quot;font-family: tahoma,arial,helvetica,sans-serif; font-size: small;&quot;&gt;Add car for sale.&lt;/span&gt;&lt;/li&gt;\n&lt;li&gt;&lt;span style=&quot;font-family: tahoma,arial,helvetica,sans-serif; font-size: small;&quot;&gt;Request motor to buy.&lt;/span&gt;&lt;/li&gt;\n&lt;li&gt;&lt;span style=&quot;font-family: tahoma,arial,helvetica,sans-serif; font-size: small;&quot;&gt;View latest added cars.&lt;/span&gt;&lt;/li&gt;\n&lt;/ol&gt;\n&lt;p&gt;&lt;span style=&quot;font-family: tahoma,arial,helvetica,sans-serif; font-size: small;&quot;&gt;The decision that (AMHSOFT) took to create motors souq app as the first motors market app in the kingdom of Bahrain is a decision made after the very large demands the company receive from the portal users to provide them with more easy to use tools to take the maximum advantage from the most fast growing and free service portal in the kingdom of Bahrain, beside that reason is the huge number of motors added to the portal on a daily basis. Those 2 main reasons that let the company cut the discussion on the board table and start right away the planning and development in the same time without any hesitation or doubt about its success as it’s the first Motors app in the kingdom of Bahrain.&lt;/span&gt;&lt;/p&gt;\n&lt;p&gt;&lt;span style=&quot;font-family: tahoma,arial,helvetica,sans-serif; font-size: small;&quot;&gt;And to down load the app from (Google play) you can search for the app in the store by writing (motors souq) or just go ahead and click the download icon below:&lt;/span&gt;&lt;/p&gt;\n&lt;p&gt;&lt;span style=&quot;font-family: tahoma,arial,helvetica,sans-serif; font-size: small;&quot;&gt;&lt;br /&gt;&lt;/span&gt;&lt;/p&gt;', 'AR', 416),
('Motors Souq APP', 'android app, google store, motors souq app, car app, online car website, motors souq, car for sale, bahrain cars, buy car, android market', 'Motors Souq android app is available now for free to download.', '&lt;p&gt;&lt;span style=&quot;font-family: tahoma,arial,helvetica,sans-serif; font-size: small;&quot;&gt;Motors Souq present today for his users (motors souq android app) after a concentrating work consume 14 days of hard working by (AMHSOFT) development team. And motors souq android app is the first app AHSOFT produce in the company for its own global projects.&lt;/span&gt;&lt;/p&gt;\n&lt;p&gt;&lt;span style=&quot;font-family: tahoma,arial,helvetica,sans-serif; font-size: small;&quot;&gt;Motors Souq app is design by android system that allow it users to use the most used functions in Motors Souq website and they are:&lt;/span&gt;&lt;/p&gt;\n&lt;ol&gt;\n&lt;li&gt;&lt;span style=&quot;font-family: tahoma,arial,helvetica,sans-serif; font-size: small;&quot;&gt;Motors searching.&lt;/span&gt;&lt;/li&gt;\n&lt;li&gt;&lt;span style=&quot;font-family: tahoma,arial,helvetica,sans-serif; font-size: small;&quot;&gt;Add car for sale.&lt;/span&gt;&lt;/li&gt;\n&lt;li&gt;&lt;span style=&quot;font-family: tahoma,arial,helvetica,sans-serif; font-size: small;&quot;&gt;Request motor to buy.&lt;/span&gt;&lt;/li&gt;\n&lt;li&gt;&lt;span style=&quot;font-family: tahoma,arial,helvetica,sans-serif; font-size: small;&quot;&gt;View latest added cars.&lt;/span&gt;&lt;/li&gt;\n&lt;/ol&gt;\n&lt;p&gt;&lt;span style=&quot;font-family: tahoma,arial,helvetica,sans-serif; font-size: small;&quot;&gt;The decision that (AMHSOFT) took to create motors souq app as the first motors market app in the kingdom of Bahrain is a decision made after the very large demands the company receive from the portal users to provide them with more easy to use tools to take the maximum advantage from the most fast growing and free service portal in the kingdom of Bahrain, beside that reason is the huge number of motors added to the portal on a daily basis. Those 2 main reasons that let the company cut the discussion on the board table and start right away the planning and development in the same time without any hesitation or doubt about its success as it’s the first Motors app in the kingdom of Bahrain.&lt;/span&gt;&lt;/p&gt;\n&lt;p&gt;&lt;span style=&quot;font-family: tahoma,arial,helvetica,sans-serif; font-size: small;&quot;&gt;And to down load the app from (Google play) you can search for the app in the store by writing (motors souq) or just go ahead and click the download icon below:&lt;/span&gt;&lt;/p&gt;\n&lt;p&gt;&lt;span style=&quot;font-family: tahoma,arial,helvetica,sans-serif; font-size: small;&quot;&gt;&lt;br /&gt;&lt;/span&gt;&lt;/p&gt;', 'EN', 416),
('Motors Souq APP', 'android app, google store, motors souq app, car app, online car website, motors souq, car for sale, bahrain cars, buy car, android market', 'Motors Souq android app is available now for free to download.', '&lt;p&gt;&lt;span style=&quot;font-family: tahoma,arial,helvetica,sans-serif; font-size: small;&quot;&gt;Motors Souq present today for his users (motors souq android app) after a concentrating work consume 14 days of hard working by (AMHSOFT) development team. And motors souq android app is the first app AHSOFT produce in the company for its own global projects.&lt;/span&gt;&lt;/p&gt;\n&lt;p&gt;&lt;span style=&quot;font-family: tahoma,arial,helvetica,sans-serif; font-size: small;&quot;&gt;Motors Souq app is design by android system that allow it users to use the most used functions in Motors Souq website and they are:&lt;/span&gt;&lt;/p&gt;\n&lt;ol&gt;\n&lt;li&gt;&lt;span style=&quot;font-family: tahoma,arial,helvetica,sans-serif; font-size: small;&quot;&gt;Motors searching.&lt;/span&gt;&lt;/li&gt;\n&lt;li&gt;&lt;span style=&quot;font-family: tahoma,arial,helvetica,sans-serif; font-size: small;&quot;&gt;Add car for sale.&lt;/span&gt;&lt;/li&gt;\n&lt;li&gt;&lt;span style=&quot;font-family: tahoma,arial,helvetica,sans-serif; font-size: small;&quot;&gt;Request motor to buy.&lt;/span&gt;&lt;/li&gt;\n&lt;li&gt;&lt;span style=&quot;font-family: tahoma,arial,helvetica,sans-serif; font-size: small;&quot;&gt;View latest added cars.&lt;/span&gt;&lt;/li&gt;\n&lt;/ol&gt;\n&lt;p&gt;&lt;span style=&quot;font-family: tahoma,arial,helvetica,sans-serif; font-size: small;&quot;&gt;The decision that (AMHSOFT) took to create motors souq app as the first motors market app in the kingdom of Bahrain is a decision made after the very large demands the company receive from the portal users to provide them with more easy to use tools to take the maximum advantage from the most fast growing and free service portal in the kingdom of Bahrain, beside that reason is the huge number of motors added to the portal on a daily basis. Those 2 main reasons that let the company cut the discussion on the board table and start right away the planning and development in the same time without any hesitation or doubt about its success as it’s the first Motors app in the kingdom of Bahrain.&lt;/span&gt;&lt;/p&gt;\n&lt;p&gt;&lt;span style=&quot;font-family: tahoma,arial,helvetica,sans-serif; font-size: small;&quot;&gt;And to down load the app from (Google play) you can search for the app in the store by writing (motors souq) or just go ahead and click the download icon below:&lt;/span&gt;&lt;/p&gt;\n&lt;p&gt;&lt;span style=&quot;font-family: tahoma,arial,helvetica,sans-serif; font-size: small;&quot;&gt;&lt;br /&gt;&lt;/span&gt;&lt;/p&gt;', 'DE', 416),
('Motors Souq APP', 'android app, google store, motors souq app, car app, online car website, motors souq, car for sale, bahrain cars, buy car, android market', 'Motors Souq android app is available now for free to download.', '&lt;p&gt;&lt;span style=&quot;font-family: tahoma,arial,helvetica,sans-serif; font-size: small;&quot;&gt;Motors Souq present today for his users (motors souq android app) after a concentrating work consume 14 days of hard working by (AMHSOFT) development team. And motors souq android app is the first app AHSOFT produce in the company for its own global projects.&lt;/span&gt;&lt;/p&gt;\n&lt;p&gt;&lt;span style=&quot;font-family: tahoma,arial,helvetica,sans-serif; font-size: small;&quot;&gt;Motors Souq app is design by android system that allow it users to use the most used functions in Motors Souq website and they are:&lt;/span&gt;&lt;/p&gt;\n&lt;ol&gt;\n&lt;li&gt;&lt;span style=&quot;font-family: tahoma,arial,helvetica,sans-serif; font-size: small;&quot;&gt;Motors searching.&lt;/span&gt;&lt;/li&gt;\n&lt;li&gt;&lt;span style=&quot;font-family: tahoma,arial,helvetica,sans-serif; font-size: small;&quot;&gt;Add car for sale.&lt;/span&gt;&lt;/li&gt;\n&lt;li&gt;&lt;span style=&quot;font-family: tahoma,arial,helvetica,sans-serif; font-size: small;&quot;&gt;Request motor to buy.&lt;/span&gt;&lt;/li&gt;\n&lt;li&gt;&lt;span style=&quot;font-family: tahoma,arial,helvetica,sans-serif; font-size: small;&quot;&gt;View latest added cars.&lt;/span&gt;&lt;/li&gt;\n&lt;/ol&gt;\n&lt;p&gt;&lt;span style=&quot;font-family: tahoma,arial,helvetica,sans-serif; font-size: small;&quot;&gt;The decision that (AMHSOFT) took to create motors souq app as the first motors market app in the kingdom of Bahrain is a decision made after the very large demands the company receive from the portal users to provide them with more easy to use tools to take the maximum advantage from the most fast growing and free service portal in the kingdom of Bahrain, beside that reason is the huge number of motors added to the portal on a daily basis. Those 2 main reasons that let the company cut the discussion on the board table and start right away the planning and development in the same time without any hesitation or doubt about its success as it’s the first Motors app in the kingdom of Bahrain.&lt;/span&gt;&lt;/p&gt;\n&lt;p&gt;&lt;span style=&quot;font-family: tahoma,arial,helvetica,sans-serif; font-size: small;&quot;&gt;And to down load the app from (Google play) you can search for the app in the store by writing (motors souq) or just go ahead and click the download icon below:&lt;/span&gt;&lt;/p&gt;\n&lt;p&gt;&lt;a title=&quot;Motors Souq android APP&quot; href=&quot;https://play.google.com/store/apps/details?id=amhsoft.apps.motorssouq&amp;amp;hl=en&quot; target=&quot;_blank&quot;&gt;&lt;span style=&quot;font-family: tahoma,arial,helvetica,sans-serif; font-size: small;&quot;&gt;&lt;img style=&quot;display: block; margin-left: auto; margin-right: auto;&quot; src=&quot;https://lh3.googleusercontent.com/ZX4As4r_Kin3lYeVPlgVJTabq3YUW2TT6BIuKr3urV1w_2n0bfwLRHcQLIH3-rHY_ZZpHXnmHnkdhz8LIE0WGcnLAQOEuwFvnOAxcDS3i6gl-5hpKr29&quot; alt=&quot;&quot; width=&quot;129&quot; height=&quot;45&quot; /&gt;&lt;/span&gt;&lt;/a&gt;&lt;/p&gt;\n&lt;p&gt; &lt;/p&gt;\n&lt;p&gt; &lt;/p&gt;', 'AR', 417),
('Motors Souq APP', 'android app, google store, motors souq app, car app, online car website, motors souq, car for sale, bahrain cars, buy car, android market', 'Motors Souq android app is available now for free to download.', '&lt;p&gt;&lt;span style=&quot;font-family: tahoma,arial,helvetica,sans-serif; font-size: small;&quot;&gt;Motors Souq present today for his users (motors souq android app) after a concentrating work consume 14 days of hard working by (AMHSOFT) development team. And motors souq android app is the first app AHSOFT produce in the company for its own global projects.&lt;/span&gt;&lt;/p&gt;\n&lt;p&gt;&lt;span style=&quot;font-family: tahoma,arial,helvetica,sans-serif; font-size: small;&quot;&gt;Motors Souq app is design by android system that allow it users to use the most used functions in Motors Souq website and they are:&lt;/span&gt;&lt;/p&gt;\n&lt;ol&gt;\n&lt;li&gt;&lt;span style=&quot;font-family: tahoma,arial,helvetica,sans-serif; font-size: small;&quot;&gt;Motors searching.&lt;/span&gt;&lt;/li&gt;\n&lt;li&gt;&lt;span style=&quot;font-family: tahoma,arial,helvetica,sans-serif; font-size: small;&quot;&gt;Add car for sale.&lt;/span&gt;&lt;/li&gt;\n&lt;li&gt;&lt;span style=&quot;font-family: tahoma,arial,helvetica,sans-serif; font-size: small;&quot;&gt;Request motor to buy.&lt;/span&gt;&lt;/li&gt;\n&lt;li&gt;&lt;span style=&quot;font-family: tahoma,arial,helvetica,sans-serif; font-size: small;&quot;&gt;View latest added cars.&lt;/span&gt;&lt;/li&gt;\n&lt;/ol&gt;\n&lt;p&gt;&lt;span style=&quot;font-family: tahoma,arial,helvetica,sans-serif; font-size: small;&quot;&gt;The decision that (AMHSOFT) took to create motors souq app as the first motors market app in the kingdom of Bahrain is a decision made after the very large demands the company receive from the portal users to provide them with more easy to use tools to take the maximum advantage from the most fast growing and free service portal in the kingdom of Bahrain, beside that reason is the huge number of motors added to the portal on a daily basis. Those 2 main reasons that let the company cut the discussion on the board table and start right away the planning and development in the same time without any hesitation or doubt about its success as it’s the first Motors app in the kingdom of Bahrain.&lt;/span&gt;&lt;/p&gt;\n&lt;p&gt;&lt;span style=&quot;font-family: tahoma,arial,helvetica,sans-serif; font-size: small;&quot;&gt;And to down load the app from (Google play) you can search for the app in the store by writing (motors souq) or just go ahead and click the download icon below:&lt;/span&gt;&lt;/p&gt;\n&lt;p&gt;&lt;a title=&quot;Motors Souq android APP&quot; href=&quot;https://play.google.com/store/apps/details?id=amhsoft.apps.motorssouq&amp;amp;hl=en&quot; target=&quot;_blank&quot;&gt;&lt;span style=&quot;font-family: tahoma,arial,helvetica,sans-serif; font-size: small;&quot;&gt;&lt;img style=&quot;display: block; margin-left: auto; margin-right: auto;&quot; src=&quot;https://lh3.googleusercontent.com/ZX4As4r_Kin3lYeVPlgVJTabq3YUW2TT6BIuKr3urV1w_2n0bfwLRHcQLIH3-rHY_ZZpHXnmHnkdhz8LIE0WGcnLAQOEuwFvnOAxcDS3i6gl-5hpKr29&quot; alt=&quot;&quot; width=&quot;129&quot; height=&quot;45&quot; /&gt;&lt;/span&gt;&lt;/a&gt;&lt;/p&gt;\n&lt;p&gt; &lt;/p&gt;\n&lt;p&gt; &lt;/p&gt;', 'EN', 417),
('Motors Souq APP', 'android app, google store, motors souq app, car app, online car website, motors souq, car for sale, bahrain cars, buy car, android market', 'Motors Souq android app is available now for free to download.', '&lt;p&gt;&lt;span style=&quot;font-family: tahoma,arial,helvetica,sans-serif; font-size: small;&quot;&gt;Motors Souq present today for his users (motors souq android app) after a concentrating work consume 14 days of hard working by (AMHSOFT) development team. And motors souq android app is the first app AHSOFT produce in the company for its own global projects.&lt;/span&gt;&lt;/p&gt;\n&lt;p&gt;&lt;span style=&quot;font-family: tahoma,arial,helvetica,sans-serif; font-size: small;&quot;&gt;Motors Souq app is design by android system that allow it users to use the most used functions in Motors Souq website and they are:&lt;/span&gt;&lt;/p&gt;\n&lt;ol&gt;\n&lt;li&gt;&lt;span style=&quot;font-family: tahoma,arial,helvetica,sans-serif; font-size: small;&quot;&gt;Motors searching.&lt;/span&gt;&lt;/li&gt;\n&lt;li&gt;&lt;span style=&quot;font-family: tahoma,arial,helvetica,sans-serif; font-size: small;&quot;&gt;Add car for sale.&lt;/span&gt;&lt;/li&gt;\n&lt;li&gt;&lt;span style=&quot;font-family: tahoma,arial,helvetica,sans-serif; font-size: small;&quot;&gt;Request motor to buy.&lt;/span&gt;&lt;/li&gt;\n&lt;li&gt;&lt;span style=&quot;font-family: tahoma,arial,helvetica,sans-serif; font-size: small;&quot;&gt;View latest added cars.&lt;/span&gt;&lt;/li&gt;\n&lt;/ol&gt;\n&lt;p&gt;&lt;span style=&quot;font-family: tahoma,arial,helvetica,sans-serif; font-size: small;&quot;&gt;The decision that (AMHSOFT) took to create motors souq app as the first motors market app in the kingdom of Bahrain is a decision made after the very large demands the company receive from the portal users to provide them with more easy to use tools to take the maximum advantage from the most fast growing and free service portal in the kingdom of Bahrain, beside that reason is the huge number of motors added to the portal on a daily basis. Those 2 main reasons that let the company cut the discussion on the board table and start right away the planning and development in the same time without any hesitation or doubt about its success as it’s the first Motors app in the kingdom of Bahrain.&lt;/span&gt;&lt;/p&gt;\n&lt;p&gt;&lt;span style=&quot;font-family: tahoma,arial,helvetica,sans-serif; font-size: small;&quot;&gt;And to down load the app from (Google play) you can search for the app in the store by writing (motors souq) or just go ahead and click the download icon below:&lt;/span&gt;&lt;/p&gt;\n&lt;p&gt;&lt;a title=&quot;Motors Souq android APP&quot; href=&quot;https://play.google.com/store/apps/details?id=amhsoft.apps.motorssouq&amp;amp;hl=en&quot; target=&quot;_blank&quot;&gt;&lt;span style=&quot;font-family: tahoma,arial,helvetica,sans-serif; font-size: small;&quot;&gt;&lt;img style=&quot;display: block; margin-left: auto; margin-right: auto;&quot; src=&quot;https://lh3.googleusercontent.com/ZX4As4r_Kin3lYeVPlgVJTabq3YUW2TT6BIuKr3urV1w_2n0bfwLRHcQLIH3-rHY_ZZpHXnmHnkdhz8LIE0WGcnLAQOEuwFvnOAxcDS3i6gl-5hpKr29&quot; alt=&quot;&quot; width=&quot;129&quot; height=&quot;45&quot; /&gt;&lt;/span&gt;&lt;/a&gt;&lt;/p&gt;\n&lt;p&gt; &lt;/p&gt;\n&lt;p&gt; &lt;/p&gt;', 'DE', 417),
('Motors Souq APP', 'android app, google store, motors souq app, car app, online car website, motors souq, car for sale, bahrain cars, buy car, android market', 'Motors Souq android app is available now for free to download.', '&lt;p&gt;&lt;span style=&quot;font-family: tahoma,arial,helvetica,sans-serif; font-size: small;&quot;&gt;Motors Souq present today for his users (motors souq android app) after a concentrating work consume 14 days of hard working by (AMHSOFT) development team. And motors souq android app is the first app AHSOFT produce in the company for its own global projects.&lt;/span&gt;&lt;/p&gt;\n&lt;p&gt;&lt;span style=&quot;font-family: tahoma,arial,helvetica,sans-serif; font-size: small;&quot;&gt;Motors Souq app is design by android system that allow it users to use the most used functions in Motors Souq website and they are:&lt;/span&gt;&lt;/p&gt;\n&lt;ol&gt;\n&lt;li&gt;&lt;span style=&quot;font-family: tahoma,arial,helvetica,sans-serif; font-size: small;&quot;&gt;Motors searching.&lt;/span&gt;&lt;/li&gt;\n&lt;li&gt;&lt;span style=&quot;font-family: tahoma,arial,helvetica,sans-serif; font-size: small;&quot;&gt;Add car for sale.&lt;/span&gt;&lt;/li&gt;\n&lt;li&gt;&lt;span style=&quot;font-family: tahoma,arial,helvetica,sans-serif; font-size: small;&quot;&gt;Request motor to buy.&lt;/span&gt;&lt;/li&gt;\n&lt;li&gt;&lt;span style=&quot;font-family: tahoma,arial,helvetica,sans-serif; font-size: small;&quot;&gt;View latest added cars.&lt;/span&gt;&lt;/li&gt;\n&lt;/ol&gt;\n&lt;p&gt;&lt;span style=&quot;font-family: tahoma,arial,helvetica,sans-serif; font-size: small;&quot;&gt;The decision that (AMHSOFT) took to create motors souq app as the first motors market app in the kingdom of Bahrain is a decision made after the very large demands the company receive from the portal users to provide them with more easy to use tools to take the maximum advantage from the most fast growing and free service portal in the kingdom of Bahrain, beside that reason is the huge number of motors added to the portal on a daily basis. Those 2 main reasons that let the company cut the discussion on the board table and start right away the planning and development in the same time without any hesitation or doubt about its success as it’s the first Motors app in the kingdom of Bahrain.&lt;/span&gt;&lt;/p&gt;\n&lt;p&gt;&lt;span style=&quot;font-family: tahoma,arial,helvetica,sans-serif; font-size: small;&quot;&gt;And to down load the app from (Google play) you can search for the app in the store by writing (motors souq) or just go ahead and click the download icon below:&lt;/span&gt;&lt;/p&gt;\n&lt;p&gt;&lt;a title=&quot;Motors Souq android APP&quot; href=&quot;https://play.google.com/store/apps/details?id=amhsoft.apps.motorssouq&amp;amp;hl=en&quot; target=&quot;_blank&quot;&gt;&lt;span style=&quot;font-family: tahoma,arial,helvetica,sans-serif; font-size: small;&quot;&gt;&lt;img style=&quot;display: block; margin-left: auto; margin-right: auto;&quot; src=&quot;https://lh3.googleusercontent.com/ZX4As4r_Kin3lYeVPlgVJTabq3YUW2TT6BIuKr3urV1w_2n0bfwLRHcQLIH3-rHY_ZZpHXnmHnkdhz8LIE0WGcnLAQOEuwFvnOAxcDS3i6gl-5hpKr29&quot; alt=&quot;&quot; width=&quot;129&quot; height=&quot;45&quot; /&gt;&lt;/span&gt;&lt;/a&gt;&lt;/p&gt;\n&lt;p&gt; And now please have a look at some screen shots of Motors Souq App:&lt;/p&gt;\n&lt;p&gt; &lt;/p&gt;\n&lt;p&gt;Home page:&lt;/p&gt;\n&lt;p&gt;&lt;img style=&quot;display: block; margin-left: auto; margin-right: auto;&quot; src=&quot;https://lh6.googleusercontent.com/y3VQBHIKvj3rf1xVOUbSDU2AQq1gUWjO7FXc3g1fUPimIM2GP4r12-Cqx6PajEAmu_qL-LEMp3NZXKvR6x6t2gdbD06igPQdINPCxwgH9WGrrQY5xLUF&quot; alt=&quot;Motors Souq App home page&quot; width=&quot;600&quot; height=&quot;1080&quot; /&gt;&lt;/p&gt;\n&lt;p&gt; &lt;/p&gt;', 'AR', 418),
('Motors Souq APP', 'android app, google store, motors souq app, car app, online car website, motors souq, car for sale, bahrain cars, buy car, android market', 'Motors Souq android app is available now for free to download.', '&lt;p&gt;&lt;span style=&quot;font-family: tahoma,arial,helvetica,sans-serif; font-size: small;&quot;&gt;Motors Souq present today for his users (motors souq android app) after a concentrating work consume 14 days of hard working by (AMHSOFT) development team. And motors souq android app is the first app AHSOFT produce in the company for its own global projects.&lt;/span&gt;&lt;/p&gt;\n&lt;p&gt;&lt;span style=&quot;font-family: tahoma,arial,helvetica,sans-serif; font-size: small;&quot;&gt;Motors Souq app is design by android system that allow it users to use the most used functions in Motors Souq website and they are:&lt;/span&gt;&lt;/p&gt;\n&lt;ol&gt;\n&lt;li&gt;&lt;span style=&quot;font-family: tahoma,arial,helvetica,sans-serif; font-size: small;&quot;&gt;Motors searching.&lt;/span&gt;&lt;/li&gt;\n&lt;li&gt;&lt;span style=&quot;font-family: tahoma,arial,helvetica,sans-serif; font-size: small;&quot;&gt;Add car for sale.&lt;/span&gt;&lt;/li&gt;\n&lt;li&gt;&lt;span style=&quot;font-family: tahoma,arial,helvetica,sans-serif; font-size: small;&quot;&gt;Request motor to buy.&lt;/span&gt;&lt;/li&gt;\n&lt;li&gt;&lt;span style=&quot;font-family: tahoma,arial,helvetica,sans-serif; font-size: small;&quot;&gt;View latest added cars.&lt;/span&gt;&lt;/li&gt;\n&lt;/ol&gt;\n&lt;p&gt;&lt;span style=&quot;font-family: tahoma,arial,helvetica,sans-serif; font-size: small;&quot;&gt;The decision that (AMHSOFT) took to create motors souq app as the first motors market app in the kingdom of Bahrain is a decision made after the very large demands the company receive from the portal users to provide them with more easy to use tools to take the maximum advantage from the most fast growing and free service portal in the kingdom of Bahrain, beside that reason is the huge number of motors added to the portal on a daily basis. Those 2 main reasons that let the company cut the discussion on the board table and start right away the planning and development in the same time without any hesitation or doubt about its success as it’s the first Motors app in the kingdom of Bahrain.&lt;/span&gt;&lt;/p&gt;\n&lt;p&gt;&lt;span style=&quot;font-family: tahoma,arial,helvetica,sans-serif; font-size: small;&quot;&gt;And to down load the app from (Google play) you can search for the app in the store by writing (motors souq) or just go ahead and click the download icon below:&lt;/span&gt;&lt;/p&gt;\n&lt;p&gt;&lt;a title=&quot;Motors Souq android APP&quot; href=&quot;https://play.google.com/store/apps/details?id=amhsoft.apps.motorssouq&amp;amp;hl=en&quot; target=&quot;_blank&quot;&gt;&lt;span style=&quot;font-family: tahoma,arial,helvetica,sans-serif; font-size: small;&quot;&gt;&lt;img style=&quot;display: block; margin-left: auto; margin-right: auto;&quot; src=&quot;https://lh3.googleusercontent.com/ZX4As4r_Kin3lYeVPlgVJTabq3YUW2TT6BIuKr3urV1w_2n0bfwLRHcQLIH3-rHY_ZZpHXnmHnkdhz8LIE0WGcnLAQOEuwFvnOAxcDS3i6gl-5hpKr29&quot; alt=&quot;&quot; width=&quot;129&quot; height=&quot;45&quot; /&gt;&lt;/span&gt;&lt;/a&gt;&lt;/p&gt;\n&lt;p&gt; And now please have a look at some screen shots of Motors Souq App:&lt;/p&gt;\n&lt;p&gt; &lt;/p&gt;\n&lt;p&gt;Home page:&lt;/p&gt;\n&lt;p&gt;&lt;img style=&quot;display: block; margin-left: auto; margin-right: auto;&quot; src=&quot;https://lh6.googleusercontent.com/y3VQBHIKvj3rf1xVOUbSDU2AQq1gUWjO7FXc3g1fUPimIM2GP4r12-Cqx6PajEAmu_qL-LEMp3NZXKvR6x6t2gdbD06igPQdINPCxwgH9WGrrQY5xLUF&quot; alt=&quot;Motors Souq App home page&quot; width=&quot;600&quot; height=&quot;1080&quot; /&gt;&lt;/p&gt;\n&lt;p&gt; &lt;/p&gt;', 'EN', 418),
('Motors Souq APP', 'android app, google store, motors souq app, car app, online car website, motors souq, car for sale, bahrain cars, buy car, android market', 'Motors Souq android app is available now for free to download.', '&lt;p&gt;&lt;span style=&quot;font-family: tahoma,arial,helvetica,sans-serif; font-size: small;&quot;&gt;Motors Souq present today for his users (motors souq android app) after a concentrating work consume 14 days of hard working by (AMHSOFT) development team. And motors souq android app is the first app AHSOFT produce in the company for its own global projects.&lt;/span&gt;&lt;/p&gt;\n&lt;p&gt;&lt;span style=&quot;font-family: tahoma,arial,helvetica,sans-serif; font-size: small;&quot;&gt;Motors Souq app is design by android system that allow it users to use the most used functions in Motors Souq website and they are:&lt;/span&gt;&lt;/p&gt;\n&lt;ol&gt;\n&lt;li&gt;&lt;span style=&quot;font-family: tahoma,arial,helvetica,sans-serif; font-size: small;&quot;&gt;Motors searching.&lt;/span&gt;&lt;/li&gt;\n&lt;li&gt;&lt;span style=&quot;font-family: tahoma,arial,helvetica,sans-serif; font-size: small;&quot;&gt;Add car for sale.&lt;/span&gt;&lt;/li&gt;\n&lt;li&gt;&lt;span style=&quot;font-family: tahoma,arial,helvetica,sans-serif; font-size: small;&quot;&gt;Request motor to buy.&lt;/span&gt;&lt;/li&gt;\n&lt;li&gt;&lt;span style=&quot;font-family: tahoma,arial,helvetica,sans-serif; font-size: small;&quot;&gt;View latest added cars.&lt;/span&gt;&lt;/li&gt;\n&lt;/ol&gt;\n&lt;p&gt;&lt;span style=&quot;font-family: tahoma,arial,helvetica,sans-serif; font-size: small;&quot;&gt;The decision that (AMHSOFT) took to create motors souq app as the first motors market app in the kingdom of Bahrain is a decision made after the very large demands the company receive from the portal users to provide them with more easy to use tools to take the maximum advantage from the most fast growing and free service portal in the kingdom of Bahrain, beside that reason is the huge number of motors added to the portal on a daily basis. Those 2 main reasons that let the company cut the discussion on the board table and start right away the planning and development in the same time without any hesitation or doubt about its success as it’s the first Motors app in the kingdom of Bahrain.&lt;/span&gt;&lt;/p&gt;\n&lt;p&gt;&lt;span style=&quot;font-family: tahoma,arial,helvetica,sans-serif; font-size: small;&quot;&gt;And to down load the app from (Google play) you can search for the app in the store by writing (motors souq) or just go ahead and click the download icon below:&lt;/span&gt;&lt;/p&gt;\n&lt;p&gt;&lt;a title=&quot;Motors Souq android APP&quot; href=&quot;https://play.google.com/store/apps/details?id=amhsoft.apps.motorssouq&amp;amp;hl=en&quot; target=&quot;_blank&quot;&gt;&lt;span style=&quot;font-family: tahoma,arial,helvetica,sans-serif; font-size: small;&quot;&gt;&lt;img style=&quot;display: block; margin-left: auto; margin-right: auto;&quot; src=&quot;https://lh3.googleusercontent.com/ZX4As4r_Kin3lYeVPlgVJTabq3YUW2TT6BIuKr3urV1w_2n0bfwLRHcQLIH3-rHY_ZZpHXnmHnkdhz8LIE0WGcnLAQOEuwFvnOAxcDS3i6gl-5hpKr29&quot; alt=&quot;&quot; width=&quot;129&quot; height=&quot;45&quot; /&gt;&lt;/span&gt;&lt;/a&gt;&lt;/p&gt;\n&lt;p&gt; And now please have a look at some screen shots of Motors Souq App:&lt;/p&gt;\n&lt;p&gt; &lt;/p&gt;\n&lt;p&gt;Home page:&lt;/p&gt;\n&lt;p&gt;&lt;img style=&quot;display: block; margin-left: auto; margin-right: auto;&quot; src=&quot;https://lh6.googleusercontent.com/y3VQBHIKvj3rf1xVOUbSDU2AQq1gUWjO7FXc3g1fUPimIM2GP4r12-Cqx6PajEAmu_qL-LEMp3NZXKvR6x6t2gdbD06igPQdINPCxwgH9WGrrQY5xLUF&quot; alt=&quot;Motors Souq App home page&quot; width=&quot;600&quot; height=&quot;1080&quot; /&gt;&lt;/p&gt;\n&lt;p&gt; &lt;/p&gt;', 'DE', 418),
('تطبيق موتورز سوق لنظام الأندرويد', 'تطبيق الأندرويد، متجر جوجل، تطبيق موتورز سوق، تطبيق موقع سيارات، موقع الكتروني للسيارات، سوق السيارات الإلكتروني، سيارات للبيع، سيارات البحرين، سوق الأندرويد للتطبيقات', 'تطبيق موتورز سوق لنظام الأندرويد متوفر الآن للتحميل مجاناً.', '&lt;p style=&quot;text-align: left;&quot; dir=&quot;ltr&quot;&gt; &lt;/p&gt;\n&lt;table style=&quot;margin-left: auto; margin-right: auto; width: 700px; border: 0px solid #a9a9a9;&quot; border=&quot;0&quot; align=&quot;center&quot;&gt;\n&lt;tbody&gt;\n&lt;tr&gt;\n&lt;td&gt;\n&lt;p id=&quot;internal-source-marker_0.5436179911378501&quot; style=&quot;text-align: right; margin-top: 0pt; margin-bottom: 0pt;&quot; dir=&quot;rtl&quot;&gt;&lt;span style=&quot;font-size: 15px; font-family: tahoma,arial,helvetica,sans-serif; color: #000000; background-color: transparent; font-weight: normal; font-style: normal; font-variant: normal; text-decoration: none; vertical-align: baseline;&quot;&gt;نقدم لكم اليوم بعد توفيق من الله تطبيق بوابة موتورز سوق الإلكتروني، حيث أن بعد عمل دؤوب إستمر اسبوعين تمكن فريق البرمجة في شركة (AMHSOFT) من الإنتهاء من أول تطبيق للهواتف الذكية لبوابة موتورز سوق.&lt;/span&gt;&lt;/p&gt;\n&lt;br /&gt;\n&lt;p style=&quot;text-align: right; margin-top: 0pt; margin-bottom: 0pt;&quot; dir=&quot;rtl&quot;&gt;&lt;span style=&quot;font-size: 15px; font-family: tahoma,arial,helvetica,sans-serif; color: #000000; background-color: transparent; font-weight: normal; font-style: normal; font-variant: normal; text-decoration: none; vertical-align: baseline;&quot;&gt;وتطبيق بوابة موتورز سوق الإلكتروني على نظام الأندرويد يمكن مستخدميه من القيام بأهم العمليات التي يستخدمها مستخدموا موتورز سوق (الموقع) وهي:&lt;/span&gt;&lt;/p&gt;\n&lt;ul&gt;\n&lt;li dir=&quot;rtl&quot;&gt;&lt;span style=&quot;font-size: 15px; font-family: tahoma,arial,helvetica,sans-serif; color: #000000; background-color: transparent; font-weight: normal; font-style: normal; font-variant: normal; text-decoration: none; vertical-align: baseline;&quot;&gt; - البحث عن سيارة&lt;/span&gt;&lt;/li&gt;\n&lt;li dir=&quot;rtl&quot;&gt;&lt;span style=&quot;font-size: 15px; font-family: tahoma,arial,helvetica,sans-serif; color: #000000; background-color: transparent; font-weight: normal; font-style: normal; font-variant: normal; text-decoration: none; vertical-align: baseline;&quot;&gt;- إضافة سيارة&lt;/span&gt;&lt;/li&gt;\n&lt;li dir=&quot;rtl&quot;&gt;&lt;span style=&quot;font-size: 15px; font-family: tahoma,arial,helvetica,sans-serif; color: #000000; background-color: transparent; font-weight: normal; font-style: normal; font-variant: normal; text-decoration: none; vertical-align: baseline;&quot;&gt;- طلب سيارة للشراء&lt;/span&gt;&lt;/li&gt;\n&lt;li dir=&quot;rtl&quot;&gt;&lt;span style=&quot;font-size: 15px; font-family: tahoma,arial,helvetica,sans-serif; color: #000000; background-color: transparent; font-weight: normal; font-style: normal; font-variant: normal; text-decoration: none; vertical-align: baseline;&quot;&gt;- ومشاهدة آخر السيارات إضافة في البوابة.&lt;/span&gt;&lt;/li&gt;\n&lt;/ul&gt;\n&lt;br /&gt;\n&lt;p style=&quot;text-align: right; margin-top: 0pt; margin-bottom: 0pt;&quot; dir=&quot;rtl&quot;&gt;&lt;span style=&quot;font-size: 15px; font-family: tahoma,arial,helvetica,sans-serif; color: #000000; background-color: transparent; font-weight: normal; font-style: normal; font-variant: normal; text-decoration: none; vertical-align: baseline;&quot;&gt;والقرار الذي تم إتخاذه في الشركة لإنشاء التطبيق الذي يعتبر الأول على مستوى مملكة البحرين هو قرار تم بعد الطلب الكبير من مستخدمي البوابة في توفير وسائل إستخدام أكثر سهولة لهم للإستفادة من خدمات البوابة الرائعة والمجانية في نفس الوقت، ومنذ تلك اللحضة لم يتواني فريق العمل في البدء في تجهيز دراسة المشروع وتطبيقه برمجياً لإخراج أول تطبيق في مملكة البحرين على نظام الأندرويد لسوق سيارات مملكة البحرين.&lt;/span&gt;&lt;/p&gt;\n&lt;br /&gt;\n&lt;p style=&quot;text-align: right; margin-top: 0pt; margin-bottom: 0pt;&quot; dir=&quot;rtl&quot;&gt;&lt;span style=&quot;font-size: 15px; font-family: tahoma,arial,helvetica,sans-serif; color: #000000; background-color: transparent; font-weight: normal; font-style: normal; font-variant: normal; text-decoration: none; vertical-align: baseline;&quot;&gt;ولتحميل التطبيق من سوق الجوجل للتطبيقات (Google play) يمكنكم أعزائنا المهتمين كتابة (موتورز سوق) أو (motors souq) في محرك بحث سوق جوجل او يمكنكم الضغط مباشرة على أيقونة سوق جوجل:&lt;/span&gt;&lt;/p&gt;\n&lt;p style=&quot;text-align: right; margin-top: 0pt; margin-bottom: 0pt;&quot; dir=&quot;rtl&quot;&gt;&lt;span style=&quot;font-size: 15px; font-family: tahoma,arial,helvetica,sans-serif; color: #000000; background-color: transparent; font-weight: normal; font-style: normal; font-variant: normal; text-decoration: none; vertical-align: baseline;&quot;&gt;&lt;br /&gt;&lt;/span&gt;&lt;/p&gt;\n&lt;/td&gt;\n&lt;/tr&gt;\n&lt;/tbody&gt;\n&lt;/table&gt;\n&lt;p&gt;&lt;a title=&quot;Motors Souq android APP&quot; href=&quot;https://play.google.com/store/apps/details?id=amhsoft.apps.motorssouq&amp;amp;hl=en&quot; target=&quot;_blank&quot;&gt;&lt;span style=&quot;font-family: tahoma,arial,helvetica,sans-serif; font-size: small;&quot;&gt;&lt;img style=&quot;display: block; margin-left: auto; margin-right: auto;&quot; src=&quot;https://lh3.googleusercontent.com/ZX4As4r_Kin3lYeVPlgVJTabq3YUW2TT6BIuKr3urV1w_2n0bfwLRHcQLIH3-rHY_ZZpHXnmHnkdhz8LIE0WGcnLAQOEuwFvnOAxcDS3i6gl-5hpKr29&quot; alt=&quot;&quot; width=&quot;129&quot; height=&quot;45&quot; /&gt;&lt;/span&gt;&lt;/a&gt;&lt;/p&gt;\n&lt;p style=&quot;text-align: left;&quot; dir=&quot;ltr&quot;&gt; &lt;/p&gt;\n&lt;table style=&quot;margin-left: auto; margin-right: auto; width: 500px; border: 0px solid #a9a9a9;&quot; border=&quot;0&quot; align=&quot;center&quot;&gt;\n&lt;tbody&gt;\n&lt;tr&gt;\n&lt;td&gt;\n&lt;p id=&quot;internal-source-marker_0.5436179911378501&quot; style=&quot;text-align: right; margin-top: 0pt; margin-bottom: 0pt;&quot; dir=&quot;rtl&quot;&gt;&lt;span style=&quot;font-size: 15px; font-family: tahoma,arial,helvetica,sans-serif; color: #000000; background-color: transparent; font-weight: normal; font-style: normal; font-variant: normal; text-decoration: none; vertical-align: baseline;&quot;&gt;ندعوكم الآن لإلقاء نظرة خاطفة على تطبيق موتورز سوق:&lt;/span&gt;&lt;/p&gt;\n&lt;br /&gt;\n&lt;p&gt; &lt;/p&gt;\n&lt;p id=&quot;internal-source-marker_0.5436179911378501&quot; style=&quot;text-align: right; margin-top: 0pt; margin-bottom: 0pt;&quot; dir=&quot;rtl&quot;&gt;&lt;span style=&quot;font-size: medium; font-family: tahoma,arial,helvetica,sans-serif; color: #000000; background-color: transparent; font-weight: normal; font-style: normal; font-variant: normal; text-decoration: none; vertical-align: baseline;&quot;&gt;الصفحة الرئيسية:&lt;/span&gt;&lt;/p&gt;\n&lt;p style=&quot;text-align: right; margin-top: 0pt; margin-bottom: 0pt;&quot; dir=&quot;rtl&quot;&gt;&lt;span style=&quot;font-size: medium; font-family: tahoma,arial,helvetica,sans-serif; color: #000000; background-color: transparent; font-weight: normal; font-style: normal; font-variant: normal; text-decoration: none; vertical-align: baseline;&quot;&gt;&lt;br /&gt;&lt;/span&gt;&lt;/p&gt;\n&lt;p&gt;&lt;img style=&quot;vertical-align: middle; float: right;&quot; src=&quot;https://lh3.googleusercontent.com/V94QZN2qsC8aHxTW45CgACQYQZnBXgcFK-qkjQ6uL-F_oaLHNN7uE1HBwg10z7n8GnU-03ddMMhwy-pVbtpHbqSdn85yDrjzE_4AN8O7D0aM5dvPpVGW&quot; alt=&quot;&quot; width=&quot;500&quot; height=&quot;650&quot; /&gt;&lt;/p&gt;\n&lt;p&gt; &lt;/p&gt;\n&lt;table border=&quot;0&quot;&gt;\n&lt;tbody&gt;\n&lt;tr&gt;\n&lt;td style=&quot;text-align: right;&quot; dir=&quot;rtl&quot;&gt;&lt;span style=&quot;font-family: tahoma,arial,helvetica,sans-serif; font-size: medium;&quot;&gt;&lt;br /&gt;البحث عن مركبة&lt;br /&gt;&lt;br /&gt;&lt;/span&gt;&lt;/td&gt;\n&lt;td style=&quot;width: 100px;&quot;&gt; &lt;/td&gt;\n&lt;td style=&quot;text-align: right;&quot; dir=&quot;rtl&quot;&gt;&lt;span style=&quot;font-family: tahoma,arial,helvetica,sans-serif; font-size: medium;&quot;&gt;&lt;br /&gt;آخر السيارة المضافة&lt;br /&gt;&lt;br /&gt;&lt;/span&gt;&lt;/td&gt;\n&lt;/tr&gt;\n&lt;tr&gt;\n&lt;td&gt;&lt;img src=&quot;https://lh5.googleusercontent.com/tmfIqO8413EHeAnOB-HMqeFCq1hHkxD5Rn-78ocBhPokpRfq7sl7saGIzo3hojy-wGKMe8Ic4K0kJhxBm_9JtRon0mDek_ntBVzxlnYGISByonSk2Anc&quot; alt=&quot;motorssouq.com app search window&quot; width=&quot;330&quot; height=&quot;580&quot; /&gt;&lt;/td&gt;\n&lt;td&gt; &lt;/td&gt;\n&lt;td&gt;&lt;img src=&quot;https://lh6.googleusercontent.com/A3zcC_6-L5z_-2oa7JOuuiTPdb0tZ9nQN0dIXVRlUA7aeRg_xRjyNzqVB-7eoElgmApIbAWc8ItT9QZ19be1Gny4Tas7eocZND8pR2-25C3lrQS6f2UB&quot; alt=&quot;motorssouq.com app lasted added cars page&quot; width=&quot;330&quot; height=&quot;580&quot; /&gt;&lt;/td&gt;\n&lt;/tr&gt;\n&lt;/tbody&gt;\n&lt;/table&gt;\n&lt;table border=&quot;0&quot;&gt;\n&lt;tbody&gt;\n&lt;tr&gt;\n&lt;td style=&quot;text-align: right;&quot; dir=&quot;rtl&quot;&gt;&lt;span style=&quot;font-family: tahoma,arial,helvetica,sans-serif; font-size: medium;&quot;&gt;&lt;br /&gt;&lt;br /&gt;إضافة سيارة للبيع&lt;br /&gt;&lt;br /&gt;&lt;/span&gt;&lt;/td&gt;\n&lt;td&gt; &lt;/td&gt;\n&lt;td style=&quot;text-align: right;&quot; dir=&quot;rtl&quot;&gt;&lt;span style=&quot;font-family: tahoma,arial,helvetica,sans-serif; font-size: medium;&quot;&gt;&lt;br /&gt;&lt;br /&gt;طلب مركبة للشراء&lt;br /&gt;&lt;br /&gt;&lt;/span&gt;&lt;/td&gt;\n&lt;/tr&gt;\n&lt;tr&gt;\n&lt;td&gt;&lt;img src=&quot;https://lh3.googleusercontent.com/5reQA--Wk1ZPCUWfnofjhbp_yVAZeEUXfR-sDCietfP9g0V3uy7uhZyAfR-9_TNr9Pu7RmKGaFNnse_qPV2Hu4ql8mafPChQGpaKAATK43CWftgC6O4A&quot; alt=&quot;motorssouq.com android app add car page&quot; width=&quot;330&quot; height=&quot;580&quot; /&gt;&lt;/td&gt;\n&lt;td&gt; &lt;/td&gt;\n&lt;td&gt;&lt;img src=&quot;https://lh6.googleusercontent.com/6asRJn1PcTab6nnXfYgKpeQXX9f4krXjdv528mlu70XXPH6pmHYdhyqWhn_jWMpPvKRb1BsJojbl3aG4hcGBlRkYqiOBuGy-Ytg1y2xC3PwG41q5jlA&quot; alt=&quot;motorssouq.com android app request motor to buy&quot; width=&quot;330&quot; height=&quot;580&quot; /&gt;&lt;/td&gt;\n&lt;/tr&gt;\n&lt;/tbody&gt;\n&lt;/table&gt;\n&lt;p&gt; &lt;/p&gt;\n&lt;/td&gt;\n&lt;/tr&gt;\n&lt;/tbody&gt;\n&lt;/table&gt;', 'AR', 419),
('Motors Souq APP', 'android app, google store, motors souq app, car app, online car website, motors souq, car for sale, bahrain cars, buy car, android market', 'Motors Souq android app is available now for free to download.', '&lt;p style=&quot;text-align: left;&quot; dir=&quot;ltr&quot;&gt; &lt;/p&gt;\n&lt;table style=&quot;margin-left: auto; margin-right: auto; width: 700px; border: 0px solid #a9a9a9;&quot; border=&quot;0&quot; align=&quot;center&quot;&gt;\n&lt;tbody&gt;\n&lt;tr&gt;\n&lt;td&gt;\n&lt;p&gt;&lt;span style=&quot;font-family: tahoma,arial,helvetica,sans-serif; font-size: small;&quot;&gt;Motors Souq present today for his users (motors souq android app) after a concentrating work consume 14 days of hard working by (AMHSOFT) development team. And motors souq android app is the first app AHSOFT produce in the company for its own global projects.&lt;/span&gt;&lt;/p&gt;\n&lt;p style=&quot;text-align: left;&quot; dir=&quot;ltr&quot;&gt; &lt;/p&gt;\n&lt;p&gt;&lt;span style=&quot;font-family: tahoma,arial,helvetica,sans-serif; font-size: small;&quot;&gt;Motors Souq app is design by android system that allow it users to use the most used functions in Motors Souq website and they are:&lt;/span&gt;&lt;/p&gt;\n&lt;p style=&quot;text-align: left;&quot; dir=&quot;ltr&quot;&gt; &lt;/p&gt;\n&lt;ul&gt;\n&lt;li&gt;&lt;span style=&quot;font-family: tahoma,arial,helvetica,sans-serif; font-size: small;&quot;&gt;- Motors searching.&lt;/span&gt;&lt;/li&gt;\n&lt;li&gt;&lt;span style=&quot;font-family: tahoma,arial,helvetica,sans-serif; font-size: small;&quot;&gt;- Add car for sale.&lt;/span&gt;&lt;/li&gt;\n&lt;li&gt;&lt;span style=&quot;font-family: tahoma,arial,helvetica,sans-serif; font-size: small;&quot;&gt;- Request motor to buy.&lt;/span&gt;&lt;/li&gt;\n&lt;li&gt;&lt;span style=&quot;font-family: tahoma,arial,helvetica,sans-serif; font-size: small;&quot;&gt;- View latest added cars.&lt;/span&gt;&lt;/li&gt;\n&lt;/ul&gt;\n&lt;p style=&quot;text-align: left;&quot; dir=&quot;ltr&quot;&gt; &lt;/p&gt;\n&lt;p&gt;&lt;span style=&quot;font-family: tahoma,arial,helvetica,sans-serif; font-size: small;&quot;&gt;The decision that (AMHSOFT) took to create motors souq app as the first motors market app in the kingdom of Bahrain is a decision made after the very large demands the company receive from the portal users to provide them with more easy to use tools to take the maximum advantage from the most fast growing and free service portal in the kingdom of Bahrain, beside that reason is the huge number of motors added to the portal on a daily basis. Those 2 main reasons that let the company cut the discussion on the board table and start right away the planning and development in the same time without any hesitation or doubt about its success as it’s the first Motors app in the kingdom of Bahrain.&lt;/span&gt;&lt;/p&gt;\n&lt;p style=&quot;text-align: left;&quot; dir=&quot;ltr&quot;&gt; &lt;/p&gt;\n&lt;p&gt;&lt;span style=&quot;font-family: tahoma,arial,helvetica,sans-serif; font-size: small;&quot;&gt;And to down load the app from (Google play) you can search for the app in the store by writing (motors souq) or just go ahead and click the download icon below:&lt;/span&gt;&lt;/p&gt;\n&lt;/td&gt;\n&lt;/tr&gt;\n&lt;/tbody&gt;\n&lt;/table&gt;\n&lt;p&gt;&lt;a title=&quot;Motors Souq android APP&quot; href=&quot;https://play.google.com/store/apps/details?id=amhsoft.apps.motorssouq&amp;amp;hl=en&quot; target=&quot;_blank&quot;&gt;&lt;span style=&quot;font-family: tahoma,arial,helvetica,sans-serif; font-size: small;&quot;&gt;&lt;img style=&quot;display: block; margin-left: auto; margin-right: auto;&quot; src=&quot;https://lh3.googleusercontent.com/ZX4As4r_Kin3lYeVPlgVJTabq3YUW2TT6BIuKr3urV1w_2n0bfwLRHcQLIH3-rHY_ZZpHXnmHnkdhz8LIE0WGcnLAQOEuwFvnOAxcDS3i6gl-5hpKr29&quot; alt=&quot;&quot; width=&quot;129&quot; height=&quot;45&quot; /&gt;&lt;/span&gt;&lt;/a&gt;&lt;/p&gt;\n&lt;p style=&quot;text-align: left;&quot; dir=&quot;ltr&quot;&gt; &lt;/p&gt;\n&lt;table style=&quot;margin-left: auto; margin-right: auto; width: 500px; border: 0px solid #a9a9a9;&quot; border=&quot;0&quot; align=&quot;center&quot;&gt;\n&lt;tbody&gt;\n&lt;tr&gt;\n&lt;td&gt;And now please have a look at some screen shots of Motors Souq App:\n&lt;p&gt; &lt;/p&gt;\n&lt;p&gt;&lt;span style=&quot;font-family: tahoma,arial,helvetica,sans-serif; font-size: medium;&quot;&gt;Home page:&lt;/span&gt;&lt;/p&gt;\n&lt;p&gt;&lt;img style=&quot;vertical-align: middle;&quot; src=&quot;https://lh3.googleusercontent.com/V94QZN2qsC8aHxTW45CgACQYQZnBXgcFK-qkjQ6uL-F_oaLHNN7uE1HBwg10z7n8GnU-03ddMMhwy-pVbtpHbqSdn85yDrjzE_4AN8O7D0aM5dvPpVGW&quot; alt=&quot;&quot; width=&quot;500&quot; height=&quot;650&quot; /&gt;&lt;/p&gt;\n&lt;p&gt; &lt;/p&gt;\n&lt;table border=&quot;0&quot;&gt;\n&lt;tbody&gt;\n&lt;tr&gt;\n&lt;td&gt;&lt;span style=&quot;font-family: tahoma,arial,helvetica,sans-serif; font-size: medium;&quot;&gt;Motor searching&lt;/span&gt;&lt;/td&gt;\n&lt;td&gt;&lt;span style=&quot;font-family: tahoma,arial,helvetica,sans-serif; font-size: medium;&quot;&gt;       &lt;/span&gt;&lt;/td&gt;\n&lt;td&gt;&lt;span style=&quot;font-family: tahoma,arial,helvetica,sans-serif; font-size: medium;&quot;&gt;view latest added motors&lt;/span&gt;&lt;/td&gt;\n&lt;/tr&gt;\n&lt;tr&gt;\n&lt;td&gt;&lt;img src=&quot;https://lh5.googleusercontent.com/tmfIqO8413EHeAnOB-HMqeFCq1hHkxD5Rn-78ocBhPokpRfq7sl7saGIzo3hojy-wGKMe8Ic4K0kJhxBm_9JtRon0mDek_ntBVzxlnYGISByonSk2Anc&quot; alt=&quot;motorssouq.com app search window&quot; width=&quot;330&quot; height=&quot;580&quot; /&gt;&lt;/td&gt;\n&lt;td&gt; &lt;/td&gt;\n&lt;td&gt;&lt;img src=&quot;https://lh6.googleusercontent.com/A3zcC_6-L5z_-2oa7JOuuiTPdb0tZ9nQN0dIXVRlUA7aeRg_xRjyNzqVB-7eoElgmApIbAWc8ItT9QZ19be1Gny4Tas7eocZND8pR2-25C3lrQS6f2UB&quot; alt=&quot;motorssouq.com app lasted added cars page&quot; width=&quot;330&quot; height=&quot;580&quot; /&gt;&lt;/td&gt;\n&lt;/tr&gt;\n&lt;/tbody&gt;\n&lt;/table&gt;\n&lt;table border=&quot;0&quot;&gt;\n&lt;tbody&gt;\n&lt;tr&gt;\n&lt;td&gt;&lt;span style=&quot;font-family: tahoma,arial,helvetica,sans-serif; font-size: medium;&quot;&gt;&lt;br /&gt;Add car&lt;/span&gt;&lt;/td&gt;\n&lt;td&gt;&lt;span style=&quot;font-family: tahoma,arial,helvetica,sans-serif; font-size: medium;&quot;&gt;       &lt;/span&gt;&lt;/td&gt;\n&lt;td&gt;&lt;span style=&quot;font-family: tahoma,arial,helvetica,sans-serif; font-size: medium;&quot;&gt;&lt;br /&gt;Request motor to buy&lt;/span&gt;&lt;/td&gt;\n&lt;/tr&gt;\n&lt;tr&gt;\n&lt;td&gt;&lt;img src=&quot;https://lh3.googleusercontent.com/5reQA--Wk1ZPCUWfnofjhbp_yVAZeEUXfR-sDCietfP9g0V3uy7uhZyAfR-9_TNr9Pu7RmKGaFNnse_qPV2Hu4ql8mafPChQGpaKAATK43CWftgC6O4A&quot; alt=&quot;motorssouq.com android app add car page&quot; width=&quot;330&quot; height=&quot;580&quot; /&gt;&lt;/td&gt;\n&lt;td&gt; &lt;/td&gt;\n&lt;td&gt;&lt;img src=&quot;https://lh6.googleusercontent.com/6asRJn1PcTab6nnXfYgKpeQXX9f4krXjdv528mlu70XXPH6pmHYdhyqWhn_jWMpPvKRb1BsJojbl3aG4hcGBlRkYqiOBuGy-Ytg1y2xC3PwG41q5jlA&quot; alt=&quot;motorssouq.com android app request motor to buy&quot; width=&quot;330&quot; height=&quot;580&quot; /&gt;&lt;/td&gt;\n&lt;/tr&gt;\n&lt;/tbody&gt;\n&lt;/table&gt;\n&lt;p&gt; &lt;/p&gt;\n&lt;/td&gt;\n&lt;/tr&gt;\n&lt;/tbody&gt;\n&lt;/table&gt;', 'EN', 419);
INSERT INTO `cms_page_lang` (`title`, `keywords`, `description`, `content`, `lang`, `cms_page_id`) VALUES
('Motors Souq APP', 'android app, google store, motors souq app, car app, online car website, motors souq, car for sale, bahrain cars, buy car, android market', 'Motors Souq android app is available now for free to download.', '&lt;p&gt;&lt;span style=&quot;font-family: tahoma,arial,helvetica,sans-serif; font-size: small;&quot;&gt;Motors Souq present today for his users (motors souq android app) after a concentrating work consume 14 days of hard working by (AMHSOFT) development team. And motors souq android app is the first app AHSOFT produce in the company for its own global projects.&lt;/span&gt;&lt;/p&gt;\n&lt;p&gt;&lt;span style=&quot;font-family: tahoma,arial,helvetica,sans-serif; font-size: small;&quot;&gt;Motors Souq app is design by android system that allow it users to use the most used functions in Motors Souq website and they are:&lt;/span&gt;&lt;/p&gt;\n&lt;ol&gt;\n&lt;li&gt;&lt;span style=&quot;font-family: tahoma,arial,helvetica,sans-serif; font-size: small;&quot;&gt;Motors searching.&lt;/span&gt;&lt;/li&gt;\n&lt;li&gt;&lt;span style=&quot;font-family: tahoma,arial,helvetica,sans-serif; font-size: small;&quot;&gt;Add car for sale.&lt;/span&gt;&lt;/li&gt;\n&lt;li&gt;&lt;span style=&quot;font-family: tahoma,arial,helvetica,sans-serif; font-size: small;&quot;&gt;Request motor to buy.&lt;/span&gt;&lt;/li&gt;\n&lt;li&gt;&lt;span style=&quot;font-family: tahoma,arial,helvetica,sans-serif; font-size: small;&quot;&gt;View latest added cars.&lt;/span&gt;&lt;/li&gt;\n&lt;/ol&gt;\n&lt;p&gt;&lt;span style=&quot;font-family: tahoma,arial,helvetica,sans-serif; font-size: small;&quot;&gt;The decision that (AMHSOFT) took to create motors souq app as the first motors market app in the kingdom of Bahrain is a decision made after the very large demands the company receive from the portal users to provide them with more easy to use tools to take the maximum advantage from the most fast growing and free service portal in the kingdom of Bahrain, beside that reason is the huge number of motors added to the portal on a daily basis. Those 2 main reasons that let the company cut the discussion on the board table and start right away the planning and development in the same time without any hesitation or doubt about its success as it’s the first Motors app in the kingdom of Bahrain.&lt;/span&gt;&lt;/p&gt;\n&lt;p&gt;&lt;span style=&quot;font-family: tahoma,arial,helvetica,sans-serif; font-size: small;&quot;&gt;And to down load the app from (Google play) you can search for the app in the store by writing (motors souq) or just go ahead and click the download icon below:&lt;/span&gt;&lt;/p&gt;\n&lt;p&gt;&lt;a title=&quot;Motors Souq android APP&quot; href=&quot;https://play.google.com/store/apps/details?id=amhsoft.apps.motorssouq&amp;amp;hl=en&quot; target=&quot;_blank&quot;&gt;&lt;span style=&quot;font-family: tahoma,arial,helvetica,sans-serif; font-size: small;&quot;&gt;&lt;img style=&quot;display: block; margin-left: auto; margin-right: auto;&quot; src=&quot;https://lh3.googleusercontent.com/ZX4As4r_Kin3lYeVPlgVJTabq3YUW2TT6BIuKr3urV1w_2n0bfwLRHcQLIH3-rHY_ZZpHXnmHnkdhz8LIE0WGcnLAQOEuwFvnOAxcDS3i6gl-5hpKr29&quot; alt=&quot;&quot; width=&quot;129&quot; height=&quot;45&quot; /&gt;&lt;/span&gt;&lt;/a&gt;&lt;/p&gt;\n&lt;p&gt; And now please have a look at some screen shots of Motors Souq App:&lt;/p&gt;\n&lt;p&gt; &lt;/p&gt;\n&lt;p&gt;Home page:&lt;/p&gt;\n&lt;p&gt;&lt;img style=&quot;vertical-align: middle; display: block; margin-left: auto; margin-right: auto;&quot; src=&quot;https://lh3.googleusercontent.com/V94QZN2qsC8aHxTW45CgACQYQZnBXgcFK-qkjQ6uL-F_oaLHNN7uE1HBwg10z7n8GnU-03ddMMhwy-pVbtpHbqSdn85yDrjzE_4AN8O7D0aM5dvPpVGW&quot; alt=&quot;&quot; width=&quot;600&quot; height=&quot;758&quot; /&gt;&lt;/p&gt;\n&lt;p&gt; &lt;/p&gt;\n&lt;table border=&quot;0&quot; align=&quot;center&quot;&gt;\n&lt;tbody&gt;\n&lt;tr&gt;\n&lt;td&gt;&lt;span style=&quot;font-family: tahoma,arial,helvetica,sans-serif;&quot;&gt;&lt;strong&gt;&lt;span style=&quot;font-size: medium;&quot;&gt;Motor Searching&lt;/span&gt;&lt;/strong&gt;&lt;/span&gt;&lt;br /&gt;&lt;img style=&quot;vertical-align: middle; display: block; margin-left: auto; margin-right: auto;&quot; src=&quot;https://lh3.googleusercontent.com/BL8lfZFDJ-zhaxbWd0QfBIxlUtd-Zvd50-KYb6L9-zn0hodJTZpSh_hRBZbh_bGA1pyk1on9nCjJAJgpKMZeFX-e8iN3XEkUyhFZX3oCTqugEKqzzcpO&quot; alt=&quot;search for motor&quot; width=&quot;480&quot; height=&quot;568&quot; /&gt;&lt;/td&gt;\n&lt;td&gt;&lt;strong&gt;&lt;span style=&quot;font-size: medium; font-family: tahoma,arial,helvetica,sans-serif;&quot;&gt;&lt;br /&gt;&lt;br /&gt;&lt;br /&gt;&lt;br /&gt;Latest added Cars&lt;/span&gt;&lt;/strong&gt;&lt;br /&gt;&lt;img style=&quot;display: block; margin-left: auto; margin-right: auto;&quot; src=&quot;https://lh6.googleusercontent.com/A3zcC_6-L5z_-2oa7JOuuiTPdb0tZ9nQN0dIXVRlUA7aeRg_xRjyNzqVB-7eoElgmApIbAWc8ItT9QZ19be1Gny4Tas7eocZND8pR2-25C3lrQS6f2UB&quot; alt=&quot;view latest added cars&quot; width=&quot;418&quot; height=&quot;640&quot; /&gt;&lt;/td&gt;\n&lt;/tr&gt;\n&lt;tr&gt;\n&lt;td&gt;&lt;br /&gt;&lt;br /&gt;&lt;br /&gt;&lt;span style=&quot;font-size: medium; font-family: tahoma,arial,helvetica,sans-serif;&quot;&gt;&lt;strong&gt;Add car:&lt;/strong&gt;&lt;/span&gt;&lt;br /&gt;&lt;img style=&quot;vertical-align: middle; display: block; margin-left: auto; margin-right: auto;&quot; src=&quot;https://lh3.googleusercontent.com/5reQA--Wk1ZPCUWfnofjhbp_yVAZeEUXfR-sDCietfP9g0V3uy7uhZyAfR-9_TNr9Pu7RmKGaFNnse_qPV2Hu4ql8mafPChQGpaKAATK43CWftgC6O4A&quot; alt=&quot;add car&quot; width=&quot;417&quot; height=&quot;640&quot; /&gt;&lt;/td&gt;\n&lt;td&gt;&lt;strong&gt;&lt;span style=&quot;font-size: medium; font-family: tahoma,arial,helvetica,sans-serif;&quot;&gt;Request Motor to buy&lt;/span&gt;&lt;/strong&gt;&lt;br /&gt;&lt;img style=&quot;display: block; margin-left: auto; margin-right: auto;&quot; src=&quot;https://lh6.googleusercontent.com/6asRJn1PcTab6nnXfYgKpeQXX9f4krXjdv528mlu70XXPH6pmHYdhyqWhn_jWMpPvKRb1BsJojbl3aG4hcGBlRkYqiOBuGy-Ytg1y2xC3PwG41q5jlA&quot; alt=&quot;Request a motor&quot; width=&quot;400&quot; height=&quot;614&quot; /&gt;&lt;/td&gt;\n&lt;/tr&gt;\n&lt;/tbody&gt;\n&lt;/table&gt;', 'DE', 419),
('Oscar home page', NULL, NULL, '&lt;p&gt;&lt;img style=&quot;display: block; margin-left: auto; margin-right: auto;&quot; src=&quot;https://lh4.googleusercontent.com/-7uZ7N_a_dfk/UGxGybAWOsI/AAAAAAAABZk/EbqAwPRTz9I/w582-h181-p-k/main+banner-demo.png&quot; alt=&quot;&quot; width=&quot;582&quot; height=&quot;181&quot; /&gt;&lt;/p&gt;\n&lt;p&gt; &lt;/p&gt;\n&lt;table style=&quot;width: 634px; height: 22px;&quot; border=&quot;0&quot;&gt;\n&lt;tbody&gt;\n&lt;tr&gt;\n&lt;td style=&quot;text-align: center;&quot;&gt;Economy&lt;/td&gt;\n&lt;td style=&quot;text-align: center;&quot;&gt;sedan&lt;/td&gt;\n&lt;td style=&quot;text-align: center;&quot;&gt;coupe&lt;/td&gt;\n&lt;/tr&gt;\n&lt;/tbody&gt;\n&lt;/table&gt;\n&lt;p&gt; &lt;/p&gt;\n&lt;table style=&quot;width: 632px; height: 22px;&quot; border=&quot;0&quot;&gt;\n&lt;tbody&gt;\n&lt;tr&gt;\n&lt;td style=&quot;text-align: center;&quot;&gt;medium lexury&lt;/td&gt;\n&lt;td style=&quot;text-align: center;&quot;&gt;lexury&lt;/td&gt;\n&lt;/tr&gt;\n&lt;/tbody&gt;\n&lt;/table&gt;\n&lt;p&gt; &lt;/p&gt;\n&lt;p&gt; &lt;/p&gt;\n&lt;p&gt; &lt;/p&gt;\n&lt;p&gt; &lt;/p&gt;\n&lt;p&gt; &lt;/p&gt;\n&lt;p&gt; &lt;/p&gt;', 'AR', 420),
('Oscar home page', NULL, NULL, '&lt;p&gt;&lt;img style=&quot;display: block; margin-left: auto; margin-right: auto;&quot; src=&quot;https://lh4.googleusercontent.com/-7uZ7N_a_dfk/UGxGybAWOsI/AAAAAAAABZk/EbqAwPRTz9I/w582-h181-p-k/main+banner-demo.png&quot; alt=&quot;&quot; width=&quot;582&quot; height=&quot;181&quot; /&gt;&lt;/p&gt;\n&lt;p&gt; &lt;/p&gt;\n&lt;table style=&quot;width: 634px; height: 22px;&quot; border=&quot;0&quot;&gt;\n&lt;tbody&gt;\n&lt;tr&gt;\n&lt;td style=&quot;text-align: center;&quot;&gt;Economy&lt;/td&gt;\n&lt;td style=&quot;text-align: center;&quot;&gt;sedan&lt;/td&gt;\n&lt;td style=&quot;text-align: center;&quot;&gt;coupe&lt;/td&gt;\n&lt;/tr&gt;\n&lt;/tbody&gt;\n&lt;/table&gt;\n&lt;p&gt; &lt;/p&gt;\n&lt;table style=&quot;width: 632px; height: 22px;&quot; border=&quot;0&quot;&gt;\n&lt;tbody&gt;\n&lt;tr&gt;\n&lt;td style=&quot;text-align: center;&quot;&gt;medium lexury&lt;/td&gt;\n&lt;td style=&quot;text-align: center;&quot;&gt;lexury&lt;/td&gt;\n&lt;/tr&gt;\n&lt;/tbody&gt;\n&lt;/table&gt;\n&lt;p&gt; &lt;/p&gt;\n&lt;p&gt; &lt;/p&gt;\n&lt;p&gt; &lt;/p&gt;\n&lt;p&gt; &lt;/p&gt;\n&lt;p&gt; &lt;/p&gt;\n&lt;p&gt; &lt;/p&gt;', 'EN', 420),
('Oscar home page', NULL, NULL, '&lt;p&gt;&lt;img style=&quot;display: block; margin-left: auto; margin-right: auto;&quot; src=&quot;https://lh4.googleusercontent.com/-7uZ7N_a_dfk/UGxGybAWOsI/AAAAAAAABZk/EbqAwPRTz9I/w582-h181-p-k/main+banner-demo.png&quot; alt=&quot;&quot; width=&quot;582&quot; height=&quot;181&quot; /&gt;&lt;/p&gt;\n&lt;p&gt; &lt;/p&gt;\n&lt;table style=&quot;width: 634px; height: 22px;&quot; border=&quot;0&quot;&gt;\n&lt;tbody&gt;\n&lt;tr&gt;\n&lt;td style=&quot;text-align: center;&quot;&gt;Economy&lt;/td&gt;\n&lt;td style=&quot;text-align: center;&quot;&gt;sedan&lt;/td&gt;\n&lt;td style=&quot;text-align: center;&quot;&gt;coupe&lt;/td&gt;\n&lt;/tr&gt;\n&lt;/tbody&gt;\n&lt;/table&gt;\n&lt;p&gt; &lt;/p&gt;\n&lt;table style=&quot;width: 632px; height: 22px;&quot; border=&quot;0&quot;&gt;\n&lt;tbody&gt;\n&lt;tr&gt;\n&lt;td style=&quot;text-align: center;&quot;&gt;medium lexury&lt;/td&gt;\n&lt;td style=&quot;text-align: center;&quot;&gt;lexury&lt;/td&gt;\n&lt;/tr&gt;\n&lt;/tbody&gt;\n&lt;/table&gt;\n&lt;p&gt; &lt;/p&gt;\n&lt;p&gt; &lt;/p&gt;\n&lt;p&gt; &lt;/p&gt;\n&lt;p&gt; &lt;/p&gt;\n&lt;p&gt; &lt;/p&gt;\n&lt;p&gt; &lt;/p&gt;', 'DE', 420),
('Oscar home page', NULL, NULL, '&lt;p&gt;&lt;img style=&quot;display: block; margin-left: auto; margin-right: auto;&quot; src=&quot;https://lh4.googleusercontent.com/-7uZ7N_a_dfk/UGxGybAWOsI/AAAAAAAABZk/EbqAwPRTz9I/w582-h181-p-k/main+banner-demo.png&quot; alt=&quot;&quot; width=&quot;582&quot; height=&quot;181&quot; /&gt;&lt;/p&gt;\n&lt;p&gt; &lt;/p&gt;\n&lt;table style=&quot;width: 634px; height: 22px;&quot; border=&quot;0&quot;&gt;\n&lt;tbody&gt;\n&lt;tr&gt;\n&lt;td style=&quot;text-align: center;&quot;&gt;&lt;img src=&quot;https://lh4.googleusercontent.com/-PidTJlPeSf8/UGxKzOSnFfI/AAAAAAAABZ4/Q1KtUh-s4ME/w378-h215-n-k/hpage.jpg&quot; alt=&quot;&quot; width=&quot;181&quot; height=&quot;150&quot; /&gt;&lt;/td&gt;\n&lt;td style=&quot;text-align: center;&quot;&gt;&lt;img src=&quot;https://lh6.googleusercontent.com/--ZoqPBJqa_k/UGxNE-7WoqI/AAAAAAAABaQ/7qvmRRnIsfo/w387-h208-n-k/altima.jpg&quot; alt=&quot;&quot; width=&quot;180&quot; height=&quot;150&quot; /&gt;&lt;/td&gt;\n&lt;td style=&quot;text-align: center;&quot;&gt;&lt;img src=&quot;https://lh4.googleusercontent.com/-VW4m3EoLwjk/UGxNs2Zwh-I/AAAAAAAABao/SFv3GSNjIZU/w233-h174-n-k/mini+cooper.jpg&quot; alt=&quot;&quot; width=&quot;180&quot; height=&quot;150&quot; /&gt;&lt;/td&gt;\n&lt;/tr&gt;\n&lt;/tbody&gt;\n&lt;/table&gt;\n&lt;p&gt; &lt;/p&gt;\n&lt;table style=&quot;width: 632px; height: 22px;&quot; border=&quot;0&quot;&gt;\n&lt;tbody&gt;\n&lt;tr&gt;\n&lt;td style=&quot;text-align: center;&quot;&gt;&lt;img src=&quot;https://lh3.googleusercontent.com/-VOmXSoyD1ik/UGxNEHS6QOI/AAAAAAAABaI/S44AQ57Sed8/w188-h140-n-k/1.jpg&quot; alt=&quot;&quot; width=&quot;180&quot; height=&quot;150&quot; /&gt;&lt;/td&gt;\n&lt;td style=&quot;text-align: center;&quot;&gt;&lt;img src=&quot;https://lh5.googleusercontent.com/-lYYp-HodU7c/UGxNKRZTY-I/AAAAAAAABag/VpHUZlCslQE/w300-h174-n-k/bmw.jpg&quot; alt=&quot;&quot; width=&quot;180&quot; height=&quot;150&quot; /&gt;&lt;/td&gt;\n&lt;/tr&gt;\n&lt;/tbody&gt;\n&lt;/table&gt;\n&lt;p&gt; &lt;/p&gt;\n&lt;p&gt; &lt;/p&gt;\n&lt;p&gt; &lt;/p&gt;\n&lt;p&gt; &lt;/p&gt;\n&lt;p&gt; &lt;/p&gt;\n&lt;p&gt; &lt;/p&gt;', 'AR', 421),
('Oscar Car Rental', NULL, NULL, '&lt;p&gt; &lt;/p&gt;\n&lt;p&gt;&lt;img style=&quot;display: block; margin-left: auto; margin-right: auto;&quot; src=&quot;https://lh4.googleusercontent.com/-7uZ7N_a_dfk/UGxGybAWOsI/AAAAAAAABZk/EbqAwPRTz9I/w582-h181-p-k/main+banner-demo.png&quot; alt=&quot;&quot; width=&quot;650&quot; height=&quot;181&quot; /&gt;&lt;/p&gt;\n&lt;p&gt; &lt;/p&gt;\n&lt;p&gt; &lt;/p&gt;\n&lt;table style=&quot;margin-left: auto; margin-right: auto; width: 500px; border: 0px solid #a9a9a9;&quot; border=&quot;0&quot; align=&quot;center&quot;&gt;\n&lt;tbody&gt;\n&lt;tr&gt;\n&lt;td&gt;\n&lt;p style=&quot;text-align: left;&quot;&gt;&lt;span style=&quot;font-family: tahoma,arial,helvetica,sans-serif; font-size: medium;&quot;&gt;OSCAR RENT A CAR is one of the leading Car Rental and Leasing Company in the Kingdom of Bahrain started its operation in 1988 with only 3 cars.&lt;/span&gt;&lt;/p&gt;\n&lt;div class=&quot;textnew&quot; style=&quot;float: left; font-family: Verdana,&#039;Trebuchet MS&#039;,Arial; line-height: 18px; font-size: 12px; padding-right: 10px; padding-left: 10px; padding-top: 5px; color: #432a00; font-style: normal; font-variant: normal; font-weight: normal; letter-spacing: normal; orphans: 2; text-indent: 0px; text-transform: none; white-space: normal; widows: 2; word-spacing: 0px; background-color: #ffffff; margin-top: 0px; text-align: left;&quot;&gt;&lt;span style=&quot;font-family: tahoma,arial,helvetica,sans-serif; font-size: medium;&quot;&gt;Today, under the leadership of its owner MR. SHUKRI AL SABAH, it has a fleet of more than 700 Latest Model Vehicles in 4 different prime locations and it’s recognized for its service, price and flexibility.&lt;/span&gt;&lt;br /&gt;&lt;br /&gt;&lt;/div&gt;\n&lt;br /&gt;\n&lt;table style=&quot;width: 634px; height: 22px;&quot; border=&quot;0&quot; align=&quot;center&quot;&gt;\n&lt;tbody&gt;\n&lt;tr&gt;\n&lt;td style=&quot;text-align: center;&quot;&gt;&lt;img src=&quot;https://lh4.googleusercontent.com/-uj4f77tj6OI/UG03M8hn1OI/AAAAAAAAAHU/p-KfbsBkamg/s150/1.jpg&quot; alt=&quot;&quot; width=&quot;150&quot; height=&quot;150&quot; /&gt;&lt;br /&gt;&lt;span style=&quot;text-decoration: underline; font-size: small; color: #ff0000;&quot;&gt;&lt;strong&gt;economy&lt;/strong&gt;&lt;/span&gt;&lt;/td&gt;\n&lt;td style=&quot;text-align: center;&quot;&gt;&lt;img src=&quot;https://lh5.googleusercontent.com/-eFdEx-zyUF4/UG03M9muz2I/AAAAAAAAAHQ/-ABVwq71Ki0/s150/2.jpg&quot; alt=&quot;&quot; width=&quot;150&quot; height=&quot;150&quot; /&gt;&lt;br /&gt;&lt;span style=&quot;text-decoration: underline; font-size: small; color: #ff0000;&quot;&gt;&lt;strong&gt;sedan&lt;/strong&gt;&lt;/span&gt;&lt;/td&gt;\n&lt;td style=&quot;text-align: center;&quot;&gt;&lt;img src=&quot;https://lh5.googleusercontent.com/-k2X39WYV_Wo/UG03NmBZyCI/AAAAAAAAAHg/YbcyOZV86Mo/w205-h205-n-k/4.jpg&quot; alt=&quot;&quot; width=&quot;124&quot; height=&quot;124&quot; /&gt;&lt;span style=&quot;text-decoration: underline; font-size: small; color: #ff0000;&quot;&gt;&lt;strong&gt;&lt;br /&gt;coupe&lt;/strong&gt;&lt;/span&gt;&lt;/td&gt;\n&lt;/tr&gt;\n&lt;/tbody&gt;\n&lt;/table&gt;\n&lt;p&gt; &lt;/p&gt;\n&lt;p&gt; &lt;/p&gt;\n&lt;table style=&quot;width: 632px; height: 22px;&quot; border=&quot;0&quot; align=&quot;center&quot;&gt;\n&lt;tbody&gt;\n&lt;tr&gt;\n&lt;td style=&quot;text-align: center;&quot;&gt;&lt;a href=&quot;http://www.motorssouq.com/index.php?module=vehicle&amp;amp;page=list&amp;amp;event=search&amp;amp;sort_by=new&amp;amp;make=Lexus&amp;amp;model_id=&amp;amp;model=&amp;amp;year_from=&amp;amp;year_to=&amp;amp;search=Search+Now!&quot;&gt;&lt;img src=&quot;https://lh5.googleusercontent.com/-xuLS__2-gno/UG03M3fIGAI/AAAAAAAAAHY/8G3xsuz2VH0/w205-h205-n-k/3.jpg&quot; alt=&quot;&quot; width=&quot;180&quot; height=&quot;150&quot; /&gt;&lt;/a&gt;&lt;br /&gt;&lt;span style=&quot;text-decoration: underline; color: #ff0000;&quot;&gt;&lt;strong&gt;miduim laxury&lt;/strong&gt;&lt;/span&gt;&lt;/td&gt;\n&lt;td style=&quot;text-align: center;&quot;&gt;&lt;a href=&quot;http://www.motorssouq.com/index.php?module=vehicle&amp;amp;page=list&amp;amp;event=search&amp;amp;body=18&quot;&gt;&lt;img src=&quot;https://lh3.googleusercontent.com/-EloMVaP8u3s/UG03NzX2icI/AAAAAAAAAHk/E4c5NKE3mEw/w147-h147-n-k/5.jpg&quot; alt=&quot;&quot; width=&quot;180&quot; height=&quot;150&quot; /&gt;&lt;/a&gt;&lt;br /&gt;&lt;span style=&quot;text-decoration: underline; color: #ff0000;&quot;&gt;&lt;strong&gt;laxury&lt;/strong&gt;&lt;/span&gt;&lt;/td&gt;\n&lt;/tr&gt;\n&lt;/tbody&gt;\n&lt;/table&gt;\n&lt;p&gt; &lt;/p&gt;\n&lt;p style=&quot;text-align: left;&quot; dir=&quot;ltr&quot;&gt;&lt;span style=&quot;font-size: large;&quot;&gt;&lt;strong&gt; &lt;/strong&gt;&lt;strong&gt;&lt;br /&gt;&lt;br /&gt;&lt;/strong&gt;&lt;br /&gt;&lt;/span&gt;&lt;/p&gt;\n&lt;/td&gt;\n&lt;/tr&gt;\n&lt;/tbody&gt;\n&lt;/table&gt;\n&lt;p&gt; &lt;/p&gt;', 'EN', 421),
('Oscar home page', NULL, NULL, '&lt;p&gt;&lt;img style=&quot;display: block; margin-left: auto; margin-right: auto;&quot; src=&quot;https://lh4.googleusercontent.com/-7uZ7N_a_dfk/UGxGybAWOsI/AAAAAAAABZk/EbqAwPRTz9I/w582-h181-p-k/main+banner-demo.png&quot; alt=&quot;&quot; width=&quot;582&quot; height=&quot;181&quot; /&gt;&lt;/p&gt;\n&lt;p&gt; &lt;/p&gt;\n&lt;table style=&quot;width: 634px; height: 22px;&quot; border=&quot;0&quot;&gt;\n&lt;tbody&gt;\n&lt;tr&gt;\n&lt;td style=&quot;text-align: center;&quot;&gt;&lt;img src=&quot;https://lh4.googleusercontent.com/-PidTJlPeSf8/UGxKzOSnFfI/AAAAAAAABZ4/Q1KtUh-s4ME/w378-h215-n-k/hpage.jpg&quot; alt=&quot;&quot; width=&quot;181&quot; height=&quot;150&quot; /&gt;&lt;/td&gt;\n&lt;td style=&quot;text-align: center;&quot;&gt;&lt;img src=&quot;https://lh6.googleusercontent.com/--ZoqPBJqa_k/UGxNE-7WoqI/AAAAAAAABaQ/7qvmRRnIsfo/w387-h208-n-k/altima.jpg&quot; alt=&quot;&quot; width=&quot;180&quot; height=&quot;150&quot; /&gt;&lt;/td&gt;\n&lt;td style=&quot;text-align: center;&quot;&gt;&lt;img src=&quot;https://lh4.googleusercontent.com/-VW4m3EoLwjk/UGxNs2Zwh-I/AAAAAAAABao/SFv3GSNjIZU/w233-h174-n-k/mini+cooper.jpg&quot; alt=&quot;&quot; width=&quot;180&quot; height=&quot;150&quot; /&gt;&lt;/td&gt;\n&lt;/tr&gt;\n&lt;/tbody&gt;\n&lt;/table&gt;\n&lt;p&gt; &lt;/p&gt;\n&lt;table style=&quot;width: 632px; height: 22px;&quot; border=&quot;0&quot;&gt;\n&lt;tbody&gt;\n&lt;tr&gt;\n&lt;td style=&quot;text-align: center;&quot;&gt;&lt;img src=&quot;https://lh3.googleusercontent.com/-VOmXSoyD1ik/UGxNEHS6QOI/AAAAAAAABaI/S44AQ57Sed8/w188-h140-n-k/1.jpg&quot; alt=&quot;&quot; width=&quot;180&quot; height=&quot;150&quot; /&gt;&lt;/td&gt;\n&lt;td style=&quot;text-align: center;&quot;&gt;&lt;img src=&quot;https://lh5.googleusercontent.com/-lYYp-HodU7c/UGxNKRZTY-I/AAAAAAAABag/VpHUZlCslQE/w300-h174-n-k/bmw.jpg&quot; alt=&quot;&quot; width=&quot;180&quot; height=&quot;150&quot; /&gt;&lt;/td&gt;\n&lt;/tr&gt;\n&lt;/tbody&gt;\n&lt;/table&gt;\n&lt;p&gt; &lt;/p&gt;\n&lt;p&gt; &lt;/p&gt;\n&lt;p&gt; &lt;/p&gt;\n&lt;p&gt; &lt;/p&gt;\n&lt;p&gt; &lt;/p&gt;\n&lt;p&gt; &lt;/p&gt;', 'DE', 421),
('About Oscar', NULL, NULL, '&lt;table style=&quot;margin-left: auto; margin-right: auto; width: 500px; border: 0px solid #a9a9a9;&quot; border=&quot;0&quot; align=&quot;center&quot;&gt;\n&lt;tbody&gt;\n&lt;tr&gt;\n&lt;td&gt;&lt;span style=&quot;color: #333333; font-family: tahoma,arial,helvetica,sans-serif; font-size: small; font-style: normal; font-variant: normal; font-weight: normal; letter-spacing: normal; line-height: 15px; orphans: 2; text-align: right; text-indent: 0px; text-transform: none; white-space: normal; widows: 2; word-spacing: 0px; background-color: #ffffff; display: inline ! important; float: none;&quot;&gt;which has been developed since more than 20 years. Oscar has 4 Branches in Bahrain which are located in well-known areas such as the International Airport of Bahrain (24hrs), Adliya, Exhibition Road (AKA: Hoora) and the East Central market in Manama.&lt;/span&gt;&lt;br style=&quot;color: #333333; font-family: &#039;lucida grande&#039;, tahoma, verdana, arial, sans-serif; font-size: 12px; font-style: normal; font-variant: normal; font-weight: normal; letter-spacing: normal; line-height: 15px; orphans: 2; text-align: right; text-indent: 0px; text-transform: none; white-space: normal; widows: 2; word-spacing: 0px; -webkit-text-size-adjust: auto; -webkit-text-stroke-width: 0px; background-color: #ffffff;&quot; /&gt;&lt;br style=&quot;color: #333333; font-family: &#039;lucida grande&#039;, tahoma, verdana, arial, sans-serif; font-size: 12px; font-style: normal; font-variant: normal; font-weight: normal; letter-spacing: normal; line-height: 15px; orphans: 2; text-align: right; text-indent: 0px; text-transform: none; white-space: normal; widows: 2; word-spacing: 0px; -webkit-text-size-adjust: auto; -webkit-text-stroke-width: 0px; background-color: #ffffff;&quot; /&gt;&lt;span style=&quot;color: #333333; font-family: tahoma,arial,helvetica,sans-serif; font-size: small; font-style: normal; font-variant: normal; font-weight: normal; letter-spacing: normal; line-height: 15px; orphans: 2; text-align: right; text-indent: 0px; text-transform: none; white-space: normal; widows: 2; word-spacing: 0px; background-color: #ffffff; display: inline ! important; float: none;&quot;&gt;Oscar Rent a Car offer a wide variety of vehicles that consists of small, mediu&lt;/span&gt;\n&lt;div class=&quot;text_exposed_show&quot; style=&quot;display: inline; color: #333333; font-family: &#039;lucida grande&#039;, tahoma, verdana, arial, sans-serif; font-size: 12px; font-style: normal; font-variant: normal; font-weight: normal; letter-spacing: normal; line-height: 15px; orphans: 2; text-align: right; text-indent: 0px; text-transform: none; white-space: normal; widows: 2; word-spacing: 0px; -webkit-text-size-adjust: auto; -webkit-text-stroke-width: 0px; background-color: #ffffff;&quot;&gt;&lt;span style=&quot;font-size: small; font-family: tahoma,arial,helvetica,sans-serif;&quot;&gt;m, family and luxury class with reasonable and affordable prices.&lt;/span&gt;&lt;br /&gt;&lt;br /&gt;&lt;/div&gt;\n&lt;span style=&quot;color: #432a00; font-family: tahoma,arial,helvetica,sans-serif; font-size: small; font-style: normal; font-variant: normal; font-weight: normal; letter-spacing: normal; line-height: 18px; orphans: 2; text-align: justify; text-indent: 0px; text-transform: none; white-space: normal; widows: 2; word-spacing: 0px; background-color: #ffffff; display: inline ! important; float: none;&quot;&gt;Today, under the leadership of its owner MR. SHUKRI AL SABAH, it has a fleet of more than 700 Latest Model Vehicles in 4 different prime locations and it’s recognized for its service, price and flexibility.&lt;/span&gt;&lt;br style=&quot;color: #432a00; font-family: Verdana, &#039;Trebuchet MS&#039;, Arial; font-size: 12px; font-style: normal; font-variant: normal; font-weight: normal; letter-spacing: normal; line-height: 18px; orphans: 2; text-align: justify; text-indent: 0px; text-transform: none; white-space: normal; widows: 2; word-spacing: 0px; -webkit-text-size-adjust: auto; -webkit-text-stroke-width: 0px; background-color: #ffffff;&quot; /&gt;&lt;br style=&quot;color: #432a00; font-family: Verdana, &#039;Trebuchet MS&#039;, Arial; font-size: 12px; font-style: normal; font-variant: normal; font-weight: normal; letter-spacing: normal; line-height: 18px; orphans: 2; text-align: justify; text-indent: 0px; text-transform: none; white-space: normal; widows: 2; word-spacing: 0px; -webkit-text-size-adjust: auto; -webkit-text-stroke-width: 0px; background-color: #ffffff;&quot; /&gt;&lt;span style=&quot;color: #432a00; font-family: tahoma,arial,helvetica,sans-serif; font-size: small; font-style: normal; font-variant: normal; font-weight: normal; letter-spacing: normal; line-height: 18px; orphans: 2; text-align: justify; text-indent: 0px; text-transform: none; white-space: normal; widows: 2; word-spacing: 0px; background-color: #ffffff; display: inline ! important; float: none;&quot;&gt;It is a fully owned Bahraini Company with no foreign franchise and is considered amongst the largest fleet owner in the Country. Our success lies in our Customer’s total satisfaction as we extend to them an efficient and professional service together with our Pricing Structure. We operate our business round the clock, 365 days a year and 24 hours a day.&lt;span class=&quot;Apple-converted-space&quot;&gt; &lt;/span&gt;&lt;/span&gt;&lt;br style=&quot;color: #432a00; font-family: Verdana, &#039;Trebuchet MS&#039;, Arial; font-size: 12px; font-style: normal; font-variant: normal; font-weight: normal; letter-spacing: normal; line-height: 18px; orphans: 2; text-align: justify; text-indent: 0px; text-transform: none; white-space: normal; widows: 2; word-spacing: 0px; -webkit-text-size-adjust: auto; -webkit-text-stroke-width: 0px; background-color: #ffffff;&quot; /&gt;&lt;br style=&quot;color: #432a00; font-family: Verdana, &#039;Trebuchet MS&#039;, Arial; font-size: 12px; font-style: normal; font-variant: normal; font-weight: normal; letter-spacing: normal; line-height: 18px; orphans: 2; text-align: justify; text-indent: 0px; text-transform: none; white-space: normal; widows: 2; word-spacing: 0px; -webkit-text-size-adjust: auto; -webkit-text-stroke-width: 0px; background-color: #ffffff;&quot; /&gt;&lt;span style=&quot;color: #432a00; font-family: tahoma,arial,helvetica,sans-serif; font-size: small; font-style: normal; font-variant: normal; font-weight: normal; letter-spacing: normal; line-height: 18px; orphans: 2; text-align: justify; text-indent: 0px; text-transform: none; white-space: normal; widows: 2; word-spacing: 0px; background-color: #ffffff; display: inline ! important; float: none;&quot;&gt;Being in a very successful business, we pride ourselves that our clientele extend from all Government and Semi-Government Bodies and Private Sectors. We also covered Airlines and Travel Agencies, both in and out of Bahrain. OSCAR is well-experienced in servicing all transportation requirements for every Major Events held in the Kingdom of Bahrain. We have an outstanding reputation in the market and our Company comes highly recommended.&lt;/span&gt;&lt;br style=&quot;color: #432a00; font-family: Verdana, &#039;Trebuchet MS&#039;, Arial; font-size: 12px; font-style: normal; font-variant: normal; font-weight: normal; letter-spacing: normal; line-height: 18px; orphans: 2; text-align: justify; text-indent: 0px; text-transform: none; white-space: normal; widows: 2; word-spacing: 0px; -webkit-text-size-adjust: auto; -webkit-text-stroke-width: 0px; background-color: #ffffff;&quot; /&gt;&lt;br style=&quot;color: #432a00; font-family: Verdana, &#039;Trebuchet MS&#039;, Arial; font-size: 12px; font-style: normal; font-variant: normal; font-weight: normal; letter-spacing: normal; line-height: 18px; orphans: 2; text-align: justify; text-indent: 0px; text-transform: none; white-space: normal; widows: 2; word-spacing: 0px; -webkit-text-size-adjust: auto; -webkit-text-stroke-width: 0px; background-color: #ffffff;&quot; /&gt;&lt;span style=&quot;color: #432a00; font-family: tahoma,arial,helvetica,sans-serif; font-size: small; font-style: normal; font-variant: normal; font-weight: normal; letter-spacing: normal; line-height: 18px; orphans: 2; text-align: justify; text-indent: 0px; text-transform: none; white-space: normal; widows: 2; word-spacing: 0px; background-color: #ffffff; display: inline ! important; float: none;&quot;&gt;Check out our very economical and discount rental rates for various models and sized motor cars. If you are traveling on a budget from overseas our hire cars are at special prices.&lt;/span&gt;&lt;/td&gt;\n&lt;/tr&gt;\n&lt;/tbody&gt;\n&lt;/table&gt;\n&lt;p&gt; &lt;/p&gt;', 'AR', 422),
('About Oscar', NULL, NULL, '&lt;table style=&quot;margin-left: auto; margin-right: auto; border: 0px solid #a9a9a9; width: 650px; height: 481px;&quot; border=&quot;0&quot; align=&quot;center&quot;&gt;\n&lt;tbody&gt;\n&lt;tr&gt;\n&lt;td&gt;&lt;span style=&quot;color: #333333; font-family: tahoma,arial,helvetica,sans-serif; font-size: small; font-style: normal; font-variant: normal; font-weight: normal; letter-spacing: normal; line-height: 15px; orphans: 2; text-align: right; text-indent: 0px; text-transform: none; white-space: normal; widows: 2; word-spacing: 0px; background-color: #ffffff; display: inline ! important; float: none;&quot;&gt;&lt;br /&gt;&lt;br /&gt;which has been developed since more than 20 years. Oscar has 4 Branches in Bahrain which are located in well-known areas such as the International Airport of Bahrain (24hrs), Adliya, Exhibition Road (AKA: Hoora) and the East Central market in Manama.&lt;/span&gt;&lt;br style=&quot;color: #333333; font-family: &#039;lucida grande&#039;, tahoma, verdana, arial, sans-serif; font-size: 12px; font-style: normal; font-variant: normal; font-weight: normal; letter-spacing: normal; line-height: 15px; orphans: 2; text-align: right; text-indent: 0px; text-transform: none; white-space: normal; widows: 2; word-spacing: 0px; -webkit-text-size-adjust: auto; -webkit-text-stroke-width: 0px; background-color: #ffffff;&quot; /&gt;&lt;br style=&quot;color: #333333; font-family: &#039;lucida grande&#039;, tahoma, verdana, arial, sans-serif; font-size: 12px; font-style: normal; font-variant: normal; font-weight: normal; letter-spacing: normal; line-height: 15px; orphans: 2; text-align: right; text-indent: 0px; text-transform: none; white-space: normal; widows: 2; word-spacing: 0px; -webkit-text-size-adjust: auto; -webkit-text-stroke-width: 0px; background-color: #ffffff;&quot; /&gt;&lt;span style=&quot;color: #333333; font-family: tahoma,arial,helvetica,sans-serif; font-size: small; font-style: normal; font-variant: normal; font-weight: normal; letter-spacing: normal; line-height: 15px; orphans: 2; text-align: right; text-indent: 0px; text-transform: none; white-space: normal; widows: 2; word-spacing: 0px; background-color: #ffffff; display: inline ! important; float: none;&quot;&gt;Oscar Rent a Car offer a wide variety of vehicles that consists of small, mediu&lt;/span&gt;\n&lt;div class=&quot;text_exposed_show&quot; style=&quot;display: inline; color: #333333; font-family: &#039;lucida grande&#039;, tahoma, verdana, arial, sans-serif; font-size: 12px; font-style: normal; font-variant: normal; font-weight: normal; letter-spacing: normal; line-height: 15px; orphans: 2; text-align: right; text-indent: 0px; text-transform: none; white-space: normal; widows: 2; word-spacing: 0px; -webkit-text-size-adjust: auto; -webkit-text-stroke-width: 0px; background-color: #ffffff;&quot;&gt;&lt;span style=&quot;font-size: small; font-family: tahoma,arial,helvetica,sans-serif;&quot;&gt;m, family and luxury class with reasonable and affordable prices.&lt;/span&gt;&lt;br /&gt;&lt;br /&gt;&lt;/div&gt;\n&lt;span style=&quot;color: #432a00; font-family: tahoma,arial,helvetica,sans-serif; font-size: small; font-style: normal; font-variant: normal; font-weight: normal; letter-spacing: normal; line-height: 18px; orphans: 2; text-align: justify; text-indent: 0px; text-transform: none; white-space: normal; widows: 2; word-spacing: 0px; background-color: #ffffff; display: inline ! important; float: none;&quot;&gt;Today, under the leadership of its owner MR. SHUKRI AL SABAH, it has a fleet of more than 700 Latest Model Vehicles in 4 different prime locations and it’s recognized for its service, price and flexibility.&lt;/span&gt;&lt;br style=&quot;color: #432a00; font-family: Verdana, &#039;Trebuchet MS&#039;, Arial; font-size: 12px; font-style: normal; font-variant: normal; font-weight: normal; letter-spacing: normal; line-height: 18px; orphans: 2; text-align: justify; text-indent: 0px; text-transform: none; white-space: normal; widows: 2; word-spacing: 0px; -webkit-text-size-adjust: auto; -webkit-text-stroke-width: 0px; background-color: #ffffff;&quot; /&gt;&lt;br style=&quot;color: #432a00; font-family: Verdana, &#039;Trebuchet MS&#039;, Arial; font-size: 12px; font-style: normal; font-variant: normal; font-weight: normal; letter-spacing: normal; line-height: 18px; orphans: 2; text-align: justify; text-indent: 0px; text-transform: none; white-space: normal; widows: 2; word-spacing: 0px; -webkit-text-size-adjust: auto; -webkit-text-stroke-width: 0px; background-color: #ffffff;&quot; /&gt;&lt;span style=&quot;color: #432a00; font-family: tahoma,arial,helvetica,sans-serif; font-size: small; font-style: normal; font-variant: normal; font-weight: normal; letter-spacing: normal; line-height: 18px; orphans: 2; text-align: justify; text-indent: 0px; text-transform: none; white-space: normal; widows: 2; word-spacing: 0px; background-color: #ffffff; display: inline ! important; float: none;&quot;&gt;It is a fully owned Bahraini Company with no foreign franchise and is considered amongst the largest fleet owner in the Country. Our success lies in our Customer’s total satisfaction as we extend to them an efficient and professional service together with our Pricing Structure. We operate our business round the clock, 365 days a year and 24 hours a day.&lt;span class=&quot;Apple-converted-space&quot;&gt; &lt;/span&gt;&lt;/span&gt;&lt;br style=&quot;color: #432a00; font-family: Verdana, &#039;Trebuchet MS&#039;, Arial; font-size: 12px; font-style: normal; font-variant: normal; font-weight: normal; letter-spacing: normal; line-height: 18px; orphans: 2; text-align: justify; text-indent: 0px; text-transform: none; white-space: normal; widows: 2; word-spacing: 0px; -webkit-text-size-adjust: auto; -webkit-text-stroke-width: 0px; background-color: #ffffff;&quot; /&gt;&lt;br style=&quot;color: #432a00; font-family: Verdana, &#039;Trebuchet MS&#039;, Arial; font-size: 12px; font-style: normal; font-variant: normal; font-weight: normal; letter-spacing: normal; line-height: 18px; orphans: 2; text-align: justify; text-indent: 0px; text-transform: none; white-space: normal; widows: 2; word-spacing: 0px; -webkit-text-size-adjust: auto; -webkit-text-stroke-width: 0px; background-color: #ffffff;&quot; /&gt;&lt;span style=&quot;color: #432a00; font-family: tahoma,arial,helvetica,sans-serif; font-size: small; font-style: normal; font-variant: normal; font-weight: normal; letter-spacing: normal; line-height: 18px; orphans: 2; text-align: justify; text-indent: 0px; text-transform: none; white-space: normal; widows: 2; word-spacing: 0px; background-color: #ffffff; display: inline ! important; float: none;&quot;&gt;Being in a very successful business, we pride ourselves that our clientele extend from all Government and Semi-Government Bodies and Private Sectors. We also covered Airlines and Travel Agencies, both in and out of Bahrain. OSCAR is well-experienced in servicing all transportation requirements for every Major Events held in the Kingdom of Bahrain. We have an outstanding reputation in the market and our Company comes highly recommended.&lt;/span&gt;&lt;br style=&quot;color: #432a00; font-family: Verdana, &#039;Trebuchet MS&#039;, Arial; font-size: 12px; font-style: normal; font-variant: normal; font-weight: normal; letter-spacing: normal; line-height: 18px; orphans: 2; text-align: justify; text-indent: 0px; text-transform: none; white-space: normal; widows: 2; word-spacing: 0px; -webkit-text-size-adjust: auto; -webkit-text-stroke-width: 0px; background-color: #ffffff;&quot; /&gt;&lt;br style=&quot;color: #432a00; font-family: Verdana, &#039;Trebuchet MS&#039;, Arial; font-size: 12px; font-style: normal; font-variant: normal; font-weight: normal; letter-spacing: normal; line-height: 18px; orphans: 2; text-align: justify; text-indent: 0px; text-transform: none; white-space: normal; widows: 2; word-spacing: 0px; -webkit-text-size-adjust: auto; -webkit-text-stroke-width: 0px; background-color: #ffffff;&quot; /&gt;&lt;span style=&quot;color: #432a00; font-family: tahoma,arial,helvetica,sans-serif; font-size: small; font-style: normal; font-variant: normal; font-weight: normal; letter-spacing: normal; line-height: 18px; orphans: 2; text-align: justify; text-indent: 0px; text-transform: none; white-space: normal; widows: 2; word-spacing: 0px; background-color: #ffffff; display: inline ! important; float: none;&quot;&gt;Check out our very economical and discount rental rates for various models and sized motor cars. If you are traveling on a budget from overseas our hire cars are at special prices.&lt;/span&gt;&lt;/td&gt;\n&lt;/tr&gt;\n&lt;/tbody&gt;\n&lt;/table&gt;\n&lt;p&gt; &lt;/p&gt;', 'EN', 422),
('About Oscar', NULL, NULL, '&lt;table style=&quot;margin-left: auto; margin-right: auto; width: 500px; border: 0px solid #a9a9a9;&quot; border=&quot;0&quot; align=&quot;center&quot;&gt;\n&lt;tbody&gt;\n&lt;tr&gt;\n&lt;td&gt;&lt;span style=&quot;color: #333333; font-family: tahoma,arial,helvetica,sans-serif; font-size: small; font-style: normal; font-variant: normal; font-weight: normal; letter-spacing: normal; line-height: 15px; orphans: 2; text-align: right; text-indent: 0px; text-transform: none; white-space: normal; widows: 2; word-spacing: 0px; background-color: #ffffff; display: inline ! important; float: none;&quot;&gt;which has been developed since more than 20 years. Oscar has 4 Branches in Bahrain which are located in well-known areas such as the International Airport of Bahrain (24hrs), Adliya, Exhibition Road (AKA: Hoora) and the East Central market in Manama.&lt;/span&gt;&lt;br style=&quot;color: #333333; font-family: &#039;lucida grande&#039;, tahoma, verdana, arial, sans-serif; font-size: 12px; font-style: normal; font-variant: normal; font-weight: normal; letter-spacing: normal; line-height: 15px; orphans: 2; text-align: right; text-indent: 0px; text-transform: none; white-space: normal; widows: 2; word-spacing: 0px; -webkit-text-size-adjust: auto; -webkit-text-stroke-width: 0px; background-color: #ffffff;&quot; /&gt;&lt;br style=&quot;color: #333333; font-family: &#039;lucida grande&#039;, tahoma, verdana, arial, sans-serif; font-size: 12px; font-style: normal; font-variant: normal; font-weight: normal; letter-spacing: normal; line-height: 15px; orphans: 2; text-align: right; text-indent: 0px; text-transform: none; white-space: normal; widows: 2; word-spacing: 0px; -webkit-text-size-adjust: auto; -webkit-text-stroke-width: 0px; background-color: #ffffff;&quot; /&gt;&lt;span style=&quot;color: #333333; font-family: tahoma,arial,helvetica,sans-serif; font-size: small; font-style: normal; font-variant: normal; font-weight: normal; letter-spacing: normal; line-height: 15px; orphans: 2; text-align: right; text-indent: 0px; text-transform: none; white-space: normal; widows: 2; word-spacing: 0px; background-color: #ffffff; display: inline ! important; float: none;&quot;&gt;Oscar Rent a Car offer a wide variety of vehicles that consists of small, mediu&lt;/span&gt;\n&lt;div class=&quot;text_exposed_show&quot; style=&quot;display: inline; color: #333333; font-family: &#039;lucida grande&#039;, tahoma, verdana, arial, sans-serif; font-size: 12px; font-style: normal; font-variant: normal; font-weight: normal; letter-spacing: normal; line-height: 15px; orphans: 2; text-align: right; text-indent: 0px; text-transform: none; white-space: normal; widows: 2; word-spacing: 0px; -webkit-text-size-adjust: auto; -webkit-text-stroke-width: 0px; background-color: #ffffff;&quot;&gt;&lt;span style=&quot;font-size: small; font-family: tahoma,arial,helvetica,sans-serif;&quot;&gt;m, family and luxury class with reasonable and affordable prices.&lt;/span&gt;&lt;br /&gt;&lt;br /&gt;&lt;/div&gt;\n&lt;span style=&quot;color: #432a00; font-family: tahoma,arial,helvetica,sans-serif; font-size: small; font-style: normal; font-variant: normal; font-weight: normal; letter-spacing: normal; line-height: 18px; orphans: 2; text-align: justify; text-indent: 0px; text-transform: none; white-space: normal; widows: 2; word-spacing: 0px; background-color: #ffffff; display: inline ! important; float: none;&quot;&gt;Today, under the leadership of its owner MR. SHUKRI AL SABAH, it has a fleet of more than 700 Latest Model Vehicles in 4 different prime locations and it’s recognized for its service, price and flexibility.&lt;/span&gt;&lt;br style=&quot;color: #432a00; font-family: Verdana, &#039;Trebuchet MS&#039;, Arial; font-size: 12px; font-style: normal; font-variant: normal; font-weight: normal; letter-spacing: normal; line-height: 18px; orphans: 2; text-align: justify; text-indent: 0px; text-transform: none; white-space: normal; widows: 2; word-spacing: 0px; -webkit-text-size-adjust: auto; -webkit-text-stroke-width: 0px; background-color: #ffffff;&quot; /&gt;&lt;br style=&quot;color: #432a00; font-family: Verdana, &#039;Trebuchet MS&#039;, Arial; font-size: 12px; font-style: normal; font-variant: normal; font-weight: normal; letter-spacing: normal; line-height: 18px; orphans: 2; text-align: justify; text-indent: 0px; text-transform: none; white-space: normal; widows: 2; word-spacing: 0px; -webkit-text-size-adjust: auto; -webkit-text-stroke-width: 0px; background-color: #ffffff;&quot; /&gt;&lt;span style=&quot;color: #432a00; font-family: tahoma,arial,helvetica,sans-serif; font-size: small; font-style: normal; font-variant: normal; font-weight: normal; letter-spacing: normal; line-height: 18px; orphans: 2; text-align: justify; text-indent: 0px; text-transform: none; white-space: normal; widows: 2; word-spacing: 0px; background-color: #ffffff; display: inline ! important; float: none;&quot;&gt;It is a fully owned Bahraini Company with no foreign franchise and is considered amongst the largest fleet owner in the Country. Our success lies in our Customer’s total satisfaction as we extend to them an efficient and professional service together with our Pricing Structure. We operate our business round the clock, 365 days a year and 24 hours a day.&lt;span class=&quot;Apple-converted-space&quot;&gt; &lt;/span&gt;&lt;/span&gt;&lt;br style=&quot;color: #432a00; font-family: Verdana, &#039;Trebuchet MS&#039;, Arial; font-size: 12px; font-style: normal; font-variant: normal; font-weight: normal; letter-spacing: normal; line-height: 18px; orphans: 2; text-align: justify; text-indent: 0px; text-transform: none; white-space: normal; widows: 2; word-spacing: 0px; -webkit-text-size-adjust: auto; -webkit-text-stroke-width: 0px; background-color: #ffffff;&quot; /&gt;&lt;br style=&quot;color: #432a00; font-family: Verdana, &#039;Trebuchet MS&#039;, Arial; font-size: 12px; font-style: normal; font-variant: normal; font-weight: normal; letter-spacing: normal; line-height: 18px; orphans: 2; text-align: justify; text-indent: 0px; text-transform: none; white-space: normal; widows: 2; word-spacing: 0px; -webkit-text-size-adjust: auto; -webkit-text-stroke-width: 0px; background-color: #ffffff;&quot; /&gt;&lt;span style=&quot;color: #432a00; font-family: tahoma,arial,helvetica,sans-serif; font-size: small; font-style: normal; font-variant: normal; font-weight: normal; letter-spacing: normal; line-height: 18px; orphans: 2; text-align: justify; text-indent: 0px; text-transform: none; white-space: normal; widows: 2; word-spacing: 0px; background-color: #ffffff; display: inline ! important; float: none;&quot;&gt;Being in a very successful business, we pride ourselves that our clientele extend from all Government and Semi-Government Bodies and Private Sectors. We also covered Airlines and Travel Agencies, both in and out of Bahrain. OSCAR is well-experienced in servicing all transportation requirements for every Major Events held in the Kingdom of Bahrain. We have an outstanding reputation in the market and our Company comes highly recommended.&lt;/span&gt;&lt;br style=&quot;color: #432a00; font-family: Verdana, &#039;Trebuchet MS&#039;, Arial; font-size: 12px; font-style: normal; font-variant: normal; font-weight: normal; letter-spacing: normal; line-height: 18px; orphans: 2; text-align: justify; text-indent: 0px; text-transform: none; white-space: normal; widows: 2; word-spacing: 0px; -webkit-text-size-adjust: auto; -webkit-text-stroke-width: 0px; background-color: #ffffff;&quot; /&gt;&lt;br style=&quot;color: #432a00; font-family: Verdana, &#039;Trebuchet MS&#039;, Arial; font-size: 12px; font-style: normal; font-variant: normal; font-weight: normal; letter-spacing: normal; line-height: 18px; orphans: 2; text-align: justify; text-indent: 0px; text-transform: none; white-space: normal; widows: 2; word-spacing: 0px; -webkit-text-size-adjust: auto; -webkit-text-stroke-width: 0px; background-color: #ffffff;&quot; /&gt;&lt;span style=&quot;color: #432a00; font-family: tahoma,arial,helvetica,sans-serif; font-size: small; font-style: normal; font-variant: normal; font-weight: normal; letter-spacing: normal; line-height: 18px; orphans: 2; text-align: justify; text-indent: 0px; text-transform: none; white-space: normal; widows: 2; word-spacing: 0px; background-color: #ffffff; display: inline ! important; float: none;&quot;&gt;Check out our very economical and discount rental rates for various models and sized motor cars. If you are traveling on a budget from overseas our hire cars are at special prices.&lt;/span&gt;&lt;/td&gt;\n&lt;/tr&gt;\n&lt;/tbody&gt;\n&lt;/table&gt;\n&lt;p&gt; &lt;/p&gt;', 'DE', 422),
('بيع السيارات في البحرين إلكترونيا', 'سيارات للبيع في البحرين، البحرين، سوق البحرين للسيارات', 'السيارات في البحرين', '&lt;p id=&quot;internal-source-marker_0.6040789370708092&quot; style=&quot;text-align: right; margin-top: 0pt; margin-bottom: 0pt;&quot; dir=&quot;ltr&quot;&gt;&lt;span style=&quot;font-size: 15px; font-family: Arial; color: #000000; background-color: transparent; font-weight: normal; font-style: normal; font-variant: normal; text-decoration: none; vertical-align: baseline;&quot;&gt;كثير من الأشخاص سواءا من المواطنين منهم أو المقيمين في بحث مستمر عن السيارات في البحرين وخصوصاً المستعملة منها. الأمر الذي نتج عنه ظهور كثير من معارض السيارات ولجأ الكثير من الأفراد لعرض سياراتهم في أماكن عامة مستهدفين المارة الذين ربما كانت لديهم الحاجة لشراء سيارة! ومما أسفر عن حدوث مشكلة من قبل البلديات نتج عنها منع هؤلاء من عرض سياراتهم في تلك الأماكن والمعمورة بالسكان خشية الإزعاج أو التسبب بإعاقة الحركة في تلك بعض المناطق منها&lt;/span&gt;&lt;/p&gt;\n&lt;p style=&quot;text-align: right;&quot; dir=&quot;rtl&quot;&gt; &lt;/p&gt;\n&lt;p style=&quot;text-align: right; margin-top: 0pt; margin-bottom: 0pt;&quot; dir=&quot;rtl&quot;&gt;&lt;span style=&quot;font-size: 15px; font-family: Arial; color: #000000; background-color: transparent; font-weight: normal; font-style: normal; font-variant: normal; text-decoration: none; vertical-align: baseline;&quot;&gt; وربما غفل الكثير عن وجود الحل الإلكتروني والتي سبقت به شركة أى أم اتش سوفت في توفير بوابة إلكترونية (موقع إلكتروني) مجاناً للأفراد تهدف إلى عرض جميع السيارات في البحرين في بوابة واحدة بحيث يتمكن الراغب في شراء سيارة من مقارنة السيارات وأسعارها واختيار الأنسب إليه من غير عناء البحث عن سيارة، ومن ناحية أخرى يمتلك الراغب في عرض وبيع سيارته الكثير من المميزات في الموقع الذي تؤهله في انتشار سيارته ووصولها للكثيرين في أقل وقت من خلال موتورز سوق وأدواته التسويقية الإلكترونية ومميزاته البرمجية في طرق رفع وعرض السيارة في الموقع سواءاً من تطبيقات الاندرويد او باستخدام الهاتف لتلك الاغراض. &lt;/span&gt;&lt;/p&gt;', 'AR', 423);
INSERT INTO `cms_page_lang` (`title`, `keywords`, `description`, `content`, `lang`, `cms_page_id`) VALUES
('بيع السيارات في البحرين إلكترونيا', 'سيارات للبيع في البحرين، البحرين، سوق البحرين للسيارات', 'السيارات في البحرين', '&lt;p id=&quot;internal-source-marker_0.6040789370708092&quot; style=&quot;text-align: right; margin-top: 0pt; margin-bottom: 0pt;&quot; dir=&quot;ltr&quot;&gt;&lt;span style=&quot;font-size: 15px; font-family: Arial; color: #000000; background-color: transparent; font-weight: normal; font-style: normal; font-variant: normal; text-decoration: none; vertical-align: baseline;&quot;&gt;كثير من الأشخاص سواءا من المواطنين منهم أو المقيمين في بحث مستمر عن السيارات في البحرين وخصوصاً المستعملة منها. الأمر الذي نتج عنه ظهور كثير من معارض السيارات ولجأ الكثير من الأفراد لعرض سياراتهم في أماكن عامة مستهدفين المارة الذين ربما كانت لديهم الحاجة لشراء سيارة! ومما أسفر عن حدوث مشكلة من قبل البلديات نتج عنها منع هؤلاء من عرض سياراتهم في تلك الأماكن والمعمورة بالسكان خشية الإزعاج أو التسبب بإعاقة الحركة في تلك بعض المناطق منها&lt;/span&gt;&lt;/p&gt;\n&lt;p style=&quot;text-align: right;&quot; dir=&quot;rtl&quot;&gt; &lt;/p&gt;\n&lt;p style=&quot;text-align: right; margin-top: 0pt; margin-bottom: 0pt;&quot; dir=&quot;rtl&quot;&gt;&lt;span style=&quot;font-size: 15px; font-family: Arial; color: #000000; background-color: transparent; font-weight: normal; font-style: normal; font-variant: normal; text-decoration: none; vertical-align: baseline;&quot;&gt; وربما غفل الكثير عن وجود الحل الإلكتروني والتي سبقت به شركة أى أم اتش سوفت في توفير بوابة إلكترونية (موقع إلكتروني) مجاناً للأفراد تهدف إلى عرض جميع السيارات في البحرين في بوابة واحدة بحيث يتمكن الراغب في شراء سيارة من مقارنة السيارات وأسعارها واختيار الأنسب إليه من غير عناء البحث عن سيارة، ومن ناحية أخرى يمتلك الراغب في عرض وبيع سيارته الكثير من المميزات في الموقع الذي تؤهله في انتشار سيارته ووصولها للكثيرين في أقل وقت من خلال موتورز سوق وأدواته التسويقية الإلكترونية ومميزاته البرمجية في طرق رفع وعرض السيارة في الموقع سواءاً من تطبيقات الاندرويد او باستخدام الهاتف لتلك الاغراض. &lt;/span&gt;&lt;/p&gt;', 'EN', 423),
('بيع السيارات في البحرين إلكترونيا', 'سيارات للبيع في البحرين، البحرين، سوق البحرين للسيارات', 'السيارات في البحرين', '&lt;p id=&quot;internal-source-marker_0.6040789370708092&quot; style=&quot;text-align: right; margin-top: 0pt; margin-bottom: 0pt;&quot; dir=&quot;ltr&quot;&gt;&lt;span style=&quot;font-size: 15px; font-family: Arial; color: #000000; background-color: transparent; font-weight: normal; font-style: normal; font-variant: normal; text-decoration: none; vertical-align: baseline;&quot;&gt;كثير من الأشخاص سواءا من المواطنين منهم أو المقيمين في بحث مستمر عن السيارات في البحرين وخصوصاً المستعملة منها. الأمر الذي نتج عنه ظهور كثير من معارض السيارات ولجأ الكثير من الأفراد لعرض سياراتهم في أماكن عامة مستهدفين المارة الذين ربما كانت لديهم الحاجة لشراء سيارة! ومما أسفر عن حدوث مشكلة من قبل البلديات نتج عنها منع هؤلاء من عرض سياراتهم في تلك الأماكن والمعمورة بالسكان خشية الإزعاج أو التسبب بإعاقة الحركة في تلك بعض المناطق منها&lt;/span&gt;&lt;/p&gt;\n&lt;p style=&quot;text-align: right;&quot; dir=&quot;rtl&quot;&gt; &lt;/p&gt;\n&lt;p style=&quot;text-align: right; margin-top: 0pt; margin-bottom: 0pt;&quot; dir=&quot;rtl&quot;&gt;&lt;span style=&quot;font-size: 15px; font-family: Arial; color: #000000; background-color: transparent; font-weight: normal; font-style: normal; font-variant: normal; text-decoration: none; vertical-align: baseline;&quot;&gt; وربما غفل الكثير عن وجود الحل الإلكتروني والتي سبقت به شركة أى أم اتش سوفت في توفير بوابة إلكترونية (موقع إلكتروني) مجاناً للأفراد تهدف إلى عرض جميع السيارات في البحرين في بوابة واحدة بحيث يتمكن الراغب في شراء سيارة من مقارنة السيارات وأسعارها واختيار الأنسب إليه من غير عناء البحث عن سيارة، ومن ناحية أخرى يمتلك الراغب في عرض وبيع سيارته الكثير من المميزات في الموقع الذي تؤهله في انتشار سيارته ووصولها للكثيرين في أقل وقت من خلال موتورز سوق وأدواته التسويقية الإلكترونية ومميزاته البرمجية في طرق رفع وعرض السيارة في الموقع سواءاً من تطبيقات الاندرويد او باستخدام الهاتف لتلك الاغراض. &lt;/span&gt;&lt;/p&gt;', 'DE', 423),
('ارشيف الإعلانات', 'سيارات البحرين، سيارات للبيع في البحرين، مطلوب سيارة، سيارة بحرينية، أرشيف الإعلانات، إعلانات السيارات في البحرين، ', 'أرشيف جميع إعلانات السيارات للبيع او الشراء في البحرين ', '&lt;p&gt; &lt;/p&gt;\n&lt;table style=&quot;margin-left: auto; margin-right: auto; width: 700px; border: 0pt solid #a9a9a9;&quot; border=&quot;0&quot; align=&quot;center&quot;&gt;\n&lt;tbody&gt;\n&lt;tr&gt;\n&lt;td&gt;\n&lt;p style=&quot;text-align: right;&quot; dir=&quot;rtl&quot;&gt;&lt;span style=&quot;font-size: medium; font-family: tahoma,arial,helvetica,sans-serif;&quot;&gt;&lt;span id=&quot;result_box&quot; lang=&quot;en&quot;&gt;&lt;span class=&quot;hps&quot;&gt;أرشيف إعلانات بيع وشراء السيارات في البحرين&lt;/span&gt;&lt;/span&gt;&lt;/span&gt;&lt;/p&gt;\n&lt;p style=&quot;text-align: right;&quot; dir=&quot;rtl&quot;&gt;&lt;span style=&quot;font-size: medium;&quot;&gt;&lt;span id=&quot;result_box&quot; lang=&quot;en&quot;&gt;&lt;span class=&quot;hps&quot;&gt;&lt;span style=&quot;font-family: tahoma,arial,helvetica,sans-serif; font-size: medium;&quot;&gt;- &lt;a title=&quot;أرشيف أعلانات أكتوبر 2012م&quot; href=&quot;http://www.motorssouq.com/index.php?module=cms&amp;amp;page=page&amp;amp;id=426&quot; target=&quot;_blank&quot;&gt;أكتوبر 2012&lt;/a&gt;&lt;/span&gt;&lt;br /&gt;&lt;/span&gt;&lt;/span&gt;&lt;/span&gt;&lt;/p&gt;\n&lt;span id=&quot;result_box&quot; style=&quot;font-size: medium;&quot; lang=&quot;en&quot;&gt;&lt;span class=&quot;hps&quot;&gt;&lt;br /&gt;&lt;/span&gt;&lt;/span&gt;&lt;/td&gt;\n&lt;/tr&gt;\n&lt;/tbody&gt;\n&lt;/table&gt;\n&lt;p&gt;&lt;span style=&quot;font-size: small;&quot;&gt;&lt;br /&gt;&lt;/span&gt;&lt;/p&gt;', 'AR', 424),
('ارشيف الإعلانات', 'سيارات البحرين، سيارات للبيع في البحرين، مطلوب سيارة، سيارة بحرينية، أرشيف الإعلانات، إعلانات السيارات في البحرين، ', 'أرشيف جميع إعلانات السيارات للبيع او الشراء في البحرين ', '&lt;p&gt; &lt;/p&gt;\n&lt;table style=&quot;margin-left: auto; margin-right: auto; width: 700px; border: 0pt solid #a9a9a9;&quot; border=&quot;0&quot; align=&quot;center&quot;&gt;\n&lt;tbody&gt;\n&lt;tr&gt;\n&lt;td&gt;\n&lt;p style=&quot;text-align: right;&quot; dir=&quot;rtl&quot;&gt;&lt;span style=&quot;font-size: medium; font-family: tahoma,arial,helvetica,sans-serif;&quot;&gt;&lt;span id=&quot;result_box&quot; lang=&quot;en&quot;&gt;&lt;span class=&quot;hps&quot;&gt;أرشيف إعلانات بيع وشراء السيارات في البحرين&lt;/span&gt;&lt;/span&gt;&lt;/span&gt;&lt;/p&gt;\n&lt;p style=&quot;text-align: right;&quot; dir=&quot;rtl&quot;&gt;&lt;span style=&quot;font-size: medium;&quot;&gt;&lt;span id=&quot;result_box&quot; lang=&quot;en&quot;&gt;&lt;span class=&quot;hps&quot;&gt;&lt;span style=&quot;font-family: tahoma,arial,helvetica,sans-serif; font-size: medium;&quot;&gt;- أكتوبر 2012&lt;/span&gt;&lt;br /&gt;&lt;/span&gt;&lt;/span&gt;&lt;/span&gt;&lt;/p&gt;\n&lt;span id=&quot;result_box&quot; style=&quot;font-size: medium;&quot; lang=&quot;en&quot;&gt;&lt;span class=&quot;hps&quot;&gt;&lt;br /&gt;&lt;/span&gt;&lt;/span&gt;&lt;/td&gt;\n&lt;/tr&gt;\n&lt;/tbody&gt;\n&lt;/table&gt;\n&lt;p&gt;&lt;span style=&quot;font-size: small;&quot;&gt;&lt;br /&gt;&lt;/span&gt;&lt;/p&gt;', 'EN', 424),
('ارشيف الإعلانات', 'سيارات البحرين، سيارات للبيع في البحرين، مطلوب سيارة، سيارة بحرينية، أرشيف الإعلانات، إعلانات السيارات في البحرين، ', 'أرشيف جميع إعلانات السيارات للبيع او الشراء في البحرين ', '&lt;p&gt; &lt;/p&gt;\n&lt;table style=&quot;margin-left: auto; margin-right: auto; width: 700px; border: 0pt solid #a9a9a9;&quot; border=&quot;0&quot; align=&quot;center&quot;&gt;\n&lt;tbody&gt;\n&lt;tr&gt;\n&lt;td&gt;\n&lt;p style=&quot;text-align: right;&quot; dir=&quot;rtl&quot;&gt;&lt;span style=&quot;font-size: medium; font-family: tahoma,arial,helvetica,sans-serif;&quot;&gt;&lt;span id=&quot;result_box&quot; lang=&quot;en&quot;&gt;&lt;span class=&quot;hps&quot;&gt;أرشيف إعلانات بيع وشراء السيارات في البحرين&lt;/span&gt;&lt;/span&gt;&lt;/span&gt;&lt;/p&gt;\n&lt;p style=&quot;text-align: right;&quot; dir=&quot;rtl&quot;&gt;&lt;span style=&quot;font-size: medium;&quot;&gt;&lt;span id=&quot;result_box&quot; lang=&quot;en&quot;&gt;&lt;span class=&quot;hps&quot;&gt;&lt;span style=&quot;font-family: tahoma,arial,helvetica,sans-serif; font-size: medium;&quot;&gt;- أكتوبر 2012&lt;/span&gt;&lt;br /&gt;&lt;/span&gt;&lt;/span&gt;&lt;/span&gt;&lt;/p&gt;\n&lt;span id=&quot;result_box&quot; style=&quot;font-size: medium;&quot; lang=&quot;en&quot;&gt;&lt;span class=&quot;hps&quot;&gt;&lt;br /&gt;&lt;/span&gt;&lt;/span&gt;&lt;/td&gt;\n&lt;/tr&gt;\n&lt;/tbody&gt;\n&lt;/table&gt;\n&lt;p&gt;&lt;span style=&quot;font-size: small;&quot;&gt;&lt;br /&gt;&lt;/span&gt;&lt;/p&gt;', 'DE', 424),
('ملخص حركة سوق السيارات في البحرين 10 أكتوبر 2012م ', 'ملخص حركة سوق السيارات في البحرين 10 أكتوبر 2012م ', 'ملخص حركة سوق السيارات في البحرين 10 أكتوبر 2012م ', '&lt;p style=&quot;text-align: right;&quot;&gt; &lt;/p&gt;\n&lt;table style=&quot;width: 700px; border: 0pt solid #a9a9a9; float: right;&quot; border=&quot;0&quot; align=&quot;center&quot;&gt;\n&lt;tbody&gt;\n&lt;tr&gt;\n&lt;td&gt;\n&lt;div style=&quot;text-align: right; direction: rtl;&quot; dir=&quot;rtl&quot;&gt;&lt;span style=&quot;font-size: medium; font-family: tahoma,arial,helvetica,sans-serif;&quot;&gt;ملخص عروض البيع على موقع موتورز سوق ... اليوم الاربعاء الموافق 10-أكتوبر-2012م:&lt;/span&gt;&lt;/div&gt;\n&lt;span style=&quot;font-size: medium; font-family: tahoma,arial,helvetica,sans-serif;&quot; lang=&quot;en&quot;&gt;&lt;span lang=&quot;en&quot;&gt;&lt;span class=&quot;hps&quot;&gt;&lt;br /&gt;&lt;br /&gt;&lt;/span&gt;&lt;/span&gt;&lt;/span&gt;\n&lt;div style=&quot;text-align: right; direction: rtl;&quot; dir=&quot;rtl&quot;&gt;&lt;span style=&quot;font-size: medium; font-family: tahoma,arial,helvetica,sans-serif;&quot;&gt;للبيع: بي ام دبليو 330 فول اوبشن موديل 2002،  لمزيد من التفاصيل والصور اضغط على الرابط &lt;a href=&quot;http://motorssouq.com/v1200&quot; target=&quot;_blank&quot;&gt;http://motorssouq.com/v1200&lt;/a&gt;&lt;/span&gt;&lt;/div&gt;\n&lt;span style=&quot;font-size: medium; font-family: tahoma,arial,helvetica,sans-serif;&quot; lang=&quot;en&quot;&gt;&lt;span lang=&quot;en&quot;&gt;&lt;span class=&quot;hps&quot;&gt;&lt;br /&gt;&lt;br /&gt;&lt;/span&gt;&lt;/span&gt;&lt;/span&gt;\n&lt;div style=&quot;text-align: right; direction: rtl;&quot; dir=&quot;rtl&quot;&gt;&lt;span style=&quot;font-size: medium; font-family: tahoma,arial,helvetica,sans-serif;&quot;&gt;للبيع: لاند كروزر جي اكس آر موديل 2003، لمزيد من التفاصيل والصور اضغط الرابط &lt;a href=&quot;http://motorssouq.com/v1201&quot; target=&quot;_blank&quot;&gt;http://motorssouq.com/v1201&lt;/a&gt;&lt;/span&gt;&lt;/div&gt;\n&lt;span style=&quot;font-size: medium; font-family: tahoma,arial,helvetica,sans-serif;&quot; lang=&quot;en&quot;&gt;&lt;span lang=&quot;en&quot;&gt;&lt;span class=&quot;hps&quot;&gt;&lt;br /&gt;&lt;br /&gt;&lt;/span&gt;&lt;/span&gt;&lt;/span&gt;\n&lt;div style=&quot;text-align: right; direction: rtl;&quot; dir=&quot;rtl&quot;&gt;&lt;span style=&quot;font-size: medium; font-family: tahoma,arial,helvetica,sans-serif;&quot;&gt;للبيع:فورد ماركيز رصاصي موديل 2008، لمزيد من التفاصيل والصور اضغط الرابط&lt;br /&gt; &lt;a href=&quot;http://motorssouq.com/v1202&quot; target=&quot;_blank&quot;&gt;http://motorssouq.com/v1202&lt;/a&gt;&lt;/span&gt;&lt;/div&gt;\n&lt;span style=&quot;font-size: medium; font-family: tahoma,arial,helvetica,sans-serif;&quot; lang=&quot;en&quot;&gt;&lt;span lang=&quot;en&quot;&gt;&lt;span class=&quot;hps&quot;&gt;&lt;br /&gt;&lt;br /&gt;&lt;/span&gt;&lt;/span&gt;&lt;/span&gt;\n&lt;div style=&quot;text-align: right; direction: rtl;&quot; dir=&quot;rtl&quot;&gt;&lt;span style=&quot;font-size: medium; font-family: tahoma,arial,helvetica,sans-serif;&quot;&gt;مطلوب سيارة هوندا اكورد، لمزيد من التفاصيل اضغط على الرابط&lt;br /&gt;&lt;a href=&quot;http://www.motorssouq.com/requests&quot; target=&quot;_blank&quot;&gt;http://www.motorssouq.com/requests&lt;/a&gt;&lt;/span&gt;&lt;/div&gt;\n&lt;span style=&quot;font-size: medium; font-family: tahoma,arial,helvetica,sans-serif;&quot; lang=&quot;en&quot;&gt;&lt;span lang=&quot;en&quot;&gt;&lt;span class=&quot;hps&quot;&gt;&lt;br /&gt;&lt;br /&gt;&lt;/span&gt;&lt;/span&gt;&lt;/span&gt;\n&lt;div style=&quot;text-align: right; direction: rtl;&quot; dir=&quot;rtl&quot;&gt;&lt;span style=&quot;font-size: medium; font-family: tahoma,arial,helvetica,sans-serif;&quot;&gt;للبيع: يوكن جمسي دنالي أسود ملكي موديل 2004،  لمزيد من التفاصيل والصور اضغط على الرابط &lt;a href=&quot;http://motorssouq.com/v1203&quot; target=&quot;_blank&quot;&gt;http://motorssouq.com/v1203&lt;/a&gt;&lt;/span&gt;&lt;/div&gt;\n&lt;span style=&quot;font-size: medium; font-family: tahoma,arial,helvetica,sans-serif;&quot; lang=&quot;en&quot;&gt;&lt;span lang=&quot;en&quot;&gt;&lt;span class=&quot;hps&quot;&gt;&lt;br /&gt;&lt;br /&gt;&lt;/span&gt;&lt;/span&gt;&lt;/span&gt;\n&lt;div style=&quot;text-align: right; direction: rtl;&quot; dir=&quot;rtl&quot;&gt;&lt;span style=&quot;font-size: medium; font-family: tahoma,arial,helvetica,sans-serif;&quot;&gt;للبيع: بي ام دبليو سبورت وام تكنيك موديل 1990، لمزيد من التفاصيل والصور اضغط الرابط &lt;a href=&quot;http://motorssouq.com/v1204&quot; target=&quot;_blank&quot;&gt;http://motorssouq.com/v1204&lt;/a&gt;&lt;/span&gt;&lt;/div&gt;\n&lt;span style=&quot;font-size: medium; font-family: tahoma,arial,helvetica,sans-serif;&quot; lang=&quot;en&quot;&gt;&lt;span lang=&quot;en&quot;&gt;&lt;span class=&quot;hps&quot;&gt;&lt;br /&gt;&lt;br /&gt;&lt;/span&gt;&lt;/span&gt;&lt;/span&gt;\n&lt;div style=&quot;text-align: right; direction: rtl;&quot; dir=&quot;rtl&quot;&gt;&lt;span style=&quot;font-size: medium; font-family: tahoma,arial,helvetica,sans-serif;&quot;&gt;للبيع: هوندا سي ار في بحالة الوكالة موديل 2011، لمزيد من التفاصيل والصور اضغط الرابط  &lt;a href=&quot;http://motorssouq.com/v1211&quot; target=&quot;_blank&quot;&gt;http://motorssouq.com/v1211&lt;/a&gt;&lt;/span&gt;&lt;/div&gt;\n&lt;span style=&quot;font-size: medium; font-family: tahoma,arial,helvetica,sans-serif;&quot; lang=&quot;en&quot;&gt;&lt;span lang=&quot;en&quot;&gt;&lt;span class=&quot;hps&quot;&gt;&lt;br /&gt;&lt;br /&gt;&lt;/span&gt;&lt;/span&gt;&lt;/span&gt;\n&lt;div style=&quot;text-align: right; direction: rtl;&quot; dir=&quot;rtl&quot;&gt;&lt;span style=&quot;font-size: medium; font-family: tahoma,arial,helvetica,sans-serif;&quot;&gt;مطلوب سيارة افلون واف جي، لمزيد من التفاصيل اضغط على الرابط&lt;br /&gt;&lt;a href=&quot;http://www.motorssouq.com/requests&quot; target=&quot;_blank&quot;&gt;http://www.motorssouq.com/requests&lt;/a&gt;&lt;/span&gt;&lt;/div&gt;\n&lt;span style=&quot;font-size: medium; font-family: tahoma,arial,helvetica,sans-serif;&quot; lang=&quot;en&quot;&gt;&lt;span lang=&quot;en&quot;&gt;&lt;span class=&quot;hps&quot;&gt;&lt;br /&gt;&lt;br /&gt;&lt;br /&gt;&lt;/span&gt;&lt;/span&gt;&lt;/span&gt;\n&lt;div style=&quot;direction: ltr; text-align: justify;&quot; dir=&quot;rtl&quot;&gt; &lt;/div&gt;\n&lt;span style=&quot;font-size: medium; font-family: tahoma,arial,helvetica,sans-serif;&quot; lang=&quot;en&quot;&gt;&lt;span lang=&quot;en&quot;&gt;&lt;span class=&quot;hps&quot;&gt;&lt;br /&gt;&lt;/span&gt;&lt;/span&gt;&lt;/span&gt;\n&lt;div style=&quot;text-align: right; direction: rtl;&quot; dir=&quot;rtl&quot;&gt;&lt;span style=&quot;font-size: medium; font-family: tahoma,arial,helvetica,sans-serif;&quot;&gt;للبيع أفلون اللون صدفي موديل 2012 ماشيه 1000 وكاله البحرين العاديه مو الفول أوبشن السعر 11 وقابل ت &lt;a href=&quot;tel:39634324&quot; target=&quot;_blank&quot;&gt;39634324&lt;/a&gt;&lt;/span&gt;&lt;/div&gt;\n&lt;span style=&quot;font-size: medium; font-family: tahoma,arial,helvetica,sans-serif;&quot; lang=&quot;en&quot;&gt;&lt;span lang=&quot;en&quot;&gt;&lt;span class=&quot;hps&quot;&gt;&lt;br /&gt;&lt;/span&gt;&lt;/span&gt;&lt;/span&gt;\n&lt;div style=&quot;text-align: left; direction: ltr;&quot; dir=&quot;ltr&quot;&gt; &lt;/div&gt;\n&lt;span style=&quot;font-size: medium; font-family: tahoma,arial,helvetica,sans-serif;&quot; lang=&quot;en&quot;&gt;&lt;span lang=&quot;en&quot;&gt;&lt;span class=&quot;hps&quot;&gt;&lt;br /&gt;&lt;/span&gt;&lt;/span&gt;&lt;/span&gt;\n&lt;div style=&quot;text-align: right; direction: rtl;&quot; dir=&quot;rtl&quot;&gt;&lt;span style=&quot;font-size: medium; font-family: tahoma,arial,helvetica,sans-serif;&quot;&gt;للبيع :رقم سيارة   &lt;/span&gt;&lt;/div&gt;\n&lt;div style=&quot;text-align: right; direction: rtl;&quot; dir=&quot;rtl&quot;&gt;&lt;span style=&quot;font-size: medium; font-family: tahoma,arial,helvetica,sans-serif;&quot;&gt;رقم 383282&lt;/span&gt;&lt;/div&gt;\n&lt;div style=&quot;text-align: right; direction: rtl;&quot; dir=&quot;rtl&quot;&gt;&lt;span style=&quot;font-size: medium; font-family: tahoma,arial,helvetica,sans-serif;&quot;&gt;السعر :500  &lt;/span&gt;&lt;/div&gt;\n&lt;div style=&quot;text-align: right; direction: rtl;&quot; dir=&quot;rtl&quot;&gt;&lt;span style=&quot;font-size: medium; font-family: tahoma,arial,helvetica,sans-serif;&quot;&gt;للاستفسار &lt;a href=&quot;tel:39117770&quot; target=&quot;_blank&quot;&gt;39117770&lt;/a&gt;&lt;/span&gt;&lt;/div&gt;\n&lt;span style=&quot;font-size: medium; font-family: tahoma,arial,helvetica,sans-serif;&quot; lang=&quot;en&quot;&gt;&lt;span lang=&quot;en&quot;&gt;&lt;span class=&quot;hps&quot;&gt;&lt;br /&gt;&lt;/span&gt;&lt;/span&gt;&lt;/span&gt;\n&lt;div style=&quot;text-align: left; direction: ltr;&quot; dir=&quot;ltr&quot;&gt; &lt;/div&gt;\n&lt;/td&gt;\n&lt;/tr&gt;\n&lt;/tbody&gt;\n&lt;/table&gt;\n&lt;p style=&quot;text-align: right;&quot;&gt;&lt;span style=&quot;font-size: medium; font-family: tahoma,arial,helvetica,sans-serif;&quot;&gt;&lt;br /&gt;&lt;/span&gt;&lt;/p&gt;', 'AR', 425),
('ملخص حركة سوق السيارات في البحرين 10 أكتوبر 2012م ', 'ملخص حركة سوق السيارات في البحرين 10 أكتوبر 2012م ', 'ملخص حركة سوق السيارات في البحرين 10 أكتوبر 2012م ', '&lt;p style=&quot;text-align: right;&quot;&gt; &lt;/p&gt;\n&lt;table style=&quot;width: 700px; border: 0pt solid #a9a9a9; float: right;&quot; border=&quot;0&quot; align=&quot;center&quot;&gt;\n&lt;tbody&gt;\n&lt;tr&gt;\n&lt;td&gt;\n&lt;div style=&quot;text-align: right; direction: rtl;&quot; dir=&quot;rtl&quot;&gt;&lt;span style=&quot;font-size: medium; font-family: tahoma,arial,helvetica,sans-serif;&quot;&gt;ملخص عروض البيع على موقع موتورز سوق ... اليوم الاربعاء الموافق 10-أكتوبر-2012م:&lt;/span&gt;&lt;/div&gt;\n&lt;span style=&quot;font-size: medium; font-family: tahoma,arial,helvetica,sans-serif;&quot; lang=&quot;en&quot;&gt;&lt;span lang=&quot;en&quot;&gt;&lt;span class=&quot;hps&quot;&gt;&lt;br /&gt;&lt;br /&gt;&lt;/span&gt;&lt;/span&gt;&lt;/span&gt;\n&lt;div style=&quot;text-align: right; direction: rtl;&quot; dir=&quot;rtl&quot;&gt;&lt;span style=&quot;font-size: medium; font-family: tahoma,arial,helvetica,sans-serif;&quot;&gt;للبيع: بي ام دبليو 330 فول اوبشن موديل 2002،  لمزيد من التفاصيل والصور اضغط على الرابط &lt;a href=&quot;http://motorssouq.com/v1200&quot; target=&quot;_blank&quot;&gt;http://motorssouq.com/v1200&lt;/a&gt;&lt;/span&gt;&lt;/div&gt;\n&lt;span style=&quot;font-size: medium; font-family: tahoma,arial,helvetica,sans-serif;&quot; lang=&quot;en&quot;&gt;&lt;span lang=&quot;en&quot;&gt;&lt;span class=&quot;hps&quot;&gt;&lt;br /&gt;&lt;br /&gt;&lt;/span&gt;&lt;/span&gt;&lt;/span&gt;\n&lt;div style=&quot;text-align: right; direction: rtl;&quot; dir=&quot;rtl&quot;&gt;&lt;span style=&quot;font-size: medium; font-family: tahoma,arial,helvetica,sans-serif;&quot;&gt;للبيع: لاند كروزر جي اكس آر موديل 2003، لمزيد من التفاصيل والصور اضغط الرابط &lt;a href=&quot;http://motorssouq.com/v1201&quot; target=&quot;_blank&quot;&gt;http://motorssouq.com/v1201&lt;/a&gt;&lt;/span&gt;&lt;/div&gt;\n&lt;span style=&quot;font-size: medium; font-family: tahoma,arial,helvetica,sans-serif;&quot; lang=&quot;en&quot;&gt;&lt;span lang=&quot;en&quot;&gt;&lt;span class=&quot;hps&quot;&gt;&lt;br /&gt;&lt;br /&gt;&lt;/span&gt;&lt;/span&gt;&lt;/span&gt;\n&lt;div style=&quot;text-align: right; direction: rtl;&quot; dir=&quot;rtl&quot;&gt;&lt;span style=&quot;font-size: medium; font-family: tahoma,arial,helvetica,sans-serif;&quot;&gt;للبيع:فورد ماركيز رصاصي موديل 2008، لمزيد من التفاصيل والصور اضغط الرابط&lt;br /&gt; &lt;a href=&quot;http://motorssouq.com/v1202&quot; target=&quot;_blank&quot;&gt;http://motorssouq.com/v1202&lt;/a&gt;&lt;/span&gt;&lt;/div&gt;\n&lt;span style=&quot;font-size: medium; font-family: tahoma,arial,helvetica,sans-serif;&quot; lang=&quot;en&quot;&gt;&lt;span lang=&quot;en&quot;&gt;&lt;span class=&quot;hps&quot;&gt;&lt;br /&gt;&lt;br /&gt;&lt;/span&gt;&lt;/span&gt;&lt;/span&gt;\n&lt;div style=&quot;text-align: right; direction: rtl;&quot; dir=&quot;rtl&quot;&gt;&lt;span style=&quot;font-size: medium; font-family: tahoma,arial,helvetica,sans-serif;&quot;&gt;مطلوب سيارة هوندا اكورد، لمزيد من التفاصيل اضغط على الرابط&lt;br /&gt;&lt;a href=&quot;http://www.motorssouq.com/requests&quot; target=&quot;_blank&quot;&gt;http://www.motorssouq.com/requests&lt;/a&gt;&lt;/span&gt;&lt;/div&gt;\n&lt;span style=&quot;font-size: medium; font-family: tahoma,arial,helvetica,sans-serif;&quot; lang=&quot;en&quot;&gt;&lt;span lang=&quot;en&quot;&gt;&lt;span class=&quot;hps&quot;&gt;&lt;br /&gt;&lt;br /&gt;&lt;/span&gt;&lt;/span&gt;&lt;/span&gt;\n&lt;div style=&quot;text-align: right; direction: rtl;&quot; dir=&quot;rtl&quot;&gt;&lt;span style=&quot;font-size: medium; font-family: tahoma,arial,helvetica,sans-serif;&quot;&gt;للبيع: يوكن جمسي دنالي أسود ملكي موديل 2004،  لمزيد من التفاصيل والصور اضغط على الرابط &lt;a href=&quot;http://motorssouq.com/v1203&quot; target=&quot;_blank&quot;&gt;http://motorssouq.com/v1203&lt;/a&gt;&lt;/span&gt;&lt;/div&gt;\n&lt;span style=&quot;font-size: medium; font-family: tahoma,arial,helvetica,sans-serif;&quot; lang=&quot;en&quot;&gt;&lt;span lang=&quot;en&quot;&gt;&lt;span class=&quot;hps&quot;&gt;&lt;br /&gt;&lt;br /&gt;&lt;/span&gt;&lt;/span&gt;&lt;/span&gt;\n&lt;div style=&quot;text-align: right; direction: rtl;&quot; dir=&quot;rtl&quot;&gt;&lt;span style=&quot;font-size: medium; font-family: tahoma,arial,helvetica,sans-serif;&quot;&gt;للبيع: بي ام دبليو سبورت وام تكنيك موديل 1990، لمزيد من التفاصيل والصور اضغط الرابط &lt;a href=&quot;http://motorssouq.com/v1204&quot; target=&quot;_blank&quot;&gt;http://motorssouq.com/v1204&lt;/a&gt;&lt;/span&gt;&lt;/div&gt;\n&lt;span style=&quot;font-size: medium; font-family: tahoma,arial,helvetica,sans-serif;&quot; lang=&quot;en&quot;&gt;&lt;span lang=&quot;en&quot;&gt;&lt;span class=&quot;hps&quot;&gt;&lt;br /&gt;&lt;br /&gt;&lt;/span&gt;&lt;/span&gt;&lt;/span&gt;\n&lt;div style=&quot;text-align: right; direction: rtl;&quot; dir=&quot;rtl&quot;&gt;&lt;span style=&quot;font-size: medium; font-family: tahoma,arial,helvetica,sans-serif;&quot;&gt;للبيع: هوندا سي ار في بحالة الوكالة موديل 2011، لمزيد من التفاصيل والصور اضغط الرابط  &lt;a href=&quot;http://motorssouq.com/v1211&quot; target=&quot;_blank&quot;&gt;http://motorssouq.com/v1211&lt;/a&gt;&lt;/span&gt;&lt;/div&gt;\n&lt;span style=&quot;font-size: medium; font-family: tahoma,arial,helvetica,sans-serif;&quot; lang=&quot;en&quot;&gt;&lt;span lang=&quot;en&quot;&gt;&lt;span class=&quot;hps&quot;&gt;&lt;br /&gt;&lt;br /&gt;&lt;/span&gt;&lt;/span&gt;&lt;/span&gt;\n&lt;div style=&quot;text-align: right; direction: rtl;&quot; dir=&quot;rtl&quot;&gt;&lt;span style=&quot;font-size: medium; font-family: tahoma,arial,helvetica,sans-serif;&quot;&gt;مطلوب سيارة افلون واف جي، لمزيد من التفاصيل اضغط على الرابط&lt;br /&gt;&lt;a href=&quot;http://www.motorssouq.com/requests&quot; target=&quot;_blank&quot;&gt;http://www.motorssouq.com/requests&lt;/a&gt;&lt;/span&gt;&lt;/div&gt;\n&lt;span style=&quot;font-size: medium; font-family: tahoma,arial,helvetica,sans-serif;&quot; lang=&quot;en&quot;&gt;&lt;span lang=&quot;en&quot;&gt;&lt;span class=&quot;hps&quot;&gt;&lt;br /&gt;&lt;br /&gt;&lt;br /&gt;&lt;/span&gt;&lt;/span&gt;&lt;/span&gt;\n&lt;div style=&quot;direction: ltr; text-align: justify;&quot; dir=&quot;rtl&quot;&gt; &lt;/div&gt;\n&lt;span style=&quot;font-size: medium; font-family: tahoma,arial,helvetica,sans-serif;&quot; lang=&quot;en&quot;&gt;&lt;span lang=&quot;en&quot;&gt;&lt;span class=&quot;hps&quot;&gt;&lt;br /&gt;&lt;/span&gt;&lt;/span&gt;&lt;/span&gt;\n&lt;div style=&quot;text-align: right; direction: rtl;&quot; dir=&quot;rtl&quot;&gt;&lt;span style=&quot;font-size: medium; font-family: tahoma,arial,helvetica,sans-serif;&quot;&gt;للبيع أفلون اللون صدفي موديل 2012 ماشيه 1000 وكاله البحرين العاديه مو الفول أوبشن السعر 11 وقابل ت &lt;a href=&quot;tel:39634324&quot; target=&quot;_blank&quot;&gt;39634324&lt;/a&gt;&lt;/span&gt;&lt;/div&gt;\n&lt;span style=&quot;font-size: medium; font-family: tahoma,arial,helvetica,sans-serif;&quot; lang=&quot;en&quot;&gt;&lt;span lang=&quot;en&quot;&gt;&lt;span class=&quot;hps&quot;&gt;&lt;br /&gt;&lt;/span&gt;&lt;/span&gt;&lt;/span&gt;\n&lt;div style=&quot;text-align: left; direction: ltr;&quot; dir=&quot;ltr&quot;&gt; &lt;/div&gt;\n&lt;span style=&quot;font-size: medium; font-family: tahoma,arial,helvetica,sans-serif;&quot; lang=&quot;en&quot;&gt;&lt;span lang=&quot;en&quot;&gt;&lt;span class=&quot;hps&quot;&gt;&lt;br /&gt;&lt;/span&gt;&lt;/span&gt;&lt;/span&gt;\n&lt;div style=&quot;text-align: right; direction: rtl;&quot; dir=&quot;rtl&quot;&gt;&lt;span style=&quot;font-size: medium; font-family: tahoma,arial,helvetica,sans-serif;&quot;&gt;للبيع :رقم سيارة   &lt;/span&gt;&lt;/div&gt;\n&lt;div style=&quot;text-align: right; direction: rtl;&quot; dir=&quot;rtl&quot;&gt;&lt;span style=&quot;font-size: medium; font-family: tahoma,arial,helvetica,sans-serif;&quot;&gt;رقم 383282&lt;/span&gt;&lt;/div&gt;\n&lt;div style=&quot;text-align: right; direction: rtl;&quot; dir=&quot;rtl&quot;&gt;&lt;span style=&quot;font-size: medium; font-family: tahoma,arial,helvetica,sans-serif;&quot;&gt;السعر :500  &lt;/span&gt;&lt;/div&gt;\n&lt;div style=&quot;text-align: right; direction: rtl;&quot; dir=&quot;rtl&quot;&gt;&lt;span style=&quot;font-size: medium; font-family: tahoma,arial,helvetica,sans-serif;&quot;&gt;للاستفسار &lt;a href=&quot;tel:39117770&quot; target=&quot;_blank&quot;&gt;39117770&lt;/a&gt;&lt;/span&gt;&lt;/div&gt;\n&lt;span style=&quot;font-size: medium; font-family: tahoma,arial,helvetica,sans-serif;&quot; lang=&quot;en&quot;&gt;&lt;span lang=&quot;en&quot;&gt;&lt;span class=&quot;hps&quot;&gt;&lt;br /&gt;&lt;/span&gt;&lt;/span&gt;&lt;/span&gt;\n&lt;div style=&quot;text-align: left; direction: ltr;&quot; dir=&quot;ltr&quot;&gt; &lt;/div&gt;\n&lt;/td&gt;\n&lt;/tr&gt;\n&lt;/tbody&gt;\n&lt;/table&gt;\n&lt;p style=&quot;text-align: right;&quot;&gt;&lt;span style=&quot;font-size: medium; font-family: tahoma,arial,helvetica,sans-serif;&quot;&gt;&lt;br /&gt;&lt;/span&gt;&lt;/p&gt;', 'EN', 425),
('ملخص حركة سوق السيارات في البحرين 10 أكتوبر 2012م ', 'ملخص حركة سوق السيارات في البحرين 10 أكتوبر 2012م ', 'ملخص حركة سوق السيارات في البحرين 10 أكتوبر 2012م ', '&lt;p style=&quot;text-align: right;&quot;&gt; &lt;/p&gt;\n&lt;table style=&quot;width: 700px; border: 0pt solid #a9a9a9; float: right;&quot; border=&quot;0&quot; align=&quot;center&quot;&gt;\n&lt;tbody&gt;\n&lt;tr&gt;\n&lt;td&gt;\n&lt;div style=&quot;text-align: right; direction: rtl;&quot; dir=&quot;rtl&quot;&gt;&lt;span style=&quot;font-size: medium; font-family: tahoma,arial,helvetica,sans-serif;&quot;&gt;ملخص عروض البيع على موقع موتورز سوق ... اليوم الاربعاء الموافق 10-أكتوبر-2012م:&lt;/span&gt;&lt;/div&gt;\n&lt;span style=&quot;font-size: medium; font-family: tahoma,arial,helvetica,sans-serif;&quot; lang=&quot;en&quot;&gt;&lt;span lang=&quot;en&quot;&gt;&lt;span class=&quot;hps&quot;&gt;&lt;br /&gt;&lt;br /&gt;&lt;/span&gt;&lt;/span&gt;&lt;/span&gt;\n&lt;div style=&quot;text-align: right; direction: rtl;&quot; dir=&quot;rtl&quot;&gt;&lt;span style=&quot;font-size: medium; font-family: tahoma,arial,helvetica,sans-serif;&quot;&gt;للبيع: بي ام دبليو 330 فول اوبشن موديل 2002،  لمزيد من التفاصيل والصور اضغط على الرابط &lt;a href=&quot;http://motorssouq.com/v1200&quot; target=&quot;_blank&quot;&gt;http://motorssouq.com/v1200&lt;/a&gt;&lt;/span&gt;&lt;/div&gt;\n&lt;span style=&quot;font-size: medium; font-family: tahoma,arial,helvetica,sans-serif;&quot; lang=&quot;en&quot;&gt;&lt;span lang=&quot;en&quot;&gt;&lt;span class=&quot;hps&quot;&gt;&lt;br /&gt;&lt;br /&gt;&lt;/span&gt;&lt;/span&gt;&lt;/span&gt;\n&lt;div style=&quot;text-align: right; direction: rtl;&quot; dir=&quot;rtl&quot;&gt;&lt;span style=&quot;font-size: medium; font-family: tahoma,arial,helvetica,sans-serif;&quot;&gt;للبيع: لاند كروزر جي اكس آر موديل 2003، لمزيد من التفاصيل والصور اضغط الرابط &lt;a href=&quot;http://motorssouq.com/v1201&quot; target=&quot;_blank&quot;&gt;http://motorssouq.com/v1201&lt;/a&gt;&lt;/span&gt;&lt;/div&gt;\n&lt;span style=&quot;font-size: medium; font-family: tahoma,arial,helvetica,sans-serif;&quot; lang=&quot;en&quot;&gt;&lt;span lang=&quot;en&quot;&gt;&lt;span class=&quot;hps&quot;&gt;&lt;br /&gt;&lt;br /&gt;&lt;/span&gt;&lt;/span&gt;&lt;/span&gt;\n&lt;div style=&quot;text-align: right; direction: rtl;&quot; dir=&quot;rtl&quot;&gt;&lt;span style=&quot;font-size: medium; font-family: tahoma,arial,helvetica,sans-serif;&quot;&gt;للبيع:فورد ماركيز رصاصي موديل 2008، لمزيد من التفاصيل والصور اضغط الرابط&lt;br /&gt; &lt;a href=&quot;http://motorssouq.com/v1202&quot; target=&quot;_blank&quot;&gt;http://motorssouq.com/v1202&lt;/a&gt;&lt;/span&gt;&lt;/div&gt;\n&lt;span style=&quot;font-size: medium; font-family: tahoma,arial,helvetica,sans-serif;&quot; lang=&quot;en&quot;&gt;&lt;span lang=&quot;en&quot;&gt;&lt;span class=&quot;hps&quot;&gt;&lt;br /&gt;&lt;br /&gt;&lt;/span&gt;&lt;/span&gt;&lt;/span&gt;\n&lt;div style=&quot;text-align: right; direction: rtl;&quot; dir=&quot;rtl&quot;&gt;&lt;span style=&quot;font-size: medium; font-family: tahoma,arial,helvetica,sans-serif;&quot;&gt;مطلوب سيارة هوندا اكورد، لمزيد من التفاصيل اضغط على الرابط&lt;br /&gt;&lt;a href=&quot;http://www.motorssouq.com/requests&quot; target=&quot;_blank&quot;&gt;http://www.motorssouq.com/requests&lt;/a&gt;&lt;/span&gt;&lt;/div&gt;\n&lt;span style=&quot;font-size: medium; font-family: tahoma,arial,helvetica,sans-serif;&quot; lang=&quot;en&quot;&gt;&lt;span lang=&quot;en&quot;&gt;&lt;span class=&quot;hps&quot;&gt;&lt;br /&gt;&lt;br /&gt;&lt;/span&gt;&lt;/span&gt;&lt;/span&gt;\n&lt;div style=&quot;text-align: right; direction: rtl;&quot; dir=&quot;rtl&quot;&gt;&lt;span style=&quot;font-size: medium; font-family: tahoma,arial,helvetica,sans-serif;&quot;&gt;للبيع: يوكن جمسي دنالي أسود ملكي موديل 2004،  لمزيد من التفاصيل والصور اضغط على الرابط &lt;a href=&quot;http://motorssouq.com/v1203&quot; target=&quot;_blank&quot;&gt;http://motorssouq.com/v1203&lt;/a&gt;&lt;/span&gt;&lt;/div&gt;\n&lt;span style=&quot;font-size: medium; font-family: tahoma,arial,helvetica,sans-serif;&quot; lang=&quot;en&quot;&gt;&lt;span lang=&quot;en&quot;&gt;&lt;span class=&quot;hps&quot;&gt;&lt;br /&gt;&lt;br /&gt;&lt;/span&gt;&lt;/span&gt;&lt;/span&gt;\n&lt;div style=&quot;text-align: right; direction: rtl;&quot; dir=&quot;rtl&quot;&gt;&lt;span style=&quot;font-size: medium; font-family: tahoma,arial,helvetica,sans-serif;&quot;&gt;للبيع: بي ام دبليو سبورت وام تكنيك موديل 1990، لمزيد من التفاصيل والصور اضغط الرابط &lt;a href=&quot;http://motorssouq.com/v1204&quot; target=&quot;_blank&quot;&gt;http://motorssouq.com/v1204&lt;/a&gt;&lt;/span&gt;&lt;/div&gt;\n&lt;span style=&quot;font-size: medium; font-family: tahoma,arial,helvetica,sans-serif;&quot; lang=&quot;en&quot;&gt;&lt;span lang=&quot;en&quot;&gt;&lt;span class=&quot;hps&quot;&gt;&lt;br /&gt;&lt;br /&gt;&lt;/span&gt;&lt;/span&gt;&lt;/span&gt;\n&lt;div style=&quot;text-align: right; direction: rtl;&quot; dir=&quot;rtl&quot;&gt;&lt;span style=&quot;font-size: medium; font-family: tahoma,arial,helvetica,sans-serif;&quot;&gt;للبيع: هوندا سي ار في بحالة الوكالة موديل 2011، لمزيد من التفاصيل والصور اضغط الرابط  &lt;a href=&quot;http://motorssouq.com/v1211&quot; target=&quot;_blank&quot;&gt;http://motorssouq.com/v1211&lt;/a&gt;&lt;/span&gt;&lt;/div&gt;\n&lt;span style=&quot;font-size: medium; font-family: tahoma,arial,helvetica,sans-serif;&quot; lang=&quot;en&quot;&gt;&lt;span lang=&quot;en&quot;&gt;&lt;span class=&quot;hps&quot;&gt;&lt;br /&gt;&lt;br /&gt;&lt;/span&gt;&lt;/span&gt;&lt;/span&gt;\n&lt;div style=&quot;text-align: right; direction: rtl;&quot; dir=&quot;rtl&quot;&gt;&lt;span style=&quot;font-size: medium; font-family: tahoma,arial,helvetica,sans-serif;&quot;&gt;مطلوب سيارة افلون واف جي، لمزيد من التفاصيل اضغط على الرابط&lt;br /&gt;&lt;a href=&quot;http://www.motorssouq.com/requests&quot; target=&quot;_blank&quot;&gt;http://www.motorssouq.com/requests&lt;/a&gt;&lt;/span&gt;&lt;/div&gt;\n&lt;span style=&quot;font-size: medium; font-family: tahoma,arial,helvetica,sans-serif;&quot; lang=&quot;en&quot;&gt;&lt;span lang=&quot;en&quot;&gt;&lt;span class=&quot;hps&quot;&gt;&lt;br /&gt;&lt;br /&gt;&lt;br /&gt;&lt;/span&gt;&lt;/span&gt;&lt;/span&gt;\n&lt;div style=&quot;direction: ltr; text-align: justify;&quot; dir=&quot;rtl&quot;&gt; &lt;/div&gt;\n&lt;span style=&quot;font-size: medium; font-family: tahoma,arial,helvetica,sans-serif;&quot; lang=&quot;en&quot;&gt;&lt;span lang=&quot;en&quot;&gt;&lt;span class=&quot;hps&quot;&gt;&lt;br /&gt;&lt;/span&gt;&lt;/span&gt;&lt;/span&gt;\n&lt;div style=&quot;text-align: right; direction: rtl;&quot; dir=&quot;rtl&quot;&gt;&lt;span style=&quot;font-size: medium; font-family: tahoma,arial,helvetica,sans-serif;&quot;&gt;للبيع أفلون اللون صدفي موديل 2012 ماشيه 1000 وكاله البحرين العاديه مو الفول أوبشن السعر 11 وقابل ت &lt;a href=&quot;tel:39634324&quot; target=&quot;_blank&quot;&gt;39634324&lt;/a&gt;&lt;/span&gt;&lt;/div&gt;\n&lt;span style=&quot;font-size: medium; font-family: tahoma,arial,helvetica,sans-serif;&quot; lang=&quot;en&quot;&gt;&lt;span lang=&quot;en&quot;&gt;&lt;span class=&quot;hps&quot;&gt;&lt;br /&gt;&lt;/span&gt;&lt;/span&gt;&lt;/span&gt;\n&lt;div style=&quot;text-align: left; direction: ltr;&quot; dir=&quot;ltr&quot;&gt; &lt;/div&gt;\n&lt;span style=&quot;font-size: medium; font-family: tahoma,arial,helvetica,sans-serif;&quot; lang=&quot;en&quot;&gt;&lt;span lang=&quot;en&quot;&gt;&lt;span class=&quot;hps&quot;&gt;&lt;br /&gt;&lt;/span&gt;&lt;/span&gt;&lt;/span&gt;\n&lt;div style=&quot;text-align: right; direction: rtl;&quot; dir=&quot;rtl&quot;&gt;&lt;span style=&quot;font-size: medium; font-family: tahoma,arial,helvetica,sans-serif;&quot;&gt;للبيع :رقم سيارة   &lt;/span&gt;&lt;/div&gt;\n&lt;div style=&quot;text-align: right; direction: rtl;&quot; dir=&quot;rtl&quot;&gt;&lt;span style=&quot;font-size: medium; font-family: tahoma,arial,helvetica,sans-serif;&quot;&gt;رقم 383282&lt;/span&gt;&lt;/div&gt;\n&lt;div style=&quot;text-align: right; direction: rtl;&quot; dir=&quot;rtl&quot;&gt;&lt;span style=&quot;font-size: medium; font-family: tahoma,arial,helvetica,sans-serif;&quot;&gt;السعر :500  &lt;/span&gt;&lt;/div&gt;\n&lt;div style=&quot;text-align: right; direction: rtl;&quot; dir=&quot;rtl&quot;&gt;&lt;span style=&quot;font-size: medium; font-family: tahoma,arial,helvetica,sans-serif;&quot;&gt;للاستفسار &lt;a href=&quot;tel:39117770&quot; target=&quot;_blank&quot;&gt;39117770&lt;/a&gt;&lt;/span&gt;&lt;/div&gt;\n&lt;span style=&quot;font-size: medium; font-family: tahoma,arial,helvetica,sans-serif;&quot; lang=&quot;en&quot;&gt;&lt;span lang=&quot;en&quot;&gt;&lt;span class=&quot;hps&quot;&gt;&lt;br /&gt;&lt;/span&gt;&lt;/span&gt;&lt;/span&gt;\n&lt;div style=&quot;text-align: left; direction: ltr;&quot; dir=&quot;ltr&quot;&gt; &lt;/div&gt;\n&lt;/td&gt;\n&lt;/tr&gt;\n&lt;/tbody&gt;\n&lt;/table&gt;\n&lt;p style=&quot;text-align: right;&quot;&gt;&lt;span style=&quot;font-size: medium; font-family: tahoma,arial,helvetica,sans-serif;&quot;&gt;&lt;br /&gt;&lt;/span&gt;&lt;/p&gt;', 'DE', 425),
('أرشيف الإعلانات أكتوبر 2012م', 'أرشيف الإعلانات أكتوبر 2012م', 'أرشيف ملخصات حركة سوق السيارات اليومية في البحرين لشهر أكتوبر 2012م ', '&lt;p style=&quot;text-align: right;&quot;&gt; &lt;/p&gt;\n&lt;table style=&quot;width: 700px; border: 0pt solid #a9a9a9; float: right;&quot; border=&quot;0&quot; align=&quot;center&quot;&gt;\n&lt;tbody&gt;\n&lt;tr&gt;\n&lt;td dir=&quot;rtl&quot;&gt;&lt;span style=&quot;font-size: medium; font-family: tahoma,arial,helvetica,sans-serif;&quot;&gt;- ا أكتوبر 2012م&lt;/span&gt;&lt;br /&gt;&lt;span style=&quot;font-size: medium; font-family: tahoma,arial,helvetica,sans-serif;&quot;&gt;- 2 أكتوبر 2012م&lt;/span&gt;&lt;br /&gt;&lt;span style=&quot;font-size: medium; font-family: tahoma,arial,helvetica,sans-serif;&quot;&gt;- 3 أكتوبر 2012م&lt;/span&gt;&lt;br /&gt;&lt;span style=&quot;font-size: medium; font-family: tahoma,arial,helvetica,sans-serif;&quot;&gt;- 4 أكتوبر 2012م &lt;/span&gt;&lt;br /&gt;&lt;span style=&quot;font-size: medium; font-family: tahoma,arial,helvetica,sans-serif;&quot;&gt;- 5 أكتوبر 2012م&lt;/span&gt;&lt;br /&gt;&lt;span style=&quot;font-size: medium; font-family: tahoma,arial,helvetica,sans-serif;&quot;&gt;- 6 أكتوبر 2012م&lt;/span&gt;&lt;br /&gt;&lt;span style=&quot;font-size: medium; font-family: tahoma,arial,helvetica,sans-serif;&quot;&gt;- 7 أكتوبر 2012م&lt;/span&gt;&lt;br /&gt;&lt;span style=&quot;font-size: medium; font-family: tahoma,arial,helvetica,sans-serif;&quot;&gt;- 8 أكتوبر 2012م&lt;/span&gt;&lt;br /&gt;&lt;span style=&quot;font-size: medium; font-family: tahoma,arial,helvetica,sans-serif;&quot;&gt;- 9 أكتوبر 2012م&lt;/span&gt;&lt;br /&gt;&lt;span style=&quot;font-size: medium; font-family: tahoma,arial,helvetica,sans-serif;&quot;&gt;- &lt;/span&gt;&lt;span style=&quot;font-family: tahoma,arial,helvetica,sans-serif; font-size: medium;&quot;&gt;&lt;a title=&quot;رابط صفحة أرشيف 10 أكتوبر 2012م&quot; href=&quot;http://www.motorssouq.com/index.php?module=cms&amp;amp;page=page&amp;amp;id=425&quot; target=&quot;_blank&quot;&gt;10 أكتوبر 2012م&lt;/a&gt;&lt;/span&gt;&lt;br /&gt;&lt;br /&gt;\n&lt;div style=&quot;text-align: left; direction: ltr;&quot; dir=&quot;ltr&quot;&gt; &lt;/div&gt;\n&lt;/td&gt;\n&lt;/tr&gt;\n&lt;/tbody&gt;\n&lt;/table&gt;\n&lt;p style=&quot;text-align: right;&quot;&gt;&lt;span style=&quot;font-size: medium; font-family: tahoma,arial,helvetica,sans-serif;&quot;&gt;&lt;br /&gt;&lt;/span&gt;&lt;/p&gt;', 'AR', 426),
('أرشيف الإعلانات أكتوبر 2012م', 'أرشيف الإعلانات أكتوبر 2012م', 'أرشيف ملخصات حركة سوق السيارات اليومية في البحرين لشهر أكتوبر 2012م ', '&lt;p style=&quot;text-align: right;&quot;&gt; &lt;/p&gt;\n&lt;table style=&quot;width: 700px; border: 0pt solid #a9a9a9; float: right;&quot; border=&quot;0&quot; align=&quot;center&quot;&gt;\n&lt;tbody&gt;\n&lt;tr&gt;\n&lt;td dir=&quot;rtl&quot;&gt;&lt;span style=&quot;font-size: medium; font-family: tahoma,arial,helvetica,sans-serif;&quot;&gt;- ا أكتوبر 2012م&lt;/span&gt;&lt;br /&gt;&lt;span style=&quot;font-size: medium; font-family: tahoma,arial,helvetica,sans-serif;&quot;&gt;- 2 أكتوبر 2012م&lt;/span&gt;&lt;br /&gt;&lt;span style=&quot;font-size: medium; font-family: tahoma,arial,helvetica,sans-serif;&quot;&gt;- 3 أكتوبر 2012م&lt;/span&gt;&lt;br /&gt;&lt;span style=&quot;font-size: medium; font-family: tahoma,arial,helvetica,sans-serif;&quot;&gt;- 4 أكتوبر 2012م &lt;/span&gt;&lt;br /&gt;&lt;span style=&quot;font-size: medium; font-family: tahoma,arial,helvetica,sans-serif;&quot;&gt;- 5 أكتوبر 2012م&lt;/span&gt;&lt;br /&gt;&lt;span style=&quot;font-size: medium; font-family: tahoma,arial,helvetica,sans-serif;&quot;&gt;- 6 أكتوبر 2012م&lt;/span&gt;&lt;br /&gt;&lt;span style=&quot;font-size: medium; font-family: tahoma,arial,helvetica,sans-serif;&quot;&gt;- 7 أكتوبر 2012م&lt;/span&gt;&lt;br /&gt;&lt;span style=&quot;font-size: medium; font-family: tahoma,arial,helvetica,sans-serif;&quot;&gt;- 8 أكتوبر 2012م&lt;/span&gt;&lt;br /&gt;&lt;span style=&quot;font-size: medium; font-family: tahoma,arial,helvetica,sans-serif;&quot;&gt;- 9 أكتوبر 2012م&lt;/span&gt;&lt;br /&gt;&lt;span style=&quot;font-size: medium; font-family: tahoma,arial,helvetica,sans-serif;&quot;&gt;- &lt;a title=&quot;رابط صفحة أرشيف 10 أكتوبر 2012م&quot; href=&quot;http://www.motorssouq.com/index.php?module=cms&amp;amp;page=page&amp;amp;id=425&quot; target=&quot;_blank&quot;&gt;10 أكتوبر 2012م&lt;/a&gt;&lt;/span&gt;&lt;br /&gt;&lt;br /&gt;\n&lt;div style=&quot;text-align: left; direction: ltr;&quot; dir=&quot;ltr&quot;&gt; &lt;/div&gt;\n&lt;/td&gt;\n&lt;/tr&gt;\n&lt;/tbody&gt;\n&lt;/table&gt;\n&lt;p style=&quot;text-align: right;&quot;&gt;&lt;span style=&quot;font-size: medium; font-family: tahoma,arial,helvetica,sans-serif;&quot;&gt;&lt;br /&gt;&lt;/span&gt;&lt;/p&gt;', 'EN', 426),
('أرشيف الإعلانات أكتوبر 2012م', 'أرشيف الإعلانات أكتوبر 2012م', 'أرشيف ملخصات حركة سوق السيارات اليومية في البحرين لشهر أكتوبر 2012م ', '&lt;p style=&quot;text-align: right;&quot;&gt; &lt;/p&gt;\n&lt;table style=&quot;width: 700px; border: 0pt solid #a9a9a9; float: right;&quot; border=&quot;0&quot; align=&quot;center&quot;&gt;\n&lt;tbody&gt;\n&lt;tr&gt;\n&lt;td dir=&quot;rtl&quot;&gt;&lt;span style=&quot;font-size: medium; font-family: tahoma,arial,helvetica,sans-serif;&quot;&gt;- ا أكتوبر 2012م&lt;/span&gt;&lt;br /&gt;&lt;span style=&quot;font-size: medium; font-family: tahoma,arial,helvetica,sans-serif;&quot;&gt;- 2 أكتوبر 2012م&lt;/span&gt;&lt;br /&gt;&lt;span style=&quot;font-size: medium; font-family: tahoma,arial,helvetica,sans-serif;&quot;&gt;- 3 أكتوبر 2012م&lt;/span&gt;&lt;br /&gt;&lt;span style=&quot;font-size: medium; font-family: tahoma,arial,helvetica,sans-serif;&quot;&gt;- 4 أكتوبر 2012م &lt;/span&gt;&lt;br /&gt;&lt;span style=&quot;font-size: medium; font-family: tahoma,arial,helvetica,sans-serif;&quot;&gt;- 5 أكتوبر 2012م&lt;/span&gt;&lt;br /&gt;&lt;span style=&quot;font-size: medium; font-family: tahoma,arial,helvetica,sans-serif;&quot;&gt;- 6 أكتوبر 2012م&lt;/span&gt;&lt;br /&gt;&lt;span style=&quot;font-size: medium; font-family: tahoma,arial,helvetica,sans-serif;&quot;&gt;- 7 أكتوبر 2012م&lt;/span&gt;&lt;br /&gt;&lt;span style=&quot;font-size: medium; font-family: tahoma,arial,helvetica,sans-serif;&quot;&gt;- 8 أكتوبر 2012م&lt;/span&gt;&lt;br /&gt;&lt;span style=&quot;font-size: medium; font-family: tahoma,arial,helvetica,sans-serif;&quot;&gt;- 9 أكتوبر 2012م&lt;/span&gt;&lt;br /&gt;&lt;span style=&quot;font-size: medium; font-family: tahoma,arial,helvetica,sans-serif;&quot;&gt;- &lt;a title=&quot;رابط صفحة أرشيف 10 أكتوبر 2012م&quot; href=&quot;http://www.motorssouq.com/index.php?module=cms&amp;amp;page=page&amp;amp;id=425&quot; target=&quot;_blank&quot;&gt;10 أكتوبر 2012م&lt;/a&gt;&lt;/span&gt;&lt;br /&gt;&lt;br /&gt;\n&lt;div style=&quot;text-align: left; direction: ltr;&quot; dir=&quot;ltr&quot;&gt; &lt;/div&gt;\n&lt;/td&gt;\n&lt;/tr&gt;\n&lt;/tbody&gt;\n&lt;/table&gt;\n&lt;p style=&quot;text-align: right;&quot;&gt;&lt;span style=&quot;font-size: medium; font-family: tahoma,arial,helvetica,sans-serif;&quot;&gt;&lt;br /&gt;&lt;/span&gt;&lt;/p&gt;', 'DE', 426);
INSERT INTO `cms_page_lang` (`title`, `keywords`, `description`, `content`, `lang`, `cms_page_id`) VALUES
('ارشيف الإعلانات', 'سيارات البحرين، سيارات للبيع في البحرين، مطلوب سيارة، سيارة بحرينية، أرشيف الإعلانات، إعلانات السيارات في البحرين، ', 'أرشيف جميع إعلانات السيارات للبيع او الشراء في البحرين ', '&lt;p&gt; &lt;/p&gt;\n&lt;table style=&quot;margin-left: auto; margin-right: auto; width: 700px; border: 0pt solid #a9a9a9;&quot; border=&quot;0&quot; align=&quot;center&quot;&gt;\n&lt;tbody&gt;\n&lt;tr&gt;\n&lt;td&gt;\n&lt;p style=&quot;text-align: right;&quot; dir=&quot;rtl&quot;&gt;&lt;span style=&quot;font-size: medium; font-family: tahoma,arial,helvetica,sans-serif;&quot;&gt;&lt;span id=&quot;result_box&quot; lang=&quot;en&quot;&gt;&lt;span class=&quot;hps&quot;&gt;أرشيف إعلانات بيع وشراء السيارات في البحرين&lt;/span&gt;&lt;/span&gt;&lt;/span&gt;&lt;/p&gt;\n&lt;p style=&quot;text-align: right;&quot; dir=&quot;rtl&quot;&gt;&lt;span style=&quot;font-size: medium;&quot;&gt;&lt;span id=&quot;result_box&quot; lang=&quot;en&quot;&gt;&lt;span class=&quot;hps&quot;&gt;&lt;span style=&quot;font-family: tahoma,arial,helvetica,sans-serif; font-size: medium;&quot;&gt;- أ&lt;a title=&quot;ملخصات أكتوبر 2012م&quot; href=&quot;http://www.motorssouq.com/index.php?module=cms&amp;amp;page=page&amp;amp;id=426&quot; target=&quot;_blank&quot;&gt;كتوبر 2012&lt;/a&gt;&lt;/span&gt;&lt;br /&gt;&lt;/span&gt;&lt;/span&gt;&lt;/span&gt;&lt;/p&gt;\n&lt;span id=&quot;result_box&quot; style=&quot;font-size: medium;&quot; lang=&quot;en&quot;&gt;&lt;span class=&quot;hps&quot;&gt;&lt;br /&gt;&lt;/span&gt;&lt;/span&gt;&lt;/td&gt;\n&lt;/tr&gt;\n&lt;/tbody&gt;\n&lt;/table&gt;\n&lt;p&gt;&lt;span style=&quot;font-size: small;&quot;&gt;&lt;br /&gt;&lt;/span&gt;&lt;/p&gt;', 'AR', 427),
('', 'sdasbdabd', 'longtext', 'testcontent', 'EN', 427),
('ارشيف الإعلانات', 'سيارات البحرين، سيارات للبيع في البحرين، مطلوب سيارة، سيارة بحرينية، أرشيف الإعلانات، إعلانات السيارات في البحرين، ', 'أرشيف جميع إعلانات السيارات للبيع او الشراء في البحرين ', '&lt;p&gt; &lt;/p&gt;\n&lt;table style=&quot;margin-left: auto; margin-right: auto; width: 700px; border: 0pt solid #a9a9a9;&quot; border=&quot;0&quot; align=&quot;center&quot;&gt;\n&lt;tbody&gt;\n&lt;tr&gt;\n&lt;td&gt;\n&lt;p style=&quot;text-align: right;&quot; dir=&quot;rtl&quot;&gt;&lt;span style=&quot;font-size: medium; font-family: tahoma,arial,helvetica,sans-serif;&quot;&gt;&lt;span id=&quot;result_box&quot; lang=&quot;en&quot;&gt;&lt;span class=&quot;hps&quot;&gt;أرشيف إعلانات بيع وشراء السيارات في البحرين&lt;/span&gt;&lt;/span&gt;&lt;/span&gt;&lt;/p&gt;\n&lt;p style=&quot;text-align: right;&quot; dir=&quot;rtl&quot;&gt;&lt;span style=&quot;font-size: medium;&quot;&gt;&lt;span id=&quot;result_box&quot; lang=&quot;en&quot;&gt;&lt;span class=&quot;hps&quot;&gt;&lt;span style=&quot;font-family: tahoma,arial,helvetica,sans-serif; font-size: medium;&quot;&gt;- أ&lt;a title=&quot;ملخصات أكتوبر 2012م&quot; href=&quot;http://www.motorssouq.com/index.php?module=cms&amp;amp;page=page&amp;amp;id=426&quot; target=&quot;_blank&quot;&gt;كتوبر 2012&lt;/a&gt;&lt;/span&gt;&lt;br /&gt;&lt;/span&gt;&lt;/span&gt;&lt;/span&gt;&lt;/p&gt;\n&lt;span id=&quot;result_box&quot; style=&quot;font-size: medium;&quot; lang=&quot;en&quot;&gt;&lt;span class=&quot;hps&quot;&gt;&lt;br /&gt;&lt;/span&gt;&lt;/span&gt;&lt;/td&gt;\n&lt;/tr&gt;\n&lt;/tbody&gt;\n&lt;/table&gt;\n&lt;p&gt;&lt;span style=&quot;font-size: small;&quot;&gt;&lt;br /&gt;&lt;/span&gt;&lt;/p&gt;', 'DE', 427),
('xxx_homepage', NULL, NULL, 'Welcome toxxx', 'EN', 429),
('xxx_homepage', NULL, NULL, 'Welcome toxxx', 'AR', 429),
('', 'sdasbdabd', 'longtext', 'testcontent', 'en', 433),
('xxx_homepage', NULL, NULL, 'Welcome toxxx', 'ar', 433),
('', 'sdasbdabd', 'longtext', 'testcontent', 'en', 435),
('xxx_homepage', NULL, NULL, 'Welcome toxxx', 'ar', 435),
('', 'sdasbdabd', 'longtext', 'testcontent', 'en', 437),
('xxx_homepage', NULL, NULL, 'Welcome toxxx', 'ar', 437),
('', 'sdasbdabd', 'longtext', 'testcontent', 'en', 441),
('xxx_homepage', NULL, NULL, 'Welcome toxxx', 'ar', 441),
('', 'sdasbdabd', 'longtext', 'testcontent', 'en', 445),
('xxx_homepage', NULL, NULL, 'Welcome toxxx', 'ar', 445),
('', 'sdasbdabd', 'longtext', 'testcontent', 'en', 449),
('xxx_homepage', NULL, NULL, 'Welcome toxxx', 'ar', 449),
('', 'sdasbdabd', 'longtext', 'testcontent', 'en', 453),
('xxx_homepage', NULL, NULL, 'Welcome toxxx', 'ar', 453),
('', 'sdasbdabd', 'longtext', 'testcontent', 'en', 457),
('xxx_homepage', NULL, NULL, 'Welcome toxxx', 'ar', 457),
('xxx_homepage', NULL, NULL, 'Welcome toxxx', 'en', 459),
('xxx_homepage', NULL, NULL, 'Welcome toxxx', 'ar', 459);

-- --------------------------------------------------------

--
-- Tabellenstruktur für Tabelle `cms_site`
--

DROP TABLE IF EXISTS `cms_site`;
CREATE TABLE IF NOT EXISTS `cms_site` (
  `id` int(11) NOT NULL AUTO_INCREMENT,
  `name` varchar(255) COLLATE utf8_unicode_ci DEFAULT NULL,
  `state` varchar(255) COLLATE utf8_unicode_ci DEFAULT NULL,
  `width` varchar(255) COLLATE utf8_unicode_ci DEFAULT NULL,
  `style` varchar(255) COLLATE utf8_unicode_ci DEFAULT NULL,
  `require_login` varchar(255) COLLATE utf8_unicode_ci DEFAULT NULL,
  `title` varchar(255) COLLATE utf8_unicode_ci DEFAULT NULL,
  `description` text COLLATE utf8_unicode_ci,
  `root` varchar(255) COLLATE utf8_unicode_ci DEFAULT NULL,
  `homepage` int(11) DEFAULT NULL,
  PRIMARY KEY (`id`)
) ENGINE=InnoDB  DEFAULT CHARSET=utf8 COLLATE=utf8_unicode_ci AUTO_INCREMENT=3 ;

--
-- Daten für Tabelle `cms_site`
--

INSERT INTO `cms_site` (`id`, `name`, `state`, `width`, `style`, `require_login`, `title`, `description`, `root`, `homepage`) VALUES
(2, 'test2', NULL, NULL, 'Motorssouq', NULL, NULL, NULL, NULL, NULL);

-- --------------------------------------------------------

--
-- Tabellenstruktur für Tabelle `cms_site_has_cms_box`
--

DROP TABLE IF EXISTS `cms_site_has_cms_box`;
CREATE TABLE IF NOT EXISTS `cms_site_has_cms_box` (
  `cms_site_id` int(11) NOT NULL,
  `cms_box_id` int(11) NOT NULL,
  `position` char(1) COLLATE utf8_unicode_ci DEFAULT NULL,
  `sortid` int(2) DEFAULT NULL,
  PRIMARY KEY (`cms_site_id`,`cms_box_id`),
  KEY `fk_cms_site_has_cms_box_cms_box1` (`cms_box_id`),
  KEY `fk_cms_site_has_cms_box_cms_site1` (`cms_site_id`)
) ENGINE=InnoDB DEFAULT CHARSET=utf8 COLLATE=utf8_unicode_ci;

--
-- Daten für Tabelle `cms_site_has_cms_box`
--


-- --------------------------------------------------------

--
-- Tabellenstruktur für Tabelle `config`
--

DROP TABLE IF EXISTS `config`;
CREATE TABLE IF NOT EXISTS `config` (
  `id` int(11) NOT NULL AUTO_INCREMENT,
  `config_key` varchar(64) COLLATE utf8_unicode_ci NOT NULL DEFAULT '',
  `value` varchar(255) COLLATE utf8_unicode_ci DEFAULT NULL,
  `description` text COLLATE utf8_unicode_ci,
  PRIMARY KEY (`id`,`config_key`),
  KEY `value` (`value`)
) ENGINE=InnoDB  DEFAULT CHARSET=utf8 COLLATE=utf8_unicode_ci AUTO_INCREMENT=602193 ;

--
-- Daten für Tabelle `config`
--

INSERT INTO `config` (`id`, `config_key`, `value`, `description`) VALUES
(1, 'default_currency', '', 'stanart währung'),
(2, 'box_categories_position', '3', NULL),
(3, 'box_specialproduct_position', '2', NULL),
(4, 'details_show_product_title', '0', NULL),
(5, 'list_show_product_avalability', '0', NULL),
(6, 'list_show_product_litle_description', '0', NULL),
(7, 'list_show_product_price_typ', '0', NULL),
(8, 'details_show_product_number', '0', NULL),
(9, 'list_show_product_price', '0', NULL),
(10, 'details_show_product_long_desc', '0', NULL),
(11, 'list_show_product_title', '0', NULL),
(12, 'details_show_product_manufacturer', '0', NULL),
(13, 'details_show_product_quantity', '0', NULL),
(14, 'details_show_product_availability', '0', NULL),
(15, 'details_show_product_weight', '0', NULL),
(16, 'details_show_product_short_desc', '0', NULL),
(17, 'user_filed_lastname', '1', NULL),
(18, 'user_filed_firstname_required', '1', NULL),
(19, 'user_filed_firstname', '1', NULL),
(20, 'name', 'بوابة موتورز سوق للسيارات', NULL),
(21, 'owner', 'AMHSOFT', NULL),
(22, 'adress', 'مكتب: 1906\nالطابق: 19، برج المؤيد\nص.ب: 50595\nضاحية السيف 428، مملكة البحرين', NULL),
(23, 'tel', '00973-17580516', NULL),
(24, 'fax', '00973-17580035', NULL),
(25, 'mobile', '00973-36231321', NULL),
(26, 'email', 'motorssouq.com@gmail.com', NULL),
(27, 'ssl', '0', NULL),
(28, 'url_friendly', '1', NULL),
(29, 'without_login', '0', NULL),
(30, 'order_show_name', '1', NULL),
(31, 'order_show_compnayname', '1', NULL),
(32, 'order_show_adress', '1', NULL),
(33, 'order_auto_email_send', '1', NULL),
(34, 'order_email', '', NULL),
(35, 'user_filed_lastname_required', '1', NULL),
(36, 'user_field_date_of_birth', '1', NULL),
(37, 'user_field_date_of_birth_required', '0', NULL),
(38, 'user_field_email', '1', NULL),
(39, 'user_field_email_required', '1', NULL),
(40, 'user_field_phone', '1', NULL),
(41, 'user_field_phone_required', '0', NULL),
(42, 'user_field_mobile', '1', NULL),
(43, 'user_field_mobile_required', '0', NULL),
(44, 'user_field_fax', '1', NULL),
(45, 'user_field_fax_required', '0', NULL),
(46, 'user_field_company', '1', NULL),
(47, 'user_field_company_required', '1', NULL),
(48, 'user_field_adress', '1', NULL),
(49, 'user_field_adress_required', '1', NULL),
(50, 'user_field_postalCode', '1', NULL),
(51, 'user_field_postalCode_required', '0', NULL),
(52, 'user_field_city', '1', NULL),
(53, 'user_field_city_required', '0', NULL),
(54, 'user_field_country', '1', NULL),
(55, 'user_field_country_required', '0', NULL),
(56, 'width', '970', NULL),
(57, 'layout', '3', 'Layout: Anzahl der splaten'),
(58, 'box_width', '200', NULL),
(59, 'show_banner', '0', NULL),
(60, 'product_banner', '0', NULL),
(61, 'banner_product_count', '0', NULL),
(62, 'banner_height', '100', NULL),
(63, 'list_product_num_col', '2', NULL),
(64, 'home_layout', '0', NULL),
(65, 'max_pro_page', '9', NULL),
(66, 'sms_register', '0', NULL),
(67, 'sms_buy', '0', NULL),
(68, 'sms_register_text', '', NULL),
(69, 'sms_buy_text', '', NULL),
(70, 'sms_username', '', NULL),
(71, 'sms_password', '', NULL),
(72, 'sms_sender', '', NULL),
(73, 'rss', '1', NULL),
(74, 'statistic_online', '0', NULL),
(75, 'description', 'بوابة موتورز سوق هي موقع إلكتروني عام لتجارة السيارات للأفراد والشركات، ، حيث يمكنك الإعلان عن السيارات الخاصة بك على الانترنت مجانا! ويمكن للمشترين المحتملين الاتصال بك مباشرة باستخدام معلومات التي تقدمها.', NULL),
(76, 'shop_offline', '0', NULL),
(77, 'offline_ip', '', NULL),
(78, 'count_last_viewed', '1', NULL),
(79, 'alarm_state', '1', NULL),
(80, 'alarm_quantity', '2', NULL),
(81, 'paypal_email', NULL, NULL),
(82, 'count_number_after_comma_price', '0', NULL),
(83, 'rss', '1', NULL),
(597977, 'style', 'motorssouq', NULL),
(602187, 'name', '', NULL),
(602188, 'description', '', NULL),
(602189, 'keywords', '', NULL),
(602190, 'name', '', NULL),
(602191, 'description', '', NULL),
(602192, 'keywords', '', NULL);

-- --------------------------------------------------------

--
-- Tabellenstruktur für Tabelle `country`
--

DROP TABLE IF EXISTS `country`;
CREATE TABLE IF NOT EXISTS `country` (
  `code` varchar(4) NOT NULL,
  `iso_code_2` varchar(2) NOT NULL,
  `iso_code_3` varchar(3) DEFAULT NULL,
  `iso_country` varchar(255) NOT NULL,
  `country` varchar(45) NOT NULL,
  `lat` float NOT NULL,
  `lon` float NOT NULL,
  PRIMARY KEY (`code`)
) ENGINE=InnoDB DEFAULT CHARSET=latin1;

--
-- Daten für Tabelle `country`
--


-- --------------------------------------------------------

--
-- Tabellenstruktur für Tabelle `currency`
--

DROP TABLE IF EXISTS `currency`;
CREATE TABLE IF NOT EXISTS `currency` (
  `id` int(11) NOT NULL AUTO_INCREMENT,
  `currency_name` varchar(64) COLLATE utf8_unicode_ci NOT NULL DEFAULT '',
  `currency_kuerzel` varchar(64) COLLATE utf8_unicode_ci NOT NULL DEFAULT '',
  `state` tinyint(1) NOT NULL DEFAULT '1',
  `standart` int(1) unsigned NOT NULL,
  `factor` decimal(12,6) NOT NULL DEFAULT '1.000000',
  `decimal` char(1) COLLATE utf8_unicode_ci DEFAULT NULL,
  `thousand` char(1) COLLATE utf8_unicode_ci DEFAULT NULL,
  `defined_kuerzel` varchar(64) COLLATE utf8_unicode_ci DEFAULT NULL,
  PRIMARY KEY (`id`)
) ENGINE=InnoDB  DEFAULT CHARSET=utf8 COLLATE=utf8_unicode_ci AUTO_INCREMENT=31 ;

--
-- Daten für Tabelle `currency`
--

INSERT INTO `currency` (`id`, `currency_name`, `currency_kuerzel`, `state`, `standart`, `factor`, `decimal`, `thousand`, `defined_kuerzel`) VALUES
(1, 'يـورو أوروبي', 'EUR', 1, 0, 1.000000, ',', '.', NULL),
(2, 'دولار امريكي', 'USD', 1, 0, 1.314000, ',', '.', NULL),
(3, 'جنيه مصري', 'EGP', 1, 0, 7.927900, ',', '.', NULL),
(4, 'دينار تونسي', 'TND', 1, 0, 1.986900, ',', '.', NULL),
(6, 'دينار جزائري', 'DZD', 1, 0, 97.691600, ',', '.', NULL),
(7, 'دولار أوسترالي', 'AUD', 1, 0, 1.252700, ',', '.', NULL),
(8, 'دولار بهامي', 'BSD', 1, 0, 1.316600, ',', '.', NULL),
(9, 'دينار بحريني', 'BHD', 0, 0, 0.495400, ',', '.', NULL),
(10, 'جنيه أسترليني', 'GBP', 0, 0, 0.841600, ',', '.', NULL),
(11, 'يوان صيني', 'CNY', 0, 0, 8.312100, ',', '.', NULL),
(13, 'دولار هونج كونج', 'HKD', 1, 0, 10.194800, ',', '.', NULL),
(14, 'روبيه هنديـه', 'INR', 0, 0, 65.673700, ',', '.', NULL),
(15, 'دينار عراقي', 'IQD', 0, 0, 0.000000, ',', '.', NULL),
(16, 'دينار عراقي', 'JPY', 0, 0, 108.037000, ',', '.', NULL),
(17, 'دينار اردني', 'JOD', 1, 0, 0.932000, ',', '.', NULL),
(18, 'دولار كندي', 'CAD', 0, 0, 1.305300, ',', '.', NULL),
(19, 'ريال قطري', 'QAR', 1, 0, 4.784500, ',', '.', NULL),
(20, 'دينار كويتي', 'KWD', 1, 1, 0.366200, ',', '.', NULL),
(21, 'ليره لبنانيه', 'LBP', 0, 0, 1975.600000, ',', '.', NULL),
(22, 'دينار ليبي', 'LYD', 1, 0, 1.719600, ',', '.', NULL),
(23, 'درهم مغربي', 'MAD', 1, 0, 11.138600, ',', '.', NULL),
(24, 'ريال عماني', 'OMR', 0, 0, 0.505900, ',', '.', NULL),
(25, 'روبل روسي', 'RUB', 0, 0, 38.947500, ',', '.', NULL),
(26, 'ريال سعودي', 'SAR', 0, 0, 4.928000, ',', '.', NULL),
(27, 'فرنك سويسري', 'CHF', 1, 0, 1.206000, ',', '.', NULL),
(28, 'ليرة تركيه', 'TLY', 0, 0, 0.000000, ',', '.', NULL),
(29, 'ريال يمني', 'YER', 1, 0, 283.167000, '.', ',', NULL),
(30, 'درهم اماراتي', 'AED', 1, 0, 4.826300, ',', '.', NULL);

-- --------------------------------------------------------

--
-- Tabellenstruktur für Tabelle `currency_lang`
--

DROP TABLE IF EXISTS `currency_lang`;
CREATE TABLE IF NOT EXISTS `currency_lang` (
  `currency_id` int(11) NOT NULL,
  `currency_name` varchar(255) COLLATE utf8_unicode_ci NOT NULL,
  `lang` varchar(3) COLLATE utf8_unicode_ci NOT NULL,
  KEY `fk_currency_lang_currency1` (`currency_id`)
) ENGINE=InnoDB DEFAULT CHARSET=utf8 COLLATE=utf8_unicode_ci;

--
-- Daten für Tabelle `currency_lang`
--

INSERT INTO `currency_lang` (`currency_id`, `currency_name`, `lang`) VALUES
(1, 'يـورو أوروبي', 'AR'),
(2, 'دولار امريكي', 'AR'),
(3, 'جنيه مصري', 'AR'),
(4, 'دينار تونسي', 'AR'),
(6, 'دينار جزائري', 'AR'),
(7, 'دولار أوسترالي', 'AR'),
(8, 'دولار بهامي', 'AR'),
(9, 'دينار بحريني', 'AR'),
(10, 'جنيه أسترليني', 'AR'),
(11, 'يوان صيني', 'AR'),
(13, 'دولار هونج كونج', 'AR'),
(14, 'روبيه هنديـه', 'AR'),
(15, 'دينار عراقي', 'AR'),
(16, 'دينار عراقي', 'AR'),
(17, 'دينار اردني', 'AR'),
(18, 'دولار كندي', 'AR'),
(19, 'ريال قطري', 'AR'),
(20, 'دينار كويتي', 'AR'),
(21, 'ليره لبنانيه', 'AR'),
(22, 'دينار ليبي', 'AR'),
(23, 'درهم مغربي', 'AR'),
(24, 'ريال عماني', 'AR'),
(25, 'روبل روسي', 'AR'),
(26, 'ريال سعودي', 'AR'),
(27, 'فرنك سويسري', 'AR'),
(28, 'ليرة تركيه', 'AR'),
(29, 'ريال يمني', 'AR'),
(30, 'درهم اماراتي', 'AR'),
(1, 'Euro', 'EN'),
(2, 'US Dollar', 'EN'),
(3, 'جنيه مصري', 'EN'),
(4, 'دينار تونسي', 'EN'),
(6, 'دينار جزائري', 'EN'),
(7, 'دولار أوسترالي', 'EN'),
(8, 'دولار بهامي', 'EN'),
(9, 'دينار بحريني', 'EN'),
(10, 'جنيه أسترليني', 'EN'),
(11, 'يوان صيني', 'EN'),
(13, 'دولار هونج كونج', 'EN'),
(14, 'روبيه هنديـه', 'EN'),
(15, 'دينار عراقي', 'EN'),
(16, 'دينار عراقي', 'EN'),
(17, 'دينار اردني', 'EN'),
(18, 'دولار كندي', 'EN'),
(19, 'ريال قطري', 'EN'),
(20, 'دينار كويتي', 'EN'),
(21, 'ليره لبنانيه', 'EN'),
(22, 'دينار ليبي', 'EN'),
(23, 'درهم مغربي', 'EN'),
(24, 'ريال عماني', 'EN'),
(25, 'روبل روسي', 'EN'),
(26, 'ريال سعودي', 'EN'),
(27, 'فرنك سويسري', 'EN'),
(28, 'ليرة تركيه', 'EN'),
(29, 'ريال يمني', 'EN'),
(30, 'درهم اماراتي', 'EN');

-- --------------------------------------------------------

--
-- Tabellenstruktur für Tabelle `currency_set`
--

DROP TABLE IF EXISTS `currency_set`;
CREATE TABLE IF NOT EXISTS `currency_set` (
  `id` int(11) NOT NULL AUTO_INCREMENT,
  `base` varchar(5) COLLATE utf8_unicode_ci NOT NULL,
  `rates` text COLLATE utf8_unicode_ci NOT NULL,
  `insert_date_time` datetime NOT NULL,
  PRIMARY KEY (`id`)
) ENGINE=InnoDB  DEFAULT CHARSET=utf8 COLLATE=utf8_unicode_ci AUTO_INCREMENT=3 ;

--
-- Daten für Tabelle `currency_set`
--

INSERT INTO `currency_set` (`id`, `base`, `rates`, `insert_date_time`) VALUES
(1, 'BHD', '{"base":"BHD","rates":{"BHD":"1.00","SAR":"9.9551","EUR":"2.0532","TND":"4.1952","QAR":"9.6658","LBP":"3996.1245","LYD":"3.3567","SDG":"11.7123","SYP":"188.4589","KWD":"0.7481","IQD":"3090.991","DZD":"210.1847","JOD":"1.8859","MAD":"22.8118","OMR":"1.0215","AED":"9.7502","YER":"569.6368","MRO":"783.697"}}', '2012-12-07 08:59:05'),
(2, 'BHD', '{"base":"BHD","rates":{"BHD":"1.00","SAR":"9.9557","EUR":"2.0536","TND":"4.1952","QAR":"9.6642","LBP":"3996.1245","LYD":"3.3567","SDG":"11.7123","SYP":"188.4589","KWD":"0.7483","IQD":"3090.991","DZD":"207.756","JOD":"1.8859","MAD":"22.799","OMR":"1.0215","AED":"9.75","YER":"569.6368","MRO":"783.697"}}', '2012-12-07 09:23:19');

-- --------------------------------------------------------

--
-- Tabellenstruktur für Tabelle `department`
--

DROP TABLE IF EXISTS `department`;
CREATE TABLE IF NOT EXISTS `department` (
  `id` int(11) NOT NULL AUTO_INCREMENT,
  `name` varchar(255) COLLATE utf8_unicode_ci DEFAULT NULL,
  `country` varchar(45) COLLATE utf8_unicode_ci DEFAULT NULL,
  `telefon` varchar(45) COLLATE utf8_unicode_ci DEFAULT NULL,
  `address` text COLLATE utf8_unicode_ci,
  PRIMARY KEY (`id`)
) ENGINE=InnoDB  DEFAULT CHARSET=utf8 COLLATE=utf8_unicode_ci AUTO_INCREMENT=79 ;

--
-- Daten für Tabelle `department`
--

INSERT INTO `department` (`id`, `name`, `country`, `telefon`, `address`) VALUES
(27, 'Amhsoft Bahrain', 'Bahrain', '+97512546587', 'Bahrain tower'),
(28, 'Amhsoft Bahrain', 'Bahrain', '+97512546587', 'Bahrain tower'),
(29, 'Amhsoft Bahrain', 'Bahrain', '+97512546587', 'Bahrain tower'),
(30, 'Amhsoft Bahrain', 'Bahrain', '+97512546587', 'Bahrain tower'),
(31, 'Amhsoft Bahrain', 'Bahrain', '+97512546587', 'Bahrain tower'),
(32, 'Amhsoft Bahrain', 'Bahrain', '+97512546587', 'Bahrain tower'),
(33, 'Amhsoft Bahrain', 'Bahrain', '+97512546587', 'Bahrain tower'),
(34, 'Amhsoft Bahrain', 'Bahrain', '+97512546587', 'Bahrain tower'),
(35, 'Amhsoft Bahrain', 'Bahrain', '+97512546587', 'Bahrain tower'),
(48, 'Amhsoft Bahrain', 'Bahrain', '+97512546587', 'Bahrain tower'),
(55, 'new name', 'Bahrain', '+97512546587', 'Bahrain tower'),
(57, 'Amhsoft Bahrain', 'Bahrain', '+97512546587', 'Bahrain tower'),
(61, 'Amhsoft Bahrain', 'Bahrain', '+97512546587', 'Bahrain tower'),
(78, 'new name', 'Bahrain', '+97512546587', 'Bahrain tower');

-- --------------------------------------------------------

--
-- Tabellenstruktur für Tabelle `document`
--

DROP TABLE IF EXISTS `document`;
CREATE TABLE IF NOT EXISTS `document` (
  `id` int(11) NOT NULL AUTO_INCREMENT,
  `name` varchar(255) COLLATE utf8_unicode_ci DEFAULT NULL,
  `folder` varchar(255) COLLATE utf8_unicode_ci DEFAULT NULL,
  `type` varchar(255) COLLATE utf8_unicode_ci DEFAULT NULL,
  `extention` varchar(255) COLLATE utf8_unicode_ci DEFAULT NULL,
  `hash` varchar(255) COLLATE utf8_unicode_ci DEFAULT NULL,
  `public` tinyint(1) DEFAULT NULL,
  PRIMARY KEY (`id`)
) ENGINE=InnoDB  DEFAULT CHARSET=utf8 COLLATE=utf8_unicode_ci AUTO_INCREMENT=132 ;

--
-- Daten für Tabelle `document`
--

INSERT INTO `document` (`id`, `name`, `folder`, `type`, `extention`, `hash`, `public`) VALUES
(1, 'Porject Plan UML', 'storage', 'Document', 'pdf', NULL, 1),
(3, 'MY Document Name1', 'project1', 'PDF1', 'txt', '0dedcaaa4e4795ecba97434c9ad5affb', 1),
(4, 'MY Document Name1', 'project1', 'PDF1', 'txt', '076dfa720ba1c4ddb93aa681eb271f22', 1),
(5, 'MY Document Name1', 'project1', 'PDF1', 'txt', 'af6d11657eda7078db847427ec94a39d', 1),
(6, 'MY Document Name1', 'project1', 'PDF1', 'txt', '029cbfc2ea0ab58c70335360d50a89e6', 1),
(7, 'MY Document Name1', 'project1', 'PDF1', 'txt', '60e9dc659771b37fe5049b0f3023ad73', 1),
(8, 'MY Document Name1', 'project1', 'PDF1', 'txt', 'cbb1a8ee6babf38921635d578899611f', 1),
(9, 'MY Document Name1', 'project1', 'PDF1', 'txt', 'e00f227df7c7b997cd614605974cd7a0', 1),
(10, 'MY Document Name1', 'project1', 'PDF1', 'txt', '9753c3109271b6aeb5e04462d02a18fe', 1),
(11, 'MY Document Name1', 'project1', 'PDF1', 'txt', 'cd951e910ae791af29f893d3b3a36f83', 1),
(12, 'MY Document Name1', 'project1', 'PDF1', 'txt', '7525a6eeac87e626f9d6bc8d1df915e8', 1),
(13, 'MY Document Name1', 'project1', 'PDF1', 'txt', '144f9e34c6f4412af4489de2d1d3419f', 1),
(14, 'MY Document Name1', 'project1', 'PDF1', 'txt', 'adeafe80c5a633595e7da23cc7412686', 1),
(15, 'MY Document Name1', 'project1', 'PDF1', 'txt', 'c35f8fc9570b274e7254256c3ce1b774', 1),
(16, 'MY Document Name1', 'project1', 'PDF1', 'txt', 'e50788b1165244b60f54bf0090043f80', 1),
(17, 'MY Document Name1', 'project1', 'PDF1', 'txt', '671c424bf2d604556ccd76c94cf522b9', 1),
(18, 'uml', 'storage', 'Document', 'pdf', NULL, 1),
(19, 'MY Document Name1', 'project1', 'PDF1', 'txt', '11f2a62511c8d2ea6a9cfa982a6609af', 1),
(20, '1asdasdasd', 'storage', 'Document', 'pdf', NULL, 1),
(21, 'MY Document Name1', 'project1', 'PDF1', 'txt', 'a2ad4e880e984e7a4bb4835cd816a0d1', 1),
(22, 'MY Document Name1', 'project1', 'PDF1', 'txt', 'b262b69d0afe08fd696677ff454389fb', 1),
(23, '65656565', 'storage', 'Document', 'pdf', NULL, 1),
(24, 'asdadad', 'storage/ticket', 'Document', 'pdf', NULL, 1),
(25, 'MY Document Name1', 'project1', 'PDF1', 'txt', '3856d1cb44f0699c6cd51c8dd19004f5', 1),
(26, 'MY Document Name1', 'project1', 'PDF1', 'txt', 'fba6bbd50792ec4a1f1bfc450c25d0ec', 1),
(27, 'MY Document Name1', 'project1', 'PDF1', 'txt', 'd059ff9644208710045aae10fac3fbbe', 1),
(28, 'MY Document Name1', 'project1', 'PDF1', 'txt', '5497497a267cbbacc2f916c77aa10215', 1),
(29, 'MY Document Name1', 'project1', 'PDF1', 'txt', '4184ae547e488898321f25ed33e46243', 1),
(30, 'MY Document Name1', 'project1', 'PDF1', 'txt', 'cab4e46d8069a62a3e5412673b78a1a0', 1),
(31, 'MY Document Name1', 'project1', 'PDF1', 'txt', 'b146b57300998cc4788b7e3b2731dd39', 1),
(32, 'MY Document Name1', 'project1', 'PDF1', 'txt', 'bd64ce63c9788e3c0e129e500fef04dd', 1),
(33, 'MY Document Name1', 'project1', 'PDF1', 'txt', '73ffa81ffc0b95d87d730064d1def898', 1),
(34, 'MY Document Name1', 'project1', 'PDF1', 'txt', 'cd4eb79a5c02bf9b7a6394c8cc7dd981', 1),
(35, 'MY Document Name1', 'project1', 'PDF1', 'txt', '0fad611efa2b9f5b27223c90937c7ac1', 1),
(36, 'MY Document Name1', 'project1', 'PDF1', 'txt', 'b82aa2afee0237925f4d5955b475ed7f', 1),
(37, 'MY Document Name1', 'project1', 'PDF1', 'txt', 'a7e450dcdc46c7df68b0b248b88400c7', 1),
(38, 'MY Document Name1', 'project1', 'PDF1', 'txt', '999095acd871f834636eab0924fc6082', 1),
(39, 'MY Document Name1', 'project1', 'PDF1', 'txt', 'a59bcc167eda10ba531afd88f11c753b', 1),
(40, 'MY Document Name1', 'project1', 'PDF1', 'txt', '40d9db3dcf726505dc725ed3443188eb', 1),
(41, 'MY Document Name1', 'project1', 'PDF1', 'txt', '3f5aa161b3f9dcfa96f6fb69887cc707', 1),
(42, 'MY Document Name1', 'project1', 'PDF1', 'txt', '534a560e8d5faea4ef574667c5986c83', 1),
(43, 'MY Document Name1', 'project1', 'PDF1', 'txt', '871f1a309a820d228b15c9eac8bd6215', 1),
(44, 'MY Document Name1', 'project1', 'PDF1', 'txt', 'ce0f3a4c3c1b22e85c66371a71f83444', 1),
(45, 'MY Document Name1', 'project1', 'PDF1', 'txt', '9c31e2e0cd36e89b80550a8f45438dc7', 1),
(46, 'MY Document Name1', 'project1', 'PDF1', 'txt', '53ed72d31c411e106f5ea123eed741e7', 1),
(47, 'MY Document Name1', 'project1', 'PDF1', 'txt', 'ec2a22d2c5092f2889c04edb33349b7c', 1),
(48, 'MY Document Name1', 'project1', 'PDF1', 'txt', '9c08a45b71153dc858f490b973d73c85', 1),
(49, 'MY Document Name1', 'project1', 'PDF1', 'txt', 'e948de3dfeac66393d7c8b65b09ebf4c', 1),
(50, 'MY Document Name1', 'project1', 'PDF1', 'txt', '0668af8b714394ea9cdc723ff4e9951e', 1),
(51, 'MY Document Name1', 'project1', 'PDF1', 'txt', 'c03db5d483a33b0022ec322b7d8b651f', 1),
(52, 'MY Document Name1', 'project1', 'PDF1', 'txt', 'ff977c960e30d059ec4d8951d60ec555', 1),
(53, 'MY Document Name1', 'project1', 'PDF1', 'txt', '2997dc0185e504161b24737f081ab1cb', 1),
(54, 'MY Document Name1', 'project1', 'PDF1', 'txt', '13a4151ae5818d8716af255f2d17a5ff', 1),
(55, 'MY Document Name1', 'project1', 'PDF1', 'txt', '8cf5053d6e669007f3624c96b7019d14', 1),
(56, 'MY Document Name1', 'project1', 'PDF1', 'txt', 'f126d898d4c670b40f3359c0454f7ea7', 1),
(57, 'MY Document Name1', 'project1', 'PDF1', 'txt', 'af7bbe5590ae666a8dea78b41979ac93', 1),
(58, 'MY Document Name1', 'project1', 'PDF1', 'txt', 'd98bdfd3b3d1fcef374febd03c373cc0', 1),
(59, 'MY Document Name1', 'project1', 'PDF1', 'txt', '55a3efd8abbfcc0144fe78d649a81dab', 1),
(60, 'MY Document Name1', 'project1', 'PDF1', 'txt', '2b0d3055fcc720113e7b2dbd81bf64a3', 1),
(61, 'MY Document Name1', 'project1', 'PDF1', 'txt', '176d7b6990ecd205e23e2f6a9bf54f09', 1),
(62, 'MY Document Name1', 'project1', 'PDF1', 'txt', 'a788a17356c13d3b7c536ff0733f0b91', 1),
(63, 'MY Document Name1', 'project1', 'PDF1', 'txt', '78672b19d5ff15e7498a9d24128267d8', 1),
(64, 'MY Document Name1', 'project1', 'PDF1', 'txt', 'bf4c04212ca083c51316ade37b1172ad', 1),
(65, 'MY Document Name1', 'project1', 'PDF1', 'txt', '14f66a76174121fe5271dd39e3774334', 1),
(66, 'MY Document Name1', 'project1', 'PDF1', 'txt', 'b7189847be196db7bbb7d15ef7119a03', 1),
(67, 'MY Document Name1', 'project1', 'PDF1', 'txt', '1a4b11f56d95acced2c57025fbc92423', 1),
(68, 'MY Document Name1', 'project1', 'PDF1', 'txt', '65a4827c3f20041dbb5937278a108f27', 1),
(69, 'MY Document Name1', 'project1', 'PDF1', 'txt', 'b33ca05a6a2b4e97fb9cfc71dcb952e5', 1),
(70, 'MY Document Name1', 'project1', 'PDF1', 'txt', '15d8fe5ec77e7c56da18eae5364af67e', 1),
(71, 'MY Document Name1', 'project1', 'PDF1', 'txt', '878beee577c30278cfc772b7490fd0df', 1),
(72, 'MY Document Name1', 'project1', 'PDF1', 'txt', '57e7cec73977899eeb8f840557e3e88c', 1),
(73, 'MY Document Name1', 'project1', 'PDF1', 'txt', '7335776a55ac85fd5240b50c02afaac0', 1),
(74, 'MY Document Name1', 'project1', 'PDF1', 'txt', 'fc8be3b459900e94e53179c04e0343bc', 1),
(75, 'MY Document Name1', 'project1', 'PDF1', 'txt', 'cd7072fe5ef349c330c8326d974a66fa', 1),
(76, 'MY Document Name1', 'project1', 'PDF1', 'txt', 'f544dce5a39f8f7e5371af8e281d107f', 1),
(77, 'MY Document Name1', 'project1', 'PDF1', 'txt', '220d3710f26da597fee6ba6a544c772e', 1),
(78, 'MY Document Name1', 'project1', 'PDF1', 'txt', 'd1b6d4eea93fc615d390563811c0ddb9', 1),
(79, 'MY Document Name1', 'project1', 'PDF1', 'txt', 'f52b62b7aba4017344108f4f03876235', 1),
(80, 'MY Document Name1', 'project1', 'PDF1', 'txt', 'fbba6944f9abcab0b99f2f38d7285266', 1),
(81, 'MY Document Name1', 'project1', 'PDF1', 'txt', 'c7206f58d1f318566624bffd0941d53c', 1),
(82, 'MY Document Name1', 'project1', 'PDF1', 'txt', '2bf3066fe35d43f14d3e632f49010806', 1),
(83, 'MY Document Name1', 'project1', 'PDF1', 'txt', '9ace514c93ace62ba505288349efda70', 1),
(84, 'MY Document Name1', 'project1', 'PDF1', 'txt', 'e2fbef5c206b0ec06544d37d02180089', 1),
(85, 'MY Document Name1', 'project1', 'PDF1', 'txt', '2614f5bb9cbdbc0a752cfb6aac15ff12', 1),
(86, 'MY Document Name1', 'project1', 'PDF1', 'txt', '8ac02ae56d089b042ad636489b65003e', 1),
(87, 'MY Document Name1', 'project1', 'PDF1', 'txt', '39e5187de2f4695948fdc8610ad023f5', 1),
(88, 'MY Document Name1', 'project1', 'PDF1', 'txt', '7c85ae79af18d3aff54d9e0acbf5c15f', 1),
(89, 'MY Document Name1', 'project1', 'PDF1', 'txt', '4d1461652991dbcdb31cb4888739201f', 1),
(90, 'MY Document Name1', 'project1', 'PDF1', 'txt', '559fe93ac697ffb94f1ed00705f8998d', 1),
(91, 'MY Document Name1', 'project1', 'PDF1', 'txt', '02a6dddcb6fec5ccd6b6a7545a58cfc4', 1),
(92, 'MY Document Name1', 'project1', 'PDF1', 'txt', 'f7cda94454ddf04f606e9500e793aedd', 1),
(93, 'MY Document Name1', 'project1', 'PDF1', 'txt', '064f5a444abaf6ef2a1ca86e34fa46c2', 1),
(94, 'MY Document Name1', 'project1', 'PDF1', 'txt', '034f1d90ddc036780c0b5309e2997b9b', 1),
(95, 'Draft Template', 'storage', 'Image', 'png', NULL, 1),
(96, 'Draft Template', 'storage', 'Image', 'png', NULL, 1),
(97, 'MY Document Name1', 'project1', 'PDF1', 'txt', '3b57763b5a30666e906857adffb37567', 1),
(98, 'MY Document Name1', 'project1', 'PDF1', 'txt', '2087836620c6b809b0b698f01e598ada', 1),
(99, 'MY Document Name1', 'project1', 'PDF1', 'txt', '77696b442e1e327e0fc1c8883399b359', 1),
(100, 'MY Document Name1', 'project1', 'PDF1', 'txt', 'cfa0cb7a6bff946ebabec713e7ac5a79', 1),
(101, 'MY Document Name1', 'project1', 'PDF1', 'txt', 'd2f862b829cbd4964d1df51037247102', 1),
(102, 'MY Document Name1', 'project1', 'PDF1', 'txt', '6deee7876b166fa89ff4609435e8abd4', 1),
(103, 'MY Document Name1', 'project1', 'PDF1', 'txt', 'c8e9e1c321b5ebccbb1647d85401b31f', 1),
(104, 'MY Document Name1', 'project1', 'PDF1', 'txt', '8f642ee04cc4acaf6bc89208ded870e7', 1),
(105, 'MY Document Name1', 'project1', 'PDF1', 'txt', '82a223e34206c00e9fc45b84b5b81f3d', 1),
(106, 'MY Document Name1', 'project1', 'PDF1', 'txt', '469a394e44eb9d661cdbe392214ce684', 1),
(107, 'MY Document Name1', 'project1', 'PDF1', 'txt', 'bdd8673173bed6966195e657a948558f', 1),
(108, 'template design', 'storage', 'Image', 'png', NULL, 1),
(109, 'Planuing', 'storage', 'Document', 'docx', NULL, 1),
(110, 'MY Document Name1', 'project1', 'PDF1', 'txt', '434382cacd50383e65fe24c4ee503928', 1),
(111, 'MY Document Name1', 'project1', 'PDF1', 'txt', '48e9d33743198bd15d02efed415eba7a', 1),
(112, 'MY Document Name1', 'project1', 'PDF1', 'txt', '88599d90ca7954a03f8327bc5b5e022c', 1),
(113, 'MY Document Name1', 'project1', 'PDF1', 'txt', 'dfcf296e51adef7780e482f7f8af149f', 1),
(114, 'MY Document Name1', 'project1', 'PDF1', 'txt', '41e7fd3098f2a5bc31a4c94a70dafe79', 1),
(115, 'asdasd', 'storage/product/docs', 'Document', 'pdf', NULL, 1),
(116, 'doc', 'storage/product/docs', 'Document', 'pdf', NULL, 1),
(117, 'asdasd', 'storage/projects', 'Document', 'sql', NULL, 1),
(118, 'asdasasdas', 'storage/projects/task', 'Document', 'sql', NULL, 1),
(119, 'MY Document Name1', 'project1', 'PDF1', 'txt', 'cd22d12e3fe1635424150debd7c52749', 1),
(120, 'MY Document Name1', 'project1', 'PDF1', 'txt', 'ef16401fdb876452a478539d0e5690a5', 1),
(121, 'MY Document Name1', 'project1', 'PDF1', 'txt', 'b81e366f6df3d6c354d82d13446aff1e', 1),
(122, 'MY Document Name1', 'project1', 'PDF1', 'txt', '90c687b04cfdc56ac44cc8d1d1370400', 1),
(123, 'MY Document Name1', 'project1', 'PDF1', 'txt', '9e0c95258d781768a06b9158247ca400', 1),
(124, 'mydoc', 'storage/product/docs', 'Document', 'gif', NULL, 1),
(125, 'mydoc', 'media/product/docs', 'Document', 'gif', NULL, 1),
(126, 'N7', 'media/saleorder/docs', 'Document', '.pdf', NULL, 1),
(127, 'N7', 'media/saleorder/docs', 'Document', '.pdf', NULL, 1),
(128, 'N7', 'media/saleorder/docs', 'Document', '.pdf', NULL, 1),
(129, 'N7', 'media/saleorder/docs', 'Document', '.pdf', NULL, 1),
(130, 'N10', 'media/saleorder/docs', 'Document', 'pdf', NULL, 1),
(131, 'N11', 'media/saleorder/docs', 'Document', 'pdf', NULL, 1);

-- --------------------------------------------------------

--
-- Tabellenstruktur für Tabelle `email`
--

DROP TABLE IF EXISTS `email`;
CREATE TABLE IF NOT EXISTS `email` (
  `id` int(11) NOT NULL AUTO_INCREMENT,
  `name` varchar(64) COLLATE utf8_unicode_ci NOT NULL DEFAULT '',
  `subject` varchar(64) COLLATE utf8_unicode_ci NOT NULL DEFAULT '',
  `body` text COLLATE utf8_unicode_ci,
  PRIMARY KEY (`id`)
) ENGINE=InnoDB DEFAULT CHARSET=utf8 COLLATE=utf8_unicode_ci AUTO_INCREMENT=1 ;

--
-- Daten für Tabelle `email`
--


-- --------------------------------------------------------

--
-- Tabellenstruktur für Tabelle `email_template`
--

DROP TABLE IF EXISTS `email_template`;
CREATE TABLE IF NOT EXISTS `email_template` (
  `id` int(11) NOT NULL AUTO_INCREMENT,
  `name` varchar(255) COLLATE utf8_unicode_ci DEFAULT NULL,
  PRIMARY KEY (`id`)
) ENGINE=InnoDB  DEFAULT CHARSET=utf8 COLLATE=utf8_unicode_ci AUTO_INCREMENT=34 ;

--
-- Daten für Tabelle `email_template`
--

INSERT INTO `email_template` (`id`, `name`) VALUES
(22, 'Account Registration'),
(23, 'Account Registration Arabic'),
(24, 'إيميل تأكيد إستلام طلب شراء سيارة'),
(25, 'Add Request Arabic'),
(26, 'Forget Password'),
(27, 'Forgot Password Arabic'),
(28, 'Contact us'),
(31, 'Change Password'),
(32, 'Contact Owner'),
(33, 'Private Account Registred');

-- --------------------------------------------------------

--
-- Tabellenstruktur für Tabelle `email_template_lang`
--

DROP TABLE IF EXISTS `email_template_lang`;
CREATE TABLE IF NOT EXISTS `email_template_lang` (
  `subject` varchar(255) COLLATE utf8_unicode_ci DEFAULT NULL,
  `content` longtext COLLATE utf8_unicode_ci,
  `lang` varchar(3) COLLATE utf8_unicode_ci DEFAULT NULL,
  `email_template_id` int(11) NOT NULL,
  KEY `fk_email_template_lang_email_template1` (`email_template_id`)
) ENGINE=InnoDB DEFAULT CHARSET=utf8 COLLATE=utf8_unicode_ci;

--
-- Daten für Tabelle `email_template_lang`
--

INSERT INTO `email_template_lang` (`subject`, `content`, `lang`, `email_template_id`) VALUES
('Welcome to our plattform', '&lt;p dir=&quot;RTL&quot;&gt;&lt;span style=&quot;font-size: medium;&quot;&gt;شكراً لتسجيلك في موقع موتورز سوق وإنضمامك لأكبر وأفضل بوابة لسوق السيارات في البحرين. من خلال بوابة موتورز سوق ستتمكن من عرض طلبك سواءاً بيع أو شراء لآلاف المستخدمين لبوابة موتورز سوق في مملكة البحرين.&lt;/span&gt;&lt;/p&gt;\n&lt;p dir=&quot;RTL&quot;&gt; &lt;/p&gt;\n&lt;p dir=&quot;RTL&quot;&gt;&lt;span style=&quot;font-size: medium;&quot;&gt;وندعوك أيضاً إن كنت جزءاً من مجتمع الفيسبوك أن تصبح من محبي صفحتنا &lt;a href=&quot;http://www.facebook.com/motorssouq&quot;&gt;www&lt;/a&gt;&lt;a href=&quot;http://www.facebook.com/motorssouq&quot;&gt;.&lt;/a&gt;&lt;a href=&quot;http://www.facebook.com/motorssouq&quot;&gt;facebook&lt;/a&gt;&lt;a href=&quot;http://www.facebook.com/motorssouq&quot;&gt;.&lt;/a&gt;&lt;a href=&quot;http://www.facebook.com/motorssouq&quot;&gt;com&lt;/a&gt;&lt;a href=&quot;http://www.facebook.com/motorssouq&quot;&gt;/&lt;/a&gt;&lt;a href=&quot;http://www.facebook.com/motorssouq&quot;&gt;motorssouq&lt;/a&gt;&lt;/span&gt;&lt;/p&gt;\n&lt;p dir=&quot;RTL&quot;&gt;&lt;span style=&quot;font-size: medium;&quot;&gt;كما أننا نقوم بنشر جميع الأخبار والإعلانات على التوتير، لذا نرجوا أن تكون من متابعينا &lt;a href=&quot;http://www.twitter.com/motorssouqcom&quot;&gt;www&lt;/a&gt;&lt;a href=&quot;http://www.twitter.com/motorssouqcom&quot;&gt;.&lt;/a&gt;&lt;a href=&quot;http://www.twitter.com/motorssouqcom&quot;&gt;twitter&lt;/a&gt;&lt;a href=&quot;http://www.twitter.com/motorssouqcom&quot;&gt;.&lt;/a&gt;&lt;a href=&quot;http://www.twitter.com/motorssouqcom&quot;&gt;com&lt;/a&gt;&lt;a href=&quot;http://www.twitter.com/motorssouqcom&quot;&gt;/&lt;/a&gt;&lt;a href=&quot;http://www.twitter.com/motorssouqcom&quot;&gt;motorssouqcom&lt;/a&gt;&lt;/span&gt;&lt;/p&gt;\n&lt;p dir=&quot;RTL&quot;&gt; &lt;/p&gt;\n&lt;p dir=&quot;RTL&quot;&gt;&lt;span style=&quot;font-size: medium;&quot;&gt;نقدم لك الآن معلومات الدخول لحسابك في موتورز سوق:&lt;/span&gt;&lt;/p&gt;\n&lt;p dir=&quot;RTL&quot;&gt;&lt;span style=&quot;font-size: medium;&quot;&gt;أسم المستخدم: __AccountModel::email1__&lt;br /&gt;&lt;/span&gt;&lt;/p&gt;\n&lt;p dir=&quot;RTL&quot;&gt;&lt;span style=&quot;font-size: medium;&quot;&gt;كلمة السر: __AccountModel::password__&lt;br /&gt;&lt;br /&gt;&lt;/span&gt;&lt;/p&gt;\n&lt;p dir=&quot;RTL&quot;&gt;&lt;span style=&quot;font-size: medium;&quot;&gt;بمجرد تسجيلك للدخول على حسابك في موتورز سوق ستتمكن من البدء في القيام بـ:&lt;/span&gt;&lt;/p&gt;\n&lt;p dir=&quot;RTL&quot;&gt;&lt;span style=&quot;font-size: medium;&quot;&gt;تحديث ملفك الشخصي.&lt;/span&gt;&lt;/p&gt;\n&lt;p dir=&quot;RTL&quot;&gt;&lt;span style=&quot;font-size: medium;&quot;&gt;تغيير كلمة المرور الخاصة بك.&lt;/span&gt;&lt;/p&gt;\n&lt;p dir=&quot;RTL&quot;&gt;&lt;span style=&quot;font-size: medium;&quot;&gt;إضافة سيارة للبيع.&lt;/span&gt;&lt;/p&gt;\n&lt;p dir=&quot;RTL&quot;&gt;&lt;span style=&quot;font-size: medium;&quot;&gt;طلب سيارة للشراء.&lt;/span&gt;&lt;/p&gt;\n&lt;p dir=&quot;RTL&quot;&gt;&lt;span style=&quot;font-size: medium;&quot;&gt;إستعراض وتعديل السيارات الخاصة بك.&lt;/span&gt;&lt;/p&gt;\n&lt;p dir=&quot;RTL&quot;&gt;&lt;span style=&quot;font-size: medium;&quot;&gt;إضافة دراجة نارية للبيع.&lt;/span&gt;&lt;/p&gt;\n&lt;p dir=&quot;RTL&quot;&gt;&lt;span style=&quot;font-size: medium;&quot;&gt;طلب دراجة نارية للشراء.&lt;/span&gt;&lt;/p&gt;\n&lt;p dir=&quot;RTL&quot;&gt;&lt;span style=&quot;font-size: medium;&quot;&gt;إستعراض وتعديل الدراجات النارية الخاصة بك.&lt;/span&gt;&lt;/p&gt;\n&lt;p dir=&quot;RTL&quot;&gt; &lt;/p&gt;\n&lt;p dir=&quot;RTL&quot;&gt;&lt;span style=&quot;font-size: medium;&quot;&gt;ونوفر لك من خلال هذه الرسالة أيضاً أهم الصفحات في الموقع والتي ستحتاجها:&lt;/span&gt;&lt;/p&gt;\n&lt;p dir=&quot;RTL&quot;&gt;&lt;span style=&quot;font-size: medium;&quot;&gt;لإضافة سيارة، &lt;a title=&quot;صفحة إضافة سيارة&quot; href=&quot;http://www.motorssouq.com/index.php?module=vehicle&amp;amp;page=addcar-intern&quot; target=&quot;_blank&quot;&gt;إضغط هنا.&lt;/a&gt;&lt;/span&gt;&lt;/p&gt;\n&lt;p dir=&quot;RTL&quot;&gt;&lt;span style=&quot;font-size: medium;&quot;&gt;لإضافة دراجة نارية &lt;a title=&quot;صفحة إضافة دراجة نارية&quot; href=&quot;http://www.motorssouq.com/index.php?module=bikes&amp;amp;page=add-intern&quot; target=&quot;_blank&quot;&gt;إضغط هنا.&lt;/a&gt;&lt;/span&gt;&lt;/p&gt;\n&lt;p dir=&quot;RTL&quot;&gt;&lt;span style=&quot;font-size: medium;&quot;&gt;لطلب مركبة للشراء، &lt;a title=&quot;إطلب مركبة&quot; href=&quot;http://www.motorssouq.com/index.php?module=vehiclerequest&amp;amp;page=add&quot; target=&quot;_blank&quot;&gt;إضغط هنا.&lt;/a&gt;&lt;/span&gt;&lt;/p&gt;\n&lt;p dir=&quot;RTL&quot;&gt; &lt;/p&gt;\n&lt;p dir=&quot;RTL&quot;&gt;&lt;span style=&quot;font-size: medium;&quot;&gt;إذا كنت مهتماً في الإعلان عن مؤسستك، شركتك أو نشاطك التجاري في أكبر بوابة سيارات وأكثرها إنتشاراً في مملكة البحرين يرجى التواصل معنا لتوفير خطط الإعلان للجهات الرسمية.&lt;/span&gt;&lt;/p&gt;\n&lt;p dir=&quot;RTL&quot;&gt;&lt;span style=&quot;font-size: medium;&quot;&gt;أما إن كنت تاجر سيارات وترغب في الحصول على برنامج (معرض السيارات الإلكتروني) لمنشئتك الرسمية، فيرجى التواصل معنا للحصول على جميع المعلومات التي تخص برنامج (معرض السيارات الإلكتروني)، للتواصل معنا &lt;a title=&quot;استمارة التواصل في موتورز سوق&quot; href=&quot;http://www.motorssouq.com/index.php?module=crm&amp;amp;page=contact&quot; target=&quot;_blank&quot;&gt;إضغط هنا.&lt;/a&gt;&lt;/span&gt;&lt;/p&gt;\n&lt;p dir=&quot;RTL&quot;&gt; &lt;/p&gt;\n&lt;p dir=&quot;RTL&quot;&gt;&lt;span style=&quot;font-size: medium;&quot;&gt;نحن في موتورز سوق نتمنى لك وقتاً مفيداً معنا.&lt;/span&gt;&lt;/p&gt;\n&lt;p dir=&quot;RTL&quot;&gt; &lt;/p&gt;\n&lt;p dir=&quot;RTL&quot;&gt;&lt;span style=&quot;font-size: medium;&quot;&gt;مع تمنياتنا لك بدوام التوفيق والنجاح،&lt;/span&gt;&lt;/p&gt;\n&lt;p dir=&quot;RTL&quot;&gt; &lt;/p&gt;\n&lt;p dir=&quot;RTL&quot;&gt;&lt;span style=&quot;font-size: medium;&quot;&gt;فريق عمل بوابة موتورز سوق.&lt;/span&gt;&lt;/p&gt;', 'AR', 22),
('Welcome to Motors Souq family! ', '&lt;p&gt;Dear __AccountModel::name__,&lt;/p&gt;\n&lt;p&gt; &lt;/p&gt;\n&lt;p&gt;Thank you for becoming a member in our superior car portal “&lt;strong&gt;Motors Souq&lt;/strong&gt;”. Through our web portal you will have the opportunity to display your cars to thousands of &lt;a title=&quot;motors souq Url&quot; href=&quot;motorssouq.com&quot; target=&quot;_blank&quot;&gt;motorssouq.com&lt;/a&gt; users.&lt;/p&gt;\n&lt;p&gt; &lt;/p&gt;\n&lt;p&gt;If you are a part of the Facebook online community, be sure to become a&lt;strong&gt; fan of motorssouq’s page&lt;/strong&gt; (&lt;a title=&quot;motors souq facebook fan page&quot; href=&quot;http://www.facebook.com/motorssouq&quot; target=&quot;_blank&quot;&gt;www.facebook.com/motorssouq&lt;/a&gt;), and &lt;strong&gt;follow us&lt;/strong&gt; on twitter (&lt;a title=&quot;motorssouq.com twitter account&quot; href=&quot;http://www.twitter.com/motorssouqcom&quot; target=&quot;_blank&quot;&gt;@motorssouqcom&lt;/a&gt;).&lt;/p&gt;\n&lt;p&gt; &lt;/p&gt;\n&lt;p&gt;&lt;strong&gt;Here is your login information&lt;/strong&gt;:&lt;strong&gt;&lt;/strong&gt;&lt;/p&gt;\n&lt;p&gt;User name: __AccountModel::email1__&lt;/p&gt;\n&lt;p&gt;Password: __PLAIN_PASSWORD__&lt;/p&gt;\n&lt;p&gt; &lt;/p&gt;\n&lt;p&gt;Once you log in, you may continue to submit your work, or u can start by the followings:&lt;/p&gt;\n&lt;ol&gt;\n&lt;li&gt;Update your profile&lt;/li&gt;\n&lt;li&gt;Change your password&lt;/li&gt;\n&lt;li&gt;Add your car for sale.&lt;/li&gt;\n&lt;li&gt;Request a car to buy.&lt;/li&gt;\n&lt;li&gt;Edit, review your listed cars.&lt;/li&gt;\n&lt;li&gt;Add your motorbike&lt;/li&gt;\n&lt;li&gt;Request a motorbike to buy.&lt;/li&gt;\n&lt;li&gt;Edit, review your listed motorbike.&lt;/li&gt;\n&lt;/ol&gt;\n&lt;p&gt; &lt;/p&gt;\n&lt;p&gt;&lt;strong&gt;Quick links&lt;/strong&gt;:&lt;strong&gt;&lt;/strong&gt;&lt;/p&gt;\n&lt;p&gt;To add car, &lt;a title=&quot;add you car&quot; href=&quot;http://www.motorssouq.com/index.php?module=vehicle&amp;amp;page=addcar-intern&quot; target=&quot;_blank&quot;&gt;click here.&lt;/a&gt;&lt;/p&gt;\n&lt;p&gt;To add motorbike, &lt;a title=&quot;add you bike&quot; href=&quot;http://www.motorssouq.com/index.php?module=bikes&amp;amp;page=add-intern&quot; target=&quot;_blank&quot;&gt;click here.&lt;/a&gt;&lt;/p&gt;\n&lt;p&gt;To Request a motor, &lt;a title=&quot;request a motor form&quot; href=&quot;http://www.motorssouq.com/index.php?module=vehiclerequest&amp;amp;page=add&quot; target=&quot;_blank&quot;&gt;click here.&lt;/a&gt;&lt;/p&gt;\n&lt;p&gt; &lt;/p&gt;\n&lt;ul&gt;\n&lt;li&gt;If you are an advertiser who&#039;s looking to advertise your business in only C2C portal in Bahrain and the most fasting growing gate, please contact us to provide you with the advertising plans.&lt;/li&gt;\n&lt;/ul&gt;\n&lt;p&gt; &lt;/p&gt;\n&lt;ul&gt;\n&lt;li&gt;If you are an Auto dealer and wish to get our solution AMHCAR for your business, then please contact us to get all the required information about your E-business solution!  For more details please &lt;a title=&quot;Contact Motors Souq&quot; href=&quot;http://www.motorssouq.com/index.php?module=crm&amp;amp;page=contact&quot; target=&quot;_blank&quot;&gt;Click here!&lt;/a&gt;&lt;/li&gt;\n&lt;/ul&gt;\n&lt;p&gt; &lt;/p&gt;\n&lt;p&gt;We in &lt;a href=&quot;http://www.motorssouq.com/&quot;&gt;www&lt;/a&gt;&lt;a href=&quot;http://www.motorssouq.com/&quot;&gt;.&lt;/a&gt;&lt;a href=&quot;http://www.motorssouq.com/&quot;&gt;motorssouq&lt;/a&gt;&lt;a href=&quot;http://www.motorssouq.com/&quot;&gt;.&lt;/a&gt;&lt;a href=&quot;http://www.motorssouq.com/&quot;&gt;com&lt;/a&gt; wish you a profitable use of it.&lt;/p&gt;\n&lt;p&gt;&lt;em&gt;Best Regards,&lt;/em&gt;&lt;/p&gt;\n&lt;p&gt;Motors Souq Team&lt;/p&gt;', 'EN', 22),
('Welcome to our plattform', 'asldkalskdlaksldkasd', 'DE', 22),
('مرحباً بك في عائلة موتورز سوق!', '&lt;p dir=&quot;RTL&quot;&gt;&lt;span style=&quot;font-size: medium;&quot;&gt;شكراً لتسجيلك في موقع موتورز سوق وإنضمامك لأكبر وأفضل بوابة لسوق السيارات في البحرين. من خلال بوابة موتورز سوق ستتمكن من عرض طلبك سواءاً بيع أو شراء لآلاف المستخدمين لبوابة موتورز سوق في مملكة البحرين.&lt;/span&gt;&lt;/p&gt;\n&lt;p dir=&quot;RTL&quot;&gt;&lt;span style=&quot;font-size: medium;&quot;&gt; &lt;/span&gt;&lt;/p&gt;\n&lt;p dir=&quot;RTL&quot;&gt;&lt;span style=&quot;font-size: medium;&quot;&gt;وندعوك أيضاً إن كنت جزءاً من مجتمع الفيسبوك أن تصبح من محبي صفحتنا &lt;a href=&quot;http://www.facebook.com/motorssouq&quot;&gt;www&lt;/a&gt;&lt;a href=&quot;http://www.facebook.com/motorssouq&quot;&gt;.&lt;/a&gt;&lt;a href=&quot;http://www.facebook.com/motorssouq&quot;&gt;facebook&lt;/a&gt;&lt;a href=&quot;http://www.facebook.com/motorssouq&quot;&gt;.&lt;/a&gt;&lt;a href=&quot;http://www.facebook.com/motorssouq&quot;&gt;com&lt;/a&gt;&lt;a href=&quot;http://www.facebook.com/motorssouq&quot;&gt;/&lt;/a&gt;&lt;a href=&quot;http://www.facebook.com/motorssouq&quot;&gt;motorssouq&lt;/a&gt;&lt;/span&gt;&lt;/p&gt;\n&lt;p dir=&quot;RTL&quot;&gt;&lt;span style=&quot;font-size: medium;&quot;&gt;كما أننا نقوم بنشر جميع الأخبار والإعلانات على التوتير، لذا نرجوا أن تكون من متابعينا &lt;a href=&quot;http://www.twitter.com/motorssouqcom&quot;&gt;www&lt;/a&gt;&lt;a href=&quot;http://www.twitter.com/motorssouqcom&quot;&gt;.&lt;/a&gt;&lt;a href=&quot;http://www.twitter.com/motorssouqcom&quot;&gt;twitter&lt;/a&gt;&lt;a href=&quot;http://www.twitter.com/motorssouqcom&quot;&gt;.&lt;/a&gt;&lt;a href=&quot;http://www.twitter.com/motorssouqcom&quot;&gt;com&lt;/a&gt;&lt;a href=&quot;http://www.twitter.com/motorssouqcom&quot;&gt;/&lt;/a&gt;&lt;a href=&quot;http://www.twitter.com/motorssouqcom&quot;&gt;motorssouqcom&lt;/a&gt;&lt;/span&gt;&lt;/p&gt;\n&lt;p dir=&quot;RTL&quot;&gt;&lt;span style=&quot;font-size: medium;&quot;&gt; &lt;/span&gt;&lt;/p&gt;\n&lt;p dir=&quot;RTL&quot;&gt;&lt;span style=&quot;font-size: medium;&quot;&gt;نقدم لك الآن معلومات الدخول لحسابك في موتورز سوق:&lt;/span&gt;&lt;/p&gt;\n&lt;p dir=&quot;RTL&quot;&gt;&lt;span style=&quot;font-size: medium;&quot;&gt;أسم المستخدم: #USERNAME#&lt;/span&gt;&lt;/p&gt;\n&lt;p dir=&quot;RTL&quot;&gt;&lt;span style=&quot;font-size: medium;&quot;&gt;كلمة السر: يرجى استخدام كلمة المرور التي تم ادخالها عند التسجيل&lt;br /&gt;&lt;br /&gt;&lt;/span&gt;&lt;/p&gt;\n&lt;p dir=&quot;RTL&quot;&gt;&lt;span style=&quot;font-size: medium;&quot;&gt; &lt;/span&gt;&lt;span style=&quot;font-size: medium;&quot;&gt;بمجرد تسجيلك للدخول على حسابك في موتورز سوق ستتمكن من البدء في القيام بـ:&lt;/span&gt;&lt;/p&gt;\n&lt;p dir=&quot;RTL&quot;&gt;&lt;span style=&quot;font-size: medium;&quot;&gt;تحديث ملفك الشخصي.&lt;/span&gt;&lt;/p&gt;\n&lt;p dir=&quot;RTL&quot;&gt;&lt;span style=&quot;font-size: medium;&quot;&gt;تغيير كلمة المرور الخاصة بك.&lt;/span&gt;&lt;/p&gt;\n&lt;p dir=&quot;RTL&quot;&gt;&lt;span style=&quot;font-size: medium;&quot;&gt;إضافة سيارة للبيع.&lt;/span&gt;&lt;/p&gt;\n&lt;p dir=&quot;RTL&quot;&gt;&lt;span style=&quot;font-size: medium;&quot;&gt;طلب سيارة للشراء.&lt;/span&gt;&lt;/p&gt;\n&lt;p dir=&quot;RTL&quot;&gt;&lt;span style=&quot;font-size: medium;&quot;&gt;إستعراض وتعديل السيارات الخاصة بك.&lt;/span&gt;&lt;/p&gt;\n&lt;p dir=&quot;RTL&quot;&gt;&lt;span style=&quot;font-size: medium;&quot;&gt;إضافة دراجة نارية للبيع.&lt;/span&gt;&lt;/p&gt;\n&lt;p dir=&quot;RTL&quot;&gt;&lt;span style=&quot;font-size: medium;&quot;&gt;طلب دراجة نارية للشراء.&lt;/span&gt;&lt;/p&gt;\n&lt;p dir=&quot;RTL&quot;&gt;&lt;span style=&quot;font-size: medium;&quot;&gt;إستعراض وتعديل الدراجات النارية الخاصة بك.&lt;/span&gt;&lt;/p&gt;\n&lt;p dir=&quot;RTL&quot;&gt;&lt;span style=&quot;font-size: medium;&quot;&gt; &lt;/span&gt;&lt;/p&gt;\n&lt;p dir=&quot;RTL&quot;&gt;&lt;span style=&quot;font-size: medium;&quot;&gt;ونوفر لك من خلال هذه الرسالة أيضاً روابط سريعة لأهم الصفحات في الموقع:&lt;/span&gt;&lt;/p&gt;\n&lt;p dir=&quot;RTL&quot;&gt;&lt;span style=&quot;font-size: medium;&quot;&gt;لتغيير كلمة السر الخاصة بك، إضغط هنا.&lt;/span&gt;&lt;/p&gt;\n&lt;p dir=&quot;RTL&quot;&gt;&lt;span style=&quot;font-size: medium;&quot;&gt;لإضافة سيارة، إضغط هنا.&lt;/span&gt;&lt;/p&gt;\n&lt;p dir=&quot;RTL&quot;&gt;&lt;span style=&quot;font-size: medium;&quot;&gt;لإضافة دراجة نارية إضغط هنا.&lt;/span&gt;&lt;/p&gt;\n&lt;p dir=&quot;RTL&quot;&gt;&lt;span style=&quot;font-size: medium;&quot;&gt;لطلب مركبة للشراء، إضغط هنا.&lt;/span&gt;&lt;/p&gt;\n&lt;p dir=&quot;RTL&quot;&gt;&lt;span style=&quot;font-size: medium;&quot;&gt; &lt;/span&gt;&lt;/p&gt;\n&lt;p dir=&quot;RTL&quot;&gt;&lt;span style=&quot;font-size: medium;&quot;&gt;إذا كنت مهتماً في الإعلان عن مؤسستك، شركتك أو نشاطك التجاري في أكبر بوابة سيارات وأكثرها إنتشاراً في مملكة البحرين يرجى التواصل معنا لتوفير خطط الإعلان للجهات الرسمية.&lt;/span&gt;&lt;/p&gt;\n&lt;p dir=&quot;RTL&quot;&gt;&lt;span style=&quot;font-size: medium;&quot;&gt;أما إن كنت تاجر سيارات وترغب في الحصول على برنامج (معرض السيارات الإلكتروني) لمنشئتك الرسمية، فيرجى التواصل معنا للحصول على جميع المعلومات التي تخص برنامج (معرض السيارات الإلكتروني)، للتواصل معنا إضغط هنا.&lt;/span&gt;&lt;/p&gt;\n&lt;p dir=&quot;RTL&quot;&gt;&lt;span style=&quot;font-size: medium;&quot;&gt; &lt;/span&gt;&lt;/p&gt;\n&lt;p dir=&quot;RTL&quot;&gt;&lt;span style=&quot;font-size: medium;&quot;&gt;نحن في موتورز سوق نتمنى لك وقتاً مفيداً معنا.&lt;/span&gt;&lt;/p&gt;\n&lt;p dir=&quot;RTL&quot;&gt;&lt;span style=&quot;font-size: medium;&quot;&gt; &lt;/span&gt;&lt;/p&gt;\n&lt;p dir=&quot;RTL&quot;&gt;&lt;span style=&quot;font-size: medium;&quot;&gt;مع تمنياتنا لك بدوام التوفيق والنجاح،&lt;/span&gt;&lt;/p&gt;\n&lt;p dir=&quot;RTL&quot;&gt;&lt;span style=&quot;font-size: medium;&quot;&gt; &lt;/span&gt;&lt;/p&gt;\n&lt;p dir=&quot;RTL&quot;&gt;&lt;span style=&quot;font-size: medium;&quot;&gt;فريق عمل بوابة موتورز سوق.&lt;/span&gt;&lt;/p&gt;', 'AR', 23),
('مرحباً بك في عائلة موتورز سوق!', '&lt;p dir=&quot;RTL&quot;&gt;&lt;span style=&quot;font-size: medium;&quot;&gt;شكراً لتسجيلك في موقع موتورز سوق وإنضمامك لأكبر وأفضل بوابة لسوق السيارات في البحرين. من خلال بوابة موتورز سوق ستتمكن من عرض طلبك سواءاً بيع أو شراء لآلاف المستخدمين لبوابة موتورز سوق في مملكة البحرين.&lt;/span&gt;&lt;/p&gt;\n&lt;p dir=&quot;RTL&quot;&gt;&lt;span style=&quot;font-size: medium;&quot;&gt; &lt;/span&gt;&lt;/p&gt;\n&lt;p dir=&quot;RTL&quot;&gt;&lt;span style=&quot;font-size: medium;&quot;&gt;وندعوك أيضاً إن كنت جزءاً من مجتمع الفيسبوك أن تصبح من محبي صفحتنا &lt;a href=&quot;http://www.facebook.com/motorssouq&quot;&gt;www&lt;/a&gt;&lt;a href=&quot;http://www.facebook.com/motorssouq&quot;&gt;.&lt;/a&gt;&lt;a href=&quot;http://www.facebook.com/motorssouq&quot;&gt;facebook&lt;/a&gt;&lt;a href=&quot;http://www.facebook.com/motorssouq&quot;&gt;.&lt;/a&gt;&lt;a href=&quot;http://www.facebook.com/motorssouq&quot;&gt;com&lt;/a&gt;&lt;a href=&quot;http://www.facebook.com/motorssouq&quot;&gt;/&lt;/a&gt;&lt;a href=&quot;http://www.facebook.com/motorssouq&quot;&gt;motorssouq&lt;/a&gt;&lt;/span&gt;&lt;/p&gt;\n&lt;p dir=&quot;RTL&quot;&gt;&lt;span style=&quot;font-size: medium;&quot;&gt;كما أننا نقوم بنشر جميع الأخبار والإعلانات على التوتير، لذا نرجوا أن تكون من متابعينا &lt;a href=&quot;http://www.twitter.com/motorssouqcom&quot;&gt;www&lt;/a&gt;&lt;a href=&quot;http://www.twitter.com/motorssouqcom&quot;&gt;.&lt;/a&gt;&lt;a href=&quot;http://www.twitter.com/motorssouqcom&quot;&gt;twitter&lt;/a&gt;&lt;a href=&quot;http://www.twitter.com/motorssouqcom&quot;&gt;.&lt;/a&gt;&lt;a href=&quot;http://www.twitter.com/motorssouqcom&quot;&gt;com&lt;/a&gt;&lt;a href=&quot;http://www.twitter.com/motorssouqcom&quot;&gt;/&lt;/a&gt;&lt;a href=&quot;http://www.twitter.com/motorssouqcom&quot;&gt;motorssouqcom&lt;/a&gt;&lt;/span&gt;&lt;/p&gt;\n&lt;p dir=&quot;RTL&quot;&gt;&lt;span style=&quot;font-size: medium;&quot;&gt; &lt;/span&gt;&lt;/p&gt;\n&lt;p dir=&quot;RTL&quot;&gt;&lt;span style=&quot;font-size: medium;&quot;&gt;نقدم لك الآن معلومات الدخول لحسابك في موتورز سوق:&lt;/span&gt;&lt;/p&gt;\n&lt;p dir=&quot;RTL&quot;&gt;&lt;span style=&quot;font-size: medium;&quot;&gt;أسم المستخدم: #USERNAME#&lt;/span&gt;&lt;/p&gt;\n&lt;p dir=&quot;RTL&quot;&gt;&lt;span style=&quot;font-size: medium;&quot;&gt;كلمة السر: يرجى استخدام كلمة المرور التي تم ادخالها عند التسجيل&lt;br /&gt;&lt;br /&gt;&lt;/span&gt;&lt;/p&gt;\n&lt;p dir=&quot;RTL&quot;&gt;&lt;span style=&quot;font-size: medium;&quot;&gt; &lt;/span&gt;&lt;span style=&quot;font-size: medium;&quot;&gt;بمجرد تسجيلك للدخول على حسابك في موتورز سوق ستتمكن من البدء في القيام بـ:&lt;/span&gt;&lt;/p&gt;\n&lt;p dir=&quot;RTL&quot;&gt;&lt;span style=&quot;font-size: medium;&quot;&gt;تحديث ملفك الشخصي.&lt;/span&gt;&lt;/p&gt;\n&lt;p dir=&quot;RTL&quot;&gt;&lt;span style=&quot;font-size: medium;&quot;&gt;تغيير كلمة المرور الخاصة بك.&lt;/span&gt;&lt;/p&gt;\n&lt;p dir=&quot;RTL&quot;&gt;&lt;span style=&quot;font-size: medium;&quot;&gt;إضافة سيارة للبيع.&lt;/span&gt;&lt;/p&gt;\n&lt;p dir=&quot;RTL&quot;&gt;&lt;span style=&quot;font-size: medium;&quot;&gt;طلب سيارة للشراء.&lt;/span&gt;&lt;/p&gt;\n&lt;p dir=&quot;RTL&quot;&gt;&lt;span style=&quot;font-size: medium;&quot;&gt;إستعراض وتعديل السيارات الخاصة بك.&lt;/span&gt;&lt;/p&gt;\n&lt;p dir=&quot;RTL&quot;&gt;&lt;span style=&quot;font-size: medium;&quot;&gt;إضافة دراجة نارية للبيع.&lt;/span&gt;&lt;/p&gt;\n&lt;p dir=&quot;RTL&quot;&gt;&lt;span style=&quot;font-size: medium;&quot;&gt;طلب دراجة نارية للشراء.&lt;/span&gt;&lt;/p&gt;\n&lt;p dir=&quot;RTL&quot;&gt;&lt;span style=&quot;font-size: medium;&quot;&gt;إستعراض وتعديل الدراجات النارية الخاصة بك.&lt;/span&gt;&lt;/p&gt;\n&lt;p dir=&quot;RTL&quot;&gt;&lt;span style=&quot;font-size: medium;&quot;&gt; &lt;/span&gt;&lt;/p&gt;\n&lt;p dir=&quot;RTL&quot;&gt;&lt;span style=&quot;font-size: medium;&quot;&gt;ونوفر لك من خلال هذه الرسالة أيضاً روابط سريعة لأهم الصفحات في الموقع:&lt;/span&gt;&lt;/p&gt;\n&lt;p dir=&quot;RTL&quot;&gt;&lt;span style=&quot;font-size: medium;&quot;&gt;لتغيير كلمة السر الخاصة بك، إضغط هنا.&lt;/span&gt;&lt;/p&gt;\n&lt;p dir=&quot;RTL&quot;&gt;&lt;span style=&quot;font-size: medium;&quot;&gt;لإضافة سيارة، إضغط هنا.&lt;/span&gt;&lt;/p&gt;\n&lt;p dir=&quot;RTL&quot;&gt;&lt;span style=&quot;font-size: medium;&quot;&gt;لإضافة دراجة نارية إضغط هنا.&lt;/span&gt;&lt;/p&gt;\n&lt;p dir=&quot;RTL&quot;&gt;&lt;span style=&quot;font-size: medium;&quot;&gt;لطلب مركبة للشراء، إضغط هنا.&lt;/span&gt;&lt;/p&gt;\n&lt;p dir=&quot;RTL&quot;&gt;&lt;span style=&quot;font-size: medium;&quot;&gt; &lt;/span&gt;&lt;/p&gt;\n&lt;p dir=&quot;RTL&quot;&gt;&lt;span style=&quot;font-size: medium;&quot;&gt;إذا كنت مهتماً في الإعلان عن مؤسستك، شركتك أو نشاطك التجاري في أكبر بوابة سيارات وأكثرها إنتشاراً في مملكة البحرين يرجى التواصل معنا لتوفير خطط الإعلان للجهات الرسمية.&lt;/span&gt;&lt;/p&gt;\n&lt;p dir=&quot;RTL&quot;&gt;&lt;span style=&quot;font-size: medium;&quot;&gt;أما إن كنت تاجر سيارات وترغب في الحصول على برنامج (معرض السيارات الإلكتروني) لمنشئتك الرسمية، فيرجى التواصل معنا للحصول على جميع المعلومات التي تخص برنامج (معرض السيارات الإلكتروني)، للتواصل معنا إضغط هنا.&lt;/span&gt;&lt;/p&gt;\n&lt;p dir=&quot;RTL&quot;&gt;&lt;span style=&quot;font-size: medium;&quot;&gt; &lt;/span&gt;&lt;/p&gt;\n&lt;p dir=&quot;RTL&quot;&gt;&lt;span style=&quot;font-size: medium;&quot;&gt;نحن في موتورز سوق نتمنى لك وقتاً مفيداً معنا.&lt;/span&gt;&lt;/p&gt;\n&lt;p dir=&quot;RTL&quot;&gt;&lt;span style=&quot;font-size: medium;&quot;&gt; &lt;/span&gt;&lt;/p&gt;\n&lt;p dir=&quot;RTL&quot;&gt;&lt;span style=&quot;font-size: medium;&quot;&gt;مع تمنياتنا لك بدوام التوفيق والنجاح،&lt;/span&gt;&lt;/p&gt;\n&lt;p dir=&quot;RTL&quot;&gt;&lt;span style=&quot;font-size: medium;&quot;&gt; &lt;/span&gt;&lt;/p&gt;\n&lt;p dir=&quot;RTL&quot;&gt;&lt;span style=&quot;font-size: medium;&quot;&gt;فريق عمل بوابة موتورز سوق.&lt;/span&gt;&lt;/p&gt;', 'EN', 23),
('مرحباً بك في عائلة موتورز سوق!', '&lt;p dir=&quot;RTL&quot;&gt;&lt;span style=&quot;font-size: medium;&quot;&gt;شكراً لتسجيلك في موقع موتورز سوق وإنضمامك لأكبر وأفضل بوابة لسوق السيارات في البحرين. من خلال بوابة موتورز سوق ستتمكن من عرض طلبك سواءاً بيع أو شراء لآلاف المستخدمين لبوابة موتورز سوق في مملكة البحرين.&lt;/span&gt;&lt;/p&gt;\n&lt;p dir=&quot;RTL&quot;&gt;&lt;span style=&quot;font-size: medium;&quot;&gt; &lt;/span&gt;&lt;/p&gt;\n&lt;p dir=&quot;RTL&quot;&gt;&lt;span style=&quot;font-size: medium;&quot;&gt;وندعوك أيضاً إن كنت جزءاً من مجتمع الفيسبوك أن تصبح من محبي صفحتنا &lt;a href=&quot;http://www.facebook.com/motorssouq&quot;&gt;www&lt;/a&gt;&lt;a href=&quot;http://www.facebook.com/motorssouq&quot;&gt;.&lt;/a&gt;&lt;a href=&quot;http://www.facebook.com/motorssouq&quot;&gt;facebook&lt;/a&gt;&lt;a href=&quot;http://www.facebook.com/motorssouq&quot;&gt;.&lt;/a&gt;&lt;a href=&quot;http://www.facebook.com/motorssouq&quot;&gt;com&lt;/a&gt;&lt;a href=&quot;http://www.facebook.com/motorssouq&quot;&gt;/&lt;/a&gt;&lt;a href=&quot;http://www.facebook.com/motorssouq&quot;&gt;motorssouq&lt;/a&gt;&lt;/span&gt;&lt;/p&gt;\n&lt;p dir=&quot;RTL&quot;&gt;&lt;span style=&quot;font-size: medium;&quot;&gt;كما أننا نقوم بنشر جميع الأخبار والإعلانات على التوتير، لذا نرجوا أن تكون من متابعينا &lt;a href=&quot;http://www.twitter.com/motorssouqcom&quot;&gt;www&lt;/a&gt;&lt;a href=&quot;http://www.twitter.com/motorssouqcom&quot;&gt;.&lt;/a&gt;&lt;a href=&quot;http://www.twitter.com/motorssouqcom&quot;&gt;twitter&lt;/a&gt;&lt;a href=&quot;http://www.twitter.com/motorssouqcom&quot;&gt;.&lt;/a&gt;&lt;a href=&quot;http://www.twitter.com/motorssouqcom&quot;&gt;com&lt;/a&gt;&lt;a href=&quot;http://www.twitter.com/motorssouqcom&quot;&gt;/&lt;/a&gt;&lt;a href=&quot;http://www.twitter.com/motorssouqcom&quot;&gt;motorssouqcom&lt;/a&gt;&lt;/span&gt;&lt;/p&gt;\n&lt;p dir=&quot;RTL&quot;&gt;&lt;span style=&quot;font-size: medium;&quot;&gt; &lt;/span&gt;&lt;/p&gt;\n&lt;p dir=&quot;RTL&quot;&gt;&lt;span style=&quot;font-size: medium;&quot;&gt;نقدم لك الآن معلومات الدخول لحسابك في موتورز سوق:&lt;/span&gt;&lt;/p&gt;\n&lt;p dir=&quot;RTL&quot;&gt;&lt;span style=&quot;font-size: medium;&quot;&gt;أسم المستخدم: #USERNAME#&lt;/span&gt;&lt;/p&gt;\n&lt;p dir=&quot;RTL&quot;&gt;&lt;span style=&quot;font-size: medium;&quot;&gt;كلمة السر: يرجى استخدام كلمة المرور التي تم ادخالها عند التسجيل&lt;br /&gt;&lt;br /&gt;&lt;/span&gt;&lt;/p&gt;\n&lt;p dir=&quot;RTL&quot;&gt;&lt;span style=&quot;font-size: medium;&quot;&gt; &lt;/span&gt;&lt;span style=&quot;font-size: medium;&quot;&gt;بمجرد تسجيلك للدخول على حسابك في موتورز سوق ستتمكن من البدء في القيام بـ:&lt;/span&gt;&lt;/p&gt;\n&lt;p dir=&quot;RTL&quot;&gt;&lt;span style=&quot;font-size: medium;&quot;&gt;تحديث ملفك الشخصي.&lt;/span&gt;&lt;/p&gt;\n&lt;p dir=&quot;RTL&quot;&gt;&lt;span style=&quot;font-size: medium;&quot;&gt;تغيير كلمة المرور الخاصة بك.&lt;/span&gt;&lt;/p&gt;\n&lt;p dir=&quot;RTL&quot;&gt;&lt;span style=&quot;font-size: medium;&quot;&gt;إضافة سيارة للبيع.&lt;/span&gt;&lt;/p&gt;\n&lt;p dir=&quot;RTL&quot;&gt;&lt;span style=&quot;font-size: medium;&quot;&gt;طلب سيارة للشراء.&lt;/span&gt;&lt;/p&gt;\n&lt;p dir=&quot;RTL&quot;&gt;&lt;span style=&quot;font-size: medium;&quot;&gt;إستعراض وتعديل السيارات الخاصة بك.&lt;/span&gt;&lt;/p&gt;\n&lt;p dir=&quot;RTL&quot;&gt;&lt;span style=&quot;font-size: medium;&quot;&gt;إضافة دراجة نارية للبيع.&lt;/span&gt;&lt;/p&gt;\n&lt;p dir=&quot;RTL&quot;&gt;&lt;span style=&quot;font-size: medium;&quot;&gt;طلب دراجة نارية للشراء.&lt;/span&gt;&lt;/p&gt;\n&lt;p dir=&quot;RTL&quot;&gt;&lt;span style=&quot;font-size: medium;&quot;&gt;إستعراض وتعديل الدراجات النارية الخاصة بك.&lt;/span&gt;&lt;/p&gt;\n&lt;p dir=&quot;RTL&quot;&gt;&lt;span style=&quot;font-size: medium;&quot;&gt; &lt;/span&gt;&lt;/p&gt;\n&lt;p dir=&quot;RTL&quot;&gt;&lt;span style=&quot;font-size: medium;&quot;&gt;ونوفر لك من خلال هذه الرسالة أيضاً روابط سريعة لأهم الصفحات في الموقع:&lt;/span&gt;&lt;/p&gt;\n&lt;p dir=&quot;RTL&quot;&gt;&lt;span style=&quot;font-size: medium;&quot;&gt;لتغيير كلمة السر الخاصة بك، إضغط هنا.&lt;/span&gt;&lt;/p&gt;\n&lt;p dir=&quot;RTL&quot;&gt;&lt;span style=&quot;font-size: medium;&quot;&gt;لإضافة سيارة، إضغط هنا.&lt;/span&gt;&lt;/p&gt;\n&lt;p dir=&quot;RTL&quot;&gt;&lt;span style=&quot;font-size: medium;&quot;&gt;لإضافة دراجة نارية إضغط هنا.&lt;/span&gt;&lt;/p&gt;\n&lt;p dir=&quot;RTL&quot;&gt;&lt;span style=&quot;font-size: medium;&quot;&gt;لطلب مركبة للشراء، إضغط هنا.&lt;/span&gt;&lt;/p&gt;\n&lt;p dir=&quot;RTL&quot;&gt;&lt;span style=&quot;font-size: medium;&quot;&gt; &lt;/span&gt;&lt;/p&gt;\n&lt;p dir=&quot;RTL&quot;&gt;&lt;span style=&quot;font-size: medium;&quot;&gt;إذا كنت مهتماً في الإعلان عن مؤسستك، شركتك أو نشاطك التجاري في أكبر بوابة سيارات وأكثرها إنتشاراً في مملكة البحرين يرجى التواصل معنا لتوفير خطط الإعلان للجهات الرسمية.&lt;/span&gt;&lt;/p&gt;\n&lt;p dir=&quot;RTL&quot;&gt;&lt;span style=&quot;font-size: medium;&quot;&gt;أما إن كنت تاجر سيارات وترغب في الحصول على برنامج (معرض السيارات الإلكتروني) لمنشئتك الرسمية، فيرجى التواصل معنا للحصول على جميع المعلومات التي تخص برنامج (معرض السيارات الإلكتروني)، للتواصل معنا إضغط هنا.&lt;/span&gt;&lt;/p&gt;\n&lt;p dir=&quot;RTL&quot;&gt;&lt;span style=&quot;font-size: medium;&quot;&gt; &lt;/span&gt;&lt;/p&gt;\n&lt;p dir=&quot;RTL&quot;&gt;&lt;span style=&quot;font-size: medium;&quot;&gt;نحن في موتورز سوق نتمنى لك وقتاً مفيداً معنا.&lt;/span&gt;&lt;/p&gt;\n&lt;p dir=&quot;RTL&quot;&gt;&lt;span style=&quot;font-size: medium;&quot;&gt; &lt;/span&gt;&lt;/p&gt;\n&lt;p dir=&quot;RTL&quot;&gt;&lt;span style=&quot;font-size: medium;&quot;&gt;مع تمنياتنا لك بدوام التوفيق والنجاح،&lt;/span&gt;&lt;/p&gt;\n&lt;p dir=&quot;RTL&quot;&gt;&lt;span style=&quot;font-size: medium;&quot;&gt; &lt;/span&gt;&lt;/p&gt;\n&lt;p dir=&quot;RTL&quot;&gt;&lt;span style=&quot;font-size: medium;&quot;&gt;فريق عمل بوابة موتورز سوق.&lt;/span&gt;&lt;/p&gt;', 'DE', 23),
('تم تأكيد طلبك للحصول على السيارة', '&lt;p style=&quot;text-align: right;&quot; dir=&quot;RTL&quot;&gt;عزيزي __AccountModel::name__،&lt;/p&gt;\n&lt;p style=&quot;text-align: right;&quot; dir=&quot;RTL&quot;&gt; &lt;/p&gt;\n&lt;p style=&quot;text-align: right;&quot; dir=&quot;RTL&quot;&gt;هذه الرسالة تؤكد أن عملية إضافة طلبك للحصول على سيارة للشراء من خلال موقع موتورز سوق قد تمت بنجاح وتم إستعراض طلب في صفحة (عروض طلب الشراء) في الموقع.&lt;/p&gt;\n&lt;p style=&quot;text-align: right;&quot; dir=&quot;RTL&quot;&gt; &lt;/p&gt;\n&lt;p style=&quot;text-align: right;&quot; dir=&quot;RTL&quot;&gt;يمكنك إستعراض طلبك في قسم (عروض طلب الشراء) &lt;a title=&quot;صفحة إٍستعراض طلبات الشراء&quot; href=&quot;http://www.motorssouq.com/index.php?module=vehiclerequest&amp;amp;page=list&quot; target=&quot;_blank&quot;&gt;بالضغط هنا.&lt;/a&gt;&lt;/p&gt;\n&lt;p style=&quot;text-align: right;&quot; dir=&quot;RTL&quot;&gt; &lt;/p&gt;\n&lt;p style=&quot;text-align: right;&quot; dir=&quot;RTL&quot;&gt;موتورز سوق سيضمن أن طلبك سيتم نشره من خلال الوسائل التالية:&lt;/p&gt;\n&lt;p style=&quot;text-align: right;&quot; dir=&quot;RTL&quot;&gt; &lt;/p&gt;\n&lt;ul dir=&quot;rtl&quot;&gt;\n&lt;li&gt;رسالة إلكترونية لجميع أصحاب السيارات من نفس الصنف.&lt;/li&gt;\n&lt;li&gt;رسالة إلكترونية لجميع تجار السيارات.&lt;/li&gt;\n&lt;li&gt;نشر طلبك في صفحتنا على الفيسبوك، &lt;a title=&quot;صفحة موتورز سوق في الفيسبوك&quot; href=&quot;http://www.facebook.com/motorssouq&quot; target=&quot;_blank&quot;&gt;إضغط هنا.&lt;/a&gt;&lt;/li&gt;\n&lt;li&gt;نشر طلبك في صفحتنا على التويتر، &lt;a title=&quot;حساب موتورز سوق في التويتر&quot; href=&quot;http://www.twitter.com/motorssouqcom&quot; target=&quot;_blank&quot;&gt;إضغط هنا.&lt;/a&gt;&lt;/li&gt;\n&lt;li&gt;نشر طلبك في صفحتنا بجوجل بلس، &lt;a title=&quot;صفحة موتورز سوق في الجوجل بلس&quot; href=&quot;https://plus.google.com/u/0/b/108310754955554832022/108310754955554832022/posts&quot; target=&quot;_blank&quot;&gt;إضغط هنا.&lt;/a&gt;&lt;/li&gt;\n&lt;li&gt;رسالة بلاك بيري لأكثر من 1000 مشترك.&lt;/li&gt;\n&lt;/ul&gt;\n&lt;p style=&quot;text-align: right;&quot; dir=&quot;RTL&quot;&gt; &lt;/p&gt;\n&lt;p style=&quot;text-align: right;&quot; dir=&quot;RTL&quot;&gt;لذا توقع أن تستلم إتصال من مالك سيارة يتمنى أن يبيعها لك.&lt;/p&gt;\n&lt;p style=&quot;text-align: right;&quot; dir=&quot;RTL&quot;&gt; &lt;/p&gt;\n&lt;p style=&quot;text-align: right;&quot; dir=&quot;RTL&quot;&gt;مع خالص التحية والتقدير،&lt;/p&gt;\n&lt;p style=&quot;text-align: right;&quot; dir=&quot;RTL&quot;&gt;فريق عمل موتورز سوق&lt;/p&gt;', 'AR', 24),
('Request Car Confirmation', '&lt;p&gt;&lt;span style=&quot;font-size: medium;&quot;&gt;Dear __RequestModel::name__ ,&lt;/span&gt;&lt;/p&gt;\n&lt;p&gt;&lt;span style=&quot;font-size: medium;&quot;&gt; &lt;/span&gt;&lt;/p&gt;\n&lt;p&gt;&lt;span style=&quot;font-size: medium;&quot;&gt;this email is to confirm that your submission to request a car via &lt;a href=&quot;http://www.motorssouq.com/&quot;&gt;www&lt;/a&gt;&lt;a href=&quot;http://www.motorssouq.com/&quot;&gt;.&lt;/a&gt;&lt;a href=&quot;http://www.motorssouq.com/&quot;&gt;motorssouq&lt;/a&gt;&lt;a href=&quot;http://www.motorssouq.com/&quot;&gt;.&lt;/a&gt;&lt;a href=&quot;http://www.motorssouq.com/&quot;&gt;com&lt;/a&gt; has been published successfully.&lt;/span&gt;&lt;/p&gt;\n&lt;p&gt;&lt;span style=&quot;font-size: medium;&quot;&gt; &lt;/span&gt;&lt;/p&gt;\n&lt;p&gt;&lt;span style=&quot;font-size: medium;&quot;&gt;You can check your request in (motors wanted) page by &lt;a title=&quot;show all Motors request&quot; href=&quot;http://www.motorssouq.com/index.php?module=vehiclerequest&amp;amp;page=list&quot; target=&quot;_blank&quot;&gt;clicking here.&lt;/a&gt;&lt;/span&gt;&lt;/p&gt;\n&lt;p&gt;&lt;span style=&quot;font-size: medium;&quot;&gt; &lt;/span&gt;&lt;/p&gt;\n&lt;p&gt;&lt;span style=&quot;font-size: medium;&quot;&gt;We at Motors Souq will ensure that your request we be published via the following methods:&lt;/span&gt;&lt;/p&gt;\n&lt;ul&gt;\n&lt;li&gt;&lt;span style=&quot;font-size: medium;&quot;&gt;emails to car owners of same make.&lt;/span&gt;&lt;/li&gt;\n&lt;li&gt;&lt;span style=&quot;font-size: medium;&quot;&gt;Email to car dealers.&lt;/span&gt;&lt;/li&gt;\n&lt;li&gt;&lt;span style=&quot;font-size: medium;&quot;&gt;on our facebook page, &lt;a title=&quot;motors souq facebook fan page&quot; href=&quot;http://www.facebook.com/motorssouq&quot; target=&quot;_blank&quot;&gt;click here&lt;/a&gt;.&lt;/span&gt;&lt;/li&gt;\n&lt;li&gt;&lt;span style=&quot;font-size: medium;&quot;&gt;On our twitter account, &lt;a title=&quot;motorssouq.com twitter account&quot; href=&quot;http://www.twitter.com/motorssouqcom&quot; target=&quot;_blank&quot;&gt;click here&lt;/a&gt;.&lt;/span&gt;&lt;/li&gt;\n&lt;li&gt;&lt;span style=&quot;font-size: medium;&quot;&gt;On our G+ page, &lt;a title=&quot;motor souq in google plus&quot; href=&quot;https://plus.google.com/u/0/b/108310754955554832022/108310754955554832022/posts&quot; target=&quot;_blank&quot;&gt;click here.&lt;/a&gt;&lt;/span&gt;&lt;/li&gt;\n&lt;li&gt;&lt;span style=&quot;font-size: medium;&quot;&gt;BBM to over 1000 subscriber.&lt;/span&gt;&lt;/li&gt;\n&lt;/ul&gt;\n&lt;p&gt;&lt;span style=&quot;font-size: medium;&quot;&gt; &lt;/span&gt;&lt;/p&gt;\n&lt;p&gt;&lt;span style=&quot;font-size: medium;&quot;&gt;So expect a call from a car owner who wishes to sell his car to you...&lt;/span&gt;&lt;/p&gt;\n&lt;p&gt;&lt;span style=&quot;font-size: medium;&quot;&gt;  &lt;/span&gt;&lt;/p&gt;\n&lt;p&gt;&lt;span style=&quot;font-size: medium;&quot;&gt;Best Regards,&lt;/span&gt;&lt;/p&gt;\n&lt;p&gt;&lt;span style=&quot;font-size: medium;&quot;&gt;Motors Souq Team&lt;/span&gt;&lt;/p&gt;', 'EN', 24),
('Request Car Confirmation', '&lt;p&gt;&lt;span style=&quot;font-size: medium;&quot;&gt;Dear #name#,&lt;/span&gt;&lt;/p&gt;\n&lt;p&gt;&lt;span style=&quot;font-size: medium;&quot;&gt; &lt;/span&gt;&lt;/p&gt;\n&lt;p&gt;&lt;span style=&quot;font-size: medium;&quot;&gt;this email is to confirm that your submission to request a car via &lt;a href=&quot;http://www.motorssouq.com/&quot;&gt;www&lt;/a&gt;&lt;a href=&quot;http://www.motorssouq.com/&quot;&gt;.&lt;/a&gt;&lt;a href=&quot;http://www.motorssouq.com/&quot;&gt;motorssouq&lt;/a&gt;&lt;a href=&quot;http://www.motorssouq.com/&quot;&gt;.&lt;/a&gt;&lt;a href=&quot;http://www.motorssouq.com/&quot;&gt;com&lt;/a&gt; has been published successfully.&lt;/span&gt;&lt;/p&gt;\n&lt;p&gt;&lt;span style=&quot;font-size: medium;&quot;&gt; &lt;/span&gt;&lt;/p&gt;\n&lt;p&gt;&lt;span style=&quot;font-size: medium;&quot;&gt;You can check your request in (motors wanted) page by clicking here.&lt;/span&gt;&lt;/p&gt;\n&lt;p&gt;&lt;span style=&quot;font-size: medium;&quot;&gt; &lt;/span&gt;&lt;/p&gt;\n&lt;p&gt;&lt;span style=&quot;font-size: medium;&quot;&gt;We at Motors Souq will ensure that your request we be published via the following methods:&lt;/span&gt;&lt;/p&gt;\n&lt;ul&gt;\n&lt;li&gt;&lt;span style=&quot;font-size: medium;&quot;&gt;emails to car owners of same make.&lt;/span&gt;&lt;/li&gt;\n&lt;li&gt;&lt;span style=&quot;font-size: medium;&quot;&gt;Email to car dealers.&lt;/span&gt;&lt;/li&gt;\n&lt;li&gt;&lt;span style=&quot;font-size: medium;&quot;&gt;on our facebook page, click here.&lt;/span&gt;&lt;/li&gt;\n&lt;li&gt;&lt;span style=&quot;font-size: medium;&quot;&gt;On our twitter account, click here.&lt;/span&gt;&lt;/li&gt;\n&lt;li&gt;&lt;span style=&quot;font-size: medium;&quot;&gt;On our G+ page, click here.&lt;/span&gt;&lt;/li&gt;\n&lt;li&gt;&lt;span style=&quot;font-size: medium;&quot;&gt;BBM to over 1000 subscriber.&lt;/span&gt;&lt;/li&gt;\n&lt;/ul&gt;\n&lt;p&gt;&lt;span style=&quot;font-size: medium;&quot;&gt; &lt;/span&gt;&lt;/p&gt;\n&lt;p&gt;&lt;span style=&quot;font-size: medium;&quot;&gt;So expect a call from a car owner who wishes to sell his car to you...&lt;/span&gt;&lt;/p&gt;\n&lt;p&gt;&lt;span style=&quot;font-size: medium;&quot;&gt;  &lt;/span&gt;&lt;/p&gt;\n&lt;p&gt;&lt;span style=&quot;font-size: medium;&quot;&gt;Best Regards,&lt;/span&gt;&lt;/p&gt;\n&lt;p&gt;&lt;span style=&quot;font-size: medium;&quot;&gt;Motors Souq Team&lt;/span&gt;&lt;/p&gt;', 'DE', 24),
('تاكيد تسجيل طلب سيارة', '&lt;p style=&quot;text-align: right;&quot; dir=&quot;RTL&quot;&gt;عزيزي #name#،&lt;/p&gt;\n&lt;p style=&quot;text-align: right;&quot; dir=&quot;RTL&quot;&gt; &lt;/p&gt;\n&lt;p style=&quot;text-align: right;&quot; dir=&quot;RTL&quot;&gt;هذه الرسالة تؤكد أن عملية إضافة طلبك للحصول على سيارة للشراء من خلال موقع موتورز سوق قد تمت بنجاح وتم إستعراض طلب في صفحة (عروض طلب الشراء) في الموقع.&lt;/p&gt;\n&lt;p style=&quot;text-align: right;&quot; dir=&quot;RTL&quot;&gt; &lt;/p&gt;\n&lt;p style=&quot;text-align: right;&quot; dir=&quot;RTL&quot;&gt;يمكنك إستعراض طلبك في قسم (عروض طلب الشراء) &lt;a title=&quot;صفحة إستعراض طلبات السيارات&quot; href=&quot;http://www.motorssouq.com/index.php?module=vehiclerequest&amp;amp;page=list&quot; target=&quot;_blank&quot;&gt;بالضغط هنا&lt;/a&gt;.&lt;/p&gt;\n&lt;p style=&quot;text-align: right;&quot; dir=&quot;RTL&quot;&gt; &lt;/p&gt;\n&lt;p style=&quot;text-align: right;&quot; dir=&quot;RTL&quot;&gt;موتورز سوق سيضمن أن طلبك سيتم نشره من خلال الوسائل التالية:&lt;/p&gt;\n&lt;p style=&quot;text-align: right;&quot; dir=&quot;RTL&quot;&gt; &lt;/p&gt;\n&lt;ul dir=&quot;rtl&quot;&gt;\n&lt;li&gt;رسالة إلكترونية لجميع أصحاب السيارات من نفس الصنف.&lt;/li&gt;\n&lt;li&gt;رسالة إلكترونية لجميع تجار السيارات.&lt;/li&gt;\n&lt;li&gt;نشر طلبك في صفحتنا على الفيسبوك، إضغط هنا.&lt;/li&gt;\n&lt;li&gt;نشر طلبك في صفحتنا على التويتر، إضغط هنا.&lt;/li&gt;\n&lt;li&gt;نشر طلبك في صفحتنا بجوجل بلس، إضغط هنا.&lt;/li&gt;\n&lt;li&gt;رسالة بلاك بيري لأكثر من 1000 مشترك.&lt;/li&gt;\n&lt;/ul&gt;\n&lt;p style=&quot;text-align: right;&quot; dir=&quot;RTL&quot;&gt; &lt;/p&gt;\n&lt;p style=&quot;text-align: right;&quot; dir=&quot;RTL&quot;&gt;لذا توقع أن تستلم إتصال من مالك سيارة يتمنى أن يبيعها لك.&lt;/p&gt;\n&lt;p style=&quot;text-align: right;&quot; dir=&quot;RTL&quot;&gt; &lt;/p&gt;\n&lt;p style=&quot;text-align: right;&quot; dir=&quot;RTL&quot;&gt;مع خالص التحية والتقدير،&lt;/p&gt;\n&lt;p style=&quot;text-align: right;&quot; dir=&quot;RTL&quot;&gt;فريق عمل موتورز سوق&lt;/p&gt;', 'AR', 25),
('تاكيد تسجيل طلب سيارة', '&lt;p style=&quot;text-align: right;&quot; dir=&quot;RTL&quot;&gt;عزيزي #name#،&lt;/p&gt;\n&lt;p style=&quot;text-align: right;&quot; dir=&quot;RTL&quot;&gt; &lt;/p&gt;\n&lt;p style=&quot;text-align: right;&quot; dir=&quot;RTL&quot;&gt;هذه الرسالة تؤكد أن عملية إضافة طلبك للحصول على سيارة للشراء من خلال موقع موتورز سوق قد تمت بنجاح وتم إستعراض طلب في صفحة (عروض طلب الشراء) في الموقع.&lt;/p&gt;\n&lt;p style=&quot;text-align: right;&quot; dir=&quot;RTL&quot;&gt; &lt;/p&gt;\n&lt;p style=&quot;text-align: right;&quot; dir=&quot;RTL&quot;&gt;يمكنك إستعراض طلبك في قسم (عروض طلب الشراء) بالضغط هنا. &amp;lt;رمز تعرفة الإعلان&amp;gt;&lt;/p&gt;\n&lt;p style=&quot;text-align: right;&quot; dir=&quot;RTL&quot;&gt; &lt;/p&gt;\n&lt;p style=&quot;text-align: right;&quot; dir=&quot;RTL&quot;&gt;موتورز سوق سيضمن أن طلبك سيتم نشره من خلال الوسائل التالية:&lt;/p&gt;\n&lt;p style=&quot;text-align: right;&quot; dir=&quot;RTL&quot;&gt; &lt;/p&gt;\n&lt;ul style=&quot;text-align: right;&quot;&gt;\n&lt;li&gt;رسالة إلكترونية لجميع أصحاب السيارات من نفس الصنف.&lt;/li&gt;\n&lt;li&gt;رسالة إلكترونية لجميع تجار السيارات.&lt;/li&gt;\n&lt;li&gt;نشر طلبك في صفحتنا على الفيسبوك، إضغط هنا.&lt;/li&gt;\n&lt;li&gt;نشر طلبك في صفحتنا على التويتر، إضغط هنا.&lt;/li&gt;\n&lt;li&gt;نشر طلبك في صفحتنا بجوجل بلس، إضغط هنا.&lt;/li&gt;\n&lt;li&gt;رسالة بلاك بيري لأكثر من 1000 مشترك.&lt;/li&gt;\n&lt;/ul&gt;\n&lt;p style=&quot;text-align: right;&quot; dir=&quot;RTL&quot;&gt; &lt;/p&gt;\n&lt;p style=&quot;text-align: right;&quot; dir=&quot;RTL&quot;&gt;لذا توقع أن تستلم إتصال من مالك سيارة يتمنى أن يبيعها لك.&lt;/p&gt;\n&lt;p style=&quot;text-align: right;&quot; dir=&quot;RTL&quot;&gt; &lt;/p&gt;\n&lt;p style=&quot;text-align: right;&quot; dir=&quot;RTL&quot;&gt;مع خالص التحية والتقدير،&lt;/p&gt;\n&lt;p style=&quot;text-align: right;&quot; dir=&quot;RTL&quot;&gt;فريق عمل موتورز سوق&lt;/p&gt;', 'EN', 25),
('تاكيد تسجيل طلب سيارة', '&lt;p style=&quot;text-align: right;&quot; dir=&quot;RTL&quot;&gt;عزيزي #name#،&lt;/p&gt;\n&lt;p style=&quot;text-align: right;&quot; dir=&quot;RTL&quot;&gt; &lt;/p&gt;\n&lt;p style=&quot;text-align: right;&quot; dir=&quot;RTL&quot;&gt;هذه الرسالة تؤكد أن عملية إضافة طلبك للحصول على سيارة للشراء من خلال موقع موتورز سوق قد تمت بنجاح وتم إستعراض طلب في صفحة (عروض طلب الشراء) في الموقع.&lt;/p&gt;\n&lt;p style=&quot;text-align: right;&quot; dir=&quot;RTL&quot;&gt; &lt;/p&gt;\n&lt;p style=&quot;text-align: right;&quot; dir=&quot;RTL&quot;&gt;يمكنك إستعراض طلبك في قسم (عروض طلب الشراء) بالضغط هنا. &amp;lt;رمز تعرفة الإعلان&amp;gt;&lt;/p&gt;\n&lt;p style=&quot;text-align: right;&quot; dir=&quot;RTL&quot;&gt; &lt;/p&gt;\n&lt;p style=&quot;text-align: right;&quot; dir=&quot;RTL&quot;&gt;موتورز سوق سيضمن أن طلبك سيتم نشره من خلال الوسائل التالية:&lt;/p&gt;\n&lt;p style=&quot;text-align: right;&quot; dir=&quot;RTL&quot;&gt; &lt;/p&gt;\n&lt;ul style=&quot;text-align: right;&quot;&gt;\n&lt;li&gt;رسالة إلكترونية لجميع أصحاب السيارات من نفس الصنف.&lt;/li&gt;\n&lt;li&gt;رسالة إلكترونية لجميع تجار السيارات.&lt;/li&gt;\n&lt;li&gt;نشر طلبك في صفحتنا على الفيسبوك، إضغط هنا.&lt;/li&gt;\n&lt;li&gt;نشر طلبك في صفحتنا على التويتر، إضغط هنا.&lt;/li&gt;\n&lt;li&gt;نشر طلبك في صفحتنا بجوجل بلس، إضغط هنا.&lt;/li&gt;\n&lt;li&gt;رسالة بلاك بيري لأكثر من 1000 مشترك.&lt;/li&gt;\n&lt;/ul&gt;\n&lt;p style=&quot;text-align: right;&quot; dir=&quot;RTL&quot;&gt; &lt;/p&gt;\n&lt;p style=&quot;text-align: right;&quot; dir=&quot;RTL&quot;&gt;لذا توقع أن تستلم إتصال من مالك سيارة يتمنى أن يبيعها لك.&lt;/p&gt;\n&lt;p style=&quot;text-align: right;&quot; dir=&quot;RTL&quot;&gt; &lt;/p&gt;\n&lt;p style=&quot;text-align: right;&quot; dir=&quot;RTL&quot;&gt;مع خالص التحية والتقدير،&lt;/p&gt;\n&lt;p style=&quot;text-align: right;&quot; dir=&quot;RTL&quot;&gt;فريق عمل موتورز سوق&lt;/p&gt;', 'DE', 25);
INSERT INTO `email_template_lang` (`subject`, `content`, `lang`, `email_template_id`) VALUES
('كلمة مرور جديدة في موتورز سوق', '&lt;p dir=&quot;RTL&quot;&gt;عزيزنا  __AccountModel::name__ ،&lt;/p&gt;\n&lt;p dir=&quot;RTL&quot;&gt;لقد وصلنا طلبك لإسترجاع كلمة السر الخاصة بحسابكم في موتورز سوق والمرتبط بعنوان بريدكم الإلكتروني هذا، وبالتالي فإننا نود توفير معلومات الدخول الجديدة لكم:&lt;/p&gt;\n&lt;p dir=&quot;RTL&quot;&gt;اسم المستخدم: __AccountModel::email1__&lt;/p&gt;\n&lt;p dir=&quot;RTL&quot;&gt;كلمة السر: __PLAIN_PASSWORD__&lt;/p&gt;\n&lt;p dir=&quot;RTL&quot;&gt; &lt;/p&gt;\n&lt;p dir=&quot;RTL&quot;&gt;للدخول إلى حسابكم يرجى الضغط على الرابط التالي:&lt;/p&gt;\n&lt;p dir=&quot;RTL&quot;&gt;&lt;a href=&quot;http://www.motorssouq.com/index.php?module=crm&amp;amp;page=login&quot;&gt;http://www.motorssouq.com/index.php?module=crm&amp;amp;page=login&lt;/a&gt;&lt;/p&gt;\n&lt;p dir=&quot;RTL&quot;&gt; &lt;/p&gt;\n&lt;p dir=&quot;RTL&quot;&gt;نتمنى لكم إستخدام ممتع ومفيد في موتورز سوق&lt;/p&gt;\n&lt;p dir=&quot;RTL&quot;&gt; &lt;/p&gt;\n&lt;p dir=&quot;RTL&quot;&gt;فريق عمل موقع موتورز سوق الإلكتروني.&lt;/p&gt;', 'AR', 26),
('Your new Passowrd on Motors Souq', '&lt;p&gt;Dear __AccountModel::name__,&lt;/p&gt;\n&lt;p&gt;we receive your request to reset your account password in &lt;a href=&quot;http://www.motorssouq.com/&quot;&gt;www&lt;/a&gt;&lt;a href=&quot;http://www.motorssouq.com/&quot;&gt;.&lt;/a&gt;&lt;a href=&quot;http://www.motorssouq.com/&quot;&gt;motorssouq&lt;/a&gt;&lt;a href=&quot;http://www.motorssouq.com/&quot;&gt;.&lt;/a&gt;&lt;a href=&quot;http://www.motorssouq.com/&quot;&gt;com&lt;/a&gt; which is associated with this email address.&lt;/p&gt;\n&lt;p&gt;And therefore we would like to provide you with your new login information’s.&lt;/p&gt;\n&lt;p&gt;User name: __AccountModel::email1__&lt;/p&gt;\n&lt;p&gt;password: __PLAIN_PASSWORD__ &lt;/p&gt;\n&lt;p&gt; &lt;/p&gt;\n&lt;p&gt;To login to your account now please click the link below:&lt;/p&gt;\n&lt;p&gt;&lt;a href=&quot;http://www.motorssouq.com/index.php?module=crm&amp;amp;page=login&quot;&gt;http://www.motorssouq.com/index.php?module=crm&amp;amp;page=login&lt;/a&gt;&lt;/p&gt;\n&lt;p&gt; &lt;/p&gt;\n&lt;p&gt;Wish you a pleasant and useful use of &lt;a href=&quot;http://www.motorssouq.com/&quot;&gt;www&lt;/a&gt;&lt;a href=&quot;http://www.motorssouq.com/&quot;&gt;.&lt;/a&gt;&lt;a href=&quot;http://www.motorssouq.com/&quot;&gt;motorssouq&lt;/a&gt;&lt;a href=&quot;http://www.motorssouq.com/&quot;&gt;.&lt;/a&gt;&lt;a href=&quot;http://www.motorssouq.com/&quot;&gt;com&lt;/a&gt;&lt;/p&gt;\n&lt;p&gt; &lt;/p&gt;\n&lt;p&gt;Motors Souq team&lt;/p&gt;', 'EN', 26),
('Your new Passowrd on Motors Souq', '&lt;p&gt;“Dear user,&lt;/p&gt;\n&lt;p&gt;we receive your request to reset your account password in&lt;a href=&quot;http://www.motorssouq.com/&quot;&gt;www&lt;/a&gt;&lt;a href=&quot;http://www.motorssouq.com/&quot;&gt;.&lt;/a&gt;&lt;a href=&quot;http://www.motorssouq.com/&quot;&gt;motorssouq&lt;/a&gt;&lt;a href=&quot;http://www.motorssouq.com/&quot;&gt;.&lt;/a&gt;&lt;a href=&quot;http://www.motorssouq.com/&quot;&gt;com&lt;/a&gt; which is associated with this email address.&lt;/p&gt;\n&lt;p&gt;And therefore we would like to provide you with your new login information’s.&lt;/p&gt;\n&lt;p&gt;User name: #USERNAME#&lt;/p&gt;\n&lt;p&gt;password: #PASSWORD#&lt;/p&gt;\n&lt;p&gt; &lt;/p&gt;\n&lt;p&gt;to login to your account now please click the link below:&lt;/p&gt;\n&lt;p&gt;&lt;a href=&quot;http://www.motorssouq.com/index.php?module=users&amp;amp;page=login&quot;&gt;http&lt;/a&gt;&lt;a href=&quot;http://www.motorssouq.com/index.php?module=users&amp;amp;page=login&quot;&gt;://&lt;/a&gt;&lt;a href=&quot;http://www.motorssouq.com/index.php?module=users&amp;amp;page=login&quot;&gt;www&lt;/a&gt;&lt;a href=&quot;http://www.motorssouq.com/index.php?module=users&amp;amp;page=login&quot;&gt;.&lt;/a&gt;&lt;a href=&quot;http://www.motorssouq.com/index.php?module=users&amp;amp;page=login&quot;&gt;motorssouq&lt;/a&gt;&lt;a href=&quot;http://www.motorssouq.com/index.php?module=users&amp;amp;page=login&quot;&gt;.&lt;/a&gt;&lt;a href=&quot;http://www.motorssouq.com/index.php?module=users&amp;amp;page=login&quot;&gt;com&lt;/a&gt;&lt;a href=&quot;http://www.motorssouq.com/index.php?module=users&amp;amp;page=login&quot;&gt;/&lt;/a&gt;&lt;a href=&quot;http://www.motorssouq.com/index.php?module=users&amp;amp;page=login&quot;&gt;index&lt;/a&gt;&lt;a href=&quot;http://www.motorssouq.com/index.php?module=users&amp;amp;page=login&quot;&gt;.&lt;/a&gt;&lt;a href=&quot;http://www.motorssouq.com/index.php?module=users&amp;amp;page=login&quot;&gt;php&lt;/a&gt;&lt;a href=&quot;http://www.motorssouq.com/index.php?module=users&amp;amp;page=login&quot;&gt;?&lt;/a&gt;&lt;a href=&quot;http://www.motorssouq.com/index.php?module=users&amp;amp;page=login&quot;&gt;module&lt;/a&gt;&lt;a href=&quot;http://www.motorssouq.com/index.php?module=users&amp;amp;page=login&quot;&gt;=&lt;/a&gt;&lt;a href=&quot;http://www.motorssouq.com/index.php?module=users&amp;amp;page=login&quot;&gt;c&lt;/a&gt;rm&lt;a href=&quot;http://www.motorssouq.com/index.php?module=users&amp;amp;page=login&quot;&gt;&amp;amp;&lt;/a&gt;&lt;a href=&quot;http://www.motorssouq.com/index.php?module=users&amp;amp;page=login&quot;&gt;page&lt;/a&gt;&lt;a href=&quot;http://www.motorssouq.com/index.php?module=users&amp;amp;page=login&quot;&gt;=&lt;/a&gt;&lt;a href=&quot;http://www.motorssouq.com/index.php?module=users&amp;amp;page=login&quot;&gt;login&lt;/a&gt;&lt;/p&gt;\n&lt;p&gt;&lt;span style=&quot;text-decoration: underline;&quot;&gt; &lt;/span&gt;&lt;/p&gt;\n&lt;p&gt;Wish you a pleasant and useful use of&lt;a href=&quot;http://www.motorssouq.com/&quot;&gt;www&lt;/a&gt;&lt;a href=&quot;http://www.motorssouq.com/&quot;&gt;.&lt;/a&gt;&lt;a href=&quot;http://www.motorssouq.com/&quot;&gt;motorssouq&lt;/a&gt;&lt;a href=&quot;http://www.motorssouq.com/&quot;&gt;.&lt;/a&gt;&lt;a href=&quot;http://www.motorssouq.com/&quot;&gt;com&lt;/a&gt;&lt;/p&gt;\n&lt;p&gt;&lt;span style=&quot;text-decoration: underline;&quot;&gt; &lt;/span&gt;&lt;/p&gt;\n&lt;p&gt;Motors Souq team&lt;/p&gt;', 'DE', 26),
('كلمة مرور جديدة ل موتورز سوق', '&lt;p dir=&quot;RTL&quot;&gt;عزيزنا المستخدم،&lt;/p&gt;\n&lt;p dir=&quot;RTL&quot;&gt;لقد وصلنا طلبك لإسترجاع كلمة السر الخاصة بحسابكم في موتورز سوق والمرتبط بعنوان بريدكم الإلكتروني هذا، وبالتالي فإننا نود توفير معلومات الدخول الجديدة لكم:&lt;/p&gt;\n&lt;p dir=&quot;RTL&quot;&gt;اسم المستخدم: #USERNAME#&lt;/p&gt;\n&lt;p dir=&quot;RTL&quot;&gt;كلمة السر: #PASSWORD#&lt;/p&gt;\n&lt;p dir=&quot;RTL&quot;&gt; &lt;/p&gt;\n&lt;p dir=&quot;RTL&quot;&gt;للدخول إلى حسابكم يرجى الضغط على الرابط التالي:&lt;/p&gt;\n&lt;p dir=&quot;RTL&quot;&gt;&lt;a href=&quot;http://www.motorssouq.com/index.php?module=users&amp;amp;page=login&quot;&gt;http&lt;/a&gt;&lt;a href=&quot;http://www.motorssouq.com/index.php?module=users&amp;amp;page=login&quot;&gt;://&lt;/a&gt;&lt;a href=&quot;http://www.motorssouq.com/index.php?module=users&amp;amp;page=login&quot;&gt;www&lt;/a&gt;&lt;a href=&quot;http://www.motorssouq.com/index.php?module=users&amp;amp;page=login&quot;&gt;.&lt;/a&gt;&lt;a href=&quot;http://www.motorssouq.com/index.php?module=users&amp;amp;page=login&quot;&gt;motorssouq&lt;/a&gt;&lt;a href=&quot;http://www.motorssouq.com/index.php?module=users&amp;amp;page=login&quot;&gt;.&lt;/a&gt;&lt;a href=&quot;http://www.motorssouq.com/index.php?module=users&amp;amp;page=login&quot;&gt;com&lt;/a&gt;&lt;a href=&quot;http://www.motorssouq.com/index.php?module=users&amp;amp;page=login&quot;&gt;/&lt;/a&gt;&lt;a href=&quot;http://www.motorssouq.com/index.php?module=users&amp;amp;page=login&quot;&gt;index&lt;/a&gt;&lt;a href=&quot;http://www.motorssouq.com/index.php?module=users&amp;amp;page=login&quot;&gt;.&lt;/a&gt;&lt;a href=&quot;http://www.motorssouq.com/index.php?module=users&amp;amp;page=login&quot;&gt;php&lt;/a&gt;&lt;a href=&quot;http://www.motorssouq.com/index.php?module=users&amp;amp;page=login&quot;&gt;?&lt;/a&gt;&lt;a href=&quot;http://www.motorssouq.com/index.php?module=users&amp;amp;page=login&quot;&gt;module&lt;/a&gt;&lt;a href=&quot;http://www.motorssouq.com/index.php?module=users&amp;amp;page=login&quot;&gt;=&lt;/a&gt;&lt;a href=&quot;http://www.motorssouq.com/index.php?module=users&amp;amp;page=login&quot;&gt;c&lt;/a&gt;rm&lt;a href=&quot;http://www.motorssouq.com/index.php?module=users&amp;amp;page=login&quot;&gt;&amp;amp;&lt;/a&gt;&lt;a href=&quot;http://www.motorssouq.com/index.php?module=users&amp;amp;page=login&quot;&gt;page&lt;/a&gt;&lt;a href=&quot;http://www.motorssouq.com/index.php?module=users&amp;amp;page=login&quot;&gt;=&lt;/a&gt;&lt;a href=&quot;http://www.motorssouq.com/index.php?module=users&amp;amp;page=login&quot;&gt;login&lt;/a&gt;&lt;/p&gt;\n&lt;p dir=&quot;RTL&quot;&gt; &lt;/p&gt;\n&lt;p dir=&quot;RTL&quot;&gt;نتمنى لكم إستخدام ممتع ومفيد في موتورز سوق&lt;/p&gt;\n&lt;p dir=&quot;RTL&quot;&gt; &lt;/p&gt;\n&lt;p dir=&quot;RTL&quot;&gt;فريق عمل موقع موتورز سوق الإلكتروني.&lt;/p&gt;', 'AR', 27),
('كلمة مرور جديدة ل موتورز سوق', '&lt;p dir=&quot;RTL&quot;&gt;عزيزنا المستخدم،&lt;/p&gt;\n&lt;p dir=&quot;RTL&quot;&gt;لقد وصلنا طلبك لإسترجاع كلمة السر الخاصة بحسابكم في موتورز سوق والمرتبط بعنوان بريدكم الإلكتروني هذا، وبالتالي فإننا نود توفير معلومات الدخول الجديدة لكم:&lt;/p&gt;\n&lt;p dir=&quot;RTL&quot;&gt;اسم المستخدم: #USERNAME#&lt;/p&gt;\n&lt;p dir=&quot;RTL&quot;&gt;كلمة السر: #PASSWORD#&lt;/p&gt;\n&lt;p dir=&quot;RTL&quot;&gt; &lt;/p&gt;\n&lt;p dir=&quot;RTL&quot;&gt;للدخول إلى حسابكم يرجى الضغط على الرابط التالي:&lt;/p&gt;\n&lt;p dir=&quot;RTL&quot;&gt;&lt;a href=&quot;http://www.motorssouq.com/index.php?module=users&amp;amp;page=login&quot;&gt;http&lt;/a&gt;&lt;a href=&quot;http://www.motorssouq.com/index.php?module=users&amp;amp;page=login&quot;&gt;://&lt;/a&gt;&lt;a href=&quot;http://www.motorssouq.com/index.php?module=users&amp;amp;page=login&quot;&gt;www&lt;/a&gt;&lt;a href=&quot;http://www.motorssouq.com/index.php?module=users&amp;amp;page=login&quot;&gt;.&lt;/a&gt;&lt;a href=&quot;http://www.motorssouq.com/index.php?module=users&amp;amp;page=login&quot;&gt;motorssouq&lt;/a&gt;&lt;a href=&quot;http://www.motorssouq.com/index.php?module=users&amp;amp;page=login&quot;&gt;.&lt;/a&gt;&lt;a href=&quot;http://www.motorssouq.com/index.php?module=users&amp;amp;page=login&quot;&gt;com&lt;/a&gt;&lt;a href=&quot;http://www.motorssouq.com/index.php?module=users&amp;amp;page=login&quot;&gt;/&lt;/a&gt;&lt;a href=&quot;http://www.motorssouq.com/index.php?module=users&amp;amp;page=login&quot;&gt;index&lt;/a&gt;&lt;a href=&quot;http://www.motorssouq.com/index.php?module=users&amp;amp;page=login&quot;&gt;.&lt;/a&gt;&lt;a href=&quot;http://www.motorssouq.com/index.php?module=users&amp;amp;page=login&quot;&gt;php&lt;/a&gt;&lt;a href=&quot;http://www.motorssouq.com/index.php?module=users&amp;amp;page=login&quot;&gt;?&lt;/a&gt;&lt;a href=&quot;http://www.motorssouq.com/index.php?module=users&amp;amp;page=login&quot;&gt;module&lt;/a&gt;&lt;a href=&quot;http://www.motorssouq.com/index.php?module=users&amp;amp;page=login&quot;&gt;=&lt;/a&gt;&lt;a href=&quot;http://www.motorssouq.com/index.php?module=users&amp;amp;page=login&quot;&gt;c&lt;/a&gt;rm&lt;a href=&quot;http://www.motorssouq.com/index.php?module=users&amp;amp;page=login&quot;&gt;&amp;amp;&lt;/a&gt;&lt;a href=&quot;http://www.motorssouq.com/index.php?module=users&amp;amp;page=login&quot;&gt;page&lt;/a&gt;&lt;a href=&quot;http://www.motorssouq.com/index.php?module=users&amp;amp;page=login&quot;&gt;=&lt;/a&gt;&lt;a href=&quot;http://www.motorssouq.com/index.php?module=users&amp;amp;page=login&quot;&gt;login&lt;/a&gt;&lt;/p&gt;\n&lt;p dir=&quot;RTL&quot;&gt; &lt;/p&gt;\n&lt;p dir=&quot;RTL&quot;&gt;نتمنى لكم إستخدام ممتع ومفيد في موتورز سوق&lt;/p&gt;\n&lt;p dir=&quot;RTL&quot;&gt; &lt;/p&gt;\n&lt;p dir=&quot;RTL&quot;&gt;فريق عمل موقع موتورز سوق الإلكتروني.&lt;/p&gt;', 'EN', 27),
('كلمة مرور جديدة ل موتورز سوق', '&lt;p dir=&quot;RTL&quot;&gt;عزيزنا المستخدم،&lt;/p&gt;\n&lt;p dir=&quot;RTL&quot;&gt;لقد وصلنا طلبك لإسترجاع كلمة السر الخاصة بحسابكم في موتورز سوق والمرتبط بعنوان بريدكم الإلكتروني هذا، وبالتالي فإننا نود توفير معلومات الدخول الجديدة لكم:&lt;/p&gt;\n&lt;p dir=&quot;RTL&quot;&gt;اسم المستخدم: #USERNAME#&lt;/p&gt;\n&lt;p dir=&quot;RTL&quot;&gt;كلمة السر: #PASSWORD#&lt;/p&gt;\n&lt;p dir=&quot;RTL&quot;&gt; &lt;/p&gt;\n&lt;p dir=&quot;RTL&quot;&gt;للدخول إلى حسابكم يرجى الضغط على الرابط التالي:&lt;/p&gt;\n&lt;p dir=&quot;RTL&quot;&gt;&lt;a href=&quot;http://www.motorssouq.com/index.php?module=users&amp;amp;page=login&quot;&gt;http&lt;/a&gt;&lt;a href=&quot;http://www.motorssouq.com/index.php?module=users&amp;amp;page=login&quot;&gt;://&lt;/a&gt;&lt;a href=&quot;http://www.motorssouq.com/index.php?module=users&amp;amp;page=login&quot;&gt;www&lt;/a&gt;&lt;a href=&quot;http://www.motorssouq.com/index.php?module=users&amp;amp;page=login&quot;&gt;.&lt;/a&gt;&lt;a href=&quot;http://www.motorssouq.com/index.php?module=users&amp;amp;page=login&quot;&gt;motorssouq&lt;/a&gt;&lt;a href=&quot;http://www.motorssouq.com/index.php?module=users&amp;amp;page=login&quot;&gt;.&lt;/a&gt;&lt;a href=&quot;http://www.motorssouq.com/index.php?module=users&amp;amp;page=login&quot;&gt;com&lt;/a&gt;&lt;a href=&quot;http://www.motorssouq.com/index.php?module=users&amp;amp;page=login&quot;&gt;/&lt;/a&gt;&lt;a href=&quot;http://www.motorssouq.com/index.php?module=users&amp;amp;page=login&quot;&gt;index&lt;/a&gt;&lt;a href=&quot;http://www.motorssouq.com/index.php?module=users&amp;amp;page=login&quot;&gt;.&lt;/a&gt;&lt;a href=&quot;http://www.motorssouq.com/index.php?module=users&amp;amp;page=login&quot;&gt;php&lt;/a&gt;&lt;a href=&quot;http://www.motorssouq.com/index.php?module=users&amp;amp;page=login&quot;&gt;?&lt;/a&gt;&lt;a href=&quot;http://www.motorssouq.com/index.php?module=users&amp;amp;page=login&quot;&gt;module&lt;/a&gt;&lt;a href=&quot;http://www.motorssouq.com/index.php?module=users&amp;amp;page=login&quot;&gt;=&lt;/a&gt;&lt;a href=&quot;http://www.motorssouq.com/index.php?module=users&amp;amp;page=login&quot;&gt;c&lt;/a&gt;rm&lt;a href=&quot;http://www.motorssouq.com/index.php?module=users&amp;amp;page=login&quot;&gt;&amp;amp;&lt;/a&gt;&lt;a href=&quot;http://www.motorssouq.com/index.php?module=users&amp;amp;page=login&quot;&gt;page&lt;/a&gt;&lt;a href=&quot;http://www.motorssouq.com/index.php?module=users&amp;amp;page=login&quot;&gt;=&lt;/a&gt;&lt;a href=&quot;http://www.motorssouq.com/index.php?module=users&amp;amp;page=login&quot;&gt;login&lt;/a&gt;&lt;/p&gt;\n&lt;p dir=&quot;RTL&quot;&gt; &lt;/p&gt;\n&lt;p dir=&quot;RTL&quot;&gt;نتمنى لكم إستخدام ممتع ومفيد في موتورز سوق&lt;/p&gt;\n&lt;p dir=&quot;RTL&quot;&gt; &lt;/p&gt;\n&lt;p dir=&quot;RTL&quot;&gt;فريق عمل موقع موتورز سوق الإلكتروني.&lt;/p&gt;', 'DE', 27),
('لقد تم إستلام إستفسارك في موتورز سوق', '&lt;p style=&quot;text-align: right;&quot;&gt;عزيزي __Name__&lt;/p&gt;\n&lt;p style=&quot;text-align: right;&quot;&gt;شكراً لتواصلك مع موتورز سوق&lt;/p&gt;\n&lt;p style=&quot;text-align: right;&quot;&gt;نود أن نعلمك من خلال هذا الرد الآلي بأننا إستملنا رسالتك، وسوف يقوم أحد أفراد فريق عمل موتورز سوق بالإتصال بك في أوقات العمل قريباً عن طريق وسائل الإتصال المتاحة والمعتمدة.&lt;/p&gt;\n&lt;p style=&quot;text-align: right;&quot;&gt;مع خالص التحية والتقدير،&lt;/p&gt;\n&lt;p style=&quot;text-align: right;&quot;&gt;فريق عمل موتورز سوق&lt;/p&gt;\n&lt;p style=&quot;text-align: right;&quot;&gt; &lt;/p&gt;\n&lt;p style=&quot;text-align: right;&quot;&gt;الروابط التالية قد تساعدك في الحصول على إجابة لإستفسارتك او توجهك بالحصول على نتيجة مرجوة.&lt;/p&gt;\n&lt;p style=&quot;text-align: right;&quot;&gt;لإعادة تعيين كلمة سر جديدة، إضغط هنا.&lt;br /&gt;لإضافة سيارة، إضغط هنا.&lt;br /&gt;لإضافة دراجة نارية، إضغط هنا.&lt;br /&gt;لقراءة أكثر الأسئلة شيوعاً، إضغط هنا.&lt;/p&gt;', 'AR', 28),
('Your inquiry in motorssouq.com has be received', '&lt;p&gt;Dear __Name__,&lt;/p&gt;\n&lt;p&gt;Thank you for contacting Motors Souq.&lt;/p&gt;\n&lt;p&gt;This is an auto-reply to confirm that we receive your message, one of our team will contact you ASAP during business days and hours via the available contact methods we are using in &lt;a href=&quot;http://www.motorssouq.com/&quot;&gt;www&lt;/a&gt;&lt;a href=&quot;http://www.motorssouq.com/&quot;&gt;.&lt;/a&gt;&lt;a href=&quot;http://www.motorssouq.com/&quot;&gt;motorssouq&lt;/a&gt;&lt;a href=&quot;http://www.motorssouq.com/&quot;&gt;.&lt;/a&gt;&lt;a href=&quot;http://www.motorssouq.com/&quot;&gt;com&lt;/a&gt;&lt;/p&gt;\n&lt;p&gt;&lt;span style=&quot;text-decoration: underline;&quot;&gt; &lt;/span&gt;&lt;/p&gt;\n&lt;p&gt;Best Regards,&lt;/p&gt;\n&lt;p&gt;MotorsSouq.com&lt;/p&gt;\n&lt;p&gt; &lt;/p&gt;\n&lt;p&gt;the following links may answer your questions or help you to get the desired result.&lt;/p&gt;\n&lt;ul&gt;\n&lt;li&gt;To reset your password click here.&lt;/li&gt;\n&lt;li&gt;To add car, click here.&lt;/li&gt;\n&lt;li&gt;To add motorbike, click here.&lt;/li&gt;\n&lt;li&gt;To read our FAQ’s, click here.&lt;/li&gt;\n&lt;/ul&gt;\n&lt;p&gt;  &lt;/p&gt;\n&lt;p&gt;Best Regards,&lt;/p&gt;\n&lt;p&gt;Motors Souq Team&lt;/p&gt;\n&lt;p&gt; &lt;/p&gt;', 'EN', 28),
('Your inquiry in motorssouq.com has be received', '&lt;p&gt;“Dear #name#,&lt;/p&gt;\n&lt;p&gt;Thank you for contacting Motors Souq.&lt;/p&gt;\n&lt;p&gt;This is an auto-reply to confirm that we receive your message, one of our team will contact you ASAP during business days and hours via the available contact methods we are using in&lt;a href=&quot;http://www.motorssouq.com/&quot;&gt;www&lt;/a&gt;&lt;a href=&quot;http://www.motorssouq.com/&quot;&gt;.&lt;/a&gt;&lt;a href=&quot;http://www.motorssouq.com/&quot;&gt;motorssouq&lt;/a&gt;&lt;a href=&quot;http://www.motorssouq.com/&quot;&gt;.&lt;/a&gt;&lt;a href=&quot;http://www.motorssouq.com/&quot;&gt;com&lt;/a&gt;&lt;/p&gt;\n&lt;p&gt;&lt;span style=&quot;text-decoration: underline;&quot;&gt; &lt;/span&gt;&lt;/p&gt;\n&lt;p&gt;Best Regards,&lt;/p&gt;\n&lt;p&gt;MotorsSouq.com&lt;/p&gt;\n&lt;p&gt; &lt;/p&gt;\n&lt;p&gt;the following links may answer your questions or help you to get the desired result.&lt;/p&gt;\n&lt;ul&gt;\n&lt;li&gt;To reset your password click here.&lt;/li&gt;\n&lt;li&gt;To add car, click here.&lt;/li&gt;\n&lt;li&gt;To add motorbike, click here.&lt;/li&gt;\n&lt;li&gt;To read our FAQ’s, click here.&lt;/li&gt;\n&lt;/ul&gt;\n&lt;p&gt;  &lt;/p&gt;\n&lt;p&gt;Best Regards,&lt;/p&gt;\n&lt;p&gt;Motors Souq Team&lt;/p&gt;\n&lt;p&gt; &lt;/p&gt;', 'DE', 28),
('Your Password was Changed.', '&lt;p&gt;Dear #USERNAME#,&lt;/p&gt;\n&lt;p&gt;Your password was changed on , #DATE_TIME# , from #HOST#.&lt;/p&gt;\n&lt;p&gt;&lt;br /&gt;Wish you a pleasant and useful use of &lt;a href=&quot;http://www.motorssouq.com/&quot;&gt;www&lt;/a&gt;&lt;a href=&quot;http://www.motorssouq.com/&quot;&gt;.&lt;/a&gt;&lt;a href=&quot;http://www.motorssouq.com/&quot;&gt;motorssouq&lt;/a&gt;&lt;a href=&quot;http://www.motorssouq.com/&quot;&gt;.&lt;/a&gt;&lt;a href=&quot;http://www.motorssouq.com/&quot;&gt;com&lt;/a&gt;&lt;/p&gt;\n&lt;p&gt;&lt;br /&gt;Motors Souq team&lt;/p&gt;', 'AR', 31),
('Your Password was Changed.', '&lt;p&gt;Dear __AccountModel::name__ ,&lt;/p&gt;\n&lt;p&gt;Your password was changed on , __DATETIME__ , from IP __IP_ADRESSE__ and host __HOST_NAME__.&lt;/p&gt;\n&lt;p&gt;&lt;br /&gt;Wish you a pleasant and useful use of &lt;a href=&quot;http://www.motorssouq.com/&quot;&gt;www&lt;/a&gt;&lt;a href=&quot;http://www.motorssouq.com/&quot;&gt;.&lt;/a&gt;&lt;a href=&quot;http://www.motorssouq.com/&quot;&gt;motorssouq&lt;/a&gt;&lt;a href=&quot;http://www.motorssouq.com/&quot;&gt;.&lt;/a&gt;&lt;a href=&quot;http://www.motorssouq.com/&quot;&gt;com&lt;/a&gt;&lt;/p&gt;\n&lt;p&gt;&lt;br /&gt;Motors Souq team&lt;/p&gt;', 'EN', 31),
('Your Password was Changed.', '&lt;p&gt;Dear #USERNAME#,&lt;/p&gt;\n&lt;p&gt;Your password was changed on , #DATE_TIME# , from #HOST#.&lt;/p&gt;\n&lt;p&gt;&lt;br /&gt;Wish you a pleasant and useful use of &lt;a href=&quot;http://www.motorssouq.com/&quot;&gt;www&lt;/a&gt;&lt;a href=&quot;http://www.motorssouq.com/&quot;&gt;.&lt;/a&gt;&lt;a href=&quot;http://www.motorssouq.com/&quot;&gt;motorssouq&lt;/a&gt;&lt;a href=&quot;http://www.motorssouq.com/&quot;&gt;.&lt;/a&gt;&lt;a href=&quot;http://www.motorssouq.com/&quot;&gt;com&lt;/a&gt;&lt;/p&gt;\n&lt;p&gt;&lt;br /&gt;Motors Souq team&lt;/p&gt;', 'DE', 31),
('اتصال من الموتورز سوق', '&lt;p dir=&quot;rtl&quot;&gt;&lt;span style=&quot;font-size: small;&quot;&gt;عزيزنا __AccountModel::name__ ,&lt;/span&gt;&lt;br /&gt;&lt;br /&gt;&lt;br /&gt;&lt;span style=&quot;font-size: small;&quot;&gt;لديك اتصال من زائر في الموتورز سوق بخصوص المركبة التي قمتم باضافتها :&lt;/span&gt;&lt;br /&gt;&lt;br /&gt;&lt;span style=&quot;font-size: small;&quot;&gt;رابط السيارة : __VehicleModel::quickURL__&lt;/span&gt;&lt;br /&gt;&lt;br /&gt;&lt;span style=&quot;font-size: small;&quot;&gt;معلومات المتصل :  &lt;/span&gt;&lt;br /&gt;&lt;br /&gt;&lt;span style=&quot;font-size: small;&quot;&gt;الاسم : __ContactOwner::name__ &lt;/span&gt;&lt;br /&gt;&lt;br /&gt;&lt;span style=&quot;font-size: small;&quot;&gt;البريد الالكتروني : __ContactOwner::Email__&lt;/span&gt;&lt;br /&gt;&lt;br /&gt;&lt;span style=&quot;font-size: small;&quot;&gt;الهاتف :  __ContactOwner::Mobile__&lt;/span&gt;&lt;br /&gt;&lt;br /&gt;&lt;span style=&quot;font-size: small;&quot;&gt;الرسالة : __ContactOwner::Message__ &lt;/span&gt;&lt;br /&gt;&lt;br /&gt;&lt;br /&gt;&lt;span style=&quot;font-size: small;&quot;&gt;مع اطيب التحيات&lt;/span&gt;&lt;br /&gt;&lt;br /&gt;&lt;span style=&quot;font-size: small;&quot;&gt;فريق عمل موتورز سوق.&lt;/span&gt;&lt;br /&gt;&lt;br /&gt;&lt;/p&gt;', 'AR', 32),
('Contact from Motorssouq', '&lt;p&gt;Dear __AccountModel::name__ ,&lt;br /&gt;&lt;br /&gt;You have a contact from motorssouq about your car.&lt;br /&gt;&lt;br /&gt;Car Url :  __VehicleModel::quickURL__&lt;br /&gt;&lt;br /&gt;Contact Informations.&lt;br /&gt;&lt;br /&gt;Name : __ContactOwner::name__ &lt;br /&gt;&lt;br /&gt;Email :  __ContactOwner::Email__&lt;br /&gt;&lt;br /&gt;Mobile :  __ContactOwner::Mobile__&lt;br /&gt;&lt;br /&gt;Message :  __ContactOwner::Message__ &lt;br /&gt;&lt;br /&gt;&lt;br /&gt;&lt;/p&gt;\n&lt;p&gt;We in &lt;a href=&quot;http://www.motorssouq.com/&quot;&gt;www&lt;/a&gt;&lt;a href=&quot;http://www.motorssouq.com/&quot;&gt;.&lt;/a&gt;&lt;a href=&quot;http://www.motorssouq.com/&quot;&gt;motorssouq&lt;/a&gt;&lt;a href=&quot;http://www.motorssouq.com/&quot;&gt;.&lt;/a&gt;&lt;a href=&quot;http://www.motorssouq.com/&quot;&gt;com&lt;/a&gt; wish you a profitable use of it.&lt;/p&gt;\n&lt;p&gt;&lt;em&gt;Best Regards,&lt;/em&gt;&lt;/p&gt;\n&lt;p&gt;Motors Souq Team&lt;/p&gt;', 'EN', 32),
('Contact from Motorssouq', '&lt;p&gt;Dear __AccountModel::name__ ,&lt;br /&gt;&lt;br /&gt;You have a contact from motorssouq about your car.&lt;br /&gt;&lt;br /&gt;Car Url :  __VehicleModel::quickURL__&lt;br /&gt;&lt;br /&gt;Contact Informations.&lt;br /&gt;&lt;br /&gt;Name : __ContactOwner::name__ &lt;br /&gt;&lt;br /&gt;Email :  __ContactOwner::Email__&lt;br /&gt;&lt;br /&gt;Mobile :  __ContactOwner::Mobile__&lt;br /&gt;&lt;br /&gt;Message :  __ContactOwner::Message__ &lt;br /&gt;&lt;br /&gt;&lt;br /&gt;Motorssouq Team &lt;/p&gt;', 'DE', 32),
('Activate your car on motorssouq .', '&lt;p&gt;Thanks your motors was registred please click here to activate your car&lt;br /&gt;&lt;br /&gt;&lt;br /&gt;__ACTIVATION_LINK__ &lt;/p&gt;', 'AR', 33),
('Activate your car on motorssouq .', '&lt;p&gt;Thanks your motors was registred please click here to activate your car&lt;br /&gt;&lt;br /&gt;&lt;br /&gt;__ACTIVATION_LINK__ &lt;/p&gt;', 'EN', 33),
('Activate your car on motorssouq .', '&lt;p&gt;Thanks your motors was registred please click here to activate your car&lt;br /&gt;&lt;br /&gt;&lt;br /&gt;__ACTIVATION_LINK__ &lt;/p&gt;', 'DE', 33);

-- --------------------------------------------------------

--
-- Tabellenstruktur für Tabelle `entity_attribute`
--

DROP TABLE IF EXISTS `entity_attribute`;
CREATE TABLE IF NOT EXISTS `entity_attribute` (
  `id` int(11) NOT NULL AUTO_INCREMENT,
  `name` varchar(255) COLLATE utf8_unicode_ci NOT NULL,
  `defaultvalue` varchar(255) COLLATE utf8_unicode_ci DEFAULT NULL,
  `searchable` tinyint(1) DEFAULT '0',
  `validator` varchar(255) COLLATE utf8_unicode_ci DEFAULT NULL,
  `required` tinyint(1) DEFAULT NULL,
  `entity_attribute_type_backend_id` int(11) NOT NULL,
  PRIMARY KEY (`id`),
  UNIQUE KEY `name_UNIQUE` (`name`),
  KEY `fk_entity_attribute_entity_attribute_type1` (`entity_attribute_type_backend_id`)
) ENGINE=InnoDB  DEFAULT CHARSET=utf8 COLLATE=utf8_unicode_ci AUTO_INCREMENT=43 ;

--
-- Daten für Tabelle `entity_attribute`
--

INSERT INTO `entity_attribute` (`id`, `name`, `defaultvalue`, `searchable`, `validator`, `required`, `entity_attribute_type_backend_id`) VALUES
(11, 'tyre_width', NULL, 1, NULL, 1, 2),
(12, 'tyre_aspect', NULL, 1, NULL, 1, 2),
(13, 'tyre_rim', NULL, 1, NULL, 1, 2),
(14, 'tyre_load', NULL, 1, NULL, 1, 2),
(15, 'tyre_speed', NULL, 1, NULL, 1, 2),
(19, 'tyre_weather', NULL, 1, NULL, 1, 2),
(21, 'shoes_size', NULL, 1, NULL, 1, 2),
(22, 'shoes_color', NULL, 1, NULL, 1, 21),
(24, 'shoes_brand', NULL, 1, NULL, 0, 2),
(25, 'shoes_style', NULL, 1, NULL, 0, 2),
(26, 'dress_size', NULL, 1, NULL, 1, 2),
(28, 'dress_style', NULL, 1, NULL, 0, 2),
(29, 'dress_brand', NULL, 1, NULL, 0, 2),
(30, 'dress_color', NULL, 1, NULL, 1, 21),
(31, 'skirts_size', NULL, 1, NULL, 1, 2),
(33, 'skirts_color', NULL, 1, NULL, 1, 21),
(34, 'skirts_brand', NULL, 1, NULL, 0, 2),
(35, 'skirts_style', NULL, 1, NULL, 0, 2),
(36, 'jackets_color', NULL, 1, NULL, 1, 21),
(37, 'jackets_size', NULL, 1, NULL, 1, 2),
(38, 'sweatshirts_size', NULL, 1, NULL, 1, 2),
(39, 'sweatshirts_color', NULL, 1, NULL, 1, 21),
(40, 'sportpants_size', NULL, 1, NULL, 1, 2),
(41, 'sportpants_color', NULL, 1, NULL, 1, 21),
(42, 'sportpants_style', NULL, 1, NULL, 0, 2);

-- --------------------------------------------------------

--
-- Tabellenstruktur für Tabelle `entity_attribute_datasource`
--

DROP TABLE IF EXISTS `entity_attribute_datasource`;
CREATE TABLE IF NOT EXISTS `entity_attribute_datasource` (
  `id` int(11) NOT NULL AUTO_INCREMENT,
  `entity_attribute_id` int(11) NOT NULL,
  PRIMARY KEY (`id`),
  KEY `product_attribute_id` (`entity_attribute_id`)
) ENGINE=InnoDB  DEFAULT CHARSET=utf8 COLLATE=utf8_unicode_ci AUTO_INCREMENT=136 ;

--
-- Daten für Tabelle `entity_attribute_datasource`
--

INSERT INTO `entity_attribute_datasource` (`id`, `entity_attribute_id`) VALUES
(1, 11),
(2, 11),
(3, 11),
(4, 11),
(5, 11),
(6, 11),
(7, 11),
(8, 11),
(9, 11),
(10, 11),
(11, 11),
(12, 11),
(13, 11),
(14, 11),
(15, 11),
(16, 11),
(17, 11),
(18, 11),
(19, 11),
(20, 11),
(21, 12),
(22, 12),
(23, 12),
(24, 12),
(25, 12),
(26, 12),
(37, 13),
(38, 13),
(39, 13),
(40, 13),
(41, 13),
(42, 13),
(43, 13),
(44, 13),
(27, 14),
(28, 14),
(29, 14),
(30, 14),
(31, 14),
(32, 14),
(33, 14),
(34, 14),
(35, 15),
(36, 15),
(48, 19),
(49, 19),
(50, 19),
(51, 21),
(52, 21),
(53, 21),
(54, 21),
(55, 21),
(56, 21),
(57, 21),
(58, 21),
(59, 21),
(60, 24),
(61, 24),
(62, 24),
(63, 24),
(64, 24),
(65, 25),
(66, 25),
(67, 25),
(68, 25),
(69, 25),
(70, 26),
(71, 26),
(72, 26),
(73, 26),
(74, 26),
(75, 26),
(76, 26),
(77, 26),
(78, 26),
(79, 26),
(80, 26),
(81, 28),
(82, 28),
(83, 28),
(84, 28),
(85, 28),
(86, 29),
(87, 29),
(88, 29),
(89, 29),
(97, 31),
(98, 31),
(99, 31),
(100, 31),
(101, 31),
(102, 31),
(103, 31),
(104, 31),
(90, 34),
(91, 34),
(92, 34),
(93, 34),
(94, 34),
(95, 35),
(96, 35),
(105, 37),
(106, 37),
(107, 37),
(108, 37),
(109, 37),
(110, 37),
(111, 37),
(112, 37),
(113, 37),
(114, 37),
(115, 38),
(116, 38),
(117, 38),
(118, 38),
(119, 38),
(120, 38),
(121, 38),
(122, 38),
(123, 38),
(124, 38),
(125, 40),
(126, 40),
(127, 40),
(128, 40),
(129, 40),
(130, 40),
(131, 40),
(132, 40),
(133, 40),
(134, 42),
(135, 42);

-- --------------------------------------------------------

--
-- Tabellenstruktur für Tabelle `entity_attribute_datasource_lang`
--

DROP TABLE IF EXISTS `entity_attribute_datasource_lang`;
CREATE TABLE IF NOT EXISTS `entity_attribute_datasource_lang` (
  `value` varchar(128) COLLATE utf8_unicode_ci DEFAULT NULL,
  `lang` varchar(3) COLLATE utf8_unicode_ci DEFAULT NULL,
  `entity_attribute_datasource_id` int(11) NOT NULL,
  KEY `fk_product_attribute_datasource_lang_product_attribute_dataso1` (`entity_attribute_datasource_id`),
  KEY `lang` (`lang`),
  KEY `value` (`value`)
) ENGINE=InnoDB DEFAULT CHARSET=utf8 COLLATE=utf8_unicode_ci;

--
-- Daten für Tabelle `entity_attribute_datasource_lang`
--

INSERT INTO `entity_attribute_datasource_lang` (`value`, `lang`, `entity_attribute_datasource_id`) VALUES
('125', 'en', 1),
('125', 'ar', 1),
('135', 'en', 2),
('135', 'ar', 2),
('145', 'en', 3),
('145', 'ar', 3),
('155', 'en', 4),
('155', 'ar', 4),
('165', 'en', 5),
('165', 'ar', 5),
('175', 'en', 6),
('175', 'ar', 6),
('185', 'en', 7),
('185', 'ar', 7),
('195', 'en', 8),
('195', 'ar', 8),
('205', 'en', 9),
('205', 'ar', 9),
('215', 'en', 10),
('215', 'ar', 10),
('225', 'en', 11),
('225', 'ar', 11),
('235', 'en', 12),
('235', 'ar', 12),
('245', 'en', 13),
('235', 'ar', 13),
('255', 'en', 14),
('255', 'ar', 14),
('265', 'en', 15),
('265', 'ar', 15),
('275', 'en', 16),
('275', 'ar', 16),
('285', 'en', 17),
('285', 'ar', 17),
('295', 'en', 18),
('295', 'ar', 18),
('305', 'en', 19),
('305', 'ar', 19),
('315', 'en', 20),
('315', 'ar', 20),
('45', 'en', 21),
('45', 'ar', 21),
('50', 'en', 22),
('50', 'ar', 22),
('55', 'en', 23),
('55', 'ar', 23),
('60', 'en', 24),
('60', 'ar', 24),
('65', 'en', 25),
('65', 'ar', 25),
('70', 'en', 26),
('70', 'ar', 26),
('R14', 'en', 27),
('R14', 'ar', 27),
('R15', 'en', 28),
('R15', 'ar', 28),
('R16', 'en', 29),
('R16', 'ar', 29),
('R17', 'en', 30),
('R17', 'ar', 30),
('R18', 'en', 31),
('R18', 'ar', 31),
('R19', 'en', 32),
('R19', 'ar', 32),
('R20', 'en', 33),
('R20', 'ar', 33),
('R21', 'en', 34),
('R21', 'ar', 34),
('H up to 210 Km/h', 'en', 35),
('H up to 210 Km/h', 'ar', 35),
('S, T up to 190 Hm/h', 'en', 36),
('S, T up to 190 Hm/h', 'ar', 36),
('R14', 'en', 37),
('R14', 'ar', 37),
('R15', 'en', 38),
('R16', 'ar', 38),
('R16', 'en', 39),
('R16', 'ar', 39),
('R17', 'en', 40),
('R17', 'ar', 40),
('R18', 'en', 41),
('R18', 'ar', 41),
('R19', 'en', 42),
('R19', 'ar', 42),
('R20', 'en', 43),
('R20', 'ar', 43),
('R21', 'en', 44),
('R21', 'ar', 44),
('Sommer', 'en', 48),
('Sommer', 'ar', 48),
('Winter', 'en', 49),
('Winter', 'ar', 49),
('Allweather', 'en', 50),
('Allweather', 'ar', 50),
('32', 'en', 51),
('32', 'ar', 51),
('33', 'en', 52),
('33', 'ar', 52),
('36', 'en', 53),
('36', 'ar', 53),
('37', 'en', 54),
('37', 'ar', 54),
('38', 'en', 55),
('38', 'ar', 55),
('39', 'en', 56),
('39', 'ar', 56),
('40', 'en', 57),
('40', 'ar', 57),
('41', 'en', 58),
('41', 'ar', 58),
('42', 'en', 59),
('42', 'ar', 59),
('BODYFLIRT', 'en', 60),
('BODYFLIRT', 'ar', 60),
('Glööckler', 'en', 61),
('Glööckler', 'ar', 61),
('John Baner Jeanswear', 'en', 62),
('John Baner Jeanswear', 'ar', 62),
('RAINBOW', 'en', 63),
('RAINBOW', 'ar', 63),
('bcp bonprix collection', 'en', 64),
('bcp bonprix collection', 'ar', 64),
('Boots', 'en', 65),
('Boots', 'ar', 65),
('High heel', 'en', 66),
('High', 'ar', 66),
('Flat low', 'en', 67),
('Flat', 'ar', 67),
('Pumps', 'en', 68),
('Pumps', 'ar', 68),
('Sandals', 'en', 69),
('Sandals', 'ar', 69),
('32', 'en', 70),
('32', 'ar', 70),
('34', 'en', 71),
('34', 'ar', 71),
('36', 'en', 72),
('36', 'ar', 72),
('38', 'en', 73),
('38', 'ar', 73),
('40', 'en', 74),
('40', 'ar', 74),
('42', 'en', 75),
('42', 'ar', 75),
('44', 'en', 76),
('44', 'ar', 76),
('46', 'en', 77),
('46', 'ar', 77),
('48', 'en', 78),
('48', 'ar', 78),
('50', 'en', 79),
('50', 'ar', 79),
('52', 'en', 80),
('50', 'ar', 80),
('Short', 'en', 81),
('Short', 'ar', 81),
('Long', 'en', 82),
('Long', 'ar', 82),
('One Shoulder', 'en', 83),
('One Shoulder', 'ar', 83),
('Sleeveless', 'en', 84),
('Sleeveless', 'ar', 84),
('Party Dress', 'en', 85),
('Party Dress', 'ar', 85),
('BODYFLIRT', 'en', 86),
('BODYFLIRT', 'ar', 86),
('RAINBOW', 'en', 87),
('RAINBOW', 'ar', 87),
('bpc bonprix collection', 'en', 88),
('bpc bonprix collection', 'ar', 88),
('bpc selection', 'en', 89),
('bpc selection', 'ar', 89),
('BODYFLIRT', 'en', 90),
('BODYFLIRT', 'ar', 90),
('Glööckler', 'en', 91),
('Glööckler', 'ar', 91),
('John Baner Jeanswear', 'en', 92),
('John Baner Jeanswear', 'ar', 92),
('RAINBOW', 'en', 93),
('RAINBOW', 'ar', 93),
('bcp bonprix collection', 'en', 94),
('bcp bonprix collection', 'ar', 94),
('Long', 'en', 95),
('Long', 'ar', 95),
('Short', 'en', 96),
('Short', 'ar', 96),
('32', 'en', 97),
('32', 'ar', 97),
('34', 'en', 98),
('34', 'ar', 98),
('36', 'en', 99),
('36', 'ar', 99),
('38', 'en', 100),
('38', 'ar', 100),
('40', 'en', 101),
('40', 'ar', 101),
('42', 'en', 102),
('42', 'ar', 102),
('44', 'en', 103),
('44', 'ar', 103),
('46', 'en', 104),
('46', 'ar', 104),
('46', 'en', 105),
('46', 'ar', 105),
('48', 'en', 106),
('48', 'ar', 106),
('50', 'en', 107),
('50', 'ar', 107),
('52', 'en', 108),
('52', 'ar', 108),
('54', 'en', 109),
('54', 'ar', 109),
('56', 'en', 110),
('56', 'ar', 110),
('58', 'en', 111),
('58', 'ar', 111),
('60', 'en', 112),
('60', 'ar', 112),
('62', 'en', 113),
('62', 'ar', 113),
('64', 'en', 114),
('64', 'ar', 114),
('34', 'en', 115),
('34', 'ar', 115),
('36', 'en', 116),
('36', 'ar', 116),
('38', 'en', 117),
('38', 'ar', 117),
('40', 'en', 118),
('40', 'ar', 118),
('42', 'en', 119),
('42', 'ar', 119),
('44', 'en', 120),
('43', 'ar', 120),
('46', 'en', 121),
('46', 'ar', 121),
('48', 'en', 122),
('48', 'ar', 122),
('50', 'en', 123),
('50', 'ar', 123),
('52', 'en', 124),
('52', 'ar', 124),
('30', 'en', 125),
('30', 'ar', 125),
('32', 'en', 126),
('32', 'ar', 126),
('34', 'en', 127),
('34', 'ar', 127),
('36', 'en', 128),
('36', 'ar', 128),
('38', 'en', 129),
('38', 'ar', 129),
('40', 'en', 130),
('40', 'ar', 130),
('42', 'en', 131),
('42', 'ar', 131),
('44', 'en', 132),
('444', 'ar', 132),
('46', 'en', 133),
('46', 'ar', 133),
('Short', 'en', 134),
('Short', 'ar', 134),
('Long', 'en', 135),
('Long', 'ar', 135);

-- --------------------------------------------------------

--
-- Tabellenstruktur für Tabelle `entity_attribute_lang`
--

DROP TABLE IF EXISTS `entity_attribute_lang`;
CREATE TABLE IF NOT EXISTS `entity_attribute_lang` (
  `entity_attribute_id` int(11) NOT NULL,
  `label` varchar(255) COLLATE utf8_unicode_ci NOT NULL,
  `datasource` text COLLATE utf8_unicode_ci,
  `lang` varchar(3) COLLATE utf8_unicode_ci DEFAULT NULL,
  `errormessage` varchar(255) COLLATE utf8_unicode_ci DEFAULT NULL,
  KEY `fk_entity_attribute_lang_entity_attribute1` (`entity_attribute_id`)
) ENGINE=InnoDB DEFAULT CHARSET=utf8 COLLATE=utf8_unicode_ci;

--
-- Daten für Tabelle `entity_attribute_lang`
--

INSERT INTO `entity_attribute_lang` (`entity_attribute_id`, `label`, `datasource`, `lang`, `errormessage`) VALUES
(11, 'Tyre Width', NULL, 'en', NULL),
(11, 'Tyre Width', NULL, 'ar', NULL),
(12, 'Tyre Aspect', NULL, 'en', NULL),
(12, 'Tyre Aspect', NULL, 'ar', NULL),
(13, 'Tyre Rim', NULL, 'en', NULL),
(13, 'Tyre Rim', NULL, 'ar', NULL),
(14, 'Tyre Load', NULL, 'en', NULL),
(14, 'Tyre Load', NULL, 'ar', NULL),
(15, 'Tyre Speed', NULL, 'en', NULL),
(15, 'Tyre Speed', NULL, 'ar', NULL),
(19, 'Weather', NULL, 'en', NULL),
(19, 'Weather', NULL, 'ar', NULL),
(21, 'Size', NULL, 'en', NULL),
(21, 'Size', NULL, 'ar', NULL),
(22, 'Color', NULL, 'en', NULL),
(22, 'Color', NULL, 'ar', NULL),
(24, 'Brand', NULL, 'en', NULL),
(24, 'Brand', NULL, 'ar', NULL),
(25, 'Style', NULL, 'en', NULL),
(25, 'Style', NULL, 'ar', NULL),
(26, 'Size', NULL, 'en', NULL),
(26, 'Size', NULL, 'ar', NULL),
(28, 'Style', NULL, 'en', NULL),
(28, 'Style', NULL, 'ar', NULL),
(29, 'Brand', NULL, 'en', NULL),
(29, 'Brand', NULL, 'ar', NULL),
(30, 'Color', NULL, 'en', NULL),
(30, 'Color', NULL, 'ar', NULL),
(31, 'Size', NULL, 'en', NULL),
(31, 'Size', NULL, 'ar', NULL),
(33, 'Color', NULL, 'en', NULL),
(33, 'Color', NULL, 'ar', NULL),
(34, 'Brand', NULL, 'en', NULL),
(34, 'Brand', NULL, 'ar', NULL),
(35, 'Style', NULL, 'en', NULL),
(35, 'Style', NULL, 'ar', NULL),
(36, 'Color', NULL, 'en', NULL),
(36, 'Color', NULL, 'ar', NULL),
(37, 'Size', NULL, 'en', NULL),
(37, 'Size', NULL, 'ar', NULL),
(38, 'Size', NULL, 'en', NULL),
(38, 'Size', NULL, 'ar', NULL),
(39, 'Color', NULL, 'en', NULL),
(39, 'Color', NULL, 'ar', NULL),
(40, 'Size', NULL, 'en', NULL),
(40, 'Size', NULL, 'ar', NULL),
(41, 'Color', NULL, 'en', NULL),
(41, 'Color', NULL, 'ar', NULL),
(42, 'Style', NULL, 'en', NULL),
(42, 'Style', NULL, 'ar', NULL);

-- --------------------------------------------------------

--
-- Tabellenstruktur für Tabelle `entity_attribute_type`
--

DROP TABLE IF EXISTS `entity_attribute_type`;
CREATE TABLE IF NOT EXISTS `entity_attribute_type` (
  `id` int(11) NOT NULL AUTO_INCREMENT,
  `name` varchar(255) COLLATE utf8_unicode_ci DEFAULT NULL,
  `typename` varchar(255) COLLATE utf8_unicode_ci DEFAULT NULL,
  PRIMARY KEY (`id`)
) ENGINE=InnoDB  DEFAULT CHARSET=utf8 COLLATE=utf8_unicode_ci AUTO_INCREMENT=22 ;

--
-- Daten für Tabelle `entity_attribute_type`
--

INSERT INTO `entity_attribute_type` (`id`, `name`, `typename`) VALUES
(1, 'Input', 'Text'),
(2, 'ListBox', 'Drop Down'),
(3, 'DateControl', 'Date'),
(4, 'CheckBox', 'Check Box'),
(5, 'CurrencyInput', 'Currency'),
(6, 'WysiwygTextArea', 'Editor'),
(7, 'TextArea', 'Big Text'),
(8, 'Label', 'label'),
(9, 'YesNoListBox', 'YesNoListBox'),
(10, 'Kilometer Input', 'KMInput'),
(11, 'Mile Input', 'MileInput'),
(12, 'Gramm Input', 'GrammInput'),
(13, 'Kliogramm Input', 'KlioGrammInput'),
(14, 'Meter Input', 'MeterInput'),
(15, 'Feed', 'FeedInput'),
(16, 'Minute', 'MinuteInput'),
(17, 'Second', 'SecondInput'),
(18, 'Centiliter', 'CentiliterInput'),
(19, 'Milliliter', 'MilliliterInput'),
(20, 'Hour', 'HourInput'),
(21, 'Color', 'ColorInput');

-- --------------------------------------------------------

--
-- Tabellenstruktur für Tabelle `entity_attribute_value`
--

DROP TABLE IF EXISTS `entity_attribute_value`;
CREATE TABLE IF NOT EXISTS `entity_attribute_value` (
  `id` int(11) NOT NULL AUTO_INCREMENT,
  `entity_attribute_id` int(11) DEFAULT NULL,
  `entity_id` int(11) NOT NULL,
  `entity_table_name` varchar(255) COLLATE utf8_unicode_ci NOT NULL,
  PRIMARY KEY (`id`),
  KEY `fk_product_attribute_value_product_attribute1` (`entity_attribute_id`),
  KEY `fk_product_attribute_value_product1` (`entity_id`)
) ENGINE=InnoDB  DEFAULT CHARSET=utf8 COLLATE=utf8_unicode_ci AUTO_INCREMENT=169 ;

--
-- Daten für Tabelle `entity_attribute_value`
--

INSERT INTO `entity_attribute_value` (`id`, `entity_attribute_id`, `entity_id`, `entity_table_name`) VALUES
(4, 11, 2, ''),
(5, 12, 2, ''),
(6, 13, 2, ''),
(7, 14, 2, ''),
(8, 15, 2, ''),
(9, 11, 3, ''),
(10, 12, 3, ''),
(11, 13, 3, ''),
(12, 14, 3, ''),
(13, 15, 3, ''),
(14, 11, 4, ''),
(15, 12, 4, ''),
(16, 13, 4, ''),
(17, 15, 4, ''),
(18, 11, 5, ''),
(19, 12, 5, ''),
(20, 13, 5, ''),
(21, 15, 5, ''),
(22, 11, 6, ''),
(23, 12, 6, ''),
(24, 13, 6, ''),
(25, 15, 6, ''),
(27, 11, 1, ''),
(28, 12, 1, ''),
(29, 13, 1, ''),
(30, 15, 1, ''),
(34, 11, 7, ''),
(35, 12, 7, ''),
(36, 13, 7, ''),
(37, 15, 7, ''),
(38, 14, 5, ''),
(39, 14, 6, ''),
(40, 21, 6, ''),
(41, 22, 6, ''),
(42, 21, 7, ''),
(43, 22, 7, ''),
(44, 21, 8, ''),
(45, 22, 8, ''),
(46, 24, 8, ''),
(47, 25, 8, ''),
(48, 21, 9, ''),
(49, 22, 9, ''),
(50, 24, 9, ''),
(51, 25, 9, ''),
(52, 21, 10, ''),
(53, 22, 10, ''),
(54, 24, 10, ''),
(55, 25, 10, ''),
(56, 30, 11, ''),
(57, 26, 11, ''),
(58, 28, 11, ''),
(59, 29, 11, ''),
(60, 30, 12, ''),
(61, 26, 12, ''),
(62, 28, 12, ''),
(63, 29, 12, ''),
(64, 30, 13, ''),
(65, 26, 13, ''),
(66, 28, 13, ''),
(67, 29, 13, ''),
(68, 30, 14, ''),
(69, 26, 14, ''),
(70, 28, 14, ''),
(71, 29, 14, ''),
(72, 31, 15, ''),
(73, 33, 15, ''),
(74, 34, 15, ''),
(75, 35, 15, ''),
(76, 31, 16, ''),
(77, 33, 16, ''),
(78, 34, 16, ''),
(79, 35, 16, ''),
(80, 31, 17, ''),
(81, 33, 17, ''),
(82, 34, 17, ''),
(83, 35, 17, ''),
(84, 31, 18, ''),
(85, 33, 18, ''),
(86, 34, 18, ''),
(87, 35, 18, ''),
(88, 31, 19, ''),
(89, 33, 19, ''),
(90, 34, 19, ''),
(91, 35, 19, ''),
(92, 36, 20, ''),
(93, 37, 20, ''),
(94, 36, 21, ''),
(95, 37, 21, ''),
(96, 36, 22, ''),
(97, 37, 22, ''),
(98, 36, 23, ''),
(99, 37, 23, ''),
(100, 36, 24, ''),
(101, 37, 24, ''),
(102, 38, 25, ''),
(103, 39, 25, ''),
(104, 38, 26, ''),
(105, 39, 26, ''),
(106, 38, 27, ''),
(107, 39, 27, ''),
(108, 38, 28, ''),
(109, 39, 28, ''),
(110, 38, 29, ''),
(111, 39, 29, ''),
(112, 40, 30, ''),
(113, 41, 30, ''),
(114, 42, 30, ''),
(115, 40, 31, ''),
(116, 41, 31, ''),
(117, 42, 31, ''),
(118, 40, 32, ''),
(119, 41, 32, ''),
(120, 42, 32, ''),
(121, 40, 33, ''),
(122, 41, 33, ''),
(123, 42, 33, ''),
(124, 40, 34, ''),
(125, 41, 34, ''),
(126, 42, 34, ''),
(127, 40, 35, ''),
(128, 41, 35, ''),
(129, 42, 35, ''),
(130, 19, 5, ''),
(131, 24, 7, ''),
(132, 25, 7, ''),
(133, 21, 36, ''),
(134, 22, 36, ''),
(135, 24, 36, ''),
(136, 25, 36, ''),
(137, 21, 37, ''),
(138, 22, 37, ''),
(139, 24, 37, ''),
(140, 25, 37, ''),
(141, 21, 38, ''),
(142, 22, 38, ''),
(143, 24, 38, ''),
(144, 25, 38, ''),
(145, 21, 39, ''),
(146, 22, 39, ''),
(147, 24, 39, ''),
(148, 25, 39, ''),
(149, 21, 40, ''),
(150, 22, 40, ''),
(151, 24, 40, ''),
(152, 25, 40, ''),
(153, 21, 41, ''),
(154, 22, 41, ''),
(155, 24, 41, ''),
(156, 25, 41, ''),
(157, 21, 42, ''),
(158, 22, 42, ''),
(159, 24, 42, ''),
(160, 25, 42, ''),
(161, 31, 43, ''),
(162, 33, 43, ''),
(163, 34, 43, ''),
(164, 35, 43, ''),
(165, 21, 44, ''),
(166, 22, 44, ''),
(167, 24, 44, ''),
(168, 25, 44, '');

-- --------------------------------------------------------

--
-- Tabellenstruktur für Tabelle `entity_attribute_value_lang`
--

DROP TABLE IF EXISTS `entity_attribute_value_lang`;
CREATE TABLE IF NOT EXISTS `entity_attribute_value_lang` (
  `value` varchar(255) COLLATE utf8_unicode_ci DEFAULT NULL,
  `lang` varchar(3) COLLATE utf8_unicode_ci DEFAULT NULL,
  `entity_attribute_value_id` int(11) NOT NULL,
  KEY `fk_product_attribute_value_lang_product_attribute_value1` (`entity_attribute_value_id`),
  KEY `lang` (`lang`)
) ENGINE=InnoDB DEFAULT CHARSET=utf8 COLLATE=utf8_unicode_ci;

--
-- Daten für Tabelle `entity_attribute_value_lang`
--

INSERT INTO `entity_attribute_value_lang` (`value`, `lang`, `entity_attribute_value_id`) VALUES
('4', 'en', 4),
('4', 'ar', 4),
('21', 'en', 5),
('21', 'ar', 5),
('37', 'en', 6),
('37', 'ar', 6),
('27', 'en', 7),
('27', 'ar', 7),
('35', 'en', 8),
('35', 'ar', 8),
('9', 'en', 9),
('9', 'ar', 9),
('23', 'en', 10),
('23', 'ar', 10),
('39', 'en', 11),
('39', 'ar', 11),
('27', 'en', 12),
('27', 'ar', 12),
('35', 'en', 13),
('35', 'ar', 13),
('1', 'en', 14),
('1', 'ar', 14),
('21', 'en', 15),
('21', 'ar', 15),
('37', 'en', 16),
('37', 'ar', 16),
('35', 'en', 17),
('35', 'ar', 17),
('16', 'en', 18),
('16', 'ar', 18),
('21', 'en', 19),
('21', 'ar', 19),
('40', 'en', 20),
('40', 'ar', 20),
('35', 'en', 21),
('35', 'ar', 21),
('9', 'en', 22),
('9', 'ar', 22),
('24', 'en', 23),
('24', 'ar', 23),
('41', 'en', 24),
('41', 'ar', 24),
('36', 'en', 25),
('36', 'ar', 25),
('1', 'en', 27),
('1', 'ar', 27),
('21', 'en', 28),
('21', 'ar', 28),
('37', 'en', 29),
('37', 'ar', 29),
('35', 'en', 30),
('35', 'ar', 30),
('2', 'en', 34),
('2', 'ar', 34),
('23', 'en', 35),
('23', 'ar', 35),
('41', 'en', 36),
('41', 'ar', 36),
('36', 'en', 37),
('36', 'ar', 37),
('27', 'en', 38),
('27', 'ar', 38),
('27', 'en', 39),
('27', 'ar', 39),
('53', 'en', 40),
('53', 'ar', 40),
('e61212', 'en', 41),
('e61212', 'ar', 41),
('54', 'en', 42),
('54', 'ar', 42),
('e61212', 'en', 43),
('e61212', 'ar', 43),
('52', 'en', 44),
('52', 'ar', 44),
('15b0db', 'en', 45),
('15b0db', 'ar', 45),
('61', 'en', 46),
('61', 'ar', 46),
('69', 'en', 47),
('69', 'ar', 47),
('54', 'en', 48),
('54', 'ar', 48),
('e61212', 'en', 49),
('e61212', 'ar', 49),
('63', 'en', 50),
('63', 'ar', 50),
('66', 'en', 51),
('66', 'ar', 51),
('54', 'en', 52),
('54', 'ar', 52),
('15b0db', 'en', 53),
('15b0db', 'ar', 53),
('63', 'en', 54),
('63', 'ar', 54),
('65', 'en', 55),
('65', 'ar', 55),
('050000', 'en', 56),
('050000', 'ar', 56),
('72', 'en', 57),
('72', 'ar', 57),
('81', 'en', 58),
('81', 'ar', 58),
('86', 'en', 59),
('86', 'ar', 59),
('050000', 'en', 60),
('050000', 'ar', 60),
('70', 'en', 61),
('70', 'ar', 61),
('82', 'en', 62),
('82', 'ar', 62),
('86', 'en', 63),
('86', 'ar', 63),
('ff0000', 'en', 64),
('ff0000', 'ar', 64),
('71', 'en', 65),
('71', 'ar', 65),
('83', 'en', 66),
('83', 'ar', 66),
('88', 'en', 67),
('88', 'ar', 67),
('ff7700', 'en', 68),
('ff7700', 'ar', 68),
('70', 'en', 69),
('70', 'ar', 69),
('85', 'en', 70),
('85', 'ar', 70),
('86', 'en', 71),
('86', 'ar', 71),
('102', 'en', 72),
('102', 'ar', 72),
('000000', 'en', 73),
('000000', 'ar', 73),
('90', 'en', 74),
('90', 'ar', 74),
('96', 'en', 75),
('96', 'ar', 75),
('100', 'en', 76),
('100', 'ar', 76),
('ff9d00', 'en', 77),
('ff9d00', 'ar', 77),
('90', 'en', 78),
('90', 'ar', 78),
('96', 'en', 79),
('96', 'ar', 79),
('97', 'en', 80),
('97', 'ar', 80),
('000000', 'en', 81),
('000000', 'ar', 81),
(NULL, 'en', 82),
(NULL, 'ar', 82),
('95', 'en', 83),
('95', 'ar', 83),
('100', 'en', 84),
('100', 'ar', 84),
('ffffff', 'en', 85),
('ffffff', 'ar', 85),
('90', 'en', 86),
('90', 'ar', 86),
('95', 'en', 87),
('95', 'ar', 87),
('97', 'en', 88),
('97', 'ar', 88),
('000000', 'en', 89),
('000000', 'ar', 89),
(NULL, 'en', 90),
(NULL, 'ar', 90),
('95', 'en', 91),
('95', 'ar', 91),
('0095ff', 'en', 92),
('0095ff', 'ar', 92),
('110', 'en', 93),
('110', 'ar', 93),
('000000', 'en', 94),
('000000', 'ar', 94),
('105', 'en', 95),
('105', 'ar', 95),
('0095ff', 'en', 96),
('0095ff', 'ar', 96),
('111', 'en', 97),
('111', 'ar', 97),
('000000', 'en', 98),
('000000', 'ar', 98),
('105', 'en', 99),
('105', 'ar', 99),
('000000', 'en', 100),
('000000', 'ar', 100),
('105', 'en', 101),
('105', 'ar', 101),
('119', 'en', 102),
('119', 'ar', 102),
('ff0000', 'en', 103),
('ff0000', 'ar', 103),
('121', 'en', 104),
('121', 'ar', 104),
('ffffff', 'en', 105),
('ffffff', 'ar', 105),
('115', 'en', 106),
('115', 'ar', 106),
('008cff', 'en', 107),
('008cff', 'ar', 107),
('119', 'en', 108),
('119', 'ar', 108),
('008cff', 'en', 109),
('008cff', 'ar', 109),
('119', 'en', 110),
('119', 'ar', 110),
('000000', 'en', 111),
('000000', 'ar', 111),
('129', 'en', 112),
('129', 'ar', 112),
('2200ff', 'en', 113),
('2200ff', 'ar', 113),
('135', 'en', 114),
('135', 'ar', 114),
('130', 'en', 115),
('130', 'ar', 115),
('ffffff', 'en', 116),
('ffffff', 'ar', 116),
('135', 'en', 117),
('135', 'ar', 117),
('125', 'en', 118),
('125', 'ar', 118),
('000000', 'en', 119),
('000000', 'ar', 119),
('135', 'en', 120),
('135', 'ar', 120),
('131', 'en', 121),
('131', 'ar', 121),
('000000', 'en', 122),
('000000', 'ar', 122),
('134', 'en', 123),
('134', 'ar', 123),
('129', 'en', 124),
('129', 'ar', 124),
('b8b8b8', 'en', 125),
('b8b8b8', 'ar', 125),
('134', 'en', 126),
('134', 'ar', 126),
('130', 'en', 127),
('130', 'ar', 127),
('ff0000', 'en', 128),
('ff0000', 'ar', 128),
('135', 'en', 129),
('135', 'ar', 129),
(NULL, 'en', 130),
(NULL, 'ar', 130),
(NULL, 'en', 131),
(NULL, 'ar', 131),
(NULL, 'en', 132),
(NULL, 'ar', 132),
('54', 'en', 133),
('54', 'ar', 133),
('e61212', 'en', 134),
('e61212', 'ar', 134),
(NULL, 'en', 135),
(NULL, 'ar', 135),
(NULL, 'en', 136),
(NULL, 'ar', 136),
('54', 'en', 137),
('54', 'ar', 137),
('e61212', 'en', 138),
('e61212', 'ar', 138),
(NULL, 'en', 139),
(NULL, 'ar', 139),
(NULL, 'en', 140),
(NULL, 'ar', 140),
('52', 'en', 141),
('52', 'ar', 141),
('15b0db', 'en', 142),
('15b0db', 'ar', 142),
('61', 'en', 143),
('61', 'ar', 143),
('69', 'en', 144),
('69', 'ar', 144),
('52', 'en', 145),
('52', 'ar', 145),
('15b0db', 'en', 146),
('15b0db', 'ar', 146),
('61', 'en', 147),
('61', 'ar', 147),
('69', 'en', 148),
('69', 'ar', 148),
('52', 'en', 149),
('52', 'ar', 149),
('15b0db', 'en', 150),
('15b0db', 'ar', 150),
('61', 'en', 151),
('61', 'ar', 151),
('69', 'en', 152),
('69', 'ar', 152),
('54', 'en', 153),
('54', 'ar', 153),
('e61212', 'en', 154),
('e61212', 'ar', 154),
(NULL, 'en', 155),
(NULL, 'ar', 155),
(NULL, 'en', 156),
(NULL, 'ar', 156),
('54', 'en', 157),
('54', 'ar', 157),
('15b0db', 'en', 158),
('15b0db', 'ar', 158),
('63', 'en', 159),
('63', 'ar', 159),
('65', 'en', 160),
('65', 'ar', 160),
('97', 'en', 161),
('97', 'ar', 161),
('000000', 'en', 162),
('000000', 'ar', 162),
(NULL, 'en', 163),
(NULL, 'ar', 163),
('95', 'en', 164),
('95', 'ar', 164),
('54', 'en', 165),
('54', 'ar', 165),
('e61212', 'en', 166),
('e61212', 'ar', 166),
('63', 'en', 167),
('63', 'ar', 167),
('65', 'en', 168),
('65', 'ar', 168);

-- --------------------------------------------------------

--
-- Tabellenstruktur für Tabelle `entity_rating`
--

DROP TABLE IF EXISTS `entity_rating`;
CREATE TABLE IF NOT EXISTS `entity_rating` (
  `id` int(11) NOT NULL AUTO_INCREMENT,
  `entity_id` int(11) NOT NULL,
  `entity_class` varchar(255) COLLATE utf8_unicode_ci NOT NULL,
  `rate` int(11) DEFAULT '0',
  `name` varchar(255) COLLATE utf8_unicode_ci DEFAULT NULL,
  `comment` text COLLATE utf8_unicode_ci,
  `rate_date_time` datetime DEFAULT NULL,
  `ip` varchar(255) COLLATE utf8_unicode_ci DEFAULT NULL,
  PRIMARY KEY (`id`),
  KEY `entity_id` (`entity_id`)
) ENGINE=InnoDB  DEFAULT CHARSET=utf8 COLLATE=utf8_unicode_ci AUTO_INCREMENT=16 ;

--
-- Daten für Tabelle `entity_rating`
--

INSERT INTO `entity_rating` (`id`, `entity_id`, `entity_class`, `rate`, `name`, `comment`, `rate_date_time`, `ip`) VALUES
(1, 26, 'Product_Product_Model', 3, 'adasdasd', 'asdasdasd', '2012-12-05 12:15:40', '::1'),
(2, 26, 'Product_Product_Model', 3, 'adasdasd', 'asdasdasd', '2012-12-05 12:16:00', '::1'),
(3, 26, 'Product_Product_Model', 4, 'Meriem Sayah', 'das ist ein sehr guutes product', '2012-12-05 12:22:08', '::1'),
(4, 1, 'Product_Product_Model', 4, 'Amir Cherif', 'Sehr gut, genre wieder', '2012-12-05 13:11:03', '::1'),
(5, 1, 'Product_Product_Model', 2, 'Meriem Sayah', 'sehr hässlich', '2012-12-05 13:35:12', '::1'),
(6, 5, 'Product_Product_Model', 5, 'Meriem Sayah', 'sehr gut', '2012-12-05 13:38:56', '::1'),
(7, 5, 'Product_Product_Model', 1, 'Meriem Sayah', 'sehr schlecht', '2012-12-05 13:39:25', '::1'),
(8, 5, 'Product_Product_Model', 3, 'Amir Cherif', 'Gerne wieder.\r\nAlles prima!!!!!', '2012-12-05 13:41:26', '::1'),
(9, 5, 'Product_Product_Model', 4, 'Montassar Smida', 'Perfect! good Shoes!', '2012-12-05 13:43:38', '::1'),
(10, 4, 'Product_Product_Model', 3, 'asdasd', 'adsaa', '2012-12-05 18:59:42', '::1'),
(11, 1638, 'Vehicle_Vehicle_Model', 3, 'aaasdadad', 'asdasdad', '2012-12-05 19:12:00', '::1'),
(12, 1632, 'Vehicle_Vehicle_Model', 4, 'Faras Al jowder', 'very good machine!', '2012-12-06 17:40:38', '::1'),
(13, 1632, 'Vehicle_Vehicle_Model', 5, 'Amir Cherif', 'Very very good maschine!!!!1', '2012-12-06 17:41:02', '::1'),
(14, 415, 'Cms_Page_Model', 5, 'Amir Cherif', 'Very good artcicle', '2012-12-06 17:42:47', '::1'),
(15, 0, 'product_rating_block', 5, 'Selman', 'test', '2012-12-08 21:04:27', '::1');

-- --------------------------------------------------------

--
-- Tabellenstruktur für Tabelle `entity_set`
--

DROP TABLE IF EXISTS `entity_set`;
CREATE TABLE IF NOT EXISTS `entity_set` (
  `id` int(11) NOT NULL AUTO_INCREMENT,
  `name` varchar(255) COLLATE utf8_unicode_ci DEFAULT NULL,
  `entity_table_name` varchar(255) COLLATE utf8_unicode_ci NOT NULL,
  PRIMARY KEY (`id`)
) ENGINE=InnoDB  DEFAULT CHARSET=utf8 COLLATE=utf8_unicode_ci AUTO_INCREMENT=11 ;

--
-- Daten für Tabelle `entity_set`
--

INSERT INTO `entity_set` (`id`, `name`, `entity_table_name`) VALUES
(4, 'Tyre Standart', 'tyre'),
(5, 'Shoes', 'product'),
(6, 'Skirts', 'product'),
(7, 'Dresses', 'product'),
(8, 'Jackets & gilets', 'product'),
(9, 'Sweatshirts', 'product'),
(10, 'Sportpants', 'product');

-- --------------------------------------------------------

--
-- Tabellenstruktur für Tabelle `entity_set_has_entity_attribute`
--

DROP TABLE IF EXISTS `entity_set_has_entity_attribute`;
CREATE TABLE IF NOT EXISTS `entity_set_has_entity_attribute` (
  `entity_set_id` int(11) NOT NULL,
  `entity_attribute_id` int(11) NOT NULL,
  `sortid` int(11) DEFAULT NULL,
  `entity_set_view_id` int(11) DEFAULT NULL,
  PRIMARY KEY (`entity_set_id`,`entity_attribute_id`),
  KEY `fk_product_set_has_product_attribute_product_attribute1` (`entity_attribute_id`),
  KEY `fk_product_set_has_product_attribute_product_set1` (`entity_set_id`),
  KEY `product_set_view_id` (`entity_set_view_id`)
) ENGINE=InnoDB DEFAULT CHARSET=utf8 COLLATE=utf8_unicode_ci;

--
-- Daten für Tabelle `entity_set_has_entity_attribute`
--

INSERT INTO `entity_set_has_entity_attribute` (`entity_set_id`, `entity_attribute_id`, `sortid`, `entity_set_view_id`) VALUES
(4, 11, 1, 5),
(4, 12, 2, 5),
(4, 13, 3, 5),
(4, 14, 4, 5),
(4, 15, 5, 5),
(4, 19, 0, 5),
(5, 21, 0, NULL),
(5, 22, 1, NULL),
(5, 24, 2, NULL),
(5, 25, 3, NULL),
(6, 31, 0, NULL),
(6, 33, 1, NULL),
(6, 34, 2, NULL),
(6, 35, 3, NULL),
(7, 26, 1, NULL),
(7, 28, 2, NULL),
(7, 29, 3, NULL),
(7, 30, 0, NULL),
(8, 36, 0, NULL),
(8, 37, 1, NULL),
(9, 38, 0, NULL),
(9, 39, 1, NULL),
(10, 40, 0, NULL),
(10, 41, 1, NULL),
(10, 42, 2, NULL);

-- --------------------------------------------------------

--
-- Tabellenstruktur für Tabelle `entity_set_view`
--

DROP TABLE IF EXISTS `entity_set_view`;
CREATE TABLE IF NOT EXISTS `entity_set_view` (
  `id` int(11) NOT NULL AUTO_INCREMENT,
  `frontendvisible` tinyint(1) DEFAULT NULL,
  `entity_set_id` int(11) NOT NULL,
  `sortid` int(11) DEFAULT NULL,
  PRIMARY KEY (`id`),
  KEY `fk_product_set_view_product_set1` (`entity_set_id`)
) ENGINE=InnoDB  DEFAULT CHARSET=utf8 COLLATE=utf8_unicode_ci AUTO_INCREMENT=6 ;

--
-- Daten für Tabelle `entity_set_view`
--

INSERT INTO `entity_set_view` (`id`, `frontendvisible`, `entity_set_id`, `sortid`) VALUES
(5, NULL, 4, NULL);

-- --------------------------------------------------------

--
-- Tabellenstruktur für Tabelle `entity_set_view_lang`
--

DROP TABLE IF EXISTS `entity_set_view_lang`;
CREATE TABLE IF NOT EXISTS `entity_set_view_lang` (
  `name` varchar(255) COLLATE utf8_unicode_ci DEFAULT NULL,
  `lang` varchar(255) COLLATE utf8_unicode_ci DEFAULT NULL,
  `entity_set_view_id` int(11) NOT NULL,
  KEY `fk_product_set_view_lang_product_set_view1` (`entity_set_view_id`)
) ENGINE=InnoDB DEFAULT CHARSET=utf8 COLLATE=utf8_unicode_ci;

--
-- Daten für Tabelle `entity_set_view_lang`
--

INSERT INTO `entity_set_view_lang` (`name`, `lang`, `entity_set_view_id`) VALUES
('Dimensions', 'en', 5),
('Dimensions', 'ar', 5);

-- --------------------------------------------------------

--
-- Tabellenstruktur für Tabelle `group`
--

DROP TABLE IF EXISTS `group`;
CREATE TABLE IF NOT EXISTS `group` (
  `id` int(11) NOT NULL AUTO_INCREMENT,
  `name` varchar(255) COLLATE utf8_unicode_ci DEFAULT NULL,
  `alias` varchar(50) COLLATE utf8_unicode_ci DEFAULT NULL,
  `description` varchar(255) COLLATE utf8_unicode_ci DEFAULT NULL,
  PRIMARY KEY (`id`)
) ENGINE=InnoDB  DEFAULT CHARSET=utf8 COLLATE=utf8_unicode_ci AUTO_INCREMENT=4 ;

--
-- Daten für Tabelle `group`
--

INSERT INTO `group` (`id`, `name`, `alias`, `description`) VALUES
(1, 'Administrator', 'ADM', 'Administrators'),
(2, 'Employee', 'EMP', 'Employees'),
(3, 'Customer', 'CUS', 'Customers');

-- --------------------------------------------------------

--
-- Tabellenstruktur für Tabelle `guestbook`
--

DROP TABLE IF EXISTS `guestbook`;
CREATE TABLE IF NOT EXISTS `guestbook` (
  `id` int(11) NOT NULL AUTO_INCREMENT,
  `title` varchar(255) COLLATE utf8_unicode_ci NOT NULL,
  `content` text COLLATE utf8_unicode_ci NOT NULL,
  `author` varchar(255) COLLATE utf8_unicode_ci DEFAULT NULL,
  `insert_date_time` datetime DEFAULT NULL,
  `state` tinyint(1) DEFAULT NULL,
  PRIMARY KEY (`id`)
) ENGINE=InnoDB DEFAULT CHARSET=utf8 COLLATE=utf8_unicode_ci AUTO_INCREMENT=1 ;

--
-- Daten für Tabelle `guestbook`
--


-- --------------------------------------------------------

--
-- Tabellenstruktur für Tabelle `image`
--

DROP TABLE IF EXISTS `image`;
CREATE TABLE IF NOT EXISTS `image` (
  `id` int(11) NOT NULL AUTO_INCREMENT,
  `name` varchar(255) COLLATE utf8_unicode_ci DEFAULT NULL,
  `title` varchar(255) COLLATE utf8_unicode_ci DEFAULT NULL,
  `folder` varchar(255) COLLATE utf8_unicode_ci DEFAULT NULL,
  `type` varchar(255) COLLATE utf8_unicode_ci DEFAULT NULL,
  `extention` varchar(255) COLLATE utf8_unicode_ci DEFAULT NULL,
  `hash` varchar(255) COLLATE utf8_unicode_ci DEFAULT NULL,
  `public` varchar(255) COLLATE utf8_unicode_ci DEFAULT NULL,
  `description` text COLLATE utf8_unicode_ci,
  `remote_url` varchar(255) COLLATE utf8_unicode_ci DEFAULT NULL,
  `insertat` datetime DEFAULT NULL,
  PRIMARY KEY (`id`)
) ENGINE=InnoDB  DEFAULT CHARSET=utf8 COLLATE=utf8_unicode_ci AUTO_INCREMENT=86 ;

--
-- Daten für Tabelle `image`
--

INSERT INTO `image` (`id`, `name`, `title`, `folder`, `type`, `extention`, `hash`, `public`, `description`, `remote_url`, `insertat`) VALUES
(8, 'asdasdasdasd', NULL, '/media/banner', 'Image', 'jpg', NULL, '1', 'asdasdasdasd', NULL, '2012-03-25 13:04:35'),
(10, 'asdasdasd1111', NULL, '/media/banner', 'Image', 'jpg', NULL, '1', 'asdasdasd', NULL, '2012-03-25 13:06:36'),
(11, 'MY image Name', 'Image Title', 'images', 'image type', '.jpg', 'd08a855c9bd1d2d3561a457f3a61cf9e', 'public', 'descriptiondescriptiondescriptiondescriptiondescriptiondescriptiondescriptiondescriptiondescriptiondescriptiondescriptiondescriptiondescriptiondescriptiondescriptiondescriptiondescriptiondescriptiondescriptiondescription', 'www.google.de/image.jpg', '2012-04-11 12:06:30'),
(12, 'MY image Name', 'Image Title', 'images', 'image type', '.jpg', 'd08a855c9bd1d2d3561a457f3a61cf9e', 'public', 'descriptiondescriptiondescriptiondescriptiondescriptiondescriptiondescriptiondescriptiondescriptiondescriptiondescriptiondescriptiondescriptiondescriptiondescriptiondescriptiondescriptiondescriptiondescriptiondescription', 'www.google.de/image.jpg', '2012-04-11 12:12:27'),
(13, 'MY image Name', 'Image Title', 'images', 'image type', '.jpg', 'd08a855c9bd1d2d3561a457f3a61cf9e', 'public', 'descriptiondescriptiondescriptiondescriptiondescriptiondescriptiondescriptiondescriptiondescriptiondescriptiondescriptiondescriptiondescriptiondescriptiondescriptiondescriptiondescriptiondescriptiondescriptiondescription', 'www.google.de/image.jpg', '2012-04-11 12:12:43'),
(14, 'MY image Name', 'Image Title', 'images', 'image type', '.jpg', 'd08a855c9bd1d2d3561a457f3a61cf9e', 'public', 'descriptiondescriptiondescriptiondescriptiondescriptiondescriptiondescriptiondescriptiondescriptiondescriptiondescriptiondescriptiondescriptiondescriptiondescriptiondescriptiondescriptiondescriptiondescriptiondescription', 'www.google.de/image.jpg', '2012-04-11 12:13:54'),
(15, 'MY image Name', 'Image Title', 'images', 'image type', '.jpg', 'd08a855c9bd1d2d3561a457f3a61cf9e', 'public', 'descriptiondescriptiondescriptiondescriptiondescriptiondescriptiondescriptiondescriptiondescriptiondescriptiondescriptiondescriptiondescriptiondescriptiondescriptiondescriptiondescriptiondescriptiondescriptiondescription', 'www.google.de/image.jpg', '2012-04-11 12:15:21'),
(16, 'asdasdasd', NULL, '/media/product/image', 'Image', 'jpg', NULL, '1', 'asdasdasd', NULL, '2012-04-19 22:15:36'),
(17, 'dfgd', NULL, '/media/product/image', 'Image', 'jpg', NULL, '1', 'fgdfgdfg', NULL, '2012-04-19 22:15:53'),
(18, 'start', NULL, '/media/product/image', 'Image', 'jpg', NULL, '1', NULL, NULL, '2012-04-20 09:45:19'),
(19, 'first image', NULL, '/media/product/image', 'Image', 'jpg', NULL, '1', NULL, NULL, '2012-04-20 09:51:50'),
(20, 'golf 5', NULL, '/media/product/image', 'Image', 'png', NULL, '1', NULL, NULL, '2012-04-20 12:01:14'),
(21, 'asdasdasd', NULL, '/media/product/image', 'Image', 'jpg', NULL, '1', NULL, NULL, '2012-04-21 10:48:12'),
(22, 'asdasdas', NULL, '/media/logos', 'Image', 'jpg', NULL, NULL, NULL, NULL, '2012-04-25 16:47:21'),
(23, 'aaaaaa', NULL, '/media/logos', 'Image', 'jpg', NULL, NULL, NULL, NULL, '2012-04-25 16:55:10'),
(24, 'aaaaaa', NULL, '/media/logos', 'Image', 'jpg', NULL, NULL, NULL, NULL, '2012-04-25 16:56:06'),
(25, 'aaaaaa', 'aaaaaa', '/media/logos', 'Image', 'jpg', NULL, NULL, NULL, NULL, '2012-04-25 16:57:09'),
(26, 'aaaaaa', 'aaaaaa', '/media/logos', 'Image', 'jpg', NULL, NULL, NULL, NULL, '2012-04-25 16:57:15'),
(27, 'aaaaaa', 'aaaaaa', '/media/logos', 'Image', 'jpg', NULL, NULL, NULL, NULL, '2012-04-25 16:57:39'),
(29, 'aaaaaa', 'aaaaaa', '/media/logos', 'Image', 'jpg', NULL, NULL, NULL, NULL, '2012-04-25 16:59:04'),
(30, 'asdasd', 'asdasd', '/media/logos', 'Image', 'jpg', NULL, NULL, NULL, NULL, '2012-04-25 17:56:20'),
(31, 'asdasd', 'asdasd', '/media/logos', 'Image', 'jpg', NULL, NULL, NULL, NULL, '2012-04-25 17:56:32'),
(32, 'asdasd', 'asdasd', '/media/logos', 'Image', 'jpg', NULL, NULL, NULL, NULL, '2012-04-25 17:57:09'),
(38, 'asdasdas', 'asdasdas', '/media/logos', 'Image', 'jpg', NULL, NULL, NULL, NULL, '2012-04-25 18:13:46'),
(40, 'asdasd', 'asdasd', '/media/logos', 'Image', 'jpg', NULL, NULL, NULL, NULL, '2012-04-25 18:14:18'),
(44, 'DHL Deutschland', 'DHL Deutschland', '/media/logos', 'Image', 'jpg', NULL, NULL, NULL, NULL, '2012-04-25 18:17:16'),
(45, 'MY image Name', 'Image Title', 'images', 'image type', '.jpg', 'd08a855c9bd1d2d3561a457f3a61cf9e', 'public', 'descriptiondescriptiondescriptiondescriptiondescriptiondescriptiondescriptiondescriptiondescriptiondescriptiondescriptiondescriptiondescriptiondescriptiondescriptiondescriptiondescriptiondescriptiondescriptiondescription', 'www.google.de/image.jpg', '2012-07-04 20:57:34'),
(46, 'MY image Name', 'Image Title', 'images', 'image type', '.jpg', 'd08a855c9bd1d2d3561a457f3a61cf9e', 'public', 'descriptiondescriptiondescriptiondescriptiondescriptiondescriptiondescriptiondescriptiondescriptiondescriptiondescriptiondescriptiondescriptiondescriptiondescriptiondescriptiondescriptiondescriptiondescriptiondescription', 'www.google.de/image.jpg', '2012-07-04 20:57:48'),
(47, 'MY image Name', 'Image Title', 'images', 'image type', '.jpg', 'd08a855c9bd1d2d3561a457f3a61cf9e', 'public', 'descriptiondescriptiondescriptiondescriptiondescriptiondescriptiondescriptiondescriptiondescriptiondescriptiondescriptiondescriptiondescriptiondescriptiondescriptiondescriptiondescriptiondescriptiondescriptiondescription', 'www.google.de/image.jpg', '2012-07-04 20:59:43'),
(48, 'MY image Name', 'Image Title', 'images', 'image type', '.jpg', 'd08a855c9bd1d2d3561a457f3a61cf9e', 'public', 'descriptiondescriptiondescriptiondescriptiondescriptiondescriptiondescriptiondescriptiondescriptiondescriptiondescriptiondescriptiondescriptiondescriptiondescriptiondescriptiondescriptiondescriptiondescriptiondescription', 'www.google.de/image.jpg', '2012-07-04 21:15:27'),
(49, 'MY image Name', 'Image Title', 'images', 'image type', '.jpg', 'd08a855c9bd1d2d3561a457f3a61cf9e', 'public', 'descriptiondescriptiondescriptiondescriptiondescriptiondescriptiondescriptiondescriptiondescriptiondescriptiondescriptiondescriptiondescriptiondescriptiondescriptiondescriptiondescriptiondescriptiondescriptiondescription', 'www.google.de/image.jpg', '2012-07-05 09:06:43'),
(50, 'test', NULL, '/media/product/image', NULL, 'jpg', NULL, '1', NULL, NULL, '2012-11-28 16:17:45'),
(51, 'test', NULL, '/media/product/image', NULL, 'jpg', NULL, '1', NULL, NULL, '2012-11-28 16:18:35'),
(52, 'test', NULL, '/media/product/image', NULL, 'jpg', NULL, '1', NULL, NULL, '2012-11-28 13:22:42'),
(53, 'test2', NULL, '/media/product/image', NULL, 'gif', NULL, '0', NULL, NULL, '2012-11-28 13:27:42'),
(54, 'vill front', NULL, '/media/product/image', NULL, 'jpg', NULL, '1', NULL, NULL, '2012-11-30 10:00:49'),
(55, 'villa front image', NULL, '/media/product/image', NULL, 'jpg', NULL, '1', NULL, NULL, '2012-11-30 10:46:24'),
(56, 'shoes', NULL, '/media/product/image', NULL, 'png', NULL, '1', NULL, NULL, '2012-12-14 08:20:01'),
(57, 'asdadasd', NULL, '/media/product/image', NULL, 'jpg', NULL, '1', NULL, NULL, '2012-12-14 08:20:15'),
(58, 'asdda', NULL, '/media/product/image', NULL, 'jpg', NULL, '1', NULL, NULL, '2012-12-14 08:32:53'),
(59, 'blue shoes', NULL, '/media/product/image', NULL, 'jpg', NULL, '1', NULL, NULL, '2012-12-14 08:36:51'),
(60, '545', NULL, '/media/product/image', NULL, 'jpg', NULL, '1', NULL, NULL, '2012-12-14 08:39:05'),
(61, 'boots', NULL, '/media/product/image', NULL, 'jpg', NULL, '1', NULL, NULL, '2012-12-14 08:42:19'),
(62, 'dress', NULL, '/media/product/image', NULL, 'jpg', NULL, '1', NULL, NULL, '2012-12-14 08:54:34'),
(63, 'sdads', NULL, '/media/product/image', NULL, 'jpg', NULL, '1', NULL, NULL, '2012-12-14 08:56:35'),
(64, 'asdda', NULL, '/media/product/image', NULL, 'jpg', NULL, '1', NULL, NULL, '2012-12-14 08:59:09'),
(65, 'asdasa', NULL, '/media/product/image', NULL, 'jpg', NULL, '1', NULL, NULL, '2012-12-14 09:05:21'),
(66, 'sa51d', NULL, '/media/product/image', NULL, 'jpg', NULL, '1', NULL, NULL, '2012-12-14 09:13:43'),
(67, 'asdasd', NULL, '/media/product/image', NULL, 'jpg', NULL, '1', NULL, NULL, '2012-12-14 09:15:10'),
(68, 'asdada', NULL, '/media/product/image', NULL, 'jpg', NULL, '1', NULL, NULL, '2012-12-14 09:17:12'),
(69, 'asdds', NULL, '/media/product/image', NULL, 'jpg', NULL, '1', NULL, NULL, '2012-12-14 09:18:25'),
(70, 'asdada', NULL, '/media/product/image', NULL, 'jpg', NULL, '1', NULL, NULL, '2012-12-14 09:19:29'),
(71, '14014', NULL, '/media/product/image', NULL, 'jpg', NULL, '1', NULL, NULL, '2012-12-14 09:26:36'),
(72, '1231easda', NULL, '/media/product/image', NULL, 'jpg', NULL, '1', NULL, NULL, '2012-12-14 09:29:17'),
(73, 'asdcyx', NULL, '/media/product/image', NULL, 'jpg', NULL, '1', NULL, NULL, '2012-12-14 09:31:42'),
(74, 'asdad', NULL, '/media/product/image', NULL, 'jpg', NULL, '1', NULL, NULL, '2012-12-14 09:32:54'),
(75, '123sd', NULL, '/media/product/image', NULL, 'jpg', NULL, '1', NULL, NULL, '2012-12-14 09:49:24'),
(76, 'sadxy', NULL, '/media/product/image', NULL, 'jpg', NULL, '1', NULL, NULL, '2012-12-14 09:50:29'),
(77, 'a21exy', NULL, '/media/product/image', NULL, 'jpg', NULL, '1', NULL, NULL, '2012-12-14 09:51:58'),
(78, 'asdsda', NULL, '/media/product/image', NULL, 'jpg', NULL, '1', NULL, NULL, '2012-12-14 09:52:55'),
(79, '12132', NULL, '/media/product/image', NULL, 'jpg', NULL, '1', NULL, NULL, '2012-12-14 09:53:57'),
(80, 'asdacyx', NULL, '/media/product/image', NULL, 'jpg', NULL, '1', NULL, NULL, '2012-12-14 10:06:12'),
(81, '123131', NULL, '/media/product/image', NULL, 'jpg', NULL, '1', NULL, NULL, '2012-12-14 10:09:17'),
(82, '123axy', NULL, '/media/product/image', NULL, 'jpg', NULL, '1', NULL, NULL, '2012-12-14 10:10:12'),
(83, '51818', NULL, '/media/product/image', NULL, 'jpg', NULL, '1', NULL, NULL, '2012-12-14 10:11:03'),
(84, '123sadxcy', NULL, '/media/product/image', NULL, 'jpg', NULL, '1', NULL, NULL, '2012-12-14 10:12:05'),
(85, '12312asdxyc', NULL, '/media/product/image', NULL, 'jpg', NULL, '1', NULL, NULL, '2012-12-14 10:13:00');

-- --------------------------------------------------------

--
-- Tabellenstruktur für Tabelle `inbox`
--

DROP TABLE IF EXISTS `inbox`;
CREATE TABLE IF NOT EXISTS `inbox` (
  `id` int(11) NOT NULL AUTO_INCREMENT,
  `subject` varchar(255) COLLATE utf8_unicode_ci DEFAULT NULL,
  `content` longtext COLLATE utf8_unicode_ci,
  `createat` date DEFAULT NULL,
  `person_id` int(11) NOT NULL,
  `issend` tinyint(1) DEFAULT NULL,
  `sendat` date DEFAULT NULL,
  `user_id` int(11) DEFAULT NULL,
  `comment` text COLLATE utf8_unicode_ci,
  PRIMARY KEY (`id`),
  KEY `fk_inbox_user1` (`user_id`)
) ENGINE=InnoDB  DEFAULT CHARSET=utf8 COLLATE=utf8_unicode_ci AUTO_INCREMENT=4 ;

--
-- Daten für Tabelle `inbox`
--

INSERT INTO `inbox` (`id`, `subject`, `content`, `createat`, `person_id`, `issend`, `sendat`, `user_id`, `comment`) VALUES
(2, 'asdasdasd', '&lt;p&gt;dasdasd&lt;/p&gt;', '2012-03-30', 0, NULL, NULL, 1, NULL),
(3, 'asdasdasd', '&lt;p&gt;dasdasd&lt;/p&gt;', '2012-03-30', 0, NULL, NULL, 1, NULL);

-- --------------------------------------------------------

--
-- Tabellenstruktur für Tabelle `locale`
--

DROP TABLE IF EXISTS `locale`;
CREATE TABLE IF NOT EXISTS `locale` (
  `id` int(11) NOT NULL AUTO_INCREMENT,
  `local` varchar(16) COLLATE utf8_unicode_ci NOT NULL,
  `country_iso3` varchar(3) COLLATE utf8_unicode_ci NOT NULL,
  `double_comma` int(11) NOT NULL,
  `thousend_sep` varchar(1) COLLATE utf8_unicode_ci NOT NULL,
  `decimal_sep` varchar(1) COLLATE utf8_unicode_ci NOT NULL,
  `currency` varchar(255) COLLATE utf8_unicode_ci NOT NULL,
  `currency_iso3` varchar(3) COLLATE utf8_unicode_ci NOT NULL,
  `minor_unit` int(11) NOT NULL,
  `tel_code` varchar(6) COLLATE utf8_unicode_ci NOT NULL,
  `time_zone` varchar(255) COLLATE utf8_unicode_ci NOT NULL,
  `rate` decimal(11,6) NOT NULL DEFAULT '1.000000',
  `base` tinyint(1) NOT NULL DEFAULT '0',
  PRIMARY KEY (`id`),
  KEY `country_iso3` (`country_iso3`)
) ENGINE=InnoDB  DEFAULT CHARSET=utf8 COLLATE=utf8_unicode_ci AUTO_INCREMENT=19 ;

--
-- Daten für Tabelle `locale`
--

INSERT INTO `locale` (`id`, `local`, `country_iso3`, `double_comma`, `thousend_sep`, `decimal_sep`, `currency`, `currency_iso3`, `minor_unit`, `tel_code`, `time_zone`, `rate`, `base`) VALUES
(1, 'ar_BH', 'BHR', 3, ',', '.', 'Bahraini Dinar', 'BHD', 1000, '+973', 'Asia/Bahrain', 1.000000, 1),
(2, 'ar_SA', 'SAU', 3, '.', ',', 'Saudi Rial', 'SAR', 100, '+966', 'Asia/Riyadh', 9.955700, 0),
(3, 'de_DE', 'DEU', 2, '.', ',', 'Euro European', 'EUR', 100, '+49', 'Europe/Berlin', 2.053600, 0),
(4, 'ar_TN', 'TUN', 3, '.', ',', 'Tunisian Dinar', 'TND', 1000, '+216', 'Africa/Tunis', 4.195200, 0),
(5, 'ar_QA', 'SAU', 2, '.', ',', 'Qatari Riyal', 'QAR', 100, '+974', 'Asia/Qatar', 9.664200, 0),
(6, 'ar_LB', 'LBN', 2, '.', ',', 'Lebanese Pound', 'LBP', 100, '+961', 'Asia/Beirut', 3996.124500, 0),
(7, 'ar_LY', 'LBY', 3, '.', ',', 'Libyan Dinar', 'LYD', 100, '+218', 'Africa/Tripoli', 3.356700, 0),
(8, 'ar_SD', 'SDN', 3, '.', ',', 'Sudanese Pound', 'SDG', 100, '+249', 'Africa/Khartoum', 11.712300, 0),
(9, 'ar_SY', 'SYR', 2, '.', ',', 'Syrian Pound', 'SYP', 100, '+963', 'Asia/Damascus', 188.458900, 0),
(10, 'ar_KW', 'KWT', 3, '.', ',', 'Kuwaiti Dinar', 'KWD', 1000, '+965', 'Asia/Kuwait', 0.748300, 0),
(11, 'ar_IQ', 'IRQ', 3, '.', ',', 'Iraqi Dinar', 'IQD', 1000, '+964', 'Asia/Baghdad', 3090.991000, 0),
(12, 'ar_DZ', 'DZA', 2, '.', ',', 'Algerian Dinar', 'DZD', 100, '+213', 'Africa/Algiers', 207.756000, 0),
(13, 'ar_JO', 'JOR', 2, '.', ',', 'Jordanian Dinar', 'JOD', 100, '+962', 'Asia/Ammans', 1.885900, 0),
(14, 'ar_MA', 'MAR', 2, '.', ',', 'Moroccan Dirham', 'MAD', 100, '+212', 'Africa/Casablanca', 22.799000, 0),
(15, 'ar_OM', 'OMN', 3, '.', ',', 'Omani Rial', 'OMR', 1000, '+968', 'Asia/Muscat', 1.021500, 0),
(16, 'ar_AE', 'ARE', 2, '.', ',', 'United Arab Emirates Dirham', 'AED', 100, '+971', 'Asia/Dubai', 9.750000, 0),
(17, 'ar_YE', 'YEM', 2, '.', ',', 'Yemeni Rial', 'YER', 100, '+967', 'Asia/Aden', 569.636800, 0),
(18, 'ar_MR', 'MRT', 2, '.', ',', 'Mauritanian Ouguiya', 'MRO', 100, '+222', 'Africa/Nouakchott', 783.697000, 0);

-- --------------------------------------------------------

--
-- Tabellenstruktur für Tabelle `locale_lang`
--

DROP TABLE IF EXISTS `locale_lang`;
CREATE TABLE IF NOT EXISTS `locale_lang` (
  `locale_id` int(11) NOT NULL,
  `country` varchar(255) COLLATE utf8_unicode_ci NOT NULL,
  `language` varchar(255) COLLATE utf8_unicode_ci NOT NULL,
  `currency_symbol` varchar(255) COLLATE utf8_unicode_ci NOT NULL,
  `currency_cent` varchar(255) COLLATE utf8_unicode_ci NOT NULL,
  `lang` varchar(3) COLLATE utf8_unicode_ci NOT NULL,
  KEY `locale_id` (`locale_id`)
) ENGINE=InnoDB DEFAULT CHARSET=utf8 COLLATE=utf8_unicode_ci;

--
-- Daten für Tabelle `locale_lang`
--

INSERT INTO `locale_lang` (`locale_id`, `country`, `language`, `currency_symbol`, `currency_cent`, `lang`) VALUES
(1, 'Bahrain', 'Arabic', 'BD', 'Fils', 'en'),
(1, 'Bahrain', 'Arabic', 'BHD', 'Fils', 'ar'),
(2, 'Saudi Arabia', 'Arabic', 'SAR', 'Halala', 'en'),
(2, 'Saudi Arabia', 'Arabic', 'SAR', 'Halala', 'ar'),
(3, 'Germany', 'German', '€', 'Cent', 'en'),
(3, 'Germany', 'German', '€', 'Cent', 'ar'),
(4, 'Tunisia', 'Arabic', 'TND', 'Millimes', 'en'),
(4, 'Tunisia', 'Arabic', 'TND', 'Millimes', 'ar'),
(5, 'Qatar', 'Arabic', 'QAR', 'Dirham', 'en'),
(5, 'Qatar', 'Arabic', 'QAR', 'Dirham', 'ar'),
(6, 'Lebanon', 'Arabic', 'LBP', 'Piastre', 'en'),
(6, 'Lebanon', 'Arabic', 'LBP', 'Piastre', 'ar'),
(7, 'Libya', 'Arabic', 'LYD', 'Dirham', 'en'),
(7, 'Libya', 'Arabic', 'LYD', 'Dirham', 'ar'),
(8, 'Sudan', 'Arabic', 'SDG', 'Piastres', 'en'),
(8, 'Sudan', 'Arabic', 'SDG', 'Piastres', 'ar'),
(9, 'Syrian Arab Republic', 'Arabic', 'SYP', 'Piastre', 'en'),
(9, 'Syrian Arab Republic', 'Arabic', 'SYP', 'Piastre', 'ar'),
(10, 'Kuwait', 'Arabic', 'KWD', 'Fils', 'en'),
(10, 'Kuwait', 'Arabic', 'KWD', 'Fils', 'ar'),
(11, 'Iraq', 'Arabic', 'IQD', 'fils', 'en'),
(11, 'Iraq', 'Arabic', 'IQD', 'fils', 'ar'),
(12, 'Algeria', 'Arabic', 'DZD', 'Santeem', 'en'),
(12, 'Algeria', 'Arabic', 'DZD', 'Santeem', 'ar'),
(13, 'Jordan', 'Arabic', 'JOD', 'Qirsh', 'en'),
(13, 'Jordan', 'Arabic', 'JOD', 'Qirsh', 'ar'),
(14, 'Morocco', 'Arabic', 'MAD', 'Santim', 'en'),
(14, 'Morocco', 'Arabic', 'MAD', 'Santim', 'ar'),
(15, 'Oman', 'Arabic', 'OMR', 'Baisa', 'en'),
(15, 'Oman', 'Arabic', 'OMR', 'Baisa', 'ar'),
(16, 'United Arab Emirates', 'Arabic', 'AED', 'fils', 'en'),
(16, 'United Arab Emirates', 'Arabic', 'AED', 'fils', 'ar'),
(17, 'Yemen', 'Arabic', 'YER', 'fils', 'en'),
(17, 'Yemen', 'Arabic', 'YER', 'fils', 'ar'),
(18, 'Mauritania', 'Arabic', 'MRO', 'Khoums', 'en'),
(18, 'Mauritania', 'Arabic', 'MRO', 'Khoums', 'ar');

-- --------------------------------------------------------

--
-- Tabellenstruktur für Tabelle `module`
--

DROP TABLE IF EXISTS `module`;
CREATE TABLE IF NOT EXISTS `module` (
  `id` int(11) NOT NULL AUTO_INCREMENT,
  `name` varchar(64) COLLATE utf8_unicode_ci NOT NULL DEFAULT '',
  `title` varchar(64) COLLATE utf8_unicode_ci NOT NULL DEFAULT '',
  `version` varchar(9) COLLATE utf8_unicode_ci NOT NULL DEFAULT '0.0',
  `desc` text COLLATE utf8_unicode_ci,
  `state` tinyint(1) NOT NULL DEFAULT '1',
  PRIMARY KEY (`id`)
) ENGINE=InnoDB  DEFAULT CHARSET=utf8 COLLATE=utf8_unicode_ci AUTO_INCREMENT=46 ;

--
-- Daten für Tabelle `module`
--

INSERT INTO `module` (`id`, `name`, `title`, `version`, `desc`, `state`) VALUES
(34, 'Bike', 'Bike', '2.5.0', NULL, 1),
(35, 'crm', 'Crm', '2.5.0', NULL, 1),
(36, 'Child', 'Child', '1.0', NULL, 1),
(37, 'cms', 'Small Content Management System', '2.5.0', NULL, 1),
(38, 'installer', 'Packages Installer Module', '1.0.0', NULL, 1),
(39, 'newsletter', 'NewsLetter Module', '1.0.0', NULL, 1),
(40, 'Report', 'Report', '1.0', NULL, 1),
(41, 'Report', 'Report', '1.0', NULL, 1),
(42, 'Report', 'Report', '1.0', NULL, 1),
(43, 'User', 'Backend User Management System', '2.5.0', NULL, 1),
(44, 'Vehicle', 'Vehicle Management System', '2.5.0', NULL, 1),
(45, 'Workflow', 'Vehicle Management System', '2.5.0', NULL, 1);

-- --------------------------------------------------------

--
-- Tabellenstruktur für Tabelle `newletter_template`
--

DROP TABLE IF EXISTS `newletter_template`;
CREATE TABLE IF NOT EXISTS `newletter_template` (
  `id` int(11) NOT NULL AUTO_INCREMENT,
  `name` varchar(64) COLLATE utf8_unicode_ci NOT NULL,
  `subject` varchar(64) COLLATE utf8_unicode_ci NOT NULL,
  `content` text COLLATE utf8_unicode_ci,
  PRIMARY KEY (`id`)
) ENGINE=InnoDB DEFAULT CHARSET=utf8 COLLATE=utf8_unicode_ci AUTO_INCREMENT=1 ;

--
-- Daten für Tabelle `newletter_template`
--


-- --------------------------------------------------------

--
-- Tabellenstruktur für Tabelle `newsletter`
--

DROP TABLE IF EXISTS `newsletter`;
CREATE TABLE IF NOT EXISTS `newsletter` (
  `id` int(11) NOT NULL AUTO_INCREMENT,
  `email` varchar(64) COLLATE utf8_unicode_ci NOT NULL DEFAULT '',
  `name` varchar(64) COLLATE utf8_unicode_ci DEFAULT NULL,
  `date_last_send` datetime DEFAULT NULL,
  PRIMARY KEY (`id`)
) ENGINE=InnoDB DEFAULT CHARSET=utf8 COLLATE=utf8_unicode_ci AUTO_INCREMENT=1 ;

--
-- Daten für Tabelle `newsletter`
--


-- --------------------------------------------------------

--
-- Tabellenstruktur für Tabelle `newsletter_email`
--

DROP TABLE IF EXISTS `newsletter_email`;
CREATE TABLE IF NOT EXISTS `newsletter_email` (
  `id` int(11) NOT NULL AUTO_INCREMENT,
  `email` varchar(64) COLLATE utf8_unicode_ci NOT NULL,
  `state` tinyint(1) NOT NULL DEFAULT '1',
  `send` int(1) NOT NULL DEFAULT '0',
  `group` int(1) NOT NULL DEFAULT '1',
  PRIMARY KEY (`id`)
) ENGINE=InnoDB DEFAULT CHARSET=utf8 COLLATE=utf8_unicode_ci AUTO_INCREMENT=1 ;

--
-- Daten für Tabelle `newsletter_email`
--


-- --------------------------------------------------------

--
-- Tabellenstruktur für Tabelle `newsletter_emails`
--

DROP TABLE IF EXISTS `newsletter_emails`;
CREATE TABLE IF NOT EXISTS `newsletter_emails` (
  `id` bigint(20) NOT NULL AUTO_INCREMENT,
  `email` varchar(45) COLLATE utf8_unicode_ci DEFAULT NULL,
  `state` tinyint(1) DEFAULT NULL,
  `newsletter_email_groups_id` int(11) NOT NULL,
  PRIMARY KEY (`id`),
  KEY `fk_newsletter_emails_newsletter_email_groups1` (`newsletter_email_groups_id`)
) ENGINE=InnoDB  DEFAULT CHARSET=utf8 COLLATE=utf8_unicode_ci AUTO_INCREMENT=45 ;

--
-- Daten für Tabelle `newsletter_emails`
--

INSERT INTO `newsletter_emails` (`id`, `email`, `state`, `newsletter_email_groups_id`) VALUES
(21, 'thomas.haeber@googlemail.com', 1, 2),
(27, 'jak86_123@hotmail.com', 1, 4),
(28, 'cashgroup@windowslive.com', 1, 4),
(29, 'montassar@amhsoft.com', 1, 9),
(30, 'support@amhsoft.com', 1, 10),
(31, 'montass@amhsoft.com', 1, 11),
(32, 'montass@amhsoft.com', 1, 12),
(33, 'montassar@amhsoft.com', 1, 13),
(34, 'emadh1963@gmail.com', 1, 14),
(35, 'smart.ksa@hotmail.com', 1, 15),
(36, 'Yaso0of@windowslive.com', 1, 16),
(37, 'AWAS.91@WINDOWSLIVE.COM', 1, 17),
(38, 'smart.ksa@hotmail.com', 1, 18),
(39, 'kareem@altuwairqi.com.sa', 1, 19),
(40, 'qassim.saleh66@gmail.com', 1, 20),
(41, 'sehlawitab@gmail.com', 1, 21),
(42, 'Hhhzzz2012@hotmail.com', 1, 22),
(43, 'Taz_youket@yahoo.com', 1, 23),
(44, ' gernas.hawa79@gmail.com', 1, 24);

-- --------------------------------------------------------

--
-- Tabellenstruktur für Tabelle `newsletter_email_groups`
--

DROP TABLE IF EXISTS `newsletter_email_groups`;
CREATE TABLE IF NOT EXISTS `newsletter_email_groups` (
  `id` int(11) NOT NULL AUTO_INCREMENT,
  `name` varchar(45) COLLATE utf8_unicode_ci DEFAULT NULL,
  `desc` varchar(255) COLLATE utf8_unicode_ci NOT NULL,
  PRIMARY KEY (`id`)
) ENGINE=InnoDB  DEFAULT CHARSET=utf8 COLLATE=utf8_unicode_ci AUTO_INCREMENT=25 ;

--
-- Daten für Tabelle `newsletter_email_groups`
--

INSERT INTO `newsletter_email_groups` (`id`, `name`, `desc`) VALUES
(6, 'registered accounts', ''),
(7, 'news letter subscribers', ''),
(8, 'collected emails', ''),
(9, 'public_group', 'Public Group'),
(10, 'public_group', 'Public Group'),
(11, 'public_group', 'Public Group'),
(12, 'public_group', 'Public Group'),
(13, 'public_group', 'Public Group'),
(14, 'public_group', 'Public Group'),
(15, 'public_group', 'Public Group'),
(16, 'public_group', 'Public Group'),
(17, 'public_group', 'Public Group'),
(18, 'public_group', 'Public Group'),
(19, 'public_group', 'Public Group'),
(20, 'public_group', 'Public Group'),
(21, 'public_group', 'Public Group'),
(22, 'public_group', 'Public Group'),
(23, 'public_group', 'Public Group'),
(24, 'public_group', 'Public Group');

-- --------------------------------------------------------

--
-- Tabellenstruktur für Tabelle `newsletter_group`
--

DROP TABLE IF EXISTS `newsletter_group`;
CREATE TABLE IF NOT EXISTS `newsletter_group` (
  `id` int(11) NOT NULL AUTO_INCREMENT,
  `name` varchar(64) COLLATE utf8_unicode_ci NOT NULL,
  `state` tinyint(1) NOT NULL DEFAULT '1',
  PRIMARY KEY (`id`)
) ENGINE=InnoDB DEFAULT CHARSET=utf8 COLLATE=utf8_unicode_ci AUTO_INCREMENT=1 ;

--
-- Daten für Tabelle `newsletter_group`
--


-- --------------------------------------------------------

--
-- Tabellenstruktur für Tabelle `newsletter_templates`
--

DROP TABLE IF EXISTS `newsletter_templates`;
CREATE TABLE IF NOT EXISTS `newsletter_templates` (
  `id` int(11) NOT NULL AUTO_INCREMENT,
  `title` varchar(255) COLLATE utf8_unicode_ci DEFAULT NULL,
  `content` longtext COLLATE utf8_unicode_ci,
  PRIMARY KEY (`id`)
) ENGINE=InnoDB  DEFAULT CHARSET=utf8 COLLATE=utf8_unicode_ci AUTO_INCREMENT=4 ;

--
-- Daten für Tabelle `newsletter_templates`
--

INSERT INTO `newsletter_templates` (`id`, `title`, `content`) VALUES
(1, 'bbbbbbbb', '<p>fghfgng fghfghfhfgh</p>'),
(3, 'cccccccc', '<p>{$item-title} <img src="{$item-<getFirstBig()}" alt="" /> {$item-title} {$item-long_desc}</p>');

-- --------------------------------------------------------

--
-- Tabellenstruktur für Tabelle `payment`
--

DROP TABLE IF EXISTS `payment`;
CREATE TABLE IF NOT EXISTS `payment` (
  `id` int(11) NOT NULL AUTO_INCREMENT,
  `name` varchar(255) COLLATE utf8_unicode_ci NOT NULL,
  `max_mount` double(12,3) DEFAULT NULL,
  `modulename` varchar(255) COLLATE utf8_unicode_ci NOT NULL,
  `description` text COLLATE utf8_unicode_ci,
  `online` tinyint(1) NOT NULL,
  `charge` double(12,3) DEFAULT NULL,
  PRIMARY KEY (`id`)
) ENGINE=InnoDB  DEFAULT CHARSET=utf8 COLLATE=utf8_unicode_ci AUTO_INCREMENT=22 ;

--
-- Daten für Tabelle `payment`
--

INSERT INTO `payment` (`id`, `name`, `max_mount`, `modulename`, `description`, `online`, `charge`) VALUES
(1, 'حسب الاتفاق هاتفيا', 0.000, '', 'الرجاء الاتصال على الرقم التالي:\n00495312801805\nاو \n00495312801809\n', 0, NULL),
(10, 'الوسترن يونيون', 0.000, '', 'المستفيد\nfaras rashed aljowder\nCity: muharraq\nCountry: bahrain\n\nرجاء اعلامنا بارسال المبلغ و اسم المرسل (بالحروف اللاتينية) و رقم التحويل\nالاستلام يتم مباشرة بعد استلام المبلغ\n', 1, NULL),
(11, 'paypal', NULL, 'paypal', 'باي بال هي أسرع وأكثر أمانا كوسيلة للدفع والحصول على أموال عبر الإنترنت. وتسمح هذه الخدمة للأعضاء لإرسال المال من دون إستخدام معلوماتهم الشخصية والمالية على مواقع الإنترنت، مع المرونة للدفع سواءاً بإستخدام أرصدة حساباتهم بالباي بال، والحسابات المصرفية وبطاقات الائتمان.\nالشرح مقتبس من موقع باي بال الرسمي.', 1, NULL),
(12, 'visa & mastercard', NULL, 'credimax', 'أشهر وآمن وسائل الدفع حول العالم.', 1, NULL),
(13, 'Cashu', NULL, 'cashu', 'تقلل كاش يو من مخاطر الدفع عبر شبكة الإنترنت، وتتيح للمستخدمين مشاركة أوسع وأسرع وأكثر أماناً في التجارة الإلكترونية.\nالشرح مقتبس من موقع كاش يو الرسمي.', 1, NULL),
(14, 'بنك الراجحي', NULL, '', 'التحويل البنكي إلى حساب الشركة في بنك الراجحي.\n\nمعلومات الحساب كالآتي:\nأسم الحساب: فراس راشد الجودر\nرقم الحساب: 187608010300205\nIBAN: SA2380000187608010300205\n\nملاحظة مهمة: عند تحويل المبلغ سواءاً بالإنترنت او يدوياً من خلال أحد فروع البنك، فيجب على العميل أن يرسل ومن خلال حسابه في موقع المتجر الالكتروني بيانات التحويل سواءاً كتابياً أو صورة من التحويل حتى يتسنى لنا التفريق ما بين المدفوعات التي تتم في حساب الشركة.\nالمعلومات المطلوب توفيرها هي كالآتي:\nأسم الشخص الذي حول المبلغ\nرمز التحويل\nالمبلغ المحول إلى حساب الشركة\n', 1, NULL),
(15, 'بنك البحرين والكويت', NULL, '', 'التحويل البنكي إلى حساب الشركة في بنك البحرين والكويت.\n\nمعلومات الحساب كالآتي:\nأسم الحساب: ARABIC MODERN HOUSE\nرقم الحساب: 200002864264\nسويفت كود: BBKUBHBM\n\nملاحظة مهمة: عند تحويل المبلغ سواءاً بالإنترنت او يدوياً من خلال أحد فروع البنك، فيجب على العميل أن يرسل ومن خلال حسابه في موقع المتجر الالكتروني بيانات التحويل سواءاً كتابياً أو صورة من التحويل حتى يتسنى لنا التفريق ما بين المدفوعات التي تتم في حساب الشركة.\nالمعلومات المطلوب توفيرها هي كالآتي:\nأسم الشخص الذي حول المبلغ\nرمز التحويل\nالمبلغ المحول إلى حساب الشركة\n', 1, NULL),
(16, 'adad', NULL, '', NULL, 1, NULL),
(17, 'adsadad', NULL, '', NULL, 1, NULL),
(18, 'adadads', NULL, '', NULL, 1, NULL),
(19, 'adadads', NULL, '', NULL, 1, NULL),
(20, 'adasdadsadadsasdadasdads', NULL, '', NULL, 1, NULL),
(21, 'adasdadsadadsasdadasdads', NULL, '', 'sdfsfsdf adadads', 1, NULL);

-- --------------------------------------------------------

--
-- Tabellenstruktur für Tabelle `person`
--

DROP TABLE IF EXISTS `person`;
CREATE TABLE IF NOT EXISTS `person` (
  `id` int(11) NOT NULL AUTO_INCREMENT,
  `company` varchar(64) COLLATE utf8_unicode_ci DEFAULT NULL,
  `firstname` varchar(64) COLLATE utf8_unicode_ci DEFAULT NULL,
  `lastname` varchar(64) COLLATE utf8_unicode_ci DEFAULT NULL,
  `date_of_birth` date DEFAULT NULL,
  `phone` varchar(64) COLLATE utf8_unicode_ci DEFAULT NULL,
  `email` varchar(64) COLLATE utf8_unicode_ci NOT NULL,
  `mobile` varchar(64) COLLATE utf8_unicode_ci DEFAULT NULL,
  `fax` varchar(64) COLLATE utf8_unicode_ci DEFAULT NULL,
  `state` tinyint(1) NOT NULL,
  `create_date_time` datetime DEFAULT NULL,
  `update_date_time` datetime DEFAULT NULL,
  `notice` text COLLATE utf8_unicode_ci,
  `account_id` int(11) DEFAULT NULL,
  `person_group_id` int(11) DEFAULT NULL,
  PRIMARY KEY (`id`),
  KEY `fk_person_account1` (`account_id`),
  KEY `fk_person_person_group1` (`person_group_id`)
) ENGINE=InnoDB  DEFAULT CHARSET=utf8 COLLATE=utf8_unicode_ci AUTO_INCREMENT=678 ;

--
-- Daten für Tabelle `person`
--

INSERT INTO `person` (`id`, `company`, `firstname`, `lastname`, `date_of_birth`, `phone`, `email`, `mobile`, `fax`, `state`, `create_date_time`, `update_date_time`, `notice`, `account_id`, `person_group_id`) VALUES
(674, 'amhsoft c''ompnay', 'first" ''nane', 'last name', NULL, '+495312801805', 'support@amhsoft.com', '+49531280144', '+4953128018441', 0, '2012-07-05 09:06:45', '2012-07-05 09:06:45', 'xxxxxxxxxxxxxxxxxxx\r\nyyyyyyyyyyyyyyy\r\nasdasdasdasdasdasd\r\nasdasdasdasdasdasdasdasd\r\nasderteorisidfisdf\r\nasdkasjdkasjdkajsd', NULL, NULL),
(676, 'amhsoft compnay', 'first nane', 'last name', NULL, '+495312801805', 'support@amhsoft.com', '+49531280144', '+4953128018441', 0, '2012-07-05 09:06:45', '2012-07-05 09:06:45', 'xxxxxxxxxxxxxxxxxxx\nyyyyyyyyyyyyyyy\nasdasdasdasdasdasd\nasdasdasdasdasdasdasdasd\nasderteorisidfisdf\nasdkasjdkasjdkajsd', NULL, NULL),
(677, 'asdadasda', 'firstasdasdasdname', 'last name', NULL, '+495312801805', 'support@amhsoft.com', '+49531280144', 'test2', 0, '2012-07-05 09:06:45', '2012-07-05 09:06:45', 'xxxxxxxxxxxxxxxxxxx\nyyyyyyyyyyyyyyy\nasdasdasdasdasdasd\nasdasdasdasdasdasdasdasd\nasderteorisidfisdf\nasdkasjdkasjdkajsd', NULL, NULL);

-- --------------------------------------------------------

--
-- Tabellenstruktur für Tabelle `person_group`
--

DROP TABLE IF EXISTS `person_group`;
CREATE TABLE IF NOT EXISTS `person_group` (
  `id` int(11) NOT NULL AUTO_INCREMENT,
  `name` varchar(255) COLLATE utf8_unicode_ci NOT NULL,
  `alias` varchar(64) COLLATE utf8_unicode_ci NOT NULL,
  PRIMARY KEY (`id`)
) ENGINE=InnoDB  DEFAULT CHARSET=utf8 COLLATE=utf8_unicode_ci AUTO_INCREMENT=322 ;

--
-- Daten für Tabelle `person_group`
--

INSERT INTO `person_group` (`id`, `name`, `alias`) VALUES
(1, 'Developper Team', 'DEV_GRP'),
(2, 'Developper Team', 'DEV_GRP'),
(7, 'Bahrain Group', 'BAH_GRP'),
(9, 'Bahrain Group', 'BAH_GRP'),
(11, 'Bahrain Group', 'BAH_GRP'),
(13, 'Bahrain Group', 'BAH_GRP'),
(15, 'Bahrain Group', 'BAH_GRP'),
(17, 'Bahrain Group', 'BAH_GRP'),
(19, 'Bahrain Group', 'BAH_GRP'),
(21, 'Bahrain Group', 'BAH_GRP'),
(23, 'Bahrain Group', 'BAH_GRP'),
(24, 'Bahrain Group', 'BAH_GRP'),
(27, 'Bahrain Group', 'BAH_GRP'),
(29, 'Bahrain Group', 'BAH_GRP'),
(31, 'Bahrain Group', 'BAH_GRP'),
(33, 'Bahrain Group', 'BAH_GRP'),
(35, 'Bahrain Group', 'BAH_GRP'),
(37, 'Bahrain Group', 'BAH_GRP'),
(39, 'Bahrain Group', 'BAH_GRP'),
(41, 'Bahrain Group', 'BAH_GRP'),
(43, 'Bahrain Group', 'BAH_GRP'),
(45, 'Bahrain Group', 'BAH_GRP'),
(47, 'Bahrain Group', 'BAH_GRP'),
(49, 'Bahrain Group', 'BAH_GRP'),
(50, 'Bahrain Group', 'BAH_GRP'),
(52, 'Bahrain Group', 'BAH_GRP'),
(54, 'Bahrain Group', 'BAH_GRP'),
(56, 'Bahrain Group', 'BAH_GRP'),
(58, 'Bahrain Group', 'BAH_GRP'),
(60, 'Bahrain Group', 'BAH_GRP'),
(62, 'Bahrain Group', 'BAH_GRP'),
(64, 'Bahrain Group', 'BAH_GRP'),
(66, 'Bahrain Group', 'BAH_GRP'),
(68, 'Bahrain Group', 'BAH_GRP'),
(70, 'Bahrain Group', 'BAH_GRP'),
(72, 'Bahrain Group', 'BAH_GRP'),
(74, 'Bahrain Group', 'BAH_GRP'),
(76, 'Bahrain Group', 'BAH_GRP'),
(78, 'Bahrain Group', 'BAH_GRP'),
(80, 'Bahrain Group', 'BAH_GRP'),
(82, 'Bahrain Group', 'BAH_GRP'),
(84, 'Bahrain Group', 'BAH_GRP'),
(86, 'Bahrain Group', 'BAH_GRP'),
(88, 'Bahrain Group', 'BAH_GRP'),
(90, 'Bahrain Group', 'BAH_GRP'),
(92, 'Bahrain Group', 'BAH_GRP'),
(94, 'Bahrain Group', 'BAH_GRP'),
(96, 'Bahrain Group', 'BAH_GRP'),
(98, 'Bahrain Group', 'BAH_GRP'),
(100, 'Bahrain Group', 'BAH_GRP'),
(102, 'Bahrain Group', 'BAH_GRP'),
(104, 'Bahrain Group', 'BAH_GRP'),
(106, 'Bahrain Group', 'BAH_GRP'),
(108, 'Bahrain Group', 'BAH_GRP'),
(110, 'Bahrain Group', 'BAH_GRP'),
(112, 'Bahrain Group', 'BAH_GRP'),
(114, 'Bahrain Group', 'BAH_GRP'),
(116, 'Bahrain Group', 'BAH_GRP'),
(118, 'Bahrain Group', 'BAH_GRP'),
(120, 'Bahrain Group', 'BAH_GRP'),
(122, 'Bahrain Group', 'BAH_GRP'),
(124, 'Bahrain Group', 'BAH_GRP'),
(126, 'Bahrain Group', 'BAH_GRP'),
(128, 'Bahrain Group', 'BAH_GRP'),
(130, 'Bahrain Group', 'BAH_GRP'),
(132, 'Bahrain Group', 'BAH_GRP'),
(134, 'Bahrain Group', 'BAH_GRP'),
(136, 'Bahrain Group', 'BAH_GRP'),
(138, 'Bahrain Group', 'BAH_GRP'),
(140, 'Bahrain Group', 'BAH_GRP'),
(142, 'Bahrain Group', 'BAH_GRP'),
(144, 'Bahrain Group', 'BAH_GRP'),
(146, 'Bahrain Group', 'BAH_GRP'),
(148, 'Bahrain Group', 'BAH_GRP'),
(150, 'Bahrain Group', 'BAH_GRP'),
(152, 'Bahrain Group', 'BAH_GRP'),
(154, 'Bahrain Group', 'BAH_GRP'),
(156, 'Bahrain Group', 'BAH_GRP'),
(158, 'Bahrain Group', 'BAH_GRP'),
(160, 'Bahrain Group', 'BAH_GRP'),
(162, 'Bahrain Group', 'BAH_GRP'),
(164, 'Bahrain Group', 'BAH_GRP'),
(166, 'Bahrain Group', 'BAH_GRP'),
(168, 'Bahrain Group', 'BAH_GRP'),
(170, 'Bahrain Group', 'BAH_GRP'),
(172, 'Bahrain Group', 'BAH_GRP'),
(174, 'Bahrain Group', 'BAH_GRP'),
(176, 'Bahrain Group', 'BAH_GRP'),
(178, 'Bahrain Group', 'BAH_GRP'),
(180, 'Bahrain Group', 'BAH_GRP'),
(182, 'Bahrain Group', 'BAH_GRP'),
(184, 'Bahrain Group', 'BAH_GRP'),
(186, 'Bahrain Group', 'BAH_GRP'),
(188, 'Bahrain Group', 'BAH_GRP'),
(190, 'Bahrain Group', 'BAH_GRP'),
(192, 'Bahrain Group', 'BAH_GRP'),
(194, 'Bahrain Group', 'BAH_GRP'),
(196, 'Bahrain Group', 'BAH_GRP'),
(198, 'Bahrain Group', 'BAH_GRP'),
(200, 'Bahrain Group', 'BAH_GRP'),
(202, 'Bahrain Group', 'BAH_GRP'),
(204, 'Bahrain Group', 'BAH_GRP'),
(206, 'Bahrain Group', 'BAH_GRP'),
(208, 'Bahrain Group', 'BAH_GRP'),
(210, 'Bahrain Group', 'BAH_GRP'),
(212, 'Bahrain Group', 'BAH_GRP'),
(214, 'Bahrain Group', 'BAH_GRP'),
(216, 'Bahrain Group', 'BAH_GRP'),
(218, 'Bahrain Group', 'BAH_GRP'),
(220, 'Bahrain Group', 'BAH_GRP'),
(222, 'Bahrain Group', 'BAH_GRP'),
(224, 'Bahrain Group', 'BAH_GRP'),
(226, 'Bahrain Group', 'BAH_GRP'),
(228, 'Bahrain Group', 'BAH_GRP'),
(230, 'Bahrain Group', 'BAH_GRP'),
(232, 'Bahrain Group', 'BAH_GRP'),
(234, 'Bahrain Group', 'BAH_GRP'),
(236, 'Bahrain Group', 'BAH_GRP'),
(238, 'Bahrain Group', 'BAH_GRP'),
(240, 'Bahrain Group', 'BAH_GRP'),
(242, 'Bahrain Group', 'BAH_GRP'),
(244, 'Bahrain Group', 'BAH_GRP'),
(246, 'Bahrain Group', 'BAH_GRP'),
(248, 'Bahrain Group', 'BAH_GRP'),
(250, 'Bahrain Group', 'BAH_GRP'),
(252, 'Bahrain Group', 'BAH_GRP'),
(254, 'Bahrain Group', 'BAH_GRP'),
(255, 'Developper Team1', 'DEV_GRP1'),
(257, 'Bahrain Group', 'BAH_GRP'),
(259, 'Bahrain Group', 'BAH_GRP'),
(261, 'Bahrain Group', 'BAH_GRP'),
(263, 'Bahrain Group', 'BAH_GRP'),
(265, 'Bahrain Group', 'BAH_GRP'),
(267, 'Bahrain Group', 'BAH_GRP'),
(269, 'Bahrain Group', 'BAH_GRP'),
(271, 'Bahrain Group', 'BAH_GRP'),
(273, 'Bahrain Group', 'BAH_GRP'),
(275, 'Bahrain Group', 'BAH_GRP'),
(277, 'Bahrain Group', 'BAH_GRP'),
(279, 'Bahrain Group', 'BAH_GRP'),
(281, 'Bahrain Group', 'BAH_GRP'),
(283, 'Bahrain Group', 'BAH_GRP'),
(285, 'Bahrain Group', 'BAH_GRP'),
(287, 'Bahrain Group', 'BAH_GRP'),
(289, 'Bahrain Group', 'BAH_GRP'),
(291, 'Bahrain Group', 'BAH_GRP'),
(293, 'Bahrain Group', 'BAH_GRP'),
(295, 'Bahrain Group', 'BAH_GRP'),
(297, 'Bahrain Group', 'BAH_GRP'),
(299, 'Bahrain Group', 'BAH_GRP'),
(301, 'Bahrain Group', 'BAH_GRP'),
(303, 'Bahrain Group', 'BAH_GRP'),
(305, 'Bahrain Group', 'BAH_GRP'),
(307, 'Bahrain Group', 'BAH_GRP'),
(309, 'Bahrain Group', 'BAH_GRP'),
(311, 'Bahrain Group', 'BAH_GRP'),
(313, 'Bahrain Group', 'BAH_GRP'),
(315, 'Bahrain Group', 'BAH_GRP'),
(317, 'Bahrain Group', 'BAH_GRP'),
(319, 'Bahrain Group', 'BAH_GRP'),
(321, 'test2', 'Motorssouq sdfsdf 456');

-- --------------------------------------------------------

--
-- Tabellenstruktur für Tabelle `person_message`
--

DROP TABLE IF EXISTS `person_message`;
CREATE TABLE IF NOT EXISTS `person_message` (
  `id` int(11) NOT NULL AUTO_INCREMENT,
  `subject` varchar(255) COLLATE utf8_unicode_ci DEFAULT NULL,
  `content` text COLLATE utf8_unicode_ci,
  `insertat` date DEFAULT NULL,
  `person_id` int(11) NOT NULL,
  `user_id` int(11) DEFAULT NULL,
  PRIMARY KEY (`id`),
  KEY `fk_person_message_person1` (`person_id`),
  KEY `fk_person_message_user1` (`user_id`)
) ENGINE=InnoDB DEFAULT CHARSET=utf8 COLLATE=utf8_unicode_ci AUTO_INCREMENT=1 ;

--
-- Daten für Tabelle `person_message`
--


-- --------------------------------------------------------

--
-- Tabellenstruktur für Tabelle `person_message_comment`
--

DROP TABLE IF EXISTS `person_message_comment`;
CREATE TABLE IF NOT EXISTS `person_message_comment` (
  `id` int(11) NOT NULL AUTO_INCREMENT,
  `person_message_id` int(11) NOT NULL,
  `comment` text COLLATE utf8_unicode_ci,
  `writer` varchar(255) COLLATE utf8_unicode_ci DEFAULT NULL,
  PRIMARY KEY (`id`),
  KEY `fk_person_message_comment_person_message1` (`person_message_id`)
) ENGINE=InnoDB DEFAULT CHARSET=utf8 COLLATE=utf8_unicode_ci AUTO_INCREMENT=1 ;

--
-- Daten für Tabelle `person_message_comment`
--


-- --------------------------------------------------------

--
-- Tabellenstruktur für Tabelle `print_template`
--

DROP TABLE IF EXISTS `print_template`;
CREATE TABLE IF NOT EXISTS `print_template` (
  `id` int(11) NOT NULL AUTO_INCREMENT,
  `name` varchar(255) COLLATE utf8_unicode_ci DEFAULT NULL,
  PRIMARY KEY (`id`)
) ENGINE=InnoDB  DEFAULT CHARSET=utf8 COLLATE=utf8_unicode_ci AUTO_INCREMENT=34 ;

--
-- Daten für Tabelle `print_template`
--

INSERT INTO `print_template` (`id`, `name`) VALUES
(33, 'sale order template');

-- --------------------------------------------------------

--
-- Tabellenstruktur für Tabelle `print_template_lang`
--

DROP TABLE IF EXISTS `print_template_lang`;
CREATE TABLE IF NOT EXISTS `print_template_lang` (
  `content` text COLLATE utf8_unicode_ci,
  `print_template_id` int(11) DEFAULT NULL,
  `lang` varchar(255) COLLATE utf8_unicode_ci NOT NULL,
  KEY `print_template_id` (`print_template_id`)
) ENGINE=InnoDB DEFAULT CHARSET=utf8 COLLATE=utf8_unicode_ci;

--
-- Daten für Tabelle `print_template_lang`
--

INSERT INTO `print_template_lang` (`content`, `print_template_id`, `lang`) VALUES
('<table style="width: 100%;" border="0">\r\n<tbody>\r\n<tr>\r\n<td><img src="http://amhsoft.com/amhsoft.png" alt="" width="151" height="42" /></td>\r\n<td>Crm_Account_Model::name<br />Tel: Crm_Account_Model::mobile<br />Email: Crm_Account_Model::email1<br /><br />Saleorder_Address_Model::street<br />Saleorder_Address_Model::city Saleorder_Address_Model::country </td>\r\n</tr>\r\n<tr>\r\n<td> </td>\r\n<td> </td>\r\n</tr>\r\n</tbody>\r\n</table>\r\n<hr />\r\n<p><strong><span style="text-decoration: underline;"><br /></span>SO Number:  Saleorder_Model::number<span style="text-decoration: underline;"><br /></span></strong><br />Dear Customer Crm_Account_Model::name<br />Thank you for purshasing our product.<br /> <br /><br />Payment: Saleorder_Model::payment_method_name </p>\r\n<table style="width: 100%;" border="1" cellpadding="5">\r\n<tbody>\r\n<tr><th><strong>Item Numner</strong></th><th>Unit Price</th><th><strong>Quantity</strong></th><th><strong>SubTotal</strong></th></tr>\r\n<tr>\r\n<td>Saleorder_Item_Model::item_name</td>\r\n<td>Saleorder_Item_Model::unit_price</td>\r\n<td>Saleorder_Item_Model::quantity</td>\r\n<td>Saleorder_Item_Model::total_price</td>\r\n</tr>\r\n<tr>\r\n<td> </td>\r\n<td><strong>Total </strong></td>\r\n<td><strong> Saleorder_Model::price</strong></td>\r\n<td> </td>\r\n</tr>\r\n</tbody>\r\n</table>\r\n<p>All Product Will be shipped to flollowing Shipping Address in 10 days.<br />Receiver: Saleorder_Shipping_Address_Model::name<br />Street: Saleorder_Shipping_Address_Model::street<br />Country/ Postal Code: Saleorder_Shipping_Address_Model::country / Saleorder_Shipping_Address_Model::zipcode</p>\r\n<p><span style="text-decoration: underline;">Policy:</span><br /><span style="font-size: xx-small;">Saleorder_Model::policy</span><br /><br /><br /><strong>Thank you </strong></p>', 33, 'en'),
('<p><img src="http://amhsoft.com/amhsoft.png" alt="" width="151" height="42" /></p>\r\n<hr />\r\n<p>Hallo World</p>\r\n<p> </p>', 33, 'ar');

-- --------------------------------------------------------

--
-- Tabellenstruktur für Tabelle `product`
--

DROP TABLE IF EXISTS `product`;
CREATE TABLE IF NOT EXISTS `product` (
  `id` int(11) NOT NULL AUTO_INCREMENT,
  `number` varchar(255) COLLATE utf8_unicode_ci NOT NULL,
  `price` float(15,3) DEFAULT NULL,
  `online` tinyint(1) NOT NULL,
  `categorie_id` int(11) DEFAULT NULL,
  `discount` double(10,2) NOT NULL,
  `remote_id` int(11) DEFAULT NULL,
  `insertat` datetime DEFAULT NULL,
  `updateat` datetime DEFAULT NULL,
  `entity_set_id` int(11) DEFAULT NULL,
  `type_id` int(11) DEFAULT NULL,
  `special_price` decimal(12,3) DEFAULT NULL,
  `special_price_date_from` date DEFAULT NULL,
  `special_price_date_to` date DEFAULT NULL,
  `manage_stock` tinyint(1) DEFAULT NULL,
  `quantity` int(11) DEFAULT NULL,
  PRIMARY KEY (`id`),
  KEY `fk_product_product_set1` (`entity_set_id`),
  KEY `categorie_id` (`categorie_id`)
) ENGINE=InnoDB  DEFAULT CHARSET=utf8 COLLATE=utf8_unicode_ci AUTO_INCREMENT=45 ;

--
-- Daten für Tabelle `product`
--

INSERT INTO `product` (`id`, `number`, `price`, `online`, `categorie_id`, `discount`, `remote_id`, `insertat`, `updateat`, `entity_set_id`, `type_id`, `special_price`, `special_price_date_from`, `special_price_date_to`, `manage_stock`, `quantity`) VALUES
(7, 'abcde', 24.000, 0, 20, 0.00, NULL, NULL, NULL, 5, 1, NULL, NULL, NULL, 1, 15),
(8, '123', 14.000, 0, 20, 0.00, NULL, NULL, NULL, 5, 1, NULL, NULL, NULL, 1, 15),
(9, '1234', 27.000, 0, 20, 0.00, NULL, NULL, NULL, 5, 1, NULL, NULL, NULL, 0, 15),
(10, 'asdasda', 39.000, 0, 20, 0.00, NULL, NULL, NULL, 5, 1, NULL, NULL, NULL, 0, 14),
(11, '123456', 34.000, 0, 21, 0.00, NULL, NULL, NULL, 7, 1, NULL, NULL, NULL, 0, 15),
(12, '123141', 39.000, 0, 21, 0.00, NULL, NULL, NULL, 7, 1, NULL, NULL, NULL, 0, 15),
(13, '1232', 24.000, 0, 21, 0.00, NULL, NULL, NULL, 7, 1, NULL, NULL, NULL, 0, 15),
(14, '23144', 27.000, 0, 21, 0.00, NULL, NULL, NULL, 7, 1, NULL, NULL, NULL, 0, 15),
(15, '85481', 19.000, 0, 22, 0.00, NULL, NULL, NULL, 6, 1, NULL, NULL, NULL, 0, 15),
(16, '19283', 29.000, 0, 22, 0.00, NULL, NULL, NULL, 6, 1, NULL, NULL, NULL, 0, 15),
(17, 'asdda', 9.000, 0, 22, 0.00, NULL, NULL, NULL, 6, 1, NULL, NULL, NULL, 0, 15),
(18, '32521', 27.000, 0, 22, 0.00, NULL, NULL, NULL, 6, 1, NULL, NULL, NULL, 0, 154),
(19, 'dasdad', 27.000, 0, 22, 0.00, NULL, NULL, NULL, 6, 1, NULL, NULL, NULL, 0, 15),
(20, '1452342314', 14.000, 0, 24, 0.00, NULL, NULL, NULL, 8, 1, NULL, NULL, NULL, 0, 15),
(21, '81424311', 44.000, 0, 24, 0.00, NULL, NULL, NULL, 8, 1, NULL, NULL, NULL, 0, 15),
(22, '123', 69.000, 0, 24, 0.00, NULL, NULL, NULL, 8, 1, NULL, NULL, NULL, 0, 15),
(23, '312313', NULL, 0, 24, 0.00, NULL, NULL, NULL, 8, 1, NULL, NULL, NULL, 0, 154),
(24, '312313', 17.000, 0, 24, 0.00, NULL, NULL, NULL, 8, 1, NULL, NULL, NULL, 0, 154),
(25, '123414', 22.000, 0, 25, 0.00, NULL, NULL, NULL, 9, 1, NULL, NULL, NULL, 0, 15),
(26, 'asdw', 27.000, 0, 25, 0.00, NULL, NULL, NULL, 9, 1, NULL, NULL, NULL, 0, 15),
(27, '9740', 18.000, 0, 25, 0.00, NULL, NULL, NULL, 9, 1, NULL, NULL, NULL, 0, 15),
(28, '12341', 19.000, 0, 25, 0.00, NULL, NULL, NULL, 9, 1, NULL, NULL, NULL, 0, 15),
(29, '1235478', 19.000, 0, 25, 0.00, NULL, NULL, NULL, 9, 1, NULL, NULL, NULL, 0, 15),
(30, 'asdasd', 19.000, 0, 26, 0.00, NULL, NULL, NULL, 10, 1, NULL, NULL, NULL, 0, 15),
(31, '1232134121132', 27.000, 0, 26, 0.00, NULL, NULL, NULL, 10, 1, NULL, NULL, NULL, 0, 15),
(32, '1231123', 19.000, 0, 26, 0.00, NULL, NULL, NULL, 10, 1, 14.000, NULL, NULL, 0, 15),
(33, 'asdasd', 12.000, 0, 26, 0.00, NULL, NULL, NULL, 10, 1, NULL, NULL, NULL, 0, 15),
(34, 'asdsa', 12.000, 0, 26, 0.00, NULL, NULL, NULL, 10, 1, 9.000, NULL, NULL, 0, 15),
(35, 'asdad', 9.000, 0, 26, 0.00, NULL, NULL, NULL, 10, 1, NULL, NULL, NULL, 0, 15),
(36, 'abcde', 24.000, 0, 20, 0.00, NULL, NULL, NULL, 5, 1, NULL, NULL, NULL, 1, 15),
(37, 'abcde', 24.000, 0, 20, 0.00, NULL, NULL, NULL, 5, 1, NULL, NULL, NULL, 1, 15),
(38, '123', 14.000, 0, 20, 0.00, NULL, NULL, NULL, 5, 1, NULL, NULL, NULL, 1, 15),
(39, '123', 14.000, 0, 20, 0.00, NULL, NULL, NULL, 5, 1, NULL, NULL, NULL, 1, 15),
(40, '123', 14.000, 0, 20, 0.00, NULL, NULL, NULL, 5, 1, NULL, NULL, NULL, 1, 15),
(41, 'abcde', 24.000, 0, 20, 0.00, NULL, NULL, NULL, 5, 1, NULL, NULL, NULL, 1, 15),
(42, 'asdasda', 39.000, 0, 20, 0.00, NULL, NULL, NULL, 5, 1, NULL, NULL, NULL, 0, 14),
(43, 'asdda', 9.000, 0, 22, 0.00, NULL, NULL, NULL, 6, 1, NULL, NULL, NULL, 0, 15),
(44, 'asdasda', 39.000, 0, 20, 0.00, NULL, NULL, NULL, 5, 1, NULL, NULL, NULL, 0, 20);

-- --------------------------------------------------------

--
-- Tabellenstruktur für Tabelle `product_category`
--

DROP TABLE IF EXISTS `product_category`;
CREATE TABLE IF NOT EXISTS `product_category` (
  `id` bigint(31) NOT NULL AUTO_INCREMENT,
  `sortid` int(11) DEFAULT '0',
  `state` int(1) DEFAULT '1',
  `image_id` int(11) DEFAULT NULL,
  `parent_id` bigint(31) DEFAULT NULL,
  PRIMARY KEY (`id`),
  KEY `fk_product_category_image1` (`image_id`),
  KEY `fk_product_category_product_category1` (`parent_id`)
) ENGINE=InnoDB  DEFAULT CHARSET=utf8 COLLATE=utf8_unicode_ci AUTO_INCREMENT=27 ;

--
-- Daten für Tabelle `product_category`
--

INSERT INTO `product_category` (`id`, `sortid`, `state`, `image_id`, `parent_id`) VALUES
(19, NULL, 1, NULL, NULL),
(20, NULL, 1, NULL, 19),
(21, NULL, 1, NULL, 19),
(22, NULL, 1, NULL, 19),
(23, NULL, 1, NULL, NULL),
(24, NULL, 1, NULL, 23),
(25, NULL, 1, NULL, 23),
(26, NULL, 1, NULL, 23);

-- --------------------------------------------------------

--
-- Tabellenstruktur für Tabelle `product_category_lang`
--

DROP TABLE IF EXISTS `product_category_lang`;
CREATE TABLE IF NOT EXISTS `product_category_lang` (
  `name` varchar(255) COLLATE utf8_unicode_ci NOT NULL,
  `description` longtext COLLATE utf8_unicode_ci,
  `lang` varchar(3) COLLATE utf8_unicode_ci DEFAULT NULL,
  `product_category_id` bigint(31) NOT NULL,
  KEY `fk_product_category_lang_product_category1` (`product_category_id`)
) ENGINE=InnoDB DEFAULT CHARSET=utf8 COLLATE=utf8_unicode_ci;

--
-- Daten für Tabelle `product_category_lang`
--

INSERT INTO `product_category_lang` (`name`, `description`, `lang`, `product_category_id`) VALUES
('Category Name', 'Category DescriptionCategory DescriptionCategory DescriptionCategory DescriptionCategory DescriptionCategory DescriptionCategory DescriptionCategory DescriptionCategory DescriptionCategory DescriptionCategory DescriptionCategory DescriptionCategory DescriptionCategory DescriptionCategory DescriptionCategory DescriptionCategory DescriptionCategory DescriptionCategory DescriptionCategory DescriptionCategory DescriptionCategory DescriptionCategory DescriptionCategory DescriptionCategory DescriptionCategory DescriptionCategory DescriptionCategory DescriptionCategory DescriptionCategory DescriptionCategory DescriptionCategory DescriptionCategory DescriptionCategory DescriptionCategory DescriptionCategory DescriptionCategory DescriptionCategory DescriptionCategory DescriptionCategory DescriptionCategory DescriptionCategory DescriptionCategory DescriptionCategory DescriptionCategory DescriptionCategory DescriptionCategory DescriptionCategory DescriptionCategory DescriptionCategory Description', 'AR', 1),
('Woman', 'Category DescriptionCategory DescriptionCategory DescriptionCategory DescriptionCategory DescriptionCategory DescriptionCategory DescriptionCategory DescriptionCategory DescriptionCategory DescriptionCategory DescriptionCategory DescriptionCategory DescriptionCategory DescriptionCategory DescriptionCategory DescriptionCategory DescriptionCategory DescriptionCategory DescriptionCategory DescriptionCategory DescriptionCategory DescriptionCategory DescriptionCategory DescriptionCategory DescriptionCategory DescriptionCategory DescriptionCategory DescriptionCategory DescriptionCategory DescriptionCategory DescriptionCategory DescriptionCategory DescriptionCategory DescriptionCategory DescriptionCategory DescriptionCategory DescriptionCategory DescriptionCategory DescriptionCategory DescriptionCategory DescriptionCategory DescriptionCategory DescriptionCategory DescriptionCategory DescriptionCategory DescriptionCategory DescriptionCategory DescriptionCategory DescriptionCategory Description', 'EN', 1),
('Category Name', 'Category DescriptionCategory DescriptionCategory DescriptionCategory DescriptionCategory DescriptionCategory DescriptionCategory DescriptionCategory DescriptionCategory DescriptionCategory DescriptionCategory DescriptionCategory DescriptionCategory DescriptionCategory DescriptionCategory DescriptionCategory DescriptionCategory DescriptionCategory DescriptionCategory DescriptionCategory DescriptionCategory DescriptionCategory DescriptionCategory DescriptionCategory DescriptionCategory DescriptionCategory DescriptionCategory DescriptionCategory DescriptionCategory DescriptionCategory DescriptionCategory DescriptionCategory DescriptionCategory DescriptionCategory DescriptionCategory DescriptionCategory DescriptionCategory DescriptionCategory DescriptionCategory DescriptionCategory DescriptionCategory DescriptionCategory DescriptionCategory DescriptionCategory DescriptionCategory DescriptionCategory DescriptionCategory DescriptionCategory DescriptionCategory DescriptionCategory Description', 'DE', 1),
('Category Name', 'Category DescriptionCategory DescriptionCategory DescriptionCategory DescriptionCategory DescriptionCategory DescriptionCategory DescriptionCategory DescriptionCategory DescriptionCategory DescriptionCategory DescriptionCategory DescriptionCategory DescriptionCategory DescriptionCategory DescriptionCategory DescriptionCategory DescriptionCategory DescriptionCategory DescriptionCategory DescriptionCategory DescriptionCategory DescriptionCategory DescriptionCategory DescriptionCategory DescriptionCategory DescriptionCategory DescriptionCategory DescriptionCategory DescriptionCategory DescriptionCategory DescriptionCategory DescriptionCategory DescriptionCategory DescriptionCategory DescriptionCategory DescriptionCategory DescriptionCategory DescriptionCategory DescriptionCategory DescriptionCategory DescriptionCategory DescriptionCategory DescriptionCategory DescriptionCategory DescriptionCategory DescriptionCategory DescriptionCategory DescriptionCategory DescriptionCategory Description', 'AR', 2),
('Men', 'Category DescriptionCategory DescriptionCategory DescriptionCategory DescriptionCategory DescriptionCategory DescriptionCategory DescriptionCategory DescriptionCategory DescriptionCategory DescriptionCategory DescriptionCategory DescriptionCategory DescriptionCategory DescriptionCategory DescriptionCategory DescriptionCategory DescriptionCategory DescriptionCategory DescriptionCategory DescriptionCategory DescriptionCategory DescriptionCategory DescriptionCategory DescriptionCategory DescriptionCategory DescriptionCategory DescriptionCategory DescriptionCategory DescriptionCategory DescriptionCategory DescriptionCategory DescriptionCategory DescriptionCategory DescriptionCategory DescriptionCategory DescriptionCategory DescriptionCategory DescriptionCategory DescriptionCategory DescriptionCategory DescriptionCategory DescriptionCategory DescriptionCategory DescriptionCategory DescriptionCategory DescriptionCategory DescriptionCategory DescriptionCategory DescriptionCategory Description', 'EN', 2),
('Category Name', 'Category DescriptionCategory DescriptionCategory DescriptionCategory DescriptionCategory DescriptionCategory DescriptionCategory DescriptionCategory DescriptionCategory DescriptionCategory DescriptionCategory DescriptionCategory DescriptionCategory DescriptionCategory DescriptionCategory DescriptionCategory DescriptionCategory DescriptionCategory DescriptionCategory DescriptionCategory DescriptionCategory DescriptionCategory DescriptionCategory DescriptionCategory DescriptionCategory DescriptionCategory DescriptionCategory DescriptionCategory DescriptionCategory DescriptionCategory DescriptionCategory DescriptionCategory DescriptionCategory DescriptionCategory DescriptionCategory DescriptionCategory DescriptionCategory DescriptionCategory DescriptionCategory DescriptionCategory DescriptionCategory DescriptionCategory DescriptionCategory DescriptionCategory DescriptionCategory DescriptionCategory DescriptionCategory DescriptionCategory DescriptionCategory DescriptionCategory Description', 'DE', 2),
('Category Name', 'Category DescriptionCategory DescriptionCategory DescriptionCategory DescriptionCategory DescriptionCategory DescriptionCategory DescriptionCategory DescriptionCategory DescriptionCategory DescriptionCategory DescriptionCategory DescriptionCategory DescriptionCategory DescriptionCategory DescriptionCategory DescriptionCategory DescriptionCategory DescriptionCategory DescriptionCategory DescriptionCategory DescriptionCategory DescriptionCategory DescriptionCategory DescriptionCategory DescriptionCategory DescriptionCategory DescriptionCategory DescriptionCategory DescriptionCategory DescriptionCategory DescriptionCategory DescriptionCategory DescriptionCategory DescriptionCategory DescriptionCategory DescriptionCategory DescriptionCategory DescriptionCategory DescriptionCategory DescriptionCategory DescriptionCategory DescriptionCategory DescriptionCategory DescriptionCategory DescriptionCategory DescriptionCategory DescriptionCategory DescriptionCategory DescriptionCategory Description', 'AR', 3),
('Kids', 'Category DescriptionCategory DescriptionCategory DescriptionCategory DescriptionCategory DescriptionCategory DescriptionCategory DescriptionCategory DescriptionCategory DescriptionCategory DescriptionCategory DescriptionCategory DescriptionCategory DescriptionCategory DescriptionCategory DescriptionCategory DescriptionCategory DescriptionCategory DescriptionCategory DescriptionCategory DescriptionCategory DescriptionCategory DescriptionCategory DescriptionCategory DescriptionCategory DescriptionCategory DescriptionCategory DescriptionCategory DescriptionCategory DescriptionCategory DescriptionCategory DescriptionCategory DescriptionCategory DescriptionCategory DescriptionCategory DescriptionCategory DescriptionCategory DescriptionCategory DescriptionCategory DescriptionCategory DescriptionCategory DescriptionCategory DescriptionCategory DescriptionCategory DescriptionCategory DescriptionCategory DescriptionCategory DescriptionCategory DescriptionCategory DescriptionCategory Description', 'EN', 3),
('Category Name', 'Category DescriptionCategory DescriptionCategory DescriptionCategory DescriptionCategory DescriptionCategory DescriptionCategory DescriptionCategory DescriptionCategory DescriptionCategory DescriptionCategory DescriptionCategory DescriptionCategory DescriptionCategory DescriptionCategory DescriptionCategory DescriptionCategory DescriptionCategory DescriptionCategory DescriptionCategory DescriptionCategory DescriptionCategory DescriptionCategory DescriptionCategory DescriptionCategory DescriptionCategory DescriptionCategory DescriptionCategory DescriptionCategory DescriptionCategory DescriptionCategory DescriptionCategory DescriptionCategory DescriptionCategory DescriptionCategory DescriptionCategory DescriptionCategory DescriptionCategory DescriptionCategory DescriptionCategory DescriptionCategory DescriptionCategory DescriptionCategory DescriptionCategory DescriptionCategory DescriptionCategory DescriptionCategory DescriptionCategory DescriptionCategory DescriptionCategory Description', 'DE', 3),
('Category Name', 'Category DescriptionCategory DescriptionCategory DescriptionCategory DescriptionCategory DescriptionCategory DescriptionCategory DescriptionCategory DescriptionCategory DescriptionCategory DescriptionCategory DescriptionCategory DescriptionCategory DescriptionCategory DescriptionCategory DescriptionCategory DescriptionCategory DescriptionCategory DescriptionCategory DescriptionCategory DescriptionCategory DescriptionCategory DescriptionCategory DescriptionCategory DescriptionCategory DescriptionCategory DescriptionCategory DescriptionCategory DescriptionCategory DescriptionCategory DescriptionCategory DescriptionCategory DescriptionCategory DescriptionCategory DescriptionCategory DescriptionCategory DescriptionCategory DescriptionCategory DescriptionCategory DescriptionCategory DescriptionCategory DescriptionCategory DescriptionCategory DescriptionCategory DescriptionCategory DescriptionCategory DescriptionCategory DescriptionCategory DescriptionCategory DescriptionCategory Description', 'AR', 4),
('shoes', 'Category DescriptionCategory DescriptionCategory DescriptionCategory DescriptionCategory DescriptionCategory DescriptionCategory DescriptionCategory DescriptionCategory DescriptionCategory DescriptionCategory DescriptionCategory DescriptionCategory DescriptionCategory DescriptionCategory DescriptionCategory DescriptionCategory DescriptionCategory DescriptionCategory DescriptionCategory DescriptionCategory DescriptionCategory DescriptionCategory DescriptionCategory DescriptionCategory DescriptionCategory DescriptionCategory DescriptionCategory DescriptionCategory DescriptionCategory DescriptionCategory DescriptionCategory DescriptionCategory DescriptionCategory DescriptionCategory DescriptionCategory DescriptionCategory DescriptionCategory DescriptionCategory DescriptionCategory DescriptionCategory DescriptionCategory DescriptionCategory DescriptionCategory DescriptionCategory DescriptionCategory DescriptionCategory DescriptionCategory DescriptionCategory DescriptionCategory Description', 'EN', 4),
('Category Name', 'Category DescriptionCategory DescriptionCategory DescriptionCategory DescriptionCategory DescriptionCategory DescriptionCategory DescriptionCategory DescriptionCategory DescriptionCategory DescriptionCategory DescriptionCategory DescriptionCategory DescriptionCategory DescriptionCategory DescriptionCategory DescriptionCategory DescriptionCategory DescriptionCategory DescriptionCategory DescriptionCategory DescriptionCategory DescriptionCategory DescriptionCategory DescriptionCategory DescriptionCategory DescriptionCategory DescriptionCategory DescriptionCategory DescriptionCategory DescriptionCategory DescriptionCategory DescriptionCategory DescriptionCategory DescriptionCategory DescriptionCategory DescriptionCategory DescriptionCategory DescriptionCategory DescriptionCategory DescriptionCategory DescriptionCategory DescriptionCategory DescriptionCategory DescriptionCategory DescriptionCategory DescriptionCategory DescriptionCategory DescriptionCategory DescriptionCategory Description', 'DE', 4),
('sport', NULL, 'AR', 5),
('sport', NULL, 'EN', 5),
('sport', NULL, 'DE', 5),
('Accessories', NULL, 'AR', 6),
('Accessories', NULL, 'EN', 6),
('Accessories', NULL, 'DE', 6),
('adasdasd', NULL, 'AR', 7),
('adasdasd', NULL, 'EN', 7),
('adasdasd', NULL, 'DE', 7),
('asdasdasdasd', NULL, 'AR', 8),
('asdasdasdasd', NULL, 'EN', 8),
('asdasdasdasd', NULL, 'DE', 8),
('211323423', NULL, 'AR', 9),
('211323423', NULL, 'EN', 9),
('211323423', NULL, 'DE', 9),
('Category Name', 'Category DescriptionCategory DescriptionCategory DescriptionCategory DescriptionCategory DescriptionCategory DescriptionCategory DescriptionCategory DescriptionCategory DescriptionCategory DescriptionCategory DescriptionCategory DescriptionCategory DescriptionCategory DescriptionCategory DescriptionCategory DescriptionCategory DescriptionCategory DescriptionCategory DescriptionCategory DescriptionCategory DescriptionCategory DescriptionCategory DescriptionCategory DescriptionCategory DescriptionCategory DescriptionCategory DescriptionCategory DescriptionCategory DescriptionCategory DescriptionCategory DescriptionCategory DescriptionCategory DescriptionCategory DescriptionCategory DescriptionCategory DescriptionCategory DescriptionCategory DescriptionCategory DescriptionCategory DescriptionCategory DescriptionCategory DescriptionCategory DescriptionCategory DescriptionCategory DescriptionCategory DescriptionCategory DescriptionCategory DescriptionCategory DescriptionCategory Description', 'AR', 10),
('Category Name', 'Category DescriptionCategory DescriptionCategory DescriptionCategory DescriptionCategory DescriptionCategory DescriptionCategory DescriptionCategory DescriptionCategory DescriptionCategory DescriptionCategory DescriptionCategory DescriptionCategory DescriptionCategory DescriptionCategory DescriptionCategory DescriptionCategory DescriptionCategory DescriptionCategory DescriptionCategory DescriptionCategory DescriptionCategory DescriptionCategory DescriptionCategory DescriptionCategory DescriptionCategory DescriptionCategory DescriptionCategory DescriptionCategory DescriptionCategory DescriptionCategory DescriptionCategory DescriptionCategory DescriptionCategory DescriptionCategory DescriptionCategory DescriptionCategory DescriptionCategory DescriptionCategory DescriptionCategory DescriptionCategory DescriptionCategory DescriptionCategory DescriptionCategory DescriptionCategory DescriptionCategory DescriptionCategory DescriptionCategory DescriptionCategory DescriptionCategory Description', 'EN', 10),
('Category Name', 'Category DescriptionCategory DescriptionCategory DescriptionCategory DescriptionCategory DescriptionCategory DescriptionCategory DescriptionCategory DescriptionCategory DescriptionCategory DescriptionCategory DescriptionCategory DescriptionCategory DescriptionCategory DescriptionCategory DescriptionCategory DescriptionCategory DescriptionCategory DescriptionCategory DescriptionCategory DescriptionCategory DescriptionCategory DescriptionCategory DescriptionCategory DescriptionCategory DescriptionCategory DescriptionCategory DescriptionCategory DescriptionCategory DescriptionCategory DescriptionCategory DescriptionCategory DescriptionCategory DescriptionCategory DescriptionCategory DescriptionCategory DescriptionCategory DescriptionCategory DescriptionCategory DescriptionCategory DescriptionCategory DescriptionCategory DescriptionCategory DescriptionCategory DescriptionCategory DescriptionCategory DescriptionCategory DescriptionCategory DescriptionCategory DescriptionCategory Description', 'DE', 10),
('ahmedf', NULL, 'AR', 11),
('ahmedf', NULL, 'EN', 11),
('ahmedf', NULL, 'DE', 11),
('Wheels', NULL, 'AR', 12),
('Wheels', NULL, 'EN', 12),
('Number', NULL, 'AR', 13),
('Number', NULL, 'EN', 13),
('Smartphone', NULL, 'AR', 14),
('Smartphone', NULL, 'EN', 14),
('Vehcicle Window', NULL, 'AR', 15),
('Vehcicle Window', NULL, 'EN', 15),
('Water Craft', NULL, 'AR', 16),
('Water Craft', NULL, 'EN', 16),
('Books', NULL, 'en', 17),
('Books', NULL, 'ar', 17),
('Villa', NULL, 'en', 18),
('Villa', NULL, 'ar', 18),
('Woman', NULL, 'en', 19),
('Woman', NULL, 'ar', 19),
('Shoes', NULL, 'en', 20),
('Shoes', NULL, 'ar', 20),
('Dresses', NULL, 'en', 21),
('Dresses', NULL, 'ar', 21),
('Skirts', NULL, 'en', 22),
('Skirts', NULL, 'ar', 22),
('Men', NULL, 'en', 23),
('Men', NULL, 'ar', 23),
('Jackets & gilets', NULL, 'en', 24),
('Jackets & gilets', NULL, 'ar', 24),
('Sweatshirts', NULL, 'en', 25),
('Sweatshirts', NULL, 'ar', 25),
('Sportpants', NULL, 'en', 26),
('Sportpants', NULL, 'ar', 26);

-- --------------------------------------------------------

--
-- Tabellenstruktur für Tabelle `product_comment`
--

DROP TABLE IF EXISTS `product_comment`;
CREATE TABLE IF NOT EXISTS `product_comment` (
  `id` int(11) NOT NULL AUTO_INCREMENT,
  `subject` varchar(255) COLLATE utf8_unicode_ci DEFAULT NULL,
  `comment` text COLLATE utf8_unicode_ci,
  `public` tinyint(1) DEFAULT NULL,
  `author` varchar(255) COLLATE utf8_unicode_ci DEFAULT NULL,
  `insertat` date DEFAULT NULL,
  `product_id` int(11) NOT NULL,
  PRIMARY KEY (`id`),
  KEY `fk_product_comment_product1` (`product_id`)
) ENGINE=InnoDB DEFAULT CHARSET=utf8 COLLATE=utf8_unicode_ci AUTO_INCREMENT=1 ;

--
-- Daten für Tabelle `product_comment`
--


-- --------------------------------------------------------

--
-- Tabellenstruktur für Tabelle `product_configuration`
--

DROP TABLE IF EXISTS `product_configuration`;
CREATE TABLE IF NOT EXISTS `product_configuration` (
  `id` int(11) NOT NULL AUTO_INCREMENT,
  `name` varchar(255) COLLATE utf8_unicode_ci DEFAULT NULL,
  `product_set_id` int(11) NOT NULL,
  PRIMARY KEY (`id`),
  KEY `fk_product_configuration_product_set1` (`product_set_id`)
) ENGINE=InnoDB DEFAULT CHARSET=utf8 COLLATE=utf8_unicode_ci AUTO_INCREMENT=1 ;

--
-- Daten für Tabelle `product_configuration`
--


-- --------------------------------------------------------

--
-- Tabellenstruktur für Tabelle `product_configuration_has_product`
--

DROP TABLE IF EXISTS `product_configuration_has_product`;
CREATE TABLE IF NOT EXISTS `product_configuration_has_product` (
  `product_configuration_id` int(11) NOT NULL,
  `product_id` int(11) NOT NULL,
  PRIMARY KEY (`product_configuration_id`,`product_id`),
  KEY `fk_product_configuration_has_product_product1` (`product_id`),
  KEY `fk_product_configuration_has_product_product_configuration1` (`product_configuration_id`)
) ENGINE=InnoDB DEFAULT CHARSET=utf8 COLLATE=utf8_unicode_ci;

--
-- Daten für Tabelle `product_configuration_has_product`
--


-- --------------------------------------------------------

--
-- Tabellenstruktur für Tabelle `product_configuration_has_product_attribute`
--

DROP TABLE IF EXISTS `product_configuration_has_product_attribute`;
CREATE TABLE IF NOT EXISTS `product_configuration_has_product_attribute` (
  `product_configuration_id` int(11) NOT NULL,
  `product_attribute_id` int(11) NOT NULL,
  PRIMARY KEY (`product_configuration_id`,`product_attribute_id`),
  KEY `fk_product_configuration_has_product_attribute_product_attrib1` (`product_attribute_id`),
  KEY `fk_product_configuration_has_product_attribute_product_config1` (`product_configuration_id`)
) ENGINE=InnoDB DEFAULT CHARSET=utf8 COLLATE=utf8_unicode_ci;

--
-- Daten für Tabelle `product_configuration_has_product_attribute`
--


-- --------------------------------------------------------

--
-- Tabellenstruktur für Tabelle `product_cross_selling`
--

DROP TABLE IF EXISTS `product_cross_selling`;
CREATE TABLE IF NOT EXISTS `product_cross_selling` (
  `product_id` int(11) NOT NULL,
  `cross_id` int(11) NOT NULL,
  PRIMARY KEY (`product_id`,`cross_id`),
  KEY `fk_product_has_product_product4` (`cross_id`),
  KEY `fk_product_has_product_product3` (`product_id`)
) ENGINE=InnoDB DEFAULT CHARSET=utf8 COLLATE=utf8_unicode_ci;

--
-- Daten für Tabelle `product_cross_selling`
--


-- --------------------------------------------------------

--
-- Tabellenstruktur für Tabelle `product_hast_grouped_product`
--

DROP TABLE IF EXISTS `product_hast_grouped_product`;
CREATE TABLE IF NOT EXISTS `product_hast_grouped_product` (
  `grouped_id` int(11) NOT NULL,
  `product_id` int(11) NOT NULL,
  KEY `fk_product_hast_grouped_product_product1` (`grouped_id`),
  KEY `fk_product_hast_grouped_product_product2` (`product_id`)
) ENGINE=InnoDB DEFAULT CHARSET=utf8 COLLATE=utf8_unicode_ci;

--
-- Daten für Tabelle `product_hast_grouped_product`
--


-- --------------------------------------------------------

--
-- Tabellenstruktur für Tabelle `product_has_document`
--

DROP TABLE IF EXISTS `product_has_document`;
CREATE TABLE IF NOT EXISTS `product_has_document` (
  `product_id` int(11) NOT NULL,
  `document_id` int(11) NOT NULL,
  PRIMARY KEY (`product_id`,`document_id`),
  KEY `fk_product_has_document_document1` (`document_id`),
  KEY `fk_product_has_document_product1` (`product_id`)
) ENGINE=InnoDB DEFAULT CHARSET=utf8 COLLATE=utf8_unicode_ci;

--
-- Daten für Tabelle `product_has_document`
--


-- --------------------------------------------------------

--
-- Tabellenstruktur für Tabelle `product_has_image`
--

DROP TABLE IF EXISTS `product_has_image`;
CREATE TABLE IF NOT EXISTS `product_has_image` (
  `product_id` int(11) NOT NULL,
  `image_id` int(11) NOT NULL,
  `sortid` int(11) DEFAULT NULL,
  PRIMARY KEY (`product_id`,`image_id`),
  KEY `fk_product_has_image_image1` (`image_id`),
  KEY `fk_product_has_image_product1` (`product_id`)
) ENGINE=InnoDB DEFAULT CHARSET=utf8 COLLATE=utf8_unicode_ci;

--
-- Daten für Tabelle `product_has_image`
--

INSERT INTO `product_has_image` (`product_id`, `image_id`, `sortid`) VALUES
(7, 58, NULL),
(8, 59, NULL),
(9, 60, NULL),
(10, 61, NULL),
(11, 62, NULL),
(12, 63, NULL),
(13, 64, NULL),
(14, 65, NULL),
(15, 66, NULL),
(16, 67, NULL),
(17, 68, NULL),
(18, 69, NULL),
(19, 70, NULL),
(20, 71, NULL),
(21, 72, NULL),
(22, 73, NULL),
(24, 74, NULL),
(25, 75, NULL),
(26, 76, NULL),
(27, 77, NULL),
(28, 78, NULL),
(29, 79, NULL),
(30, 80, NULL),
(31, 81, NULL),
(32, 82, NULL),
(33, 83, NULL),
(34, 84, NULL),
(35, 85, NULL),
(36, 58, NULL),
(37, 58, NULL),
(38, 59, NULL),
(39, 59, NULL),
(40, 59, NULL),
(41, 58, NULL),
(42, 61, NULL),
(43, 68, NULL),
(44, 61, NULL);

-- --------------------------------------------------------

--
-- Tabellenstruktur für Tabelle `product_has_product_category`
--

DROP TABLE IF EXISTS `product_has_product_category`;
CREATE TABLE IF NOT EXISTS `product_has_product_category` (
  `product_id` int(11) NOT NULL,
  `product_category_id` bigint(31) NOT NULL,
  PRIMARY KEY (`product_id`,`product_category_id`),
  KEY `fk_product_has_product_category_product_category1` (`product_category_id`),
  KEY `fk_product_has_product_category_product1` (`product_id`)
) ENGINE=InnoDB DEFAULT CHARSET=utf8 COLLATE=utf8_unicode_ci;

--
-- Daten für Tabelle `product_has_product_category`
--


-- --------------------------------------------------------

--
-- Tabellenstruktur für Tabelle `product_has_related_product`
--

DROP TABLE IF EXISTS `product_has_related_product`;
CREATE TABLE IF NOT EXISTS `product_has_related_product` (
  `product_id` int(11) NOT NULL,
  `related_product_id` int(11) NOT NULL,
  PRIMARY KEY (`product_id`,`related_product_id`),
  KEY `fk_product_has_product_product2` (`related_product_id`),
  KEY `fk_product_has_product_product1` (`product_id`)
) ENGINE=InnoDB DEFAULT CHARSET=utf8 COLLATE=utf8_unicode_ci;

--
-- Daten für Tabelle `product_has_related_product`
--


-- --------------------------------------------------------

--
-- Tabellenstruktur für Tabelle `product_lang`
--

DROP TABLE IF EXISTS `product_lang`;
CREATE TABLE IF NOT EXISTS `product_lang` (
  `title` varchar(255) COLLATE utf8_unicode_ci NOT NULL,
  `description` longtext COLLATE utf8_unicode_ci,
  `lang` varchar(3) COLLATE utf8_unicode_ci DEFAULT NULL,
  `product_id` int(11) NOT NULL,
  KEY `fk_product_lang_product1` (`product_id`),
  KEY `lang` (`lang`)
) ENGINE=InnoDB DEFAULT CHARSET=utf8 COLLATE=utf8_unicode_ci;

--
-- Daten für Tabelle `product_lang`
--

INSERT INTO `product_lang` (`title`, `description`, `lang`, `product_id`) VALUES
('Classic ankle boots', 'Classic ankle boots with a block heel. 6 cm heel. Imitation leather uppers, TPR sole.', 'en', 7),
('Classic ankle boots', NULL, 'ar', 7),
('Criss-cross strap sandals', 'Criss-cross strap sandals with a stacked sole. 2 cm sole. 11 cm heel. Imitation leather uppers, synthetic sole.', 'en', 8),
('Criss-cross strap sandals', 'Criss-cross strap sandals with a stacked sole. 2 cm sole. 11 cm heel. Imitation leather uppers, synthetic sole.', 'ar', 8),
('Colour block courts', 'Colour block courts with a chunky stacked sole. 13 cm heel. 3 cm sole. Imitation leather uppers, synthetic sole.', 'en', 9),
('Colour block courts', 'Colour block courts with a chunky stacked sole. 13 cm heel. 3 cm sole. Imitation leather uppers, synthetic sole.', 'ar', 9),
('Platform boots', 'Boots with a platform sole and an inside zip. 11 cm heel. Polyester uppers, synthetic sole.', 'en', 10),
('Platform boots', 'Boots with a platform sole and an inside zip. 11 cm heel. Polyester uppers, synthetic sole.', 'ar', 10),
('Gemstone cleavage dress', 'Ruched dress with a gemstone applique at the cleavage. Machine washable. 100% polyester.', 'en', 11),
('Gemstone cleavage dress', 'Ruched dress with a gemstone applique at the cleavage. Machine washable. 100% polyester.', 'ar', 11),
('Empire maxi dress', 'Empire maxi dress with cami straps. Length approx.136 cm. 96% viscose, 4% elastane, layer: 100% polyamide.', 'en', 12),
('Empire maxi dress', 'Empire maxi dress with cami straps. Length approx.136 cm. 96% viscose, 4% elastane, layer: 100% polyamide.', 'ar', 12),
('One shoulder dress', 'One shoulder dress with a rose applique at the shoulder. Length approx. 90 cm. 95% viscose, 5% elastane.', 'en', 13),
('One shoulder dress', 'One shoulder dress with a rose applique at the shoulder. Length approx. 90 cm. 95% viscose, 5% elastane.', 'ar', 13),
('Draped cami dress', 'Draped cami dress with adjustable straps. Length approx. 104 cm. 96% viscose, 4% elastane.', 'en', 14),
('Draped cami dress', 'Draped cami dress with adjustable straps. Length approx. 104 cm. 96% viscose, 4% elastane.', 'ar', 14),
('Jersey pencil skirt', 'Jersey pencil skirt with pleats. Length approx. 56 cm. 100% cotton.', 'en', 15),
('Jersey pencil skirt', 'Jersey pencil skirt with pleats. Length approx. 56 cm. 100% cotton.', 'ar', 15),
('Pleated fifties skirt', 'Smart pleated skirt with a high waist. Length approx. 60 cm. 97% cotton, 3% elastane.', 'en', 16),
('Pleated fifties skirt', 'Smart pleated skirt with a high waist. Length approx. 60 cm. 97% cotton, 3% elastane.', 'ar', 16),
('Skirt', 'Slim fit skirt with a back vent and three buttons. Length approx. 62 cm. 63% polyester, 33% viscose, 4% elastane.', 'en', 17),
('Skirt', 'Slim fit skirt with a back vent and three buttons. Length approx. 62 cm. 63% polyester, 33% viscose, 4% elastane.', 'ar', 17),
('Crushed cotton maxi skirt', 'Crushed cotton maxi skirt with a side zip. Length approx. 96 cm. 100% cotton.', 'en', 18),
('Crushed cotton maxi skirt', 'Crushed cotton maxi skirt with a side zip. Length approx. 96 cm. 100% cotton.', 'ar', 18),
('High waist pencil skirt', 'High waist pencil skirt with belt loops and a slit at the back. Zip fly. Lined. length approx. 64 cm. 70% polyester, 27% viscose, 3% elastane, lining: 100% polyester.', 'en', 19),
('High waist pencil skirt', 'High waist pencil skirt with belt loops and a slit at the back. Zip fly. Lined. length approx. 64 cm. 70% polyester, 27% viscose, 3% elastane, lining: 100% polyester.', 'ar', 19),
('Fleece windcheater', 'Fleece windcheater with a turtleneck collar and zip pockets. Regular fit. Length approx. 73 cm. 100% polyester, lining: 100% polyester.', 'en', 20),
('Fleece windcheater', 'Fleece windcheater with a turtleneck collar and zip pockets. Regular fit. Length approx. 73 cm. 100% polyester, lining: 100% polyester.', 'ar', 20),
('Weatherproof jacket', 'Weatherproof jacket with a waterproof (3000 mm), breathable shell. Taped seams, hidden two-way zip fastening, side pockets, a zip chest pocket and a removable hood. Two pockets inside. Drawstring hem. Slightly longer at the back. Length approx. 78 cm. 100% polyamide, lining: 100% polyester, sleeve lining: 100% polyester.', 'en', 21),
('Weatherproof jacket', 'Weatherproof jacket with a waterproof (3000 mm), breathable shell. Taped seams, hidden two-way zip fastening, side pockets, a zip chest pocket and a removable hood. Two pockets inside. Drawstring hem. Slightly longer at the back. Length approx. 78 cm. 100% polyamide, lining: 100% polyester, sleeve lining: 100% polyester.', 'ar', 21),
('Weaterproof jacket', 'Waterproof, breathable jacket with taped seams. Zip-off hood, reflective quick touch fastening cuffs and a hidden two-way zip. Drawstring hem. Length approx. 84 cm. 100% polyester, lining + wadding: 100% polyester.', 'en', 22),
('Weaterproof jacket', 'Waterproof, breathable jacket with taped seams. Zip-off hood, reflective quick touch fastening cuffs and a hidden two-way zip. Drawstring hem. Length approx. 84 cm. 100% polyester, lining + wadding: 100% polyester.', 'ar', 22),
('Turtleneck biker jacket', 'Short biker jacket with a bar at the turtleneck collar, a zip chest pocket, an inside pocket and side pockets. Length approx. 70 cm. 100% polyamide.', 'en', 23),
('Turtleneck biker jacket', 'Short biker jacket with a bar at the turtleneck collar, a zip chest pocket, an inside pocket and side pockets. Length approx. 70 cm. 100% polyamide.', 'ar', 23),
('Turtleneck biker jacket', 'Short biker jacket with a bar at the turtleneck collar, a zip chest pocket, an inside pocket and side pockets. Length approx. 70 cm. 100% polyamide.', 'en', 24),
('Turtleneck biker jacket', 'Short biker jacket with a bar at the turtleneck collar, a zip chest pocket, an inside pocket and side pockets. Length approx. 70 cm. 100% polyamide.', 'ar', 24),
('Boston print hoodie', 'Boston print hoodie with contrast hood lining and a pouch pocket. Regular fit. Length approx. 73 cm. 60% cotton, 40% polyester, hood lining: 100% cotton.', 'en', 25),
('Boston print hoodie', 'Boston print hoodie with contrast hood lining and a pouch pocket. Regular fit. Length approx. 73 cm. 60% cotton, 40% polyester, hood lining: 100% cotton.', 'ar', 25),
('JBD hoodie', 'Jersey hoodie with a JBD applique in chambray at the front. Regular fit. Length approx. 73 cm. 60% cotton, 40% polyester.', 'en', 26),
('JBD hoodie', 'Jersey hoodie with a JBD applique in chambray at the front. Regular fit. Length approx. 73 cm. 60% cotton, 40% polyester.', 'ar', 26),
('Contrast lined hoodie', 'Classic hoodie with contrast hood lining and seams. Small print at the chest. Soft brushed interior. Regular fit. Length approx. 73 cm. 60% cotton, 40% polyester, hood lining: 100% cotton.', 'en', 27),
('Contrast lined hoodie', 'Classic hoodie with contrast hood lining and seams. Small print at the chest. Soft brushed interior. Regular fit. Length approx. 73 cm. 60% cotton, 40% polyester, hood lining: 100% cotton.', 'ar', 27),
('Jersey print hoodie', 'Jersey print hoodie with contrast hood lining. Length approx. 73 cm. 100% cotton.', 'en', 28),
('Jersey print hoodie', 'Jersey print hoodie with contrast hood lining. Length approx. 73 cm. 100% cotton.', 'ar', 28),
('Advance print hoodie', 'Advance print hoodie with a pouch pocket. Length approx. 73 cm. 100% cotton.', 'en', 29),
('Advance print hoodie', 'Advance print hoodie with a pouch pocket. Length approx. 73 cm. 100% cotton.', 'ar', 29),
('Sweat pants', 'Printed sweat pants with zip hems and a stretch drawstring waist. 60% cotton, 40% polyester.', 'en', 30),
('Sweat pants', 'Printed sweat pants with zip hems and a stretch drawstring waist. 60% cotton, 40% polyester.', 'ar', 30),
('Slouch cotton trousers', 'Slouch cotton trousers with side and back pockets and a stretch waist. 100% cotton.', 'en', 31),
('Slouch cotton trousers', 'Slouch cotton trousers with side and back pockets and a stretch waist. 100% cotton.', 'ar', 31),
('Ribbed waist sweat pants', 'Ribbed waist sweat pants with a print on the left leg. 60% cotton, 40% polyester.', 'en', 32),
('Ribbed waist sweat pants', 'Ribbed waist sweat pants with a print on the left leg. 60% cotton, 40% polyester.', 'ar', 32),
('Sweat bermudas', 'Sweat bermudas with side pockets and a stretch drawstring waist. 60% cotton, 40% polyester.', 'en', 33),
('Sweat bermudas', 'Sweat bermudas with side pockets and a stretch drawstring waist. 60% cotton, 40% polyester.', 'ar', 33),
('Sweat bermudas', 'Sweat bermudas with a stretch waist, side pockets, open hem work and a print on the left leg. 60% cotton, 40% polyester.', 'en', 34),
('Sweat bermudas', 'Sweat bermudas with a stretch waist, side pockets, open hem work and a print on the left leg. 60% cotton, 40% polyester.', 'ar', 34),
('Tracksuit bottoms', 'Stretch waist bottoms with side pockets. Soft brushed interior. Inside leg approx. 82 cm for size 38/40. 60% cotton, 40% polyester.', 'en', 35),
('Tracksuit bottoms', 'Stretch waist bottoms with side pockets. Soft brushed interior. Inside leg approx. 82 cm for size 38/40. 60% cotton, 40% polyester.', 'ar', 35),
('Classic ankle boots copy', 'Classic ankle boots with a block heel. 6 cm heel. Imitation leather uppers, TPR sole.', 'en', 36),
('Classic ankle boots copy', 'Classic ankle boots with a block heel. 6 cm heel. Imitation leather uppers, TPR sole.', 'ar', 36),
('Classic ankle boots copy', 'Classic ankle boots with a block heel. 6 cm heel. Imitation leather uppers, TPR sole.', 'en', 37),
('Classic ankle boots copy', 'Classic ankle boots with a block heel. 6 cm heel. Imitation leather uppers, TPR sole.', 'ar', 37),
('Criss-cross strap sandals copy', 'Criss-cross strap sandals with a stacked sole. 2 cm sole. 11 cm heel. Imitation leather uppers, synthetic sole.', 'en', 38),
('Criss-cross strap sandals copy', 'Criss-cross strap sandals with a stacked sole. 2 cm sole. 11 cm heel. Imitation leather uppers, synthetic sole.', 'ar', 38),
('Criss-cross strap sandals copy', 'Criss-cross strap sandals with a stacked sole. 2 cm sole. 11 cm heel. Imitation leather uppers, synthetic sole.', 'en', 39),
('Criss-cross strap sandals copy', 'Criss-cross strap sandals with a stacked sole. 2 cm sole. 11 cm heel. Imitation leather uppers, synthetic sole.', 'ar', 39),
('Criss-cross strap sandals copy', 'Criss-cross strap sandals with a stacked sole. 2 cm sole. 11 cm heel. Imitation leather uppers, synthetic sole.', 'en', 40),
('Criss-cross strap sandals copy', 'Criss-cross strap sandals with a stacked sole. 2 cm sole. 11 cm heel. Imitation leather uppers, synthetic sole.', 'ar', 40),
('Classic ankle boots copy', 'Classic ankle boots with a block heel. 6 cm heel. Imitation leather uppers, TPR sole.', 'en', 41),
('Classic ankle boots copy', 'Classic ankle boots with a block heel. 6 cm heel. Imitation leather uppers, TPR sole.', 'ar', 41),
('Platform boots copy', 'Boots with a platform sole and an inside zip. 11 cm heel. Polyester uppers, synthetic sole.', 'en', 42),
('Platform boots copy', 'Boots with a platform sole and an inside zip. 11 cm heel. Polyester uppers, synthetic sole.', 'ar', 42),
('Skirt copy', 'Slim fit skirt with a back vent and three buttons. Length approx. 62 cm. 63% polyester, 33% viscose, 4% elastane.', 'en', 43),
('Skirt copy', 'Slim fit skirt with a back vent and three buttons. Length approx. 62 cm. 63% polyester, 33% viscose, 4% elastane.', 'ar', 43),
('Platform boots red', 'Boots with a platform sole and an inside zip. 11 cm heel. Polyester uppers, synthetic sole.', 'en', 44),
('Platform boots copy', 'Boots with a platform sole and an inside zip. 11 cm heel. Polyester uppers, synthetic sole.', 'ar', 44);

-- --------------------------------------------------------

--
-- Tabellenstruktur für Tabelle `product_pivot_ar`
--

DROP TABLE IF EXISTS `product_pivot_ar`;
CREATE TABLE IF NOT EXISTS `product_pivot_ar` (
  `id` int(11) NOT NULL DEFAULT '0',
  `number` varchar(255) COLLATE utf8_unicode_ci NOT NULL,
  `price` float(15,3) DEFAULT NULL,
  `online` tinyint(1) NOT NULL,
  `categorie_id` int(11) DEFAULT NULL,
  `discount` double(10,2) NOT NULL,
  `remote_id` int(11) DEFAULT NULL,
  `insertat` datetime DEFAULT NULL,
  `updateat` datetime DEFAULT NULL,
  `entity_set_id` int(11) DEFAULT NULL,
  `type_id` int(11) DEFAULT NULL,
  `special_price` decimal(12,3) DEFAULT NULL,
  `special_price_date_from` date DEFAULT NULL,
  `special_price_date_to` date DEFAULT NULL,
  `manage_stock` tinyint(1) DEFAULT NULL,
  `quantity` int(11) DEFAULT NULL,
  `title` varchar(255) COLLATE utf8_unicode_ci,
  `lang` varchar(3) COLLATE utf8_unicode_ci DEFAULT NULL,
  `tyre_width` varchar(255) COLLATE utf8_unicode_ci DEFAULT NULL,
  `tyre_aspect` varchar(255) COLLATE utf8_unicode_ci DEFAULT NULL,
  `tyre_rim` varchar(255) COLLATE utf8_unicode_ci DEFAULT NULL,
  `tyre_load` varchar(255) COLLATE utf8_unicode_ci DEFAULT NULL,
  `tyre_speed` varchar(255) COLLATE utf8_unicode_ci DEFAULT NULL,
  `tyre_weather` varchar(255) COLLATE utf8_unicode_ci DEFAULT NULL,
  `shoes_size` varchar(255) COLLATE utf8_unicode_ci DEFAULT NULL,
  `shoes_color` varchar(255) COLLATE utf8_unicode_ci DEFAULT NULL,
  `shoes_brand` varchar(255) COLLATE utf8_unicode_ci DEFAULT NULL,
  `shoes_style` varchar(255) COLLATE utf8_unicode_ci DEFAULT NULL,
  `dress_size` varchar(255) COLLATE utf8_unicode_ci DEFAULT NULL,
  `dress_style` varchar(255) COLLATE utf8_unicode_ci DEFAULT NULL,
  `dress_brand` varchar(255) COLLATE utf8_unicode_ci DEFAULT NULL,
  `dress_color` varchar(255) COLLATE utf8_unicode_ci DEFAULT NULL,
  `skirts_size` varchar(255) COLLATE utf8_unicode_ci DEFAULT NULL,
  `skirts_color` varchar(255) COLLATE utf8_unicode_ci DEFAULT NULL,
  `skirts_brand` varchar(255) COLLATE utf8_unicode_ci DEFAULT NULL,
  `skirts_style` varchar(255) COLLATE utf8_unicode_ci DEFAULT NULL,
  `jackets_color` varchar(255) COLLATE utf8_unicode_ci DEFAULT NULL,
  `jackets_size` varchar(255) COLLATE utf8_unicode_ci DEFAULT NULL,
  `sweatshirts_size` varchar(255) COLLATE utf8_unicode_ci DEFAULT NULL,
  `sweatshirts_color` varchar(255) COLLATE utf8_unicode_ci DEFAULT NULL,
  `sportpants_size` varchar(255) COLLATE utf8_unicode_ci DEFAULT NULL,
  `sportpants_color` varchar(255) COLLATE utf8_unicode_ci DEFAULT NULL,
  `sportpants_style` varchar(255) COLLATE utf8_unicode_ci DEFAULT NULL
) ENGINE=MyISAM DEFAULT CHARSET=utf8 COLLATE=utf8_unicode_ci;

--
-- Daten für Tabelle `product_pivot_ar`
--

INSERT INTO `product_pivot_ar` (`id`, `number`, `price`, `online`, `categorie_id`, `discount`, `remote_id`, `insertat`, `updateat`, `entity_set_id`, `type_id`, `special_price`, `special_price_date_from`, `special_price_date_to`, `manage_stock`, `quantity`, `title`, `lang`, `tyre_width`, `tyre_aspect`, `tyre_rim`, `tyre_load`, `tyre_speed`, `tyre_weather`, `shoes_size`, `shoes_color`, `shoes_brand`, `shoes_style`, `dress_size`, `dress_style`, `dress_brand`, `dress_color`, `skirts_size`, `skirts_color`, `skirts_brand`, `skirts_style`, `jackets_color`, `jackets_size`, `sweatshirts_size`, `sweatshirts_color`, `sportpants_size`, `sportpants_color`, `sportpants_style`) VALUES
(36, 'abcde', 24.000, 0, 20, 0.00, NULL, NULL, NULL, 5, 1, NULL, NULL, NULL, 1, 15, 'Classic ankle boots copy', 'ar', NULL, NULL, NULL, NULL, NULL, NULL, '54', 'e61212', NULL, NULL, NULL, NULL, NULL, NULL, NULL, NULL, NULL, NULL, NULL, NULL, NULL, NULL, NULL, NULL, NULL),
(7, 'abcde', 24.000, 0, 20, 0.00, NULL, NULL, NULL, 5, 1, NULL, NULL, NULL, 1, 15, 'Classic ankle boots', 'ar', '2', '23', '41', NULL, '36', NULL, '54', 'e61212', NULL, NULL, NULL, NULL, NULL, NULL, NULL, NULL, NULL, NULL, NULL, NULL, NULL, NULL, NULL, NULL, NULL),
(8, '123', 14.000, 0, 20, 0.00, NULL, NULL, NULL, 5, 1, NULL, NULL, NULL, 1, 15, 'Criss-cross strap sandals', 'ar', NULL, NULL, NULL, NULL, NULL, NULL, '52', '15b0db', '61', '69', NULL, NULL, NULL, NULL, NULL, NULL, NULL, NULL, NULL, NULL, NULL, NULL, NULL, NULL, NULL),
(9, '1234', 27.000, 0, 20, 0.00, NULL, NULL, NULL, 5, 1, NULL, NULL, NULL, 0, 15, 'Colour block courts', 'ar', NULL, NULL, NULL, NULL, NULL, NULL, '54', 'e61212', '63', '66', NULL, NULL, NULL, NULL, NULL, NULL, NULL, NULL, NULL, NULL, NULL, NULL, NULL, NULL, NULL),
(10, 'asdasda', 39.000, 0, 20, 0.00, NULL, NULL, NULL, 5, 1, NULL, NULL, NULL, 0, 14, 'Platform boots', 'ar', NULL, NULL, NULL, NULL, NULL, NULL, '54', '15b0db', '63', '65', NULL, NULL, NULL, NULL, NULL, NULL, NULL, NULL, NULL, NULL, NULL, NULL, NULL, NULL, NULL),
(11, '123456', 34.000, 0, 21, 0.00, NULL, NULL, NULL, 7, 1, NULL, NULL, NULL, 0, 15, 'Gemstone cleavage dress', 'ar', NULL, NULL, NULL, NULL, NULL, NULL, NULL, NULL, NULL, NULL, '72', '81', '86', '050000', NULL, NULL, NULL, NULL, NULL, NULL, NULL, NULL, NULL, NULL, NULL),
(12, '123141', 39.000, 0, 21, 0.00, NULL, NULL, NULL, 7, 1, NULL, NULL, NULL, 0, 15, 'Empire maxi dress', 'ar', NULL, NULL, NULL, NULL, NULL, NULL, NULL, NULL, NULL, NULL, '70', '82', '86', '050000', NULL, NULL, NULL, NULL, NULL, NULL, NULL, NULL, NULL, NULL, NULL),
(13, '1232', 24.000, 0, 21, 0.00, NULL, NULL, NULL, 7, 1, NULL, NULL, NULL, 0, 15, 'One shoulder dress', 'ar', NULL, NULL, NULL, NULL, NULL, NULL, NULL, NULL, NULL, NULL, '71', '83', '88', 'ff0000', NULL, NULL, NULL, NULL, NULL, NULL, NULL, NULL, NULL, NULL, NULL),
(14, '23144', 27.000, 0, 21, 0.00, NULL, NULL, NULL, 7, 1, NULL, NULL, NULL, 0, 15, 'Draped cami dress', 'ar', NULL, NULL, NULL, NULL, NULL, NULL, NULL, NULL, NULL, NULL, '70', '85', '86', 'ff7700', NULL, NULL, NULL, NULL, NULL, NULL, NULL, NULL, NULL, NULL, NULL),
(15, '85481', 19.000, 0, 22, 0.00, NULL, NULL, NULL, 6, 1, NULL, NULL, NULL, 0, 15, 'Jersey pencil skirt', 'ar', NULL, NULL, NULL, NULL, NULL, NULL, NULL, NULL, NULL, NULL, NULL, NULL, NULL, NULL, '102', '000000', '90', '96', NULL, NULL, NULL, NULL, NULL, NULL, NULL),
(16, '19283', 29.000, 0, 22, 0.00, NULL, NULL, NULL, 6, 1, NULL, NULL, NULL, 0, 15, 'Pleated fifties skirt', 'ar', NULL, NULL, NULL, NULL, NULL, NULL, NULL, NULL, NULL, NULL, NULL, NULL, NULL, NULL, '100', 'ff9d00', '90', '96', NULL, NULL, NULL, NULL, NULL, NULL, NULL),
(17, 'asdda', 9.000, 0, 22, 0.00, NULL, NULL, NULL, 6, 1, NULL, NULL, NULL, 0, 15, 'Skirt', 'ar', NULL, NULL, NULL, NULL, NULL, NULL, NULL, NULL, NULL, NULL, NULL, NULL, NULL, NULL, '97', '000000', NULL, '95', NULL, NULL, NULL, NULL, NULL, NULL, NULL),
(18, '32521', 27.000, 0, 22, 0.00, NULL, NULL, NULL, 6, 1, NULL, NULL, NULL, 0, 154, 'Crushed cotton maxi skirt', 'ar', NULL, NULL, NULL, NULL, NULL, NULL, NULL, NULL, NULL, NULL, NULL, NULL, NULL, NULL, '100', 'ffffff', '90', '95', NULL, NULL, NULL, NULL, NULL, NULL, NULL),
(19, 'dasdad', 27.000, 0, 22, 0.00, NULL, NULL, NULL, 6, 1, NULL, NULL, NULL, 0, 15, 'High waist pencil skirt', 'ar', NULL, NULL, NULL, NULL, NULL, NULL, NULL, NULL, NULL, NULL, NULL, NULL, NULL, NULL, '97', '000000', NULL, '95', NULL, NULL, NULL, NULL, NULL, NULL, NULL),
(20, '1452342314', 14.000, 0, 24, 0.00, NULL, NULL, NULL, 8, 1, NULL, NULL, NULL, 0, 15, 'Fleece windcheater', 'ar', NULL, NULL, NULL, NULL, NULL, NULL, NULL, NULL, NULL, NULL, NULL, NULL, NULL, NULL, NULL, NULL, NULL, NULL, '0095ff', '110', NULL, NULL, NULL, NULL, NULL),
(21, '81424311', 44.000, 0, 24, 0.00, NULL, NULL, NULL, 8, 1, NULL, NULL, NULL, 0, 15, 'Weatherproof jacket', 'ar', NULL, NULL, NULL, NULL, NULL, NULL, NULL, NULL, NULL, NULL, NULL, NULL, NULL, NULL, NULL, NULL, NULL, NULL, '000000', '105', NULL, NULL, NULL, NULL, NULL),
(22, '123', 69.000, 0, 24, 0.00, NULL, NULL, NULL, 8, 1, NULL, NULL, NULL, 0, 15, 'Weaterproof jacket', 'ar', NULL, NULL, NULL, NULL, NULL, NULL, NULL, NULL, NULL, NULL, NULL, NULL, NULL, NULL, NULL, NULL, NULL, NULL, '0095ff', '111', NULL, NULL, NULL, NULL, NULL),
(23, '312313', NULL, 0, 24, 0.00, NULL, NULL, NULL, 8, 1, NULL, NULL, NULL, 0, 154, 'Turtleneck biker jacket', 'ar', NULL, NULL, NULL, NULL, NULL, NULL, NULL, NULL, NULL, NULL, NULL, NULL, NULL, NULL, NULL, NULL, NULL, NULL, '000000', '105', NULL, NULL, NULL, NULL, NULL),
(24, '312313', 17.000, 0, 24, 0.00, NULL, NULL, NULL, 8, 1, NULL, NULL, NULL, 0, 154, 'Turtleneck biker jacket', 'ar', NULL, NULL, NULL, NULL, NULL, NULL, NULL, NULL, NULL, NULL, NULL, NULL, NULL, NULL, NULL, NULL, NULL, NULL, '000000', '105', NULL, NULL, NULL, NULL, NULL),
(25, '123414', 22.000, 0, 25, 0.00, NULL, NULL, NULL, 9, 1, NULL, NULL, NULL, 0, 15, 'Boston print hoodie', 'ar', NULL, NULL, NULL, NULL, NULL, NULL, NULL, NULL, NULL, NULL, NULL, NULL, NULL, NULL, NULL, NULL, NULL, NULL, NULL, NULL, '119', 'ff0000', NULL, NULL, NULL),
(26, 'asdw', 27.000, 0, 25, 0.00, NULL, NULL, NULL, 9, 1, NULL, NULL, NULL, 0, 15, 'JBD hoodie', 'ar', NULL, NULL, NULL, NULL, NULL, NULL, NULL, NULL, NULL, NULL, NULL, NULL, NULL, NULL, NULL, NULL, NULL, NULL, NULL, NULL, '121', 'ffffff', NULL, NULL, NULL),
(27, '9740', 18.000, 0, 25, 0.00, NULL, NULL, NULL, 9, 1, NULL, NULL, NULL, 0, 15, 'Contrast lined hoodie', 'ar', NULL, NULL, NULL, NULL, NULL, NULL, NULL, NULL, NULL, NULL, NULL, NULL, NULL, NULL, NULL, NULL, NULL, NULL, NULL, NULL, '115', '008cff', NULL, NULL, NULL),
(28, '12341', 19.000, 0, 25, 0.00, NULL, NULL, NULL, 9, 1, NULL, NULL, NULL, 0, 15, 'Jersey print hoodie', 'ar', NULL, NULL, NULL, NULL, NULL, NULL, NULL, NULL, NULL, NULL, NULL, NULL, NULL, NULL, NULL, NULL, NULL, NULL, NULL, NULL, '119', '008cff', NULL, NULL, NULL),
(29, '1235478', 19.000, 0, 25, 0.00, NULL, NULL, NULL, 9, 1, NULL, NULL, NULL, 0, 15, 'Advance print hoodie', 'ar', NULL, NULL, NULL, NULL, NULL, NULL, NULL, NULL, NULL, NULL, NULL, NULL, NULL, NULL, NULL, NULL, NULL, NULL, NULL, NULL, '119', '000000', NULL, NULL, NULL),
(30, 'asdasd', 19.000, 0, 26, 0.00, NULL, NULL, NULL, 10, 1, NULL, NULL, NULL, 0, 15, 'Sweat pants', 'ar', NULL, NULL, NULL, NULL, NULL, NULL, NULL, NULL, NULL, NULL, NULL, NULL, NULL, NULL, NULL, NULL, NULL, NULL, NULL, NULL, NULL, NULL, '129', '2200ff', '135'),
(31, '1232134121132', 27.000, 0, 26, 0.00, NULL, NULL, NULL, 10, 1, NULL, NULL, NULL, 0, 15, 'Slouch cotton trousers', 'ar', NULL, NULL, NULL, NULL, NULL, NULL, NULL, NULL, NULL, NULL, NULL, NULL, NULL, NULL, NULL, NULL, NULL, NULL, NULL, NULL, NULL, NULL, '130', 'ffffff', '135'),
(32, '1231123', 19.000, 0, 26, 0.00, NULL, NULL, NULL, 10, 1, 14.000, NULL, NULL, 0, 15, 'Ribbed waist sweat pants', 'ar', NULL, NULL, NULL, NULL, NULL, NULL, NULL, NULL, NULL, NULL, NULL, NULL, NULL, NULL, NULL, NULL, NULL, NULL, NULL, NULL, NULL, NULL, '125', '000000', '135'),
(33, 'asdasd', 12.000, 0, 26, 0.00, NULL, NULL, NULL, 10, 1, NULL, NULL, NULL, 0, 15, 'Sweat bermudas', 'ar', NULL, NULL, NULL, NULL, NULL, NULL, NULL, NULL, NULL, NULL, NULL, NULL, NULL, NULL, NULL, NULL, NULL, NULL, NULL, NULL, NULL, NULL, '131', '000000', '134'),
(34, 'asdsa', 12.000, 0, 26, 0.00, NULL, NULL, NULL, 10, 1, 9.000, NULL, NULL, 0, 15, 'Sweat bermudas', 'ar', NULL, NULL, NULL, NULL, NULL, NULL, NULL, NULL, NULL, NULL, NULL, NULL, NULL, NULL, NULL, NULL, NULL, NULL, NULL, NULL, NULL, NULL, '129', 'b8b8b8', '134'),
(35, 'asdad', 9.000, 0, 26, 0.00, NULL, NULL, NULL, 10, 1, NULL, NULL, NULL, 0, 15, 'Tracksuit bottoms', 'ar', NULL, NULL, NULL, NULL, NULL, NULL, NULL, NULL, NULL, NULL, NULL, NULL, NULL, NULL, NULL, NULL, NULL, NULL, NULL, NULL, NULL, NULL, '130', 'ff0000', '135'),
(37, 'abcde', 24.000, 0, 20, 0.00, NULL, NULL, NULL, 5, 1, NULL, NULL, NULL, 1, 15, 'Classic ankle boots copy', 'ar', NULL, NULL, NULL, NULL, NULL, NULL, '54', 'e61212', NULL, NULL, NULL, NULL, NULL, NULL, NULL, NULL, NULL, NULL, NULL, NULL, NULL, NULL, NULL, NULL, NULL),
(38, '123', 14.000, 0, 20, 0.00, NULL, NULL, NULL, 5, 1, NULL, NULL, NULL, 1, 15, 'Criss-cross strap sandals copy', 'ar', NULL, NULL, NULL, NULL, NULL, NULL, '52', '15b0db', '61', '69', NULL, NULL, NULL, NULL, NULL, NULL, NULL, NULL, NULL, NULL, NULL, NULL, NULL, NULL, NULL),
(39, '123', 14.000, 0, 20, 0.00, NULL, NULL, NULL, 5, 1, NULL, NULL, NULL, 1, 15, 'Criss-cross strap sandals copy', 'ar', NULL, NULL, NULL, NULL, NULL, NULL, '52', '15b0db', '61', '69', NULL, NULL, NULL, NULL, NULL, NULL, NULL, NULL, NULL, NULL, NULL, NULL, NULL, NULL, NULL),
(40, '123', 14.000, 0, 20, 0.00, NULL, NULL, NULL, 5, 1, NULL, NULL, NULL, 1, 15, 'Criss-cross strap sandals copy', 'ar', NULL, NULL, NULL, NULL, NULL, NULL, '52', '15b0db', '61', '69', NULL, NULL, NULL, NULL, NULL, NULL, NULL, NULL, NULL, NULL, NULL, NULL, NULL, NULL, NULL),
(41, 'abcde', 24.000, 0, 20, 0.00, NULL, NULL, NULL, 5, 1, NULL, NULL, NULL, 1, 15, 'Classic ankle boots copy', 'ar', NULL, NULL, NULL, NULL, NULL, NULL, '54', 'e61212', NULL, NULL, NULL, NULL, NULL, NULL, NULL, NULL, NULL, NULL, NULL, NULL, NULL, NULL, NULL, NULL, NULL),
(42, 'asdasda', 39.000, 0, 20, 0.00, NULL, NULL, NULL, 5, 1, NULL, NULL, NULL, 0, 14, 'Platform boots copy', 'ar', NULL, NULL, NULL, NULL, NULL, NULL, '54', '15b0db', '63', '65', NULL, NULL, NULL, NULL, NULL, NULL, NULL, NULL, NULL, NULL, NULL, NULL, NULL, NULL, NULL),
(43, 'asdda', 9.000, 0, 22, 0.00, NULL, NULL, NULL, 6, 1, NULL, NULL, NULL, 0, 15, 'Skirt copy', 'ar', NULL, NULL, NULL, NULL, NULL, NULL, NULL, NULL, NULL, NULL, NULL, NULL, NULL, NULL, '97', '000000', NULL, '95', NULL, NULL, NULL, NULL, NULL, NULL, NULL),
(44, 'asdasda', 39.000, 0, 20, 0.00, NULL, NULL, NULL, 5, 1, NULL, NULL, NULL, 0, 20, 'Platform boots copy', 'ar', NULL, NULL, NULL, NULL, NULL, NULL, '54', 'e61212', '63', '65', NULL, NULL, NULL, NULL, NULL, NULL, NULL, NULL, NULL, NULL, NULL, NULL, NULL, NULL, NULL);

-- --------------------------------------------------------

--
-- Tabellenstruktur für Tabelle `product_pivot_en`
--

DROP TABLE IF EXISTS `product_pivot_en`;
CREATE TABLE IF NOT EXISTS `product_pivot_en` (
  `id` int(11) NOT NULL DEFAULT '0',
  `number` varchar(255) COLLATE utf8_unicode_ci NOT NULL,
  `price` float(15,3) DEFAULT NULL,
  `online` tinyint(1) NOT NULL,
  `categorie_id` int(11) DEFAULT NULL,
  `discount` double(10,2) NOT NULL,
  `remote_id` int(11) DEFAULT NULL,
  `insertat` datetime DEFAULT NULL,
  `updateat` datetime DEFAULT NULL,
  `entity_set_id` int(11) DEFAULT NULL,
  `type_id` int(11) DEFAULT NULL,
  `special_price` decimal(12,3) DEFAULT NULL,
  `special_price_date_from` date DEFAULT NULL,
  `special_price_date_to` date DEFAULT NULL,
  `manage_stock` tinyint(1) DEFAULT NULL,
  `quantity` int(11) DEFAULT NULL,
  `title` varchar(255) COLLATE utf8_unicode_ci,
  `lang` varchar(3) COLLATE utf8_unicode_ci DEFAULT NULL,
  `tyre_width` varchar(255) COLLATE utf8_unicode_ci DEFAULT NULL,
  `tyre_aspect` varchar(255) COLLATE utf8_unicode_ci DEFAULT NULL,
  `tyre_rim` varchar(255) COLLATE utf8_unicode_ci DEFAULT NULL,
  `tyre_load` varchar(255) COLLATE utf8_unicode_ci DEFAULT NULL,
  `tyre_speed` varchar(255) COLLATE utf8_unicode_ci DEFAULT NULL,
  `tyre_weather` varchar(255) COLLATE utf8_unicode_ci DEFAULT NULL,
  `shoes_size` varchar(255) COLLATE utf8_unicode_ci DEFAULT NULL,
  `shoes_color` varchar(255) COLLATE utf8_unicode_ci DEFAULT NULL,
  `shoes_brand` varchar(255) COLLATE utf8_unicode_ci DEFAULT NULL,
  `shoes_style` varchar(255) COLLATE utf8_unicode_ci DEFAULT NULL,
  `dress_size` varchar(255) COLLATE utf8_unicode_ci DEFAULT NULL,
  `dress_style` varchar(255) COLLATE utf8_unicode_ci DEFAULT NULL,
  `dress_brand` varchar(255) COLLATE utf8_unicode_ci DEFAULT NULL,
  `dress_color` varchar(255) COLLATE utf8_unicode_ci DEFAULT NULL,
  `skirts_size` varchar(255) COLLATE utf8_unicode_ci DEFAULT NULL,
  `skirts_color` varchar(255) COLLATE utf8_unicode_ci DEFAULT NULL,
  `skirts_brand` varchar(255) COLLATE utf8_unicode_ci DEFAULT NULL,
  `skirts_style` varchar(255) COLLATE utf8_unicode_ci DEFAULT NULL,
  `jackets_color` varchar(255) COLLATE utf8_unicode_ci DEFAULT NULL,
  `jackets_size` varchar(255) COLLATE utf8_unicode_ci DEFAULT NULL,
  `sweatshirts_size` varchar(255) COLLATE utf8_unicode_ci DEFAULT NULL,
  `sweatshirts_color` varchar(255) COLLATE utf8_unicode_ci DEFAULT NULL,
  `sportpants_size` varchar(255) COLLATE utf8_unicode_ci DEFAULT NULL,
  `sportpants_color` varchar(255) COLLATE utf8_unicode_ci DEFAULT NULL,
  `sportpants_style` varchar(255) COLLATE utf8_unicode_ci DEFAULT NULL
) ENGINE=MyISAM DEFAULT CHARSET=utf8 COLLATE=utf8_unicode_ci;

--
-- Daten für Tabelle `product_pivot_en`
--

INSERT INTO `product_pivot_en` (`id`, `number`, `price`, `online`, `categorie_id`, `discount`, `remote_id`, `insertat`, `updateat`, `entity_set_id`, `type_id`, `special_price`, `special_price_date_from`, `special_price_date_to`, `manage_stock`, `quantity`, `title`, `lang`, `tyre_width`, `tyre_aspect`, `tyre_rim`, `tyre_load`, `tyre_speed`, `tyre_weather`, `shoes_size`, `shoes_color`, `shoes_brand`, `shoes_style`, `dress_size`, `dress_style`, `dress_brand`, `dress_color`, `skirts_size`, `skirts_color`, `skirts_brand`, `skirts_style`, `jackets_color`, `jackets_size`, `sweatshirts_size`, `sweatshirts_color`, `sportpants_size`, `sportpants_color`, `sportpants_style`) VALUES
(36, 'abcde', 24.000, 0, 20, 0.00, NULL, NULL, NULL, 5, 1, NULL, NULL, NULL, 1, 15, 'Classic ankle boots copy', 'en', NULL, NULL, NULL, NULL, NULL, NULL, '54', 'e61212', NULL, NULL, NULL, NULL, NULL, NULL, NULL, NULL, NULL, NULL, NULL, NULL, NULL, NULL, NULL, NULL, NULL),
(7, 'abcde', 24.000, 0, 20, 0.00, NULL, NULL, NULL, 5, 1, NULL, NULL, NULL, 1, 15, 'Classic ankle boots', 'en', '2', '23', '41', NULL, '36', NULL, '54', 'e61212', NULL, NULL, NULL, NULL, NULL, NULL, NULL, NULL, NULL, NULL, NULL, NULL, NULL, NULL, NULL, NULL, NULL),
(8, '123', 14.000, 0, 20, 0.00, NULL, NULL, NULL, 5, 1, NULL, NULL, NULL, 1, 15, 'Criss-cross strap sandals', 'en', NULL, NULL, NULL, NULL, NULL, NULL, '52', '15b0db', '61', '69', NULL, NULL, NULL, NULL, NULL, NULL, NULL, NULL, NULL, NULL, NULL, NULL, NULL, NULL, NULL),
(9, '1234', 27.000, 0, 20, 0.00, NULL, NULL, NULL, 5, 1, NULL, NULL, NULL, 0, 15, 'Colour block courts', 'en', NULL, NULL, NULL, NULL, NULL, NULL, '54', 'e61212', '63', '66', NULL, NULL, NULL, NULL, NULL, NULL, NULL, NULL, NULL, NULL, NULL, NULL, NULL, NULL, NULL),
(10, 'asdasda', 39.000, 0, 20, 0.00, NULL, NULL, NULL, 5, 1, NULL, NULL, NULL, 0, 14, 'Platform boots', 'en', NULL, NULL, NULL, NULL, NULL, NULL, '54', '15b0db', '63', '65', NULL, NULL, NULL, NULL, NULL, NULL, NULL, NULL, NULL, NULL, NULL, NULL, NULL, NULL, NULL),
(11, '123456', 34.000, 0, 21, 0.00, NULL, NULL, NULL, 7, 1, NULL, NULL, NULL, 0, 15, 'Gemstone cleavage dress', 'en', NULL, NULL, NULL, NULL, NULL, NULL, NULL, NULL, NULL, NULL, '72', '81', '86', '050000', NULL, NULL, NULL, NULL, NULL, NULL, NULL, NULL, NULL, NULL, NULL),
(12, '123141', 39.000, 0, 21, 0.00, NULL, NULL, NULL, 7, 1, NULL, NULL, NULL, 0, 15, 'Empire maxi dress', 'en', NULL, NULL, NULL, NULL, NULL, NULL, NULL, NULL, NULL, NULL, '70', '82', '86', '050000', NULL, NULL, NULL, NULL, NULL, NULL, NULL, NULL, NULL, NULL, NULL),
(13, '1232', 24.000, 0, 21, 0.00, NULL, NULL, NULL, 7, 1, NULL, NULL, NULL, 0, 15, 'One shoulder dress', 'en', NULL, NULL, NULL, NULL, NULL, NULL, NULL, NULL, NULL, NULL, '71', '83', '88', 'ff0000', NULL, NULL, NULL, NULL, NULL, NULL, NULL, NULL, NULL, NULL, NULL),
(14, '23144', 27.000, 0, 21, 0.00, NULL, NULL, NULL, 7, 1, NULL, NULL, NULL, 0, 15, 'Draped cami dress', 'en', NULL, NULL, NULL, NULL, NULL, NULL, NULL, NULL, NULL, NULL, '70', '85', '86', 'ff7700', NULL, NULL, NULL, NULL, NULL, NULL, NULL, NULL, NULL, NULL, NULL),
(15, '85481', 19.000, 0, 22, 0.00, NULL, NULL, NULL, 6, 1, NULL, NULL, NULL, 0, 15, 'Jersey pencil skirt', 'en', NULL, NULL, NULL, NULL, NULL, NULL, NULL, NULL, NULL, NULL, NULL, NULL, NULL, NULL, '102', '000000', '90', '96', NULL, NULL, NULL, NULL, NULL, NULL, NULL),
(16, '19283', 29.000, 0, 22, 0.00, NULL, NULL, NULL, 6, 1, NULL, NULL, NULL, 0, 15, 'Pleated fifties skirt', 'en', NULL, NULL, NULL, NULL, NULL, NULL, NULL, NULL, NULL, NULL, NULL, NULL, NULL, NULL, '100', 'ff9d00', '90', '96', NULL, NULL, NULL, NULL, NULL, NULL, NULL),
(17, 'asdda', 9.000, 0, 22, 0.00, NULL, NULL, NULL, 6, 1, NULL, NULL, NULL, 0, 15, 'Skirt', 'en', NULL, NULL, NULL, NULL, NULL, NULL, NULL, NULL, NULL, NULL, NULL, NULL, NULL, NULL, '97', '000000', NULL, '95', NULL, NULL, NULL, NULL, NULL, NULL, NULL),
(18, '32521', 27.000, 0, 22, 0.00, NULL, NULL, NULL, 6, 1, NULL, NULL, NULL, 0, 154, 'Crushed cotton maxi skirt', 'en', NULL, NULL, NULL, NULL, NULL, NULL, NULL, NULL, NULL, NULL, NULL, NULL, NULL, NULL, '100', 'ffffff', '90', '95', NULL, NULL, NULL, NULL, NULL, NULL, NULL),
(19, 'dasdad', 27.000, 0, 22, 0.00, NULL, NULL, NULL, 6, 1, NULL, NULL, NULL, 0, 15, 'High waist pencil skirt', 'en', NULL, NULL, NULL, NULL, NULL, NULL, NULL, NULL, NULL, NULL, NULL, NULL, NULL, NULL, '97', '000000', NULL, '95', NULL, NULL, NULL, NULL, NULL, NULL, NULL),
(20, '1452342314', 14.000, 0, 24, 0.00, NULL, NULL, NULL, 8, 1, NULL, NULL, NULL, 0, 15, 'Fleece windcheater', 'en', NULL, NULL, NULL, NULL, NULL, NULL, NULL, NULL, NULL, NULL, NULL, NULL, NULL, NULL, NULL, NULL, NULL, NULL, '0095ff', '110', NULL, NULL, NULL, NULL, NULL),
(21, '81424311', 44.000, 0, 24, 0.00, NULL, NULL, NULL, 8, 1, NULL, NULL, NULL, 0, 15, 'Weatherproof jacket', 'en', NULL, NULL, NULL, NULL, NULL, NULL, NULL, NULL, NULL, NULL, NULL, NULL, NULL, NULL, NULL, NULL, NULL, NULL, '000000', '105', NULL, NULL, NULL, NULL, NULL),
(22, '123', 69.000, 0, 24, 0.00, NULL, NULL, NULL, 8, 1, NULL, NULL, NULL, 0, 15, 'Weaterproof jacket', 'en', NULL, NULL, NULL, NULL, NULL, NULL, NULL, NULL, NULL, NULL, NULL, NULL, NULL, NULL, NULL, NULL, NULL, NULL, '0095ff', '111', NULL, NULL, NULL, NULL, NULL),
(23, '312313', NULL, 0, 24, 0.00, NULL, NULL, NULL, 8, 1, NULL, NULL, NULL, 0, 154, 'Turtleneck biker jacket', 'en', NULL, NULL, NULL, NULL, NULL, NULL, NULL, NULL, NULL, NULL, NULL, NULL, NULL, NULL, NULL, NULL, NULL, NULL, '000000', '105', NULL, NULL, NULL, NULL, NULL),
(24, '312313', 17.000, 0, 24, 0.00, NULL, NULL, NULL, 8, 1, NULL, NULL, NULL, 0, 154, 'Turtleneck biker jacket', 'en', NULL, NULL, NULL, NULL, NULL, NULL, NULL, NULL, NULL, NULL, NULL, NULL, NULL, NULL, NULL, NULL, NULL, NULL, '000000', '105', NULL, NULL, NULL, NULL, NULL),
(25, '123414', 22.000, 0, 25, 0.00, NULL, NULL, NULL, 9, 1, NULL, NULL, NULL, 0, 15, 'Boston print hoodie', 'en', NULL, NULL, NULL, NULL, NULL, NULL, NULL, NULL, NULL, NULL, NULL, NULL, NULL, NULL, NULL, NULL, NULL, NULL, NULL, NULL, '119', 'ff0000', NULL, NULL, NULL),
(26, 'asdw', 27.000, 0, 25, 0.00, NULL, NULL, NULL, 9, 1, NULL, NULL, NULL, 0, 15, 'JBD hoodie', 'en', NULL, NULL, NULL, NULL, NULL, NULL, NULL, NULL, NULL, NULL, NULL, NULL, NULL, NULL, NULL, NULL, NULL, NULL, NULL, NULL, '121', 'ffffff', NULL, NULL, NULL),
(27, '9740', 18.000, 0, 25, 0.00, NULL, NULL, NULL, 9, 1, NULL, NULL, NULL, 0, 15, 'Contrast lined hoodie', 'en', NULL, NULL, NULL, NULL, NULL, NULL, NULL, NULL, NULL, NULL, NULL, NULL, NULL, NULL, NULL, NULL, NULL, NULL, NULL, NULL, '115', '008cff', NULL, NULL, NULL),
(28, '12341', 19.000, 0, 25, 0.00, NULL, NULL, NULL, 9, 1, NULL, NULL, NULL, 0, 15, 'Jersey print hoodie', 'en', NULL, NULL, NULL, NULL, NULL, NULL, NULL, NULL, NULL, NULL, NULL, NULL, NULL, NULL, NULL, NULL, NULL, NULL, NULL, NULL, '119', '008cff', NULL, NULL, NULL),
(29, '1235478', 19.000, 0, 25, 0.00, NULL, NULL, NULL, 9, 1, NULL, NULL, NULL, 0, 15, 'Advance print hoodie', 'en', NULL, NULL, NULL, NULL, NULL, NULL, NULL, NULL, NULL, NULL, NULL, NULL, NULL, NULL, NULL, NULL, NULL, NULL, NULL, NULL, '119', '000000', NULL, NULL, NULL),
(30, 'asdasd', 19.000, 0, 26, 0.00, NULL, NULL, NULL, 10, 1, NULL, NULL, NULL, 0, 15, 'Sweat pants', 'en', NULL, NULL, NULL, NULL, NULL, NULL, NULL, NULL, NULL, NULL, NULL, NULL, NULL, NULL, NULL, NULL, NULL, NULL, NULL, NULL, NULL, NULL, '129', '2200ff', '135'),
(31, '1232134121132', 27.000, 0, 26, 0.00, NULL, NULL, NULL, 10, 1, NULL, NULL, NULL, 0, 15, 'Slouch cotton trousers', 'en', NULL, NULL, NULL, NULL, NULL, NULL, NULL, NULL, NULL, NULL, NULL, NULL, NULL, NULL, NULL, NULL, NULL, NULL, NULL, NULL, NULL, NULL, '130', 'ffffff', '135'),
(32, '1231123', 19.000, 0, 26, 0.00, NULL, NULL, NULL, 10, 1, 14.000, NULL, NULL, 0, 15, 'Ribbed waist sweat pants', 'en', NULL, NULL, NULL, NULL, NULL, NULL, NULL, NULL, NULL, NULL, NULL, NULL, NULL, NULL, NULL, NULL, NULL, NULL, NULL, NULL, NULL, NULL, '125', '000000', '135'),
(33, 'asdasd', 12.000, 0, 26, 0.00, NULL, NULL, NULL, 10, 1, NULL, NULL, NULL, 0, 15, 'Sweat bermudas', 'en', NULL, NULL, NULL, NULL, NULL, NULL, NULL, NULL, NULL, NULL, NULL, NULL, NULL, NULL, NULL, NULL, NULL, NULL, NULL, NULL, NULL, NULL, '131', '000000', '134'),
(34, 'asdsa', 12.000, 0, 26, 0.00, NULL, NULL, NULL, 10, 1, 9.000, NULL, NULL, 0, 15, 'Sweat bermudas', 'en', NULL, NULL, NULL, NULL, NULL, NULL, NULL, NULL, NULL, NULL, NULL, NULL, NULL, NULL, NULL, NULL, NULL, NULL, NULL, NULL, NULL, NULL, '129', 'b8b8b8', '134'),
(35, 'asdad', 9.000, 0, 26, 0.00, NULL, NULL, NULL, 10, 1, NULL, NULL, NULL, 0, 15, 'Tracksuit bottoms', 'en', NULL, NULL, NULL, NULL, NULL, NULL, NULL, NULL, NULL, NULL, NULL, NULL, NULL, NULL, NULL, NULL, NULL, NULL, NULL, NULL, NULL, NULL, '130', 'ff0000', '135'),
(37, 'abcde', 24.000, 0, 20, 0.00, NULL, NULL, NULL, 5, 1, NULL, NULL, NULL, 1, 15, 'Classic ankle boots copy', 'en', NULL, NULL, NULL, NULL, NULL, NULL, '54', 'e61212', NULL, NULL, NULL, NULL, NULL, NULL, NULL, NULL, NULL, NULL, NULL, NULL, NULL, NULL, NULL, NULL, NULL),
(38, '123', 14.000, 0, 20, 0.00, NULL, NULL, NULL, 5, 1, NULL, NULL, NULL, 1, 15, 'Criss-cross strap sandals copy', 'en', NULL, NULL, NULL, NULL, NULL, NULL, '52', '15b0db', '61', '69', NULL, NULL, NULL, NULL, NULL, NULL, NULL, NULL, NULL, NULL, NULL, NULL, NULL, NULL, NULL),
(39, '123', 14.000, 0, 20, 0.00, NULL, NULL, NULL, 5, 1, NULL, NULL, NULL, 1, 15, 'Criss-cross strap sandals copy', 'en', NULL, NULL, NULL, NULL, NULL, NULL, '52', '15b0db', '61', '69', NULL, NULL, NULL, NULL, NULL, NULL, NULL, NULL, NULL, NULL, NULL, NULL, NULL, NULL, NULL),
(40, '123', 14.000, 0, 20, 0.00, NULL, NULL, NULL, 5, 1, NULL, NULL, NULL, 1, 15, 'Criss-cross strap sandals copy', 'en', NULL, NULL, NULL, NULL, NULL, NULL, '52', '15b0db', '61', '69', NULL, NULL, NULL, NULL, NULL, NULL, NULL, NULL, NULL, NULL, NULL, NULL, NULL, NULL, NULL),
(41, 'abcde', 24.000, 0, 20, 0.00, NULL, NULL, NULL, 5, 1, NULL, NULL, NULL, 1, 15, 'Classic ankle boots copy', 'en', NULL, NULL, NULL, NULL, NULL, NULL, '54', 'e61212', NULL, NULL, NULL, NULL, NULL, NULL, NULL, NULL, NULL, NULL, NULL, NULL, NULL, NULL, NULL, NULL, NULL),
(42, 'asdasda', 39.000, 0, 20, 0.00, NULL, NULL, NULL, 5, 1, NULL, NULL, NULL, 0, 14, 'Platform boots copy', 'en', NULL, NULL, NULL, NULL, NULL, NULL, '54', '15b0db', '63', '65', NULL, NULL, NULL, NULL, NULL, NULL, NULL, NULL, NULL, NULL, NULL, NULL, NULL, NULL, NULL),
(43, 'asdda', 9.000, 0, 22, 0.00, NULL, NULL, NULL, 6, 1, NULL, NULL, NULL, 0, 15, 'Skirt copy', 'en', NULL, NULL, NULL, NULL, NULL, NULL, NULL, NULL, NULL, NULL, NULL, NULL, NULL, NULL, '97', '000000', NULL, '95', NULL, NULL, NULL, NULL, NULL, NULL, NULL),
(44, 'asdasda', 39.000, 0, 20, 0.00, NULL, NULL, NULL, 5, 1, NULL, NULL, NULL, 0, 20, 'Platform boots red', 'en', NULL, NULL, NULL, NULL, NULL, NULL, '54', 'e61212', '63', '65', NULL, NULL, NULL, NULL, NULL, NULL, NULL, NULL, NULL, NULL, NULL, NULL, NULL, NULL, NULL);

-- --------------------------------------------------------

--
-- Tabellenstruktur für Tabelle `product_table_price`
--

DROP TABLE IF EXISTS `product_table_price`;
CREATE TABLE IF NOT EXISTS `product_table_price` (
  `id` int(11) NOT NULL AUTO_INCREMENT,
  `product_id` int(11) NOT NULL,
  `table_quantity` int(11) NOT NULL,
  `table_price` decimal(12,3) NOT NULL,
  PRIMARY KEY (`id`),
  KEY `tyre_id` (`product_id`)
) ENGINE=InnoDB  DEFAULT CHARSET=utf8 COLLATE=utf8_unicode_ci AUTO_INCREMENT=7 ;

--
-- Daten für Tabelle `product_table_price`
--

INSERT INTO `product_table_price` (`id`, `product_id`, `table_quantity`, `table_price`) VALUES
(4, 25, 3, 20.000),
(5, 25, 5, 18.000),
(6, 25, 7, 16.000);

-- --------------------------------------------------------

--
-- Tabellenstruktur für Tabelle `product_up_selling`
--

DROP TABLE IF EXISTS `product_up_selling`;
CREATE TABLE IF NOT EXISTS `product_up_selling` (
  `product_id` int(11) NOT NULL,
  `up_id` int(11) NOT NULL,
  PRIMARY KEY (`product_id`,`up_id`),
  KEY `fk_product_has_product_product6` (`up_id`),
  KEY `fk_product_has_product_product5` (`product_id`)
) ENGINE=InnoDB DEFAULT CHARSET=utf8 COLLATE=utf8_unicode_ci;

--
-- Daten für Tabelle `product_up_selling`
--


-- --------------------------------------------------------

--
-- Tabellenstruktur für Tabelle `quotation`
--

DROP TABLE IF EXISTS `quotation`;
CREATE TABLE IF NOT EXISTS `quotation` (
  `id` int(11) NOT NULL AUTO_INCREMENT,
  `name` varchar(255) COLLATE utf8_unicode_ci NOT NULL,
  `number` varchar(255) COLLATE utf8_unicode_ci DEFAULT NULL,
  `price` double(12,3) NOT NULL,
  `discount` double(10,3) DEFAULT '0.000',
  `person_name` varchar(255) COLLATE utf8_unicode_ci DEFAULT NULL,
  `creator_name` varchar(255) COLLATE utf8_unicode_ci DEFAULT NULL,
  `description` text COLLATE utf8_unicode_ci,
  `policy` text COLLATE utf8_unicode_ci,
  `insertat` datetime DEFAULT NULL,
  `due_date` date DEFAULT NULL,
  `quotation_discount_type_id` int(11) DEFAULT NULL,
  `person_id` int(11) DEFAULT NULL,
  `user_id` int(11) DEFAULT NULL,
  `updateat` datetime DEFAULT NULL,
  `quotation_state_id` int(11) NOT NULL,
  PRIMARY KEY (`id`),
  KEY `fk_quotation_quotation_discount_type1` (`quotation_discount_type_id`),
  KEY `fk_quotation_person1` (`person_id`),
  KEY `fk_quotation_user1` (`user_id`),
  KEY `quotation_state_id` (`quotation_state_id`)
) ENGINE=InnoDB  DEFAULT CHARSET=utf8 COLLATE=utf8_unicode_ci AUTO_INCREMENT=352 ;

--
-- Daten für Tabelle `quotation`
--

INSERT INTO `quotation` (`id`, `name`, `number`, `price`, `discount`, `person_name`, `creator_name`, `description`, `policy`, `insertat`, `due_date`, `quotation_discount_type_id`, `person_id`, `user_id`, `updateat`, `quotation_state_id`) VALUES
(2, 'Quotation Name', 'SO1254', 12.500, 80.000, 'Amir Cherif', 'Montassar Smida', 'descriptiondescriptiondescriptiondescriptiondescriptiondescriptiondescriptiondescriptiondescriptiondescription', 'policypolicypolicypolicypolicypolicypolicypolicypolicypolicypolicypolicypolicypolicypolicypolicypolicypolicypolicypolicy', '2012-03-08 00:00:00', '2012-03-08', NULL, NULL, 1, NULL, 0),
(3, 'Quotation Name', 'SO1254', 12.500, 2.000, 'Amir Cherif', 'Montassar Smida', 'descriptiondescriptiondescriptiondescriptiondescriptiondescriptiondescriptiondescriptiondescriptiondescription', 'policypolicypolicypolicypolicypolicypolicypolicypolicypolicypolicypolicypolicypolicypolicypolicypolicypolicypolicypolicy', '2012-03-08 00:00:00', '2012-03-08', NULL, NULL, NULL, NULL, 0),
(4, 'Quotation Name', 'SO1254', 12.500, 2.000, 'Amir Cherif', 'Montassar Smida', 'descriptiondescriptiondescriptiondescriptiondescriptiondescriptiondescriptiondescriptiondescriptiondescription', 'policypolicypolicypolicypolicypolicypolicypolicypolicypolicypolicypolicypolicypolicypolicypolicypolicypolicypolicypolicy', '2012-03-08 00:00:00', '2012-03-08', NULL, NULL, NULL, NULL, 0),
(5, 'Quotation Name', 'SO1254', 12.500, 2.000, 'Amir Cherif', 'Montassar Smida', 'descriptiondescriptiondescriptiondescriptiondescriptiondescriptiondescriptiondescriptiondescriptiondescription', 'policypolicypolicypolicypolicypolicypolicypolicypolicypolicypolicypolicypolicypolicypolicypolicypolicypolicypolicypolicy', '2012-03-08 00:00:00', '2012-03-08', NULL, NULL, NULL, NULL, 0),
(7, 'Quotation Name', 'SO1254', 12.500, 2.000, 'Amir Cherif', 'Montassar Smida', 'descriptiondescriptiondescriptiondescriptiondescriptiondescriptiondescriptiondescriptiondescriptiondescription', 'policypolicypolicypolicypolicypolicypolicypolicypolicypolicypolicypolicypolicypolicypolicypolicypolicypolicypolicypolicy', '2012-03-08 00:00:00', '2012-03-08', NULL, NULL, NULL, NULL, 0),
(8, 'Quotation Name', 'SO1254', 12.500, 2.000, 'Amir Cherif', 'Montassar Smida', 'descriptiondescriptiondescriptiondescriptiondescriptiondescriptiondescriptiondescriptiondescriptiondescription', 'policypolicypolicypolicypolicypolicypolicypolicypolicypolicypolicypolicypolicypolicypolicypolicypolicypolicypolicypolicy', '2012-03-08 00:00:00', '2012-03-08', NULL, NULL, NULL, NULL, 0),
(9, 'Quotation Name', 'SO1254', 12.500, 2.000, 'Amir Cherif', 'Montassar Smida', 'descriptiondescriptiondescriptiondescriptiondescriptiondescriptiondescriptiondescriptiondescriptiondescription', 'policypolicypolicypolicypolicypolicypolicypolicypolicypolicypolicypolicypolicypolicypolicypolicypolicypolicypolicypolicy', '2012-03-08 00:00:00', '2012-03-08', NULL, NULL, NULL, NULL, 0),
(10, 'Quotation Name', 'SO1254', 12.500, 2.000, 'Amir Cherif', 'Montassar Smida', 'descriptiondescriptiondescriptiondescriptiondescriptiondescriptiondescriptiondescriptiondescriptiondescription', 'policypolicypolicypolicypolicypolicypolicypolicypolicypolicypolicypolicypolicypolicypolicypolicypolicypolicypolicypolicy', '2012-03-08 00:00:00', '2012-03-08', NULL, NULL, NULL, NULL, 0),
(11, 'Quotation Name', 'SO1254', 12.500, 2.000, 'Amir Cherif', 'Montassar Smida', 'descriptiondescriptiondescriptiondescriptiondescriptiondescriptiondescriptiondescriptiondescriptiondescription', 'policypolicypolicypolicypolicypolicypolicypolicypolicypolicypolicypolicypolicypolicypolicypolicypolicypolicypolicypolicy', '2012-03-08 00:00:00', '2012-03-08', NULL, NULL, NULL, NULL, 0),
(12, 'Quotation Name', 'SO1254', 12.500, 2.000, 'Amir Cherif', 'Montassar Smida', 'descriptiondescriptiondescriptiondescriptiondescriptiondescriptiondescriptiondescriptiondescriptiondescription', 'policypolicypolicypolicypolicypolicypolicypolicypolicypolicypolicypolicypolicypolicypolicypolicypolicypolicypolicypolicy', '2012-03-08 00:00:00', '2012-03-08', NULL, NULL, NULL, NULL, 0),
(17, 'Quotation Name', 'SO1254', 12.500, 2.000, 'Amir Cherif', 'Montassar Smida', 'descriptiondescriptiondescriptiondescriptiondescriptiondescriptiondescriptiondescriptiondescriptiondescription', 'policypolicypolicypolicypolicypolicypolicypolicypolicypolicypolicypolicypolicypolicypolicypolicypolicypolicypolicypolicy', '2012-03-08 00:00:00', '2012-03-08', NULL, NULL, NULL, NULL, 0),
(18, 'Quotation Name', 'SO1254', 12.500, 2.000, 'Amir Cherif', 'Montassar Smida', 'descriptiondescriptiondescriptiondescriptiondescriptiondescriptiondescriptiondescriptiondescriptiondescription', 'policypolicypolicypolicypolicypolicypolicypolicypolicypolicypolicypolicypolicypolicypolicypolicypolicypolicypolicypolicy', '2012-03-08 00:00:00', '2012-03-08', NULL, NULL, NULL, NULL, 0),
(20, 'Quotation Name', 'SO1254', 12.500, 2.000, 'Amir Cherif', 'Montassar Smida', 'descriptiondescriptiondescriptiondescriptiondescriptiondescriptiondescriptiondescriptiondescriptiondescription', 'policypolicypolicypolicypolicypolicypolicypolicypolicypolicypolicypolicypolicypolicypolicypolicypolicypolicypolicypolicy', '2012-03-08 00:00:00', '2012-03-08', NULL, NULL, NULL, NULL, 0),
(23, 'Quotation Name', 'SO1254', 12.500, 2.000, 'Amir Cherif', 'Montassar Smida', 'descriptiondescriptiondescriptiondescriptiondescriptiondescriptiondescriptiondescriptiondescriptiondescription', 'policypolicypolicypolicypolicypolicypolicypolicypolicypolicypolicypolicypolicypolicypolicypolicypolicypolicypolicypolicy', '2012-03-08 00:00:00', '2012-03-08', NULL, NULL, NULL, NULL, 0),
(24, 'Quotation Name', 'SO1254', 12.500, 2.000, 'Amir Cherif', 'Montassar Smida', 'descriptiondescriptiondescriptiondescriptiondescriptiondescriptiondescriptiondescriptiondescriptiondescription', 'policypolicypolicypolicypolicypolicypolicypolicypolicypolicypolicypolicypolicypolicypolicypolicypolicypolicypolicypolicy', '2012-03-08 00:00:00', '2012-03-08', NULL, NULL, NULL, NULL, 0),
(26, 'Quotation Name', 'SO1254', 12.500, 2.000, 'Amir Cherif', 'Montassar Smida', 'descriptiondescriptiondescriptiondescriptiondescriptiondescriptiondescriptiondescriptiondescriptiondescription', 'policypolicypolicypolicypolicypolicypolicypolicypolicypolicypolicypolicypolicypolicypolicypolicypolicypolicypolicypolicy', '2012-03-08 00:00:00', '2012-03-08', NULL, NULL, NULL, NULL, 0),
(27, 'Quotation Name', 'SO1254', 12.500, 2.000, 'Amir Cherif', 'Montassar Smida', 'descriptiondescriptiondescriptiondescriptiondescriptiondescriptiondescriptiondescriptiondescriptiondescription', 'policypolicypolicypolicypolicypolicypolicypolicypolicypolicypolicypolicypolicypolicypolicypolicypolicypolicypolicypolicy', '2012-03-08 00:00:00', '2012-03-08', NULL, NULL, NULL, NULL, 0),
(29, 'Quotation Name', 'SO1254', 12.500, 2.000, 'Amir Cherif', 'Montassar Smida', 'descriptiondescriptiondescriptiondescriptiondescriptiondescriptiondescriptiondescriptiondescriptiondescription', 'policypolicypolicypolicypolicypolicypolicypolicypolicypolicypolicypolicypolicypolicypolicypolicypolicypolicypolicypolicy', '2012-03-08 00:00:00', '2012-03-08', NULL, NULL, NULL, NULL, 0),
(30, 'Quotation Name', 'SO1254', 12.500, 2.000, 'Amir Cherif', 'Montassar Smida', 'descriptiondescriptiondescriptiondescriptiondescriptiondescriptiondescriptiondescriptiondescriptiondescription', 'policypolicypolicypolicypolicypolicypolicypolicypolicypolicypolicypolicypolicypolicypolicypolicypolicypolicypolicypolicy', '2012-03-08 00:00:00', '2012-03-08', NULL, NULL, NULL, NULL, 0),
(32, 'Quotation Name', 'SO1254', 12.500, 2.000, 'Amir Cherif', 'Montassar Smida', 'descriptiondescriptiondescriptiondescriptiondescriptiondescriptiondescriptiondescriptiondescriptiondescription', 'policypolicypolicypolicypolicypolicypolicypolicypolicypolicypolicypolicypolicypolicypolicypolicypolicypolicypolicypolicy', '2012-03-08 00:00:00', '2012-03-08', NULL, NULL, NULL, NULL, 0),
(33, 'Quotation Name', 'SO1254', 12.500, 2.000, 'Amir Cherif', 'Montassar Smida', 'descriptiondescriptiondescriptiondescriptiondescriptiondescriptiondescriptiondescriptiondescriptiondescription', 'policypolicypolicypolicypolicypolicypolicypolicypolicypolicypolicypolicypolicypolicypolicypolicypolicypolicypolicypolicy', '2012-03-08 00:00:00', '2012-03-08', NULL, NULL, NULL, NULL, 0),
(35, 'Quotation Name', 'SO1254', 12.500, 2.000, 'Amir Cherif', 'Montassar Smida', 'descriptiondescriptiondescriptiondescriptiondescriptiondescriptiondescriptiondescriptiondescriptiondescription', 'policypolicypolicypolicypolicypolicypolicypolicypolicypolicypolicypolicypolicypolicypolicypolicypolicypolicypolicypolicy', '2012-03-08 00:00:00', '2012-03-08', NULL, NULL, NULL, NULL, 0),
(36, 'Quotation Name', 'SO1254', 12.500, 2.000, 'Amir Cherif', 'Montassar Smida', 'descriptiondescriptiondescriptiondescriptiondescriptiondescriptiondescriptiondescriptiondescriptiondescription', 'policypolicypolicypolicypolicypolicypolicypolicypolicypolicypolicypolicypolicypolicypolicypolicypolicypolicypolicypolicy', '2012-03-08 00:00:00', '2012-03-08', NULL, NULL, NULL, NULL, 0),
(38, 'Quotation Name', 'SO1254', 12.500, 2.000, 'Amir Cherif', 'Montassar Smida', 'descriptiondescriptiondescriptiondescriptiondescriptiondescriptiondescriptiondescriptiondescriptiondescription', 'policypolicypolicypolicypolicypolicypolicypolicypolicypolicypolicypolicypolicypolicypolicypolicypolicypolicypolicypolicy', '2012-03-08 00:00:00', '2012-03-08', NULL, NULL, NULL, NULL, 0),
(39, 'Quotation Name', 'SO1254', 12.500, 2.000, 'Amir Cherif', 'Montassar Smida', 'descriptiondescriptiondescriptiondescriptiondescriptiondescriptiondescriptiondescriptiondescriptiondescription', 'policypolicypolicypolicypolicypolicypolicypolicypolicypolicypolicypolicypolicypolicypolicypolicypolicypolicypolicypolicy', '2012-03-08 00:00:00', '2012-03-08', NULL, NULL, NULL, NULL, 0),
(41, 'Quotation Name', 'SO1254', 12.500, 2.000, 'Amir Cherif', 'Montassar Smida', 'descriptiondescriptiondescriptiondescriptiondescriptiondescriptiondescriptiondescriptiondescriptiondescription', 'policypolicypolicypolicypolicypolicypolicypolicypolicypolicypolicypolicypolicypolicypolicypolicypolicypolicypolicypolicy', '2012-03-08 00:00:00', '2012-03-08', NULL, NULL, NULL, NULL, 0),
(42, 'Quotation Name', 'SO1254', 12.500, 2.000, 'Amir Cherif', 'Montassar Smida', 'descriptiondescriptiondescriptiondescriptiondescriptiondescriptiondescriptiondescriptiondescriptiondescription', 'policypolicypolicypolicypolicypolicypolicypolicypolicypolicypolicypolicypolicypolicypolicypolicypolicypolicypolicypolicy', '2012-03-08 00:00:00', '2012-03-08', NULL, NULL, NULL, NULL, 0),
(44, 'Quotation Name', 'SO1254', 12.500, 2.000, 'Amir Cherif', 'Montassar Smida', 'descriptiondescriptiondescriptiondescriptiondescriptiondescriptiondescriptiondescriptiondescriptiondescription', 'policypolicypolicypolicypolicypolicypolicypolicypolicypolicypolicypolicypolicypolicypolicypolicypolicypolicypolicypolicy', '2012-03-08 00:00:00', '2012-03-08', NULL, NULL, NULL, NULL, 0),
(45, 'Quotation Name', 'SO1254', 12.500, 2.000, 'Amir Cherif', 'Montassar Smida', 'descriptiondescriptiondescriptiondescriptiondescriptiondescriptiondescriptiondescriptiondescriptiondescription', 'policypolicypolicypolicypolicypolicypolicypolicypolicypolicypolicypolicypolicypolicypolicypolicypolicypolicypolicypolicy', '2012-03-08 00:00:00', '2012-03-08', NULL, NULL, NULL, NULL, 0),
(47, 'Quotation Name', 'SO1254', 12.500, 2.000, 'Amir Cherif', 'Montassar Smida', 'descriptiondescriptiondescriptiondescriptiondescriptiondescriptiondescriptiondescriptiondescriptiondescription', 'policypolicypolicypolicypolicypolicypolicypolicypolicypolicypolicypolicypolicypolicypolicypolicypolicypolicypolicypolicy', '2012-03-08 00:00:00', '2012-03-08', NULL, NULL, NULL, NULL, 0),
(48, 'Quotation Name', 'SO1254', 12.500, 2.000, 'Amir Cherif', 'Montassar Smida', 'descriptiondescriptiondescriptiondescriptiondescriptiondescriptiondescriptiondescriptiondescriptiondescription', 'policypolicypolicypolicypolicypolicypolicypolicypolicypolicypolicypolicypolicypolicypolicypolicypolicypolicypolicypolicy', '2012-03-08 00:00:00', '2012-03-08', NULL, NULL, NULL, NULL, 0),
(50, 'Quotation Name', 'SO1254', 12.500, 2.000, 'Amir Cherif', 'Montassar Smida', 'descriptiondescriptiondescriptiondescriptiondescriptiondescriptiondescriptiondescriptiondescriptiondescription', 'policypolicypolicypolicypolicypolicypolicypolicypolicypolicypolicypolicypolicypolicypolicypolicypolicypolicypolicypolicy', '2012-03-08 00:00:00', '2012-03-08', NULL, NULL, NULL, NULL, 0),
(51, 'Quotation Name', 'SO1254', 12.500, 2.000, 'Amir Cherif', 'Montassar Smida', 'descriptiondescriptiondescriptiondescriptiondescriptiondescriptiondescriptiondescriptiondescriptiondescription', 'policypolicypolicypolicypolicypolicypolicypolicypolicypolicypolicypolicypolicypolicypolicypolicypolicypolicypolicypolicy', '2012-03-08 00:00:00', '2012-03-08', NULL, NULL, NULL, NULL, 0),
(53, 'Quotation Name', 'SO1254', 12.500, 2.000, 'Amir Cherif', 'Montassar Smida', 'descriptiondescriptiondescriptiondescriptiondescriptiondescriptiondescriptiondescriptiondescriptiondescription', 'policypolicypolicypolicypolicypolicypolicypolicypolicypolicypolicypolicypolicypolicypolicypolicypolicypolicypolicypolicy', '2012-03-08 00:00:00', '2012-03-08', NULL, NULL, NULL, NULL, 0),
(54, 'Quotation Name', 'SO1254', 12.500, 2.000, 'Amir Cherif', 'Montassar Smida', 'descriptiondescriptiondescriptiondescriptiondescriptiondescriptiondescriptiondescriptiondescriptiondescription', 'policypolicypolicypolicypolicypolicypolicypolicypolicypolicypolicypolicypolicypolicypolicypolicypolicypolicypolicypolicy', '2012-03-08 00:00:00', '2012-03-08', NULL, NULL, NULL, NULL, 0),
(56, 'Quotation Name', 'SO1254', 12.500, 2.000, 'Amir Cherif', 'Montassar Smida', 'descriptiondescriptiondescriptiondescriptiondescriptiondescriptiondescriptiondescriptiondescriptiondescription', 'policypolicypolicypolicypolicypolicypolicypolicypolicypolicypolicypolicypolicypolicypolicypolicypolicypolicypolicypolicy', '2012-03-08 00:00:00', '2012-03-08', NULL, NULL, NULL, NULL, 0),
(57, 'Quotation Name', 'SO1254', 12.500, 2.000, 'Amir Cherif', 'Montassar Smida', 'descriptiondescriptiondescriptiondescriptiondescriptiondescriptiondescriptiondescriptiondescriptiondescription', 'policypolicypolicypolicypolicypolicypolicypolicypolicypolicypolicypolicypolicypolicypolicypolicypolicypolicypolicypolicy', '2012-03-08 00:00:00', '2012-03-08', NULL, NULL, NULL, NULL, 0),
(59, 'Quotation Name', 'SO1254', 12.500, 2.000, 'Amir Cherif', 'Montassar Smida', 'descriptiondescriptiondescriptiondescriptiondescriptiondescriptiondescriptiondescriptiondescriptiondescription', 'policypolicypolicypolicypolicypolicypolicypolicypolicypolicypolicypolicypolicypolicypolicypolicypolicypolicypolicypolicy', '2012-03-08 00:00:00', '2012-03-08', NULL, NULL, NULL, NULL, 0),
(60, 'Quotation Name', 'SO1254', 12.500, 2.000, 'Amir Cherif', 'Montassar Smida', 'descriptiondescriptiondescriptiondescriptiondescriptiondescriptiondescriptiondescriptiondescriptiondescription', 'policypolicypolicypolicypolicypolicypolicypolicypolicypolicypolicypolicypolicypolicypolicypolicypolicypolicypolicypolicy', '2012-03-08 00:00:00', '2012-03-08', NULL, NULL, NULL, NULL, 0),
(62, 'Quotation Name', 'SO1254', 12.500, 2.000, 'Amir Cherif', 'Montassar Smida', 'descriptiondescriptiondescriptiondescriptiondescriptiondescriptiondescriptiondescriptiondescriptiondescription', 'policypolicypolicypolicypolicypolicypolicypolicypolicypolicypolicypolicypolicypolicypolicypolicypolicypolicypolicypolicy', '2012-03-08 00:00:00', '2012-03-08', NULL, NULL, NULL, NULL, 0),
(63, 'Quotation Name', 'SO1254', 12.500, 2.000, 'Amir Cherif', 'Montassar Smida', 'descriptiondescriptiondescriptiondescriptiondescriptiondescriptiondescriptiondescriptiondescriptiondescription', 'policypolicypolicypolicypolicypolicypolicypolicypolicypolicypolicypolicypolicypolicypolicypolicypolicypolicypolicypolicy', '2012-03-08 00:00:00', '2012-03-08', NULL, NULL, NULL, NULL, 0),
(64, 'Quotation Name', 'SO1254', 12.500, 2.000, 'Amir Cherif', 'Montassar Smida', 'descriptiondescriptiondescriptiondescriptiondescriptiondescriptiondescriptiondescriptiondescriptiondescription', 'policypolicypolicypolicypolicypolicypolicypolicypolicypolicypolicypolicypolicypolicypolicypolicypolicypolicypolicypolicy', '2012-03-09 00:00:00', '2012-03-09', NULL, NULL, NULL, NULL, 0),
(65, 'Quotation Name', 'SO1254', 12.500, 2.000, 'Amir Cherif', 'Montassar Smida', 'descriptiondescriptiondescriptiondescriptiondescriptiondescriptiondescriptiondescriptiondescriptiondescription', 'policypolicypolicypolicypolicypolicypolicypolicypolicypolicypolicypolicypolicypolicypolicypolicypolicypolicypolicypolicy', '2012-03-09 00:00:00', '2012-03-09', NULL, NULL, NULL, NULL, 0),
(66, 'Quotation Name', 'SO1254', 12.500, 2.000, 'Amir Cherif', 'Montassar Smida', 'descriptiondescriptiondescriptiondescriptiondescriptiondescriptiondescriptiondescriptiondescriptiondescription', 'policypolicypolicypolicypolicypolicypolicypolicypolicypolicypolicypolicypolicypolicypolicypolicypolicypolicypolicypolicy', '2012-03-10 00:00:00', '2012-03-10', NULL, NULL, NULL, NULL, 0),
(67, 'Quotation Name', 'SO1254', 12.500, 2.000, 'Amir Cherif', 'Montassar Smida', 'descriptiondescriptiondescriptiondescriptiondescriptiondescriptiondescriptiondescriptiondescriptiondescription', 'policypolicypolicypolicypolicypolicypolicypolicypolicypolicypolicypolicypolicypolicypolicypolicypolicypolicypolicypolicy', '2012-03-10 00:00:00', '2012-03-10', NULL, NULL, NULL, NULL, 0),
(69, 'Quotation Name', 'SO1254', 12.500, 2.000, 'Amir Cherif', 'Montassar Smida', 'descriptiondescriptiondescriptiondescriptiondescriptiondescriptiondescriptiondescriptiondescriptiondescription', 'policypolicypolicypolicypolicypolicypolicypolicypolicypolicypolicypolicypolicypolicypolicypolicypolicypolicypolicypolicy', '2012-03-10 00:00:00', '2012-03-10', NULL, NULL, NULL, NULL, 0),
(70, 'Quotation Name', 'SO1254', 12.500, 2.000, 'Amir Cherif', 'Montassar Smida', 'descriptiondescriptiondescriptiondescriptiondescriptiondescriptiondescriptiondescriptiondescriptiondescription', 'policypolicypolicypolicypolicypolicypolicypolicypolicypolicypolicypolicypolicypolicypolicypolicypolicypolicypolicypolicy', '2012-03-10 00:00:00', '2012-03-10', NULL, NULL, NULL, NULL, 0),
(71, 'Quotation Name', 'SO1254', 12.500, 2.000, 'Amir Cherif', 'Montassar Smida', 'descriptiondescriptiondescriptiondescriptiondescriptiondescriptiondescriptiondescriptiondescriptiondescription', 'policypolicypolicypolicypolicypolicypolicypolicypolicypolicypolicypolicypolicypolicypolicypolicypolicypolicypolicypolicy', '2012-03-11 00:00:00', '2012-03-11', NULL, NULL, NULL, NULL, 0),
(72, 'Quotation Name', 'SO1254', 12.500, 2.000, 'Amir Cherif', 'Montassar Smida', 'descriptiondescriptiondescriptiondescriptiondescriptiondescriptiondescriptiondescriptiondescriptiondescription', 'policypolicypolicypolicypolicypolicypolicypolicypolicypolicypolicypolicypolicypolicypolicypolicypolicypolicypolicypolicy', '2012-03-11 00:00:00', '2012-03-11', NULL, NULL, NULL, NULL, 0),
(74, 'Quotation Name', 'SO1254', 12.500, 2.000, 'Amir Cherif', 'Montassar Smida', 'descriptiondescriptiondescriptiondescriptiondescriptiondescriptiondescriptiondescriptiondescriptiondescription', 'policypolicypolicypolicypolicypolicypolicypolicypolicypolicypolicypolicypolicypolicypolicypolicypolicypolicypolicypolicy', '2012-03-11 00:00:00', '2012-03-11', NULL, NULL, NULL, NULL, 0),
(75, 'Quotation Name', 'SO1254', 12.500, 2.000, 'Amir Cherif', 'Montassar Smida', 'descriptiondescriptiondescriptiondescriptiondescriptiondescriptiondescriptiondescriptiondescriptiondescription', 'policypolicypolicypolicypolicypolicypolicypolicypolicypolicypolicypolicypolicypolicypolicypolicypolicypolicypolicypolicy', '2012-03-11 00:00:00', '2012-03-11', NULL, NULL, NULL, NULL, 0),
(77, 'Quotation Name', 'SO1254', 12.500, 2.000, 'Amir Cherif', 'Montassar Smida', 'descriptiondescriptiondescriptiondescriptiondescriptiondescriptiondescriptiondescriptiondescriptiondescription', 'policypolicypolicypolicypolicypolicypolicypolicypolicypolicypolicypolicypolicypolicypolicypolicypolicypolicypolicypolicy', '2012-03-11 00:00:00', '2012-03-11', NULL, NULL, NULL, NULL, 0),
(78, 'Quotation Name', 'SO1254', 12.500, 2.000, 'Amir Cherif', 'Montassar Smida', 'descriptiondescriptiondescriptiondescriptiondescriptiondescriptiondescriptiondescriptiondescriptiondescription', 'policypolicypolicypolicypolicypolicypolicypolicypolicypolicypolicypolicypolicypolicypolicypolicypolicypolicypolicypolicy', '2012-03-11 00:00:00', '2012-03-11', NULL, NULL, NULL, NULL, 0),
(80, 'Quotation Name', 'SO1254', 12.500, 2.000, 'Amir Cherif', 'Montassar Smida', 'descriptiondescriptiondescriptiondescriptiondescriptiondescriptiondescriptiondescriptiondescriptiondescription', 'policypolicypolicypolicypolicypolicypolicypolicypolicypolicypolicypolicypolicypolicypolicypolicypolicypolicypolicypolicy', '2012-03-11 00:00:00', '2012-03-11', NULL, NULL, NULL, NULL, 0),
(81, 'Quotation Name', 'SO1254', 12.500, 2.000, 'Amir Cherif', 'Montassar Smida', 'descriptiondescriptiondescriptiondescriptiondescriptiondescriptiondescriptiondescriptiondescriptiondescription', 'policypolicypolicypolicypolicypolicypolicypolicypolicypolicypolicypolicypolicypolicypolicypolicypolicypolicypolicypolicy', '2012-03-11 00:00:00', '2012-03-11', NULL, NULL, NULL, NULL, 0),
(83, 'Quotation Name', 'SO1254', 12.500, 2.000, 'Amir Cherif', 'Montassar Smida', 'descriptiondescriptiondescriptiondescriptiondescriptiondescriptiondescriptiondescriptiondescriptiondescription', 'policypolicypolicypolicypolicypolicypolicypolicypolicypolicypolicypolicypolicypolicypolicypolicypolicypolicypolicypolicy', '2012-03-11 00:00:00', '2012-03-11', NULL, NULL, NULL, NULL, 0),
(84, 'Quotation Name', 'SO1254', 12.500, 2.000, 'Amir Cherif', 'Montassar Smida', 'descriptiondescriptiondescriptiondescriptiondescriptiondescriptiondescriptiondescriptiondescriptiondescription', 'policypolicypolicypolicypolicypolicypolicypolicypolicypolicypolicypolicypolicypolicypolicypolicypolicypolicypolicypolicy', '2012-03-11 00:00:00', '2012-03-11', NULL, NULL, NULL, NULL, 0),
(86, 'Quotation Name', 'SO1254', 12.500, 2.000, 'Amir Cherif', 'Montassar Smida', 'descriptiondescriptiondescriptiondescriptiondescriptiondescriptiondescriptiondescriptiondescriptiondescription', 'policypolicypolicypolicypolicypolicypolicypolicypolicypolicypolicypolicypolicypolicypolicypolicypolicypolicypolicypolicy', '2012-03-11 00:00:00', '2012-03-11', NULL, NULL, NULL, NULL, 0),
(87, 'Quotation Name', 'SO1254', 12.500, 2.000, 'Amir Cherif', 'Montassar Smida', 'descriptiondescriptiondescriptiondescriptiondescriptiondescriptiondescriptiondescriptiondescriptiondescription', 'policypolicypolicypolicypolicypolicypolicypolicypolicypolicypolicypolicypolicypolicypolicypolicypolicypolicypolicypolicy', '2012-03-11 00:00:00', '2012-03-11', NULL, NULL, NULL, NULL, 0),
(89, 'Quotation Name', 'SO1254', 12.500, 2.000, 'Amir Cherif', 'Montassar Smida', 'descriptiondescriptiondescriptiondescriptiondescriptiondescriptiondescriptiondescriptiondescriptiondescription', 'policypolicypolicypolicypolicypolicypolicypolicypolicypolicypolicypolicypolicypolicypolicypolicypolicypolicypolicypolicy', '2012-03-11 00:00:00', '2012-03-11', NULL, NULL, NULL, NULL, 0),
(90, 'Quotation Name', 'SO1254', 12.500, 2.000, 'Amir Cherif', 'Montassar Smida', 'descriptiondescriptiondescriptiondescriptiondescriptiondescriptiondescriptiondescriptiondescriptiondescription', 'policypolicypolicypolicypolicypolicypolicypolicypolicypolicypolicypolicypolicypolicypolicypolicypolicypolicypolicypolicy', '2012-03-11 00:00:00', '2012-03-11', NULL, NULL, NULL, NULL, 0),
(92, 'Quotation Name', 'SO1254', 12.500, 2.000, 'Amir Cherif', 'Montassar Smida', 'descriptiondescriptiondescriptiondescriptiondescriptiondescriptiondescriptiondescriptiondescriptiondescription', 'policypolicypolicypolicypolicypolicypolicypolicypolicypolicypolicypolicypolicypolicypolicypolicypolicypolicypolicypolicy', '2012-03-11 00:00:00', '2012-03-11', NULL, NULL, NULL, NULL, 0),
(93, 'Quotation Name', 'SO1254', 12.500, 2.000, 'Amir Cherif', 'Montassar Smida', 'descriptiondescriptiondescriptiondescriptiondescriptiondescriptiondescriptiondescriptiondescriptiondescription', 'policypolicypolicypolicypolicypolicypolicypolicypolicypolicypolicypolicypolicypolicypolicypolicypolicypolicypolicypolicy', '2012-03-11 00:00:00', '2012-03-11', NULL, NULL, NULL, NULL, 0),
(95, 'Quotation Name', 'SO1254', 12.500, 2.000, 'Amir Cherif', 'Montassar Smida', 'descriptiondescriptiondescriptiondescriptiondescriptiondescriptiondescriptiondescriptiondescriptiondescription', 'policypolicypolicypolicypolicypolicypolicypolicypolicypolicypolicypolicypolicypolicypolicypolicypolicypolicypolicypolicy', '2012-03-11 00:00:00', '2012-03-11', NULL, NULL, NULL, NULL, 0),
(96, 'Quotation Name', 'SO1254', 12.500, 2.000, 'Amir Cherif', 'Montassar Smida', 'descriptiondescriptiondescriptiondescriptiondescriptiondescriptiondescriptiondescriptiondescriptiondescription', 'policypolicypolicypolicypolicypolicypolicypolicypolicypolicypolicypolicypolicypolicypolicypolicypolicypolicypolicypolicy', '2012-03-11 00:00:00', '2012-03-11', NULL, NULL, NULL, NULL, 0),
(98, 'Quotation Name', 'SO1254', 12.500, 2.000, 'Amir Cherif', 'Montassar Smida', 'descriptiondescriptiondescriptiondescriptiondescriptiondescriptiondescriptiondescriptiondescriptiondescription', 'policypolicypolicypolicypolicypolicypolicypolicypolicypolicypolicypolicypolicypolicypolicypolicypolicypolicypolicypolicy', '2012-03-11 00:00:00', '2012-03-11', NULL, NULL, NULL, NULL, 0),
(99, 'Quotation Name', 'SO1254', 12.500, 2.000, 'Amir Cherif', 'Montassar Smida', 'descriptiondescriptiondescriptiondescriptiondescriptiondescriptiondescriptiondescriptiondescriptiondescription', 'policypolicypolicypolicypolicypolicypolicypolicypolicypolicypolicypolicypolicypolicypolicypolicypolicypolicypolicypolicy', '2012-03-11 00:00:00', '2012-03-11', NULL, NULL, NULL, NULL, 0),
(101, 'Quotation Name', 'SO1254', 12.500, 2.000, 'Amir Cherif', 'Montassar Smida', 'descriptiondescriptiondescriptiondescriptiondescriptiondescriptiondescriptiondescriptiondescriptiondescription', 'policypolicypolicypolicypolicypolicypolicypolicypolicypolicypolicypolicypolicypolicypolicypolicypolicypolicypolicypolicy', '2012-03-11 00:00:00', '2012-03-11', NULL, NULL, NULL, NULL, 0),
(102, 'Quotation Name', 'SO1254', 12.500, 2.000, 'Amir Cherif', 'Montassar Smida', 'descriptiondescriptiondescriptiondescriptiondescriptiondescriptiondescriptiondescriptiondescriptiondescription', 'policypolicypolicypolicypolicypolicypolicypolicypolicypolicypolicypolicypolicypolicypolicypolicypolicypolicypolicypolicy', '2012-03-11 00:00:00', '2012-03-11', NULL, NULL, NULL, NULL, 0),
(104, 'Quotation Name', 'SO1254', 12.500, 2.000, 'Amir Cherif', 'Montassar Smida', 'descriptiondescriptiondescriptiondescriptiondescriptiondescriptiondescriptiondescriptiondescriptiondescription', 'policypolicypolicypolicypolicypolicypolicypolicypolicypolicypolicypolicypolicypolicypolicypolicypolicypolicypolicypolicy', '2012-03-11 00:00:00', '2012-03-11', NULL, NULL, NULL, NULL, 0),
(105, 'Quotation Name', 'SO1254', 12.500, 2.000, 'Amir Cherif', 'Montassar Smida', 'descriptiondescriptiondescriptiondescriptiondescriptiondescriptiondescriptiondescriptiondescriptiondescription', 'policypolicypolicypolicypolicypolicypolicypolicypolicypolicypolicypolicypolicypolicypolicypolicypolicypolicypolicypolicy', '2012-03-11 00:00:00', '2012-03-11', NULL, NULL, NULL, NULL, 0),
(107, 'Quotation Name', 'SO1254', 12.500, 2.000, 'Amir Cherif', 'Montassar Smida', 'descriptiondescriptiondescriptiondescriptiondescriptiondescriptiondescriptiondescriptiondescriptiondescription', 'policypolicypolicypolicypolicypolicypolicypolicypolicypolicypolicypolicypolicypolicypolicypolicypolicypolicypolicypolicy', '2012-03-11 00:00:00', '2012-03-11', NULL, NULL, NULL, NULL, 0),
(108, 'Quotation Name', 'SO1254', 12.500, 2.000, 'Amir Cherif', 'Montassar Smida', 'descriptiondescriptiondescriptiondescriptiondescriptiondescriptiondescriptiondescriptiondescriptiondescription', 'policypolicypolicypolicypolicypolicypolicypolicypolicypolicypolicypolicypolicypolicypolicypolicypolicypolicypolicypolicy', '2012-03-11 00:00:00', '2012-03-11', NULL, NULL, NULL, NULL, 0),
(110, 'Quotation Name', 'SO1254', 12.500, 2.000, 'Amir Cherif', 'Montassar Smida', 'descriptiondescriptiondescriptiondescriptiondescriptiondescriptiondescriptiondescriptiondescriptiondescription', 'policypolicypolicypolicypolicypolicypolicypolicypolicypolicypolicypolicypolicypolicypolicypolicypolicypolicypolicypolicy', '2012-03-11 00:00:00', '2012-03-11', NULL, NULL, NULL, NULL, 0),
(111, 'Quotation Name', 'SO1254', 12.500, 2.000, 'Amir Cherif', 'Montassar Smida', 'descriptiondescriptiondescriptiondescriptiondescriptiondescriptiondescriptiondescriptiondescriptiondescription', 'policypolicypolicypolicypolicypolicypolicypolicypolicypolicypolicypolicypolicypolicypolicypolicypolicypolicypolicypolicy', '2012-03-11 00:00:00', '2012-03-11', NULL, NULL, NULL, NULL, 0),
(112, 'Quotation Name', 'SO1254', 12.500, 2.000, 'Amir Cherif', 'Montassar Smida', 'descriptiondescriptiondescriptiondescriptiondescriptiondescriptiondescriptiondescriptiondescriptiondescription', 'policypolicypolicypolicypolicypolicypolicypolicypolicypolicypolicypolicypolicypolicypolicypolicypolicypolicypolicypolicy', '2012-03-12 00:00:00', '2012-03-12', NULL, NULL, NULL, NULL, 0),
(113, 'Quotation Name', 'SO1254', 12.500, 2.000, 'Amir Cherif', 'Montassar Smida', 'descriptiondescriptiondescriptiondescriptiondescriptiondescriptiondescriptiondescriptiondescriptiondescription', 'policypolicypolicypolicypolicypolicypolicypolicypolicypolicypolicypolicypolicypolicypolicypolicypolicypolicypolicypolicy', '2012-03-12 00:00:00', '2012-03-12', NULL, NULL, NULL, NULL, 0),
(114, 'Quotation Name', 'SO1254', 12.500, 2.000, 'Amir Cherif', 'Montassar Smida', 'descriptiondescriptiondescriptiondescriptiondescriptiondescriptiondescriptiondescriptiondescriptiondescription', 'policypolicypolicypolicypolicypolicypolicypolicypolicypolicypolicypolicypolicypolicypolicypolicypolicypolicypolicypolicy', '2012-03-12 00:00:00', '2012-03-12', NULL, NULL, NULL, NULL, 0),
(115, 'Quotation Name', 'SO1254', 12.500, 2.000, 'Amir Cherif', 'Montassar Smida', 'descriptiondescriptiondescriptiondescriptiondescriptiondescriptiondescriptiondescriptiondescriptiondescription', 'policypolicypolicypolicypolicypolicypolicypolicypolicypolicypolicypolicypolicypolicypolicypolicypolicypolicypolicypolicy', '2012-03-12 00:00:00', '2012-03-12', NULL, NULL, NULL, NULL, 0),
(117, 'Quotation Name', 'SO1254', 12.500, 2.000, 'Amir Cherif', 'Montassar Smida', 'descriptiondescriptiondescriptiondescriptiondescriptiondescriptiondescriptiondescriptiondescriptiondescription', 'policypolicypolicypolicypolicypolicypolicypolicypolicypolicypolicypolicypolicypolicypolicypolicypolicypolicypolicypolicy', '2012-03-12 00:00:00', '2012-03-12', NULL, NULL, NULL, NULL, 0),
(118, 'Quotation Name', 'SO1254', 12.500, 2.000, 'Amir Cherif', 'Montassar Smida', 'descriptiondescriptiondescriptiondescriptiondescriptiondescriptiondescriptiondescriptiondescriptiondescription', 'policypolicypolicypolicypolicypolicypolicypolicypolicypolicypolicypolicypolicypolicypolicypolicypolicypolicypolicypolicy', '2012-03-12 00:00:00', '2012-03-12', NULL, NULL, NULL, NULL, 0),
(120, 'Quotation for Amir cherif', 'Q01235', 1500.000, NULL, 'Amir Cherif', 'Faras Al Jodar', 'Amhshsop version 3.7 And installation', 'Termn of use:\nasdadasda\nsda\nsda\nsdasd', NULL, '2012-03-14', NULL, 3, 1, NULL, 0),
(121, 'Quotation Name', 'SO1254', 12.500, 2.000, 'Amir Cherif', 'Montassar Smida', 'descriptiondescriptiondescriptiondescriptiondescriptiondescriptiondescriptiondescriptiondescriptiondescription', 'policypolicypolicypolicypolicypolicypolicypolicypolicypolicypolicypolicypolicypolicypolicypolicypolicypolicypolicypolicy', '2012-03-12 00:00:00', '2012-03-12', NULL, NULL, NULL, NULL, 0),
(122, 'Quotation Name', 'SO1254', 12.500, 2.000, 'Amir Cherif', 'Montassar Smida', 'descriptiondescriptiondescriptiondescriptiondescriptiondescriptiondescriptiondescriptiondescriptiondescription', 'policypolicypolicypolicypolicypolicypolicypolicypolicypolicypolicypolicypolicypolicypolicypolicypolicypolicypolicypolicy', '2012-03-12 00:00:00', '2012-03-12', NULL, NULL, NULL, NULL, 0),
(124, 'Quotation Name', 'SO1254', 12.500, 2.000, 'Amir Cherif', 'Montassar Smida', 'descriptiondescriptiondescriptiondescriptiondescriptiondescriptiondescriptiondescriptiondescriptiondescription', 'policypolicypolicypolicypolicypolicypolicypolicypolicypolicypolicypolicypolicypolicypolicypolicypolicypolicypolicypolicy', '2012-03-12 00:00:00', '2012-03-12', NULL, NULL, NULL, NULL, 0),
(125, 'Quotation Name', 'SO1254', 12.500, 2.000, 'Amir Cherif', 'Montassar Smida', 'descriptiondescriptiondescriptiondescriptiondescriptiondescriptiondescriptiondescriptiondescriptiondescription', 'policypolicypolicypolicypolicypolicypolicypolicypolicypolicypolicypolicypolicypolicypolicypolicypolicypolicypolicypolicy', '2012-03-12 00:00:00', '2012-03-12', NULL, NULL, NULL, NULL, 0),
(127, 'Quotation Name', 'SO1254', 12.500, 2.000, 'Amir Cherif', 'Montassar Smida', 'descriptiondescriptiondescriptiondescriptiondescriptiondescriptiondescriptiondescriptiondescriptiondescription', 'policypolicypolicypolicypolicypolicypolicypolicypolicypolicypolicypolicypolicypolicypolicypolicypolicypolicypolicypolicy', '2012-03-12 00:00:00', '2012-03-12', NULL, NULL, NULL, NULL, 0),
(128, 'Quotation Name', 'SO1254', 12.500, 2.000, 'Amir Cherif', 'Montassar Smida', 'descriptiondescriptiondescriptiondescriptiondescriptiondescriptiondescriptiondescriptiondescriptiondescription', 'policypolicypolicypolicypolicypolicypolicypolicypolicypolicypolicypolicypolicypolicypolicypolicypolicypolicypolicypolicy', '2012-03-12 00:00:00', '2012-03-12', NULL, NULL, NULL, NULL, 0),
(130, 'Quotation Name', 'SO1254', 12.500, 2.000, 'Amir Cherif', 'Montassar Smida', 'descriptiondescriptiondescriptiondescriptiondescriptiondescriptiondescriptiondescriptiondescriptiondescription', 'policypolicypolicypolicypolicypolicypolicypolicypolicypolicypolicypolicypolicypolicypolicypolicypolicypolicypolicypolicy', '2012-03-12 00:00:00', '2012-03-12', NULL, NULL, NULL, NULL, 0),
(131, 'Quotation Name', 'SO1254', 12.500, 2.000, 'Amir Cherif', 'Montassar Smida', 'descriptiondescriptiondescriptiondescriptiondescriptiondescriptiondescriptiondescriptiondescriptiondescription', 'policypolicypolicypolicypolicypolicypolicypolicypolicypolicypolicypolicypolicypolicypolicypolicypolicypolicypolicypolicy', '2012-03-12 00:00:00', '2012-03-12', NULL, NULL, NULL, NULL, 0),
(133, 'Quotation Name', 'SO1254', 12.500, 2.000, 'Amir Cherif', 'Montassar Smida', 'descriptiondescriptiondescriptiondescriptiondescriptiondescriptiondescriptiondescriptiondescriptiondescription', 'policypolicypolicypolicypolicypolicypolicypolicypolicypolicypolicypolicypolicypolicypolicypolicypolicypolicypolicypolicy', '2012-03-12 00:00:00', '2012-03-12', NULL, NULL, NULL, NULL, 0),
(134, 'Quotation Name', 'SO1254', 12.500, 2.000, 'Amir Cherif', 'Montassar Smida', 'descriptiondescriptiondescriptiondescriptiondescriptiondescriptiondescriptiondescriptiondescriptiondescription', 'policypolicypolicypolicypolicypolicypolicypolicypolicypolicypolicypolicypolicypolicypolicypolicypolicypolicypolicypolicy', '2012-03-12 00:00:00', '2012-03-12', NULL, NULL, NULL, NULL, 0),
(136, 'Quotation Name', 'SO1254', 12.500, 2.000, 'Amir Cherif', 'Montassar Smida', 'descriptiondescriptiondescriptiondescriptiondescriptiondescriptiondescriptiondescriptiondescriptiondescription', 'policypolicypolicypolicypolicypolicypolicypolicypolicypolicypolicypolicypolicypolicypolicypolicypolicypolicypolicypolicy', '2012-03-12 00:00:00', '2012-03-12', NULL, NULL, NULL, NULL, 0),
(137, 'Quotation Name', 'SO1254', 12.500, 2.000, 'Amir Cherif', 'Montassar Smida', 'descriptiondescriptiondescriptiondescriptiondescriptiondescriptiondescriptiondescriptiondescriptiondescription', 'policypolicypolicypolicypolicypolicypolicypolicypolicypolicypolicypolicypolicypolicypolicypolicypolicypolicypolicypolicy', '2012-03-12 00:00:00', '2012-03-12', NULL, NULL, NULL, NULL, 0),
(139, 'Quotation Name', 'SO1254', 12.500, 2.000, 'Amir Cherif', 'Montassar Smida', 'descriptiondescriptiondescriptiondescriptiondescriptiondescriptiondescriptiondescriptiondescriptiondescription', 'policypolicypolicypolicypolicypolicypolicypolicypolicypolicypolicypolicypolicypolicypolicypolicypolicypolicypolicypolicy', '2012-03-12 00:00:00', '2012-03-12', NULL, NULL, NULL, NULL, 0),
(140, 'Quotation Name', 'SO1254', 12.500, 2.000, 'Amir Cherif', 'Montassar Smida', 'descriptiondescriptiondescriptiondescriptiondescriptiondescriptiondescriptiondescriptiondescriptiondescription', 'policypolicypolicypolicypolicypolicypolicypolicypolicypolicypolicypolicypolicypolicypolicypolicypolicypolicypolicypolicy', '2012-03-12 00:00:00', '2012-03-12', NULL, NULL, NULL, NULL, 0),
(142, 'Quotation Name', 'SO1254', 12.500, 2.000, 'Amir Cherif', 'Montassar Smida', 'descriptiondescriptiondescriptiondescriptiondescriptiondescriptiondescriptiondescriptiondescriptiondescription', 'policypolicypolicypolicypolicypolicypolicypolicypolicypolicypolicypolicypolicypolicypolicypolicypolicypolicypolicypolicy', '2012-03-12 00:00:00', '2012-03-12', NULL, NULL, NULL, NULL, 0),
(143, 'Quotation Name', 'SO1254', 12.500, 2.000, 'Amir Cherif', 'Montassar Smida', 'descriptiondescriptiondescriptiondescriptiondescriptiondescriptiondescriptiondescriptiondescriptiondescription', 'policypolicypolicypolicypolicypolicypolicypolicypolicypolicypolicypolicypolicypolicypolicypolicypolicypolicypolicypolicy', '2012-03-12 00:00:00', '2012-03-12', NULL, NULL, NULL, NULL, 0),
(145, 'Quotation Name', 'SO1254', 12.500, 2.000, 'Amir Cherif', 'Montassar Smida', 'descriptiondescriptiondescriptiondescriptiondescriptiondescriptiondescriptiondescriptiondescriptiondescription', 'policypolicypolicypolicypolicypolicypolicypolicypolicypolicypolicypolicypolicypolicypolicypolicypolicypolicypolicypolicy', '2012-03-12 00:00:00', '2012-03-12', NULL, NULL, NULL, NULL, 0),
(146, 'Quotation Name', 'SO1254', 12.500, 2.000, 'Amir Cherif', 'Montassar Smida', 'descriptiondescriptiondescriptiondescriptiondescriptiondescriptiondescriptiondescriptiondescriptiondescription', 'policypolicypolicypolicypolicypolicypolicypolicypolicypolicypolicypolicypolicypolicypolicypolicypolicypolicypolicypolicy', '2012-03-12 00:00:00', '2012-03-12', NULL, NULL, NULL, NULL, 0),
(148, 'Quotation Name', 'SO1254', 12.500, 2.000, 'Amir Cherif', 'Montassar Smida', 'descriptiondescriptiondescriptiondescriptiondescriptiondescriptiondescriptiondescriptiondescriptiondescription', 'policypolicypolicypolicypolicypolicypolicypolicypolicypolicypolicypolicypolicypolicypolicypolicypolicypolicypolicypolicy', '2012-03-12 00:00:00', '2012-03-12', NULL, NULL, NULL, NULL, 0),
(149, 'Quotation Name', 'SO1254', 12.500, 2.000, 'Amir Cherif', 'Montassar Smida', 'descriptiondescriptiondescriptiondescriptiondescriptiondescriptiondescriptiondescriptiondescriptiondescription', 'policypolicypolicypolicypolicypolicypolicypolicypolicypolicypolicypolicypolicypolicypolicypolicypolicypolicypolicypolicy', '2012-03-12 00:00:00', '2012-03-12', NULL, NULL, NULL, NULL, 0),
(151, 'Quotation Name', 'SO1254', 12.500, 2.000, 'Amir Cherif', 'Montassar Smida', 'descriptiondescriptiondescriptiondescriptiondescriptiondescriptiondescriptiondescriptiondescriptiondescription', 'policypolicypolicypolicypolicypolicypolicypolicypolicypolicypolicypolicypolicypolicypolicypolicypolicypolicypolicypolicy', '2012-03-12 00:00:00', '2012-03-12', NULL, NULL, NULL, NULL, 0),
(152, 'Quotation Name', 'SO1254', 12.500, 2.000, 'Amir Cherif', 'Montassar Smida', 'descriptiondescriptiondescriptiondescriptiondescriptiondescriptiondescriptiondescriptiondescriptiondescription', 'policypolicypolicypolicypolicypolicypolicypolicypolicypolicypolicypolicypolicypolicypolicypolicypolicypolicypolicypolicy', '2012-03-12 00:00:00', '2012-03-12', NULL, NULL, NULL, NULL, 0),
(154, 'Quotation Name', 'SO1254', 12.500, 2.000, 'Amir Cherif', 'Montassar Smida', 'descriptiondescriptiondescriptiondescriptiondescriptiondescriptiondescriptiondescriptiondescriptiondescription', 'policypolicypolicypolicypolicypolicypolicypolicypolicypolicypolicypolicypolicypolicypolicypolicypolicypolicypolicypolicy', '2012-03-12 00:00:00', '2012-03-12', NULL, NULL, NULL, NULL, 0),
(155, 'Quotation Name', 'SO1254', 12.500, 2.000, 'Amir Cherif', 'Montassar Smida', 'descriptiondescriptiondescriptiondescriptiondescriptiondescriptiondescriptiondescriptiondescriptiondescription', 'policypolicypolicypolicypolicypolicypolicypolicypolicypolicypolicypolicypolicypolicypolicypolicypolicypolicypolicypolicy', '2012-03-12 00:00:00', '2012-03-12', NULL, NULL, NULL, NULL, 0),
(157, 'Quotation Name', 'SO1254', 12.500, 2.000, 'Amir Cherif', 'Montassar Smida', 'descriptiondescriptiondescriptiondescriptiondescriptiondescriptiondescriptiondescriptiondescriptiondescription', 'policypolicypolicypolicypolicypolicypolicypolicypolicypolicypolicypolicypolicypolicypolicypolicypolicypolicypolicypolicy', '2012-03-12 00:00:00', '2012-03-12', NULL, NULL, NULL, NULL, 0),
(158, 'Quotation Name', 'SO1254', 12.500, 2.000, 'Amir Cherif', 'Montassar Smida', 'descriptiondescriptiondescriptiondescriptiondescriptiondescriptiondescriptiondescriptiondescriptiondescription', 'policypolicypolicypolicypolicypolicypolicypolicypolicypolicypolicypolicypolicypolicypolicypolicypolicypolicypolicypolicy', '2012-03-12 00:00:00', '2012-03-12', NULL, NULL, NULL, NULL, 0),
(160, 'Quotation Name', 'SO1254', 12.500, 2.000, 'Amir Cherif', 'Montassar Smida', 'descriptiondescriptiondescriptiondescriptiondescriptiondescriptiondescriptiondescriptiondescriptiondescription', 'policypolicypolicypolicypolicypolicypolicypolicypolicypolicypolicypolicypolicypolicypolicypolicypolicypolicypolicypolicy', '2012-03-12 00:00:00', '2012-03-12', NULL, NULL, NULL, NULL, 0),
(161, 'Quotation Name', 'SO1254', 12.500, 2.000, 'Amir Cherif', 'Montassar Smida', 'descriptiondescriptiondescriptiondescriptiondescriptiondescriptiondescriptiondescriptiondescriptiondescription', 'policypolicypolicypolicypolicypolicypolicypolicypolicypolicypolicypolicypolicypolicypolicypolicypolicypolicypolicypolicy', '2012-03-12 00:00:00', '2012-03-12', NULL, NULL, NULL, NULL, 0),
(163, 'Quotation Name', 'SO1254', 12.500, 2.000, 'Amir Cherif', 'Montassar Smida', 'descriptiondescriptiondescriptiondescriptiondescriptiondescriptiondescriptiondescriptiondescriptiondescription', 'policypolicypolicypolicypolicypolicypolicypolicypolicypolicypolicypolicypolicypolicypolicypolicypolicypolicypolicypolicy', '2012-03-12 00:00:00', '2012-03-12', NULL, NULL, NULL, NULL, 0),
(164, 'Quotation Name', 'SO1254', 12.500, 2.000, 'Amir Cherif', 'Montassar Smida', 'descriptiondescriptiondescriptiondescriptiondescriptiondescriptiondescriptiondescriptiondescriptiondescription', 'policypolicypolicypolicypolicypolicypolicypolicypolicypolicypolicypolicypolicypolicypolicypolicypolicypolicypolicypolicy', '2012-03-12 00:00:00', '2012-03-12', NULL, NULL, NULL, NULL, 0),
(166, 'Quotation Name', 'SO1254', 12.500, 2.000, 'Amir Cherif', 'Montassar Smida', 'descriptiondescriptiondescriptiondescriptiondescriptiondescriptiondescriptiondescriptiondescriptiondescription', 'policypolicypolicypolicypolicypolicypolicypolicypolicypolicypolicypolicypolicypolicypolicypolicypolicypolicypolicypolicy', '2012-03-12 00:00:00', '2012-03-12', NULL, NULL, NULL, NULL, 0),
(167, 'Quotation Name', 'SO1254', 12.500, 2.000, 'Amir Cherif', 'Montassar Smida', 'descriptiondescriptiondescriptiondescriptiondescriptiondescriptiondescriptiondescriptiondescriptiondescription', 'policypolicypolicypolicypolicypolicypolicypolicypolicypolicypolicypolicypolicypolicypolicypolicypolicypolicypolicypolicy', '2012-03-12 00:00:00', '2012-03-12', NULL, NULL, NULL, NULL, 0),
(169, 'Quotation Name', 'SO1254', 12.500, 2.000, 'Amir Cherif', 'Montassar Smida', 'descriptiondescriptiondescriptiondescriptiondescriptiondescriptiondescriptiondescriptiondescriptiondescription', 'policypolicypolicypolicypolicypolicypolicypolicypolicypolicypolicypolicypolicypolicypolicypolicypolicypolicypolicypolicy', '2012-03-12 00:00:00', '2012-03-12', NULL, NULL, NULL, NULL, 0),
(170, 'Quotation Name', 'SO1254', 12.500, 2.000, 'Amir Cherif', 'Montassar Smida', 'descriptiondescriptiondescriptiondescriptiondescriptiondescriptiondescriptiondescriptiondescriptiondescription', 'policypolicypolicypolicypolicypolicypolicypolicypolicypolicypolicypolicypolicypolicypolicypolicypolicypolicypolicypolicy', '2012-03-12 00:00:00', '2012-03-12', NULL, NULL, NULL, NULL, 0),
(172, 'Quotation Name', 'SO1254', 12.500, 2.000, 'Amir Cherif', 'Montassar Smida', 'descriptiondescriptiondescriptiondescriptiondescriptiondescriptiondescriptiondescriptiondescriptiondescription', 'policypolicypolicypolicypolicypolicypolicypolicypolicypolicypolicypolicypolicypolicypolicypolicypolicypolicypolicypolicy', '2012-03-12 00:00:00', '2012-03-12', NULL, NULL, NULL, NULL, 0),
(173, 'Quotation Name', 'SO1254', 12.500, 2.000, 'Amir Cherif', 'Montassar Smida', 'descriptiondescriptiondescriptiondescriptiondescriptiondescriptiondescriptiondescriptiondescriptiondescription', 'policypolicypolicypolicypolicypolicypolicypolicypolicypolicypolicypolicypolicypolicypolicypolicypolicypolicypolicypolicy', '2012-03-12 00:00:00', '2012-03-12', NULL, NULL, NULL, NULL, 0),
(175, 'Quotation Name', 'SO1254', 12.500, 2.000, 'Amir Cherif', 'Montassar Smida', 'descriptiondescriptiondescriptiondescriptiondescriptiondescriptiondescriptiondescriptiondescriptiondescription', 'policypolicypolicypolicypolicypolicypolicypolicypolicypolicypolicypolicypolicypolicypolicypolicypolicypolicypolicypolicy', '2012-03-12 00:00:00', '2012-03-12', NULL, NULL, NULL, NULL, 0),
(176, 'Quotation Name', 'SO1254', 12.500, 2.000, 'Amir Cherif', 'Montassar Smida', 'descriptiondescriptiondescriptiondescriptiondescriptiondescriptiondescriptiondescriptiondescriptiondescription', 'policypolicypolicypolicypolicypolicypolicypolicypolicypolicypolicypolicypolicypolicypolicypolicypolicypolicypolicypolicy', '2012-03-12 00:00:00', '2012-03-12', NULL, NULL, NULL, NULL, 0),
(178, 'Quotation Name', 'SO1254', 12.500, 2.000, 'Amir Cherif', 'Montassar Smida', 'descriptiondescriptiondescriptiondescriptiondescriptiondescriptiondescriptiondescriptiondescriptiondescription', 'policypolicypolicypolicypolicypolicypolicypolicypolicypolicypolicypolicypolicypolicypolicypolicypolicypolicypolicypolicy', '2012-03-12 00:00:00', '2012-03-12', NULL, NULL, NULL, NULL, 0),
(179, 'Quotation Name', 'SO1254', 12.500, 2.000, 'Amir Cherif', 'Montassar Smida', 'descriptiondescriptiondescriptiondescriptiondescriptiondescriptiondescriptiondescriptiondescriptiondescription', 'policypolicypolicypolicypolicypolicypolicypolicypolicypolicypolicypolicypolicypolicypolicypolicypolicypolicypolicypolicy', '2012-03-12 00:00:00', '2012-03-12', NULL, NULL, NULL, NULL, 0),
(181, 'Quotation Name', 'SO1254', 12.500, 2.000, 'Amir Cherif', 'Montassar Smida', 'descriptiondescriptiondescriptiondescriptiondescriptiondescriptiondescriptiondescriptiondescriptiondescription', 'policypolicypolicypolicypolicypolicypolicypolicypolicypolicypolicypolicypolicypolicypolicypolicypolicypolicypolicypolicy', '2012-03-12 00:00:00', '2012-03-12', NULL, NULL, NULL, NULL, 0),
(182, 'Quotation Name', 'SO1254', 12.500, 2.000, 'Amir Cherif', 'Montassar Smida', 'descriptiondescriptiondescriptiondescriptiondescriptiondescriptiondescriptiondescriptiondescriptiondescription', 'policypolicypolicypolicypolicypolicypolicypolicypolicypolicypolicypolicypolicypolicypolicypolicypolicypolicypolicypolicy', '2012-03-12 00:00:00', '2012-03-12', NULL, NULL, NULL, NULL, 0),
(184, 'Quotation Name', 'SO1254', 12.500, 2.000, 'Amir Cherif', 'Montassar Smida', 'descriptiondescriptiondescriptiondescriptiondescriptiondescriptiondescriptiondescriptiondescriptiondescription', 'policypolicypolicypolicypolicypolicypolicypolicypolicypolicypolicypolicypolicypolicypolicypolicypolicypolicypolicypolicy', '2012-03-12 00:00:00', '2012-03-12', NULL, NULL, NULL, NULL, 0),
(185, 'Quotation Name', 'SO1254', 12.500, 2.000, 'Amir Cherif', 'Montassar Smida', 'descriptiondescriptiondescriptiondescriptiondescriptiondescriptiondescriptiondescriptiondescriptiondescription', 'policypolicypolicypolicypolicypolicypolicypolicypolicypolicypolicypolicypolicypolicypolicypolicypolicypolicypolicypolicy', '2012-03-12 00:00:00', '2012-03-12', NULL, NULL, NULL, NULL, 0),
(187, 'Quotation Name', 'SO1254', 12.500, 2.000, 'Amir Cherif', 'Montassar Smida', 'descriptiondescriptiondescriptiondescriptiondescriptiondescriptiondescriptiondescriptiondescriptiondescription', 'policypolicypolicypolicypolicypolicypolicypolicypolicypolicypolicypolicypolicypolicypolicypolicypolicypolicypolicypolicy', '2012-03-12 00:00:00', '2012-03-12', NULL, NULL, NULL, NULL, 0),
(188, 'Quotation Name', 'SO1254', 12.500, 2.000, 'Amir Cherif', 'Montassar Smida', 'descriptiondescriptiondescriptiondescriptiondescriptiondescriptiondescriptiondescriptiondescriptiondescription', 'policypolicypolicypolicypolicypolicypolicypolicypolicypolicypolicypolicypolicypolicypolicypolicypolicypolicypolicypolicy', '2012-03-12 00:00:00', '2012-03-12', NULL, NULL, NULL, NULL, 0),
(190, 'Quotation Name', 'SO1254', 12.500, 2.000, 'Amir Cherif', 'Montassar Smida', 'descriptiondescriptiondescriptiondescriptiondescriptiondescriptiondescriptiondescriptiondescriptiondescription', 'policypolicypolicypolicypolicypolicypolicypolicypolicypolicypolicypolicypolicypolicypolicypolicypolicypolicypolicypolicy', '2012-03-12 00:00:00', '2012-03-12', NULL, NULL, NULL, NULL, 0),
(191, 'Quotation Name', 'SO1254', 12.500, 2.000, 'Amir Cherif', 'Montassar Smida', 'descriptiondescriptiondescriptiondescriptiondescriptiondescriptiondescriptiondescriptiondescriptiondescription', 'policypolicypolicypolicypolicypolicypolicypolicypolicypolicypolicypolicypolicypolicypolicypolicypolicypolicypolicypolicy', '2012-03-12 00:00:00', '2012-03-12', NULL, NULL, NULL, NULL, 0);
INSERT INTO `quotation` (`id`, `name`, `number`, `price`, `discount`, `person_name`, `creator_name`, `description`, `policy`, `insertat`, `due_date`, `quotation_discount_type_id`, `person_id`, `user_id`, `updateat`, `quotation_state_id`) VALUES
(193, 'Quotation Name', 'SO1254', 12.500, 2.000, 'Amir Cherif', 'Montassar Smida', 'descriptiondescriptiondescriptiondescriptiondescriptiondescriptiondescriptiondescriptiondescriptiondescription', 'policypolicypolicypolicypolicypolicypolicypolicypolicypolicypolicypolicypolicypolicypolicypolicypolicypolicypolicypolicy', '2012-03-12 00:00:00', '2012-03-12', NULL, NULL, NULL, NULL, 0),
(194, 'Quotation Name', 'SO1254', 12.500, 2.000, 'Amir Cherif', 'Montassar Smida', 'descriptiondescriptiondescriptiondescriptiondescriptiondescriptiondescriptiondescriptiondescriptiondescription', 'policypolicypolicypolicypolicypolicypolicypolicypolicypolicypolicypolicypolicypolicypolicypolicypolicypolicypolicypolicy', '2012-03-12 00:00:00', '2012-03-12', NULL, NULL, NULL, NULL, 0),
(196, 'Quotation Name', 'SO1254', 12.500, 2.000, 'Amir Cherif', 'Montassar Smida', 'descriptiondescriptiondescriptiondescriptiondescriptiondescriptiondescriptiondescriptiondescriptiondescription', 'policypolicypolicypolicypolicypolicypolicypolicypolicypolicypolicypolicypolicypolicypolicypolicypolicypolicypolicypolicy', '2012-03-12 00:00:00', '2012-03-12', NULL, NULL, NULL, NULL, 0),
(197, 'Quotation Name', 'SO1254', 12.500, 2.000, 'Amir Cherif', 'Montassar Smida', 'descriptiondescriptiondescriptiondescriptiondescriptiondescriptiondescriptiondescriptiondescriptiondescription', 'policypolicypolicypolicypolicypolicypolicypolicypolicypolicypolicypolicypolicypolicypolicypolicypolicypolicypolicypolicy', '2012-03-12 00:00:00', '2012-03-12', NULL, NULL, NULL, NULL, 0),
(199, 'Quotation Name', 'SO1254', 12.500, 2.000, 'Amir Cherif', 'Montassar Smida', 'descriptiondescriptiondescriptiondescriptiondescriptiondescriptiondescriptiondescriptiondescriptiondescription', 'policypolicypolicypolicypolicypolicypolicypolicypolicypolicypolicypolicypolicypolicypolicypolicypolicypolicypolicypolicy', '2012-03-12 00:00:00', '2012-03-12', NULL, NULL, NULL, NULL, 0),
(200, 'Quotation Name', 'SO1254', 12.500, 2.000, 'Amir Cherif', 'Montassar Smida', 'descriptiondescriptiondescriptiondescriptiondescriptiondescriptiondescriptiondescriptiondescriptiondescription', 'policypolicypolicypolicypolicypolicypolicypolicypolicypolicypolicypolicypolicypolicypolicypolicypolicypolicypolicypolicy', '2012-03-12 00:00:00', '2012-03-12', NULL, NULL, NULL, NULL, 0),
(202, 'Quotation Name', 'SO1254', 12.500, 2.000, 'Amir Cherif', 'Montassar Smida', 'descriptiondescriptiondescriptiondescriptiondescriptiondescriptiondescriptiondescriptiondescriptiondescription', 'policypolicypolicypolicypolicypolicypolicypolicypolicypolicypolicypolicypolicypolicypolicypolicypolicypolicypolicypolicy', '2012-03-12 00:00:00', '2012-03-12', NULL, NULL, NULL, NULL, 0),
(203, 'Quotation Name', 'SO1254', 12.500, 2.000, 'Amir Cherif', 'Montassar Smida', 'descriptiondescriptiondescriptiondescriptiondescriptiondescriptiondescriptiondescriptiondescriptiondescription', 'policypolicypolicypolicypolicypolicypolicypolicypolicypolicypolicypolicypolicypolicypolicypolicypolicypolicypolicypolicy', '2012-03-12 00:00:00', '2012-03-12', NULL, NULL, NULL, NULL, 0),
(205, 'Quotation Name', 'SO1254', 12.500, 2.000, 'Amir Cherif', 'Montassar Smida', 'descriptiondescriptiondescriptiondescriptiondescriptiondescriptiondescriptiondescriptiondescriptiondescription', 'policypolicypolicypolicypolicypolicypolicypolicypolicypolicypolicypolicypolicypolicypolicypolicypolicypolicypolicypolicy', '2012-03-12 00:00:00', '2012-03-12', NULL, NULL, NULL, NULL, 0),
(206, 'Quotation Name', 'SO1254', 12.500, 2.000, 'Amir Cherif', 'Montassar Smida', 'descriptiondescriptiondescriptiondescriptiondescriptiondescriptiondescriptiondescriptiondescriptiondescription', 'policypolicypolicypolicypolicypolicypolicypolicypolicypolicypolicypolicypolicypolicypolicypolicypolicypolicypolicypolicy', '2012-03-12 00:00:00', '2012-03-12', NULL, NULL, NULL, NULL, 0),
(207, 'Quotation Name', 'SO1254', 12.500, 2.000, 'Amir Cherif', 'Montassar Smida', 'descriptiondescriptiondescriptiondescriptiondescriptiondescriptiondescriptiondescriptiondescriptiondescription', 'policypolicypolicypolicypolicypolicypolicypolicypolicypolicypolicypolicypolicypolicypolicypolicypolicypolicypolicypolicy', '2012-03-13 00:00:00', '2012-03-13', NULL, NULL, NULL, NULL, 0),
(208, 'Quotation Name', 'SO1254', 12.500, 2.000, 'Amir Cherif', 'Montassar Smida', 'descriptiondescriptiondescriptiondescriptiondescriptiondescriptiondescriptiondescriptiondescriptiondescription', 'policypolicypolicypolicypolicypolicypolicypolicypolicypolicypolicypolicypolicypolicypolicypolicypolicypolicypolicypolicy', '2012-03-13 00:00:00', '2012-03-13', NULL, NULL, NULL, NULL, 0),
(210, 'Quotation Name', 'SO1254', 12.500, 2.000, 'Amir Cherif', 'Montassar Smida', 'descriptiondescriptiondescriptiondescriptiondescriptiondescriptiondescriptiondescriptiondescriptiondescription', 'policypolicypolicypolicypolicypolicypolicypolicypolicypolicypolicypolicypolicypolicypolicypolicypolicypolicypolicypolicy', '2012-03-13 00:00:00', '2012-03-13', NULL, NULL, NULL, NULL, 0),
(211, 'Quotation Name', 'SO1254', 12.500, 2.000, 'Amir Cherif', 'Montassar Smida', 'descriptiondescriptiondescriptiondescriptiondescriptiondescriptiondescriptiondescriptiondescriptiondescription', 'policypolicypolicypolicypolicypolicypolicypolicypolicypolicypolicypolicypolicypolicypolicypolicypolicypolicypolicypolicy', '2012-03-13 00:00:00', '2012-03-13', NULL, NULL, NULL, NULL, 0),
(213, 'Quotation Name', 'SO1254', 12.500, 2.000, 'Amir Cherif', 'Montassar Smida', 'descriptiondescriptiondescriptiondescriptiondescriptiondescriptiondescriptiondescriptiondescriptiondescription', 'policypolicypolicypolicypolicypolicypolicypolicypolicypolicypolicypolicypolicypolicypolicypolicypolicypolicypolicypolicy', '2012-03-13 00:00:00', '2012-03-13', NULL, NULL, NULL, NULL, 0),
(214, 'Quotation Name', 'SO1254', 12.500, 2.000, 'Amir Cherif', 'Montassar Smida', 'descriptiondescriptiondescriptiondescriptiondescriptiondescriptiondescriptiondescriptiondescriptiondescription', 'policypolicypolicypolicypolicypolicypolicypolicypolicypolicypolicypolicypolicypolicypolicypolicypolicypolicypolicypolicy', '2012-03-13 00:00:00', '2012-03-13', NULL, NULL, NULL, NULL, 0),
(216, 'Quotation Name', 'SO1254', 12.500, 2.000, 'Amir Cherif', 'Montassar Smida', 'descriptiondescriptiondescriptiondescriptiondescriptiondescriptiondescriptiondescriptiondescriptiondescription', 'policypolicypolicypolicypolicypolicypolicypolicypolicypolicypolicypolicypolicypolicypolicypolicypolicypolicypolicypolicy', '2012-03-13 00:00:00', '2012-03-13', NULL, NULL, NULL, NULL, 0),
(217, 'Quotation Name', 'SO1254', 12.500, 2.000, 'Amir Cherif', 'Montassar Smida', 'descriptiondescriptiondescriptiondescriptiondescriptiondescriptiondescriptiondescriptiondescriptiondescription', 'policypolicypolicypolicypolicypolicypolicypolicypolicypolicypolicypolicypolicypolicypolicypolicypolicypolicypolicypolicy', '2012-03-13 00:00:00', '2012-03-13', NULL, NULL, NULL, NULL, 0),
(219, 'Quotation Name', 'SO1254', 12.500, 2.000, 'Amir Cherif', 'Montassar Smida', 'descriptiondescriptiondescriptiondescriptiondescriptiondescriptiondescriptiondescriptiondescriptiondescription', 'policypolicypolicypolicypolicypolicypolicypolicypolicypolicypolicypolicypolicypolicypolicypolicypolicypolicypolicypolicy', '2012-03-13 00:00:00', '2012-03-13', NULL, NULL, NULL, NULL, 0),
(220, 'Quotation Name', 'SO1254', 12.500, 2.000, 'Amir Cherif', 'Montassar Smida', 'descriptiondescriptiondescriptiondescriptiondescriptiondescriptiondescriptiondescriptiondescriptiondescription', 'policypolicypolicypolicypolicypolicypolicypolicypolicypolicypolicypolicypolicypolicypolicypolicypolicypolicypolicypolicy', '2012-03-13 00:00:00', '2012-03-13', NULL, NULL, NULL, NULL, 0),
(222, 'Quotation Name', 'SO1254', 12.500, 2.000, 'Amir Cherif', 'Montassar Smida', 'descriptiondescriptiondescriptiondescriptiondescriptiondescriptiondescriptiondescriptiondescriptiondescription', 'policypolicypolicypolicypolicypolicypolicypolicypolicypolicypolicypolicypolicypolicypolicypolicypolicypolicypolicypolicy', '2012-03-13 00:00:00', '2012-03-13', NULL, NULL, NULL, NULL, 0),
(223, 'Quotation Name', 'SO1254', 12.500, 2.000, 'Amir Cherif', 'Montassar Smida', 'descriptiondescriptiondescriptiondescriptiondescriptiondescriptiondescriptiondescriptiondescriptiondescription', 'policypolicypolicypolicypolicypolicypolicypolicypolicypolicypolicypolicypolicypolicypolicypolicypolicypolicypolicypolicy', '2012-03-13 00:00:00', '2012-03-13', NULL, NULL, NULL, NULL, 0),
(225, 'Quotation Name', 'SO1254', 12.500, 2.000, 'Amir Cherif', 'Montassar Smida', 'descriptiondescriptiondescriptiondescriptiondescriptiondescriptiondescriptiondescriptiondescriptiondescription', 'policypolicypolicypolicypolicypolicypolicypolicypolicypolicypolicypolicypolicypolicypolicypolicypolicypolicypolicypolicy', '2012-03-13 00:00:00', '2012-03-13', NULL, NULL, NULL, NULL, 0),
(226, 'Quotation Name', 'SO1254', 12.500, 2.000, 'Amir Cherif', 'Montassar Smida', 'descriptiondescriptiondescriptiondescriptiondescriptiondescriptiondescriptiondescriptiondescriptiondescription', 'policypolicypolicypolicypolicypolicypolicypolicypolicypolicypolicypolicypolicypolicypolicypolicypolicypolicypolicypolicy', '2012-03-13 00:00:00', '2012-03-13', NULL, NULL, NULL, NULL, 0),
(228, 'Quotation Name', 'SO1254', 12.500, 2.000, 'Amir Cherif', 'Montassar Smida', 'descriptiondescriptiondescriptiondescriptiondescriptiondescriptiondescriptiondescriptiondescriptiondescription', 'policypolicypolicypolicypolicypolicypolicypolicypolicypolicypolicypolicypolicypolicypolicypolicypolicypolicypolicypolicy', '2012-03-13 00:00:00', '2012-03-13', NULL, NULL, NULL, NULL, 0),
(229, 'Quotation Name', 'SO1254', 12.500, 2.000, 'Amir Cherif', 'Montassar Smida', 'descriptiondescriptiondescriptiondescriptiondescriptiondescriptiondescriptiondescriptiondescriptiondescription', 'policypolicypolicypolicypolicypolicypolicypolicypolicypolicypolicypolicypolicypolicypolicypolicypolicypolicypolicypolicy', '2012-03-13 00:00:00', '2012-03-13', NULL, NULL, NULL, NULL, 0),
(231, 'Quotation Name', 'SO1254', 12.500, 2.000, 'Amir Cherif', 'Montassar Smida', 'descriptiondescriptiondescriptiondescriptiondescriptiondescriptiondescriptiondescriptiondescriptiondescription', 'policypolicypolicypolicypolicypolicypolicypolicypolicypolicypolicypolicypolicypolicypolicypolicypolicypolicypolicypolicy', '2012-03-13 00:00:00', '2012-03-13', NULL, NULL, NULL, NULL, 0),
(232, 'Quotation Name', 'SO1254', 12.500, 2.000, 'Amir Cherif', 'Montassar Smida', 'descriptiondescriptiondescriptiondescriptiondescriptiondescriptiondescriptiondescriptiondescriptiondescription', 'policypolicypolicypolicypolicypolicypolicypolicypolicypolicypolicypolicypolicypolicypolicypolicypolicypolicypolicypolicy', '2012-03-13 00:00:00', '2012-03-13', NULL, NULL, NULL, NULL, 0),
(234, 'Quotation Name', 'SO1254', 12.500, 2.000, 'Amir Cherif', 'Montassar Smida', 'descriptiondescriptiondescriptiondescriptiondescriptiondescriptiondescriptiondescriptiondescriptiondescription', 'policypolicypolicypolicypolicypolicypolicypolicypolicypolicypolicypolicypolicypolicypolicypolicypolicypolicypolicypolicy', '2012-03-13 00:00:00', '2012-03-13', NULL, NULL, NULL, NULL, 0),
(235, 'Quotation Name', 'SO1254', 12.500, 2.000, 'Amir Cherif', 'Montassar Smida', 'descriptiondescriptiondescriptiondescriptiondescriptiondescriptiondescriptiondescriptiondescriptiondescription', 'policypolicypolicypolicypolicypolicypolicypolicypolicypolicypolicypolicypolicypolicypolicypolicypolicypolicypolicypolicy', '2012-03-13 00:00:00', '2012-03-13', NULL, NULL, NULL, NULL, 0),
(236, 'Quotation Name', 'SO1254', 12.500, 2.000, 'Amir Cherif', 'Montassar Smida', 'descriptiondescriptiondescriptiondescriptiondescriptiondescriptiondescriptiondescriptiondescriptiondescription', 'policypolicypolicypolicypolicypolicypolicypolicypolicypolicypolicypolicypolicypolicypolicypolicypolicypolicypolicypolicy', '2012-03-13 00:00:00', '2012-03-13', NULL, NULL, NULL, NULL, 0),
(237, 'Quotation Name', 'SO1254', 12.500, 2.000, 'Amir Cherif', 'Montassar Smida', 'descriptiondescriptiondescriptiondescriptiondescriptiondescriptiondescriptiondescriptiondescriptiondescription', 'policypolicypolicypolicypolicypolicypolicypolicypolicypolicypolicypolicypolicypolicypolicypolicypolicypolicypolicypolicy', '2012-03-13 00:00:00', '2012-03-13', NULL, NULL, NULL, NULL, 0),
(239, 'Quotation Name', 'SO1254', 12.500, 2.000, 'Amir Cherif', 'Montassar Smida', 'descriptiondescriptiondescriptiondescriptiondescriptiondescriptiondescriptiondescriptiondescriptiondescription', 'policypolicypolicypolicypolicypolicypolicypolicypolicypolicypolicypolicypolicypolicypolicypolicypolicypolicypolicypolicy', '2012-03-13 00:00:00', '2012-03-13', NULL, NULL, NULL, NULL, 0),
(240, 'Quotation Name', 'SO1254', 12.500, 2.000, 'Amir Cherif', 'Montassar Smida', 'descriptiondescriptiondescriptiondescriptiondescriptiondescriptiondescriptiondescriptiondescriptiondescription', 'policypolicypolicypolicypolicypolicypolicypolicypolicypolicypolicypolicypolicypolicypolicypolicypolicypolicypolicypolicy', '2012-03-13 00:00:00', '2012-03-13', NULL, NULL, NULL, NULL, 0),
(242, 'Quotation Name', 'SO1254', 12.500, 2.000, 'Amir Cherif', 'Montassar Smida', 'descriptiondescriptiondescriptiondescriptiondescriptiondescriptiondescriptiondescriptiondescriptiondescription', 'policypolicypolicypolicypolicypolicypolicypolicypolicypolicypolicypolicypolicypolicypolicypolicypolicypolicypolicypolicy', '2012-03-13 00:00:00', '2012-03-13', NULL, NULL, NULL, NULL, 0),
(243, 'Quotation Name', 'SO1254', 12.500, 2.000, 'Amir Cherif', 'Montassar Smida', 'descriptiondescriptiondescriptiondescriptiondescriptiondescriptiondescriptiondescriptiondescriptiondescription', 'policypolicypolicypolicypolicypolicypolicypolicypolicypolicypolicypolicypolicypolicypolicypolicypolicypolicypolicypolicy', '2012-03-13 00:00:00', '2012-03-13', NULL, NULL, NULL, NULL, 0),
(245, 'Quotation Name', 'SO1254', 12.500, 2.000, 'Amir Cherif', 'Montassar Smida', 'descriptiondescriptiondescriptiondescriptiondescriptiondescriptiondescriptiondescriptiondescriptiondescription', 'policypolicypolicypolicypolicypolicypolicypolicypolicypolicypolicypolicypolicypolicypolicypolicypolicypolicypolicypolicy', '2012-03-13 00:00:00', '2012-03-13', NULL, NULL, NULL, NULL, 0),
(246, 'Quotation Name', 'SO1254', 12.500, 2.000, 'Amir Cherif', 'Montassar Smida', 'descriptiondescriptiondescriptiondescriptiondescriptiondescriptiondescriptiondescriptiondescriptiondescription', 'policypolicypolicypolicypolicypolicypolicypolicypolicypolicypolicypolicypolicypolicypolicypolicypolicypolicypolicypolicy', '2012-03-13 00:00:00', '2012-03-13', NULL, NULL, NULL, NULL, 0),
(248, 'Quotation Name', 'SO1254', 12.500, 2.000, 'Amir Cherif', 'Montassar Smida', 'descriptiondescriptiondescriptiondescriptiondescriptiondescriptiondescriptiondescriptiondescriptiondescription', 'policypolicypolicypolicypolicypolicypolicypolicypolicypolicypolicypolicypolicypolicypolicypolicypolicypolicypolicypolicy', '2012-03-13 00:00:00', '2012-03-13', NULL, NULL, NULL, NULL, 0),
(249, 'Quotation Name', 'SO1254', 12.500, 2.000, 'Amir Cherif', 'Montassar Smida', 'descriptiondescriptiondescriptiondescriptiondescriptiondescriptiondescriptiondescriptiondescriptiondescription', 'policypolicypolicypolicypolicypolicypolicypolicypolicypolicypolicypolicypolicypolicypolicypolicypolicypolicypolicypolicy', '2012-03-13 00:00:00', '2012-03-13', NULL, NULL, NULL, NULL, 0),
(251, 'Quotation Name', 'SO1254', 12.500, 2.000, 'Amir Cherif', 'Montassar Smida', 'descriptiondescriptiondescriptiondescriptiondescriptiondescriptiondescriptiondescriptiondescriptiondescription', 'policypolicypolicypolicypolicypolicypolicypolicypolicypolicypolicypolicypolicypolicypolicypolicypolicypolicypolicypolicy', '2012-03-13 00:00:00', '2012-03-13', NULL, NULL, NULL, NULL, 0),
(252, 'Quotation Name', 'SO1254', 12.500, 2.000, 'Amir Cherif', 'Montassar Smida', 'descriptiondescriptiondescriptiondescriptiondescriptiondescriptiondescriptiondescriptiondescriptiondescription', 'policypolicypolicypolicypolicypolicypolicypolicypolicypolicypolicypolicypolicypolicypolicypolicypolicypolicypolicypolicy', '2012-03-13 00:00:00', '2012-03-13', NULL, NULL, NULL, NULL, 0),
(254, 'Quotation Name', 'SO1254', 12.500, 2.000, 'Amir Cherif', 'Montassar Smida', 'descriptiondescriptiondescriptiondescriptiondescriptiondescriptiondescriptiondescriptiondescriptiondescription', 'policypolicypolicypolicypolicypolicypolicypolicypolicypolicypolicypolicypolicypolicypolicypolicypolicypolicypolicypolicy', '2012-03-13 00:00:00', '2012-03-13', NULL, NULL, NULL, NULL, 0),
(255, 'Quotation Name', 'SO1254', 12.500, 2.000, 'Amir Cherif', 'Montassar Smida', 'descriptiondescriptiondescriptiondescriptiondescriptiondescriptiondescriptiondescriptiondescriptiondescription', 'policypolicypolicypolicypolicypolicypolicypolicypolicypolicypolicypolicypolicypolicypolicypolicypolicypolicypolicypolicy', '2012-03-13 00:00:00', '2012-03-13', NULL, NULL, NULL, NULL, 0),
(257, 'Quotation Name', 'SO1254', 12.500, 2.000, 'Amir Cherif', 'Montassar Smida', 'descriptiondescriptiondescriptiondescriptiondescriptiondescriptiondescriptiondescriptiondescriptiondescription', 'policypolicypolicypolicypolicypolicypolicypolicypolicypolicypolicypolicypolicypolicypolicypolicypolicypolicypolicypolicy', '2012-03-13 00:00:00', '2012-03-13', NULL, NULL, NULL, NULL, 0),
(258, 'Quotation Name', 'SO1254', 12.500, 2.000, 'Amir Cherif', 'Montassar Smida', 'descriptiondescriptiondescriptiondescriptiondescriptiondescriptiondescriptiondescriptiondescriptiondescription', 'policypolicypolicypolicypolicypolicypolicypolicypolicypolicypolicypolicypolicypolicypolicypolicypolicypolicypolicypolicy', '2012-03-13 00:00:00', '2012-03-13', NULL, NULL, NULL, NULL, 0),
(259, 'Quotation Name', 'SO1254', 12.500, 2.000, 'Amir Cherif', 'Montassar Smida', 'descriptiondescriptiondescriptiondescriptiondescriptiondescriptiondescriptiondescriptiondescriptiondescription', 'policypolicypolicypolicypolicypolicypolicypolicypolicypolicypolicypolicypolicypolicypolicypolicypolicypolicypolicypolicy', '2012-03-13 13:01:31', '2012-03-13', NULL, NULL, NULL, '2012-03-13 13:01:31', 0),
(260, 'Quotation Name', 'SO1254', 12.500, 2.000, 'Amir Cherif', 'Montassar Smida', 'descriptiondescriptiondescriptiondescriptiondescriptiondescriptiondescriptiondescriptiondescriptiondescription', 'policypolicypolicypolicypolicypolicypolicypolicypolicypolicypolicypolicypolicypolicypolicypolicypolicypolicypolicypolicy', '2012-03-13 00:00:00', '2012-03-13', NULL, NULL, NULL, NULL, 0),
(261, 'Quotation Name', 'SO1254', 12.500, 2.000, 'Amir Cherif', 'Montassar Smida', 'descriptiondescriptiondescriptiondescriptiondescriptiondescriptiondescriptiondescriptiondescriptiondescription', 'policypolicypolicypolicypolicypolicypolicypolicypolicypolicypolicypolicypolicypolicypolicypolicypolicypolicypolicypolicy', '2012-03-13 00:00:00', '2012-03-13', NULL, NULL, NULL, NULL, 0),
(263, 'Quotation Name', 'SO1254', 12.500, 2.000, 'Amir Cherif', 'Montassar Smida', 'descriptiondescriptiondescriptiondescriptiondescriptiondescriptiondescriptiondescriptiondescriptiondescription', 'policypolicypolicypolicypolicypolicypolicypolicypolicypolicypolicypolicypolicypolicypolicypolicypolicypolicypolicypolicy', '2012-03-13 00:00:00', '2012-03-13', NULL, NULL, NULL, NULL, 0),
(264, 'Quotation Name', 'SO1254', 12.500, 2.000, 'Amir Cherif', 'Montassar Smida', 'descriptiondescriptiondescriptiondescriptiondescriptiondescriptiondescriptiondescriptiondescriptiondescription', 'policypolicypolicypolicypolicypolicypolicypolicypolicypolicypolicypolicypolicypolicypolicypolicypolicypolicypolicypolicy', '2012-03-13 00:00:00', '2012-03-13', NULL, NULL, NULL, NULL, 0),
(266, 'Quotation Name', 'SO1254', 12.500, 2.000, 'Amir Cherif', 'Montassar Smida', 'descriptiondescriptiondescriptiondescriptiondescriptiondescriptiondescriptiondescriptiondescriptiondescription', 'policypolicypolicypolicypolicypolicypolicypolicypolicypolicypolicypolicypolicypolicypolicypolicypolicypolicypolicypolicy', '2012-03-13 00:00:00', '2012-03-13', NULL, NULL, NULL, NULL, 0),
(267, 'Quotation Name', 'SO1254', 12.500, 2.000, 'Amir Cherif', 'Montassar Smida', 'descriptiondescriptiondescriptiondescriptiondescriptiondescriptiondescriptiondescriptiondescriptiondescription', 'policypolicypolicypolicypolicypolicypolicypolicypolicypolicypolicypolicypolicypolicypolicypolicypolicypolicypolicypolicy', '2012-03-13 00:00:00', '2012-03-13', NULL, NULL, NULL, NULL, 0),
(269, 'Quotation Name', 'SO1254', 12.500, 2.000, 'Amir Cherif', 'Montassar Smida', 'descriptiondescriptiondescriptiondescriptiondescriptiondescriptiondescriptiondescriptiondescriptiondescription', 'policypolicypolicypolicypolicypolicypolicypolicypolicypolicypolicypolicypolicypolicypolicypolicypolicypolicypolicypolicy', '2012-03-13 00:00:00', '2012-03-13', NULL, NULL, NULL, NULL, 0),
(270, 'Quotation Name', 'SO1254', 12.500, 2.000, 'Amir Cherif', 'Montassar Smida', 'descriptiondescriptiondescriptiondescriptiondescriptiondescriptiondescriptiondescriptiondescriptiondescription', 'policypolicypolicypolicypolicypolicypolicypolicypolicypolicypolicypolicypolicypolicypolicypolicypolicypolicypolicypolicy', '2012-03-13 00:00:00', '2012-03-13', NULL, NULL, NULL, NULL, 0),
(272, 'Quotation Name', 'SO1254', 12.500, 2.000, 'Amir Cherif', 'Montassar Smida', 'descriptiondescriptiondescriptiondescriptiondescriptiondescriptiondescriptiondescriptiondescriptiondescription', 'policypolicypolicypolicypolicypolicypolicypolicypolicypolicypolicypolicypolicypolicypolicypolicypolicypolicypolicypolicy', '2012-03-13 00:00:00', '2012-03-13', NULL, NULL, NULL, NULL, 0),
(273, 'Quotation Name', 'SO1254', 12.500, 2.000, 'Amir Cherif', 'Montassar Smida', 'descriptiondescriptiondescriptiondescriptiondescriptiondescriptiondescriptiondescriptiondescriptiondescription', 'policypolicypolicypolicypolicypolicypolicypolicypolicypolicypolicypolicypolicypolicypolicypolicypolicypolicypolicypolicy', '2012-03-13 00:00:00', '2012-03-13', NULL, NULL, NULL, NULL, 0),
(275, 'Quotation Name', 'SO1254', 12.500, 2.000, 'Amir Cherif', 'Montassar Smida', 'descriptiondescriptiondescriptiondescriptiondescriptiondescriptiondescriptiondescriptiondescriptiondescription', 'policypolicypolicypolicypolicypolicypolicypolicypolicypolicypolicypolicypolicypolicypolicypolicypolicypolicypolicypolicy', '2012-03-13 00:00:00', '2012-03-13', NULL, NULL, NULL, NULL, 0),
(276, 'Quotation Name', 'SO1254', 12.500, 2.000, 'Amir Cherif', 'Montassar Smida', 'descriptiondescriptiondescriptiondescriptiondescriptiondescriptiondescriptiondescriptiondescriptiondescription', 'policypolicypolicypolicypolicypolicypolicypolicypolicypolicypolicypolicypolicypolicypolicypolicypolicypolicypolicypolicy', '2012-03-13 00:00:00', '2012-03-13', NULL, NULL, NULL, NULL, 0),
(278, 'Quotation Name', 'SO1254', 12.500, 2.000, 'Amir Cherif', 'Montassar Smida', 'descriptiondescriptiondescriptiondescriptiondescriptiondescriptiondescriptiondescriptiondescriptiondescription', 'policypolicypolicypolicypolicypolicypolicypolicypolicypolicypolicypolicypolicypolicypolicypolicypolicypolicypolicypolicy', '2012-03-13 00:00:00', '2012-03-13', NULL, NULL, NULL, NULL, 0),
(279, 'Quotation Name', 'SO1254', 12.500, 2.000, 'Amir Cherif', 'Montassar Smida', 'descriptiondescriptiondescriptiondescriptiondescriptiondescriptiondescriptiondescriptiondescriptiondescription', 'policypolicypolicypolicypolicypolicypolicypolicypolicypolicypolicypolicypolicypolicypolicypolicypolicypolicypolicypolicy', '2012-03-13 00:00:00', '2012-03-13', NULL, NULL, NULL, NULL, 0),
(281, 'Quotation Name', 'SO1254', 12.500, 2.000, 'Amir Cherif', 'Montassar Smida', 'descriptiondescriptiondescriptiondescriptiondescriptiondescriptiondescriptiondescriptiondescriptiondescription', 'policypolicypolicypolicypolicypolicypolicypolicypolicypolicypolicypolicypolicypolicypolicypolicypolicypolicypolicypolicy', '2012-03-13 00:00:00', '2012-03-13', NULL, NULL, NULL, NULL, 0),
(282, 'Quotation Name', 'SO1254', 12.500, 2.000, 'Amir Cherif', 'Montassar Smida', 'descriptiondescriptiondescriptiondescriptiondescriptiondescriptiondescriptiondescriptiondescriptiondescription', 'policypolicypolicypolicypolicypolicypolicypolicypolicypolicypolicypolicypolicypolicypolicypolicypolicypolicypolicypolicy', '2012-03-13 00:00:00', '2012-03-13', NULL, NULL, NULL, NULL, 0),
(284, 'Quotation Name', 'SO1254', 12.500, 2.000, 'Amir Cherif', 'Montassar Smida', 'descriptiondescriptiondescriptiondescriptiondescriptiondescriptiondescriptiondescriptiondescriptiondescription', 'policypolicypolicypolicypolicypolicypolicypolicypolicypolicypolicypolicypolicypolicypolicypolicypolicypolicypolicypolicy', '2012-03-13 00:00:00', '2012-03-13', NULL, NULL, NULL, NULL, 0),
(285, 'Quotation Name', 'SO1254', 12.500, 2.000, 'Amir Cherif', 'Montassar Smida', 'descriptiondescriptiondescriptiondescriptiondescriptiondescriptiondescriptiondescriptiondescriptiondescription', 'policypolicypolicypolicypolicypolicypolicypolicypolicypolicypolicypolicypolicypolicypolicypolicypolicypolicypolicypolicy', '2012-03-13 00:00:00', '2012-03-13', NULL, NULL, NULL, NULL, 0),
(287, 'Quotation Name', 'SO1254', 12.500, 2.000, 'Amir Cherif', 'Montassar Smida', 'descriptiondescriptiondescriptiondescriptiondescriptiondescriptiondescriptiondescriptiondescriptiondescription', 'policypolicypolicypolicypolicypolicypolicypolicypolicypolicypolicypolicypolicypolicypolicypolicypolicypolicypolicypolicy', '2012-03-13 00:00:00', '2012-03-13', NULL, NULL, NULL, NULL, 0),
(288, 'Quotation Name', 'SO1254', 12.500, 2.000, 'Amir Cherif', 'Montassar Smida', 'descriptiondescriptiondescriptiondescriptiondescriptiondescriptiondescriptiondescriptiondescriptiondescription', 'policypolicypolicypolicypolicypolicypolicypolicypolicypolicypolicypolicypolicypolicypolicypolicypolicypolicypolicypolicy', '2012-03-13 00:00:00', '2012-03-13', NULL, NULL, NULL, NULL, 0),
(290, 'Quotation Name', 'SO1254', 12.500, 2.000, 'Amir Cherif', 'Montassar Smida', 'descriptiondescriptiondescriptiondescriptiondescriptiondescriptiondescriptiondescriptiondescriptiondescription', 'policypolicypolicypolicypolicypolicypolicypolicypolicypolicypolicypolicypolicypolicypolicypolicypolicypolicypolicypolicy', '2012-03-13 00:00:00', '2012-03-13', NULL, NULL, NULL, NULL, 0),
(291, 'Quotation Name', 'SO1254', 12.500, 2.000, 'Amir Cherif', 'Montassar Smida', 'descriptiondescriptiondescriptiondescriptiondescriptiondescriptiondescriptiondescriptiondescriptiondescription', 'policypolicypolicypolicypolicypolicypolicypolicypolicypolicypolicypolicypolicypolicypolicypolicypolicypolicypolicypolicy', '2012-03-13 00:00:00', '2012-03-13', NULL, NULL, NULL, NULL, 0),
(293, 'Quotation Name', 'SO1254', 12.500, 2.000, 'Amir Cherif', 'Montassar Smida', 'descriptiondescriptiondescriptiondescriptiondescriptiondescriptiondescriptiondescriptiondescriptiondescription', 'policypolicypolicypolicypolicypolicypolicypolicypolicypolicypolicypolicypolicypolicypolicypolicypolicypolicypolicypolicy', '2012-03-13 00:00:00', '2012-03-13', NULL, NULL, NULL, NULL, 0),
(294, 'Quotation Name', 'SO1254', 12.500, 2.000, 'Amir Cherif', 'Montassar Smida', 'descriptiondescriptiondescriptiondescriptiondescriptiondescriptiondescriptiondescriptiondescriptiondescription', 'policypolicypolicypolicypolicypolicypolicypolicypolicypolicypolicypolicypolicypolicypolicypolicypolicypolicypolicypolicy', '2012-03-13 00:00:00', '2012-03-13', NULL, NULL, NULL, NULL, 0),
(296, 'Quotation Name', 'SO1254', 12.500, 2.000, 'Amir Cherif', 'Montassar Smida', 'descriptiondescriptiondescriptiondescriptiondescriptiondescriptiondescriptiondescriptiondescriptiondescription', 'policypolicypolicypolicypolicypolicypolicypolicypolicypolicypolicypolicypolicypolicypolicypolicypolicypolicypolicypolicy', '2012-03-13 00:00:00', '2012-03-13', NULL, NULL, NULL, NULL, 0),
(297, 'Quotation Name', 'SO1254', 12.500, 2.000, 'Amir Cherif', 'Montassar Smida', 'descriptiondescriptiondescriptiondescriptiondescriptiondescriptiondescriptiondescriptiondescriptiondescription', 'policypolicypolicypolicypolicypolicypolicypolicypolicypolicypolicypolicypolicypolicypolicypolicypolicypolicypolicypolicy', '2012-03-13 00:00:00', '2012-03-13', NULL, NULL, NULL, NULL, 0),
(299, 'Quotation Name', 'SO1254', 12.500, 2.000, 'Amir Cherif', 'Montassar Smida', 'descriptiondescriptiondescriptiondescriptiondescriptiondescriptiondescriptiondescriptiondescriptiondescription', 'policypolicypolicypolicypolicypolicypolicypolicypolicypolicypolicypolicypolicypolicypolicypolicypolicypolicypolicypolicy', '2012-03-13 00:00:00', '2012-03-13', NULL, NULL, NULL, NULL, 0),
(300, 'Quotation Name', 'SO1254', 12.500, 2.000, 'Amir Cherif', 'Montassar Smida', 'descriptiondescriptiondescriptiondescriptiondescriptiondescriptiondescriptiondescriptiondescriptiondescription', 'policypolicypolicypolicypolicypolicypolicypolicypolicypolicypolicypolicypolicypolicypolicypolicypolicypolicypolicypolicy', '2012-03-13 00:00:00', '2012-03-13', NULL, NULL, NULL, NULL, 0),
(302, 'Quotation Name', 'SO1254', 12.500, 2.000, 'Amir Cherif', 'Montassar Smida', 'descriptiondescriptiondescriptiondescriptiondescriptiondescriptiondescriptiondescriptiondescriptiondescription', 'policypolicypolicypolicypolicypolicypolicypolicypolicypolicypolicypolicypolicypolicypolicypolicypolicypolicypolicypolicy', '2012-03-13 00:00:00', '2012-03-13', NULL, NULL, NULL, NULL, 0),
(303, 'Quotation Name', 'SO1254', 12.500, 2.000, 'Amir Cherif', 'Montassar Smida', 'descriptiondescriptiondescriptiondescriptiondescriptiondescriptiondescriptiondescriptiondescriptiondescription', 'policypolicypolicypolicypolicypolicypolicypolicypolicypolicypolicypolicypolicypolicypolicypolicypolicypolicypolicypolicy', '2012-03-13 00:00:00', '2012-03-13', NULL, NULL, NULL, NULL, 0),
(305, 'Quotation Name', 'SO1254', 12.500, 2.000, 'Amir Cherif', 'Montassar Smida', 'descriptiondescriptiondescriptiondescriptiondescriptiondescriptiondescriptiondescriptiondescriptiondescription', 'policypolicypolicypolicypolicypolicypolicypolicypolicypolicypolicypolicypolicypolicypolicypolicypolicypolicypolicypolicy', '2012-03-13 00:00:00', '2012-03-13', NULL, NULL, NULL, NULL, 0),
(306, 'Quotation Name', 'SO1254', 12.500, 2.000, 'Amir Cherif', 'Montassar Smida', 'descriptiondescriptiondescriptiondescriptiondescriptiondescriptiondescriptiondescriptiondescriptiondescription', 'policypolicypolicypolicypolicypolicypolicypolicypolicypolicypolicypolicypolicypolicypolicypolicypolicypolicypolicypolicy', '2012-03-13 00:00:00', '2012-03-13', NULL, NULL, NULL, NULL, 0),
(308, 'Quotation Name', 'SO1254', 12.500, 2.000, 'Amir Cherif', 'Montassar Smida', 'descriptiondescriptiondescriptiondescriptiondescriptiondescriptiondescriptiondescriptiondescriptiondescription', 'policypolicypolicypolicypolicypolicypolicypolicypolicypolicypolicypolicypolicypolicypolicypolicypolicypolicypolicypolicy', '2012-03-13 00:00:00', '2012-03-13', NULL, NULL, NULL, NULL, 0),
(309, 'Quotation Name', 'SO1254', 12.500, 2.000, 'Amir Cherif', 'Montassar Smida', 'descriptiondescriptiondescriptiondescriptiondescriptiondescriptiondescriptiondescriptiondescriptiondescription', 'policypolicypolicypolicypolicypolicypolicypolicypolicypolicypolicypolicypolicypolicypolicypolicypolicypolicypolicypolicy', '2012-03-13 00:00:00', '2012-03-13', NULL, NULL, NULL, NULL, 0),
(310, 'Quotation Name', 'SO1254', 12.500, 2.000, 'Amir Cherif', 'Montassar Smida', 'descriptiondescriptiondescriptiondescriptiondescriptiondescriptiondescriptiondescriptiondescriptiondescription', 'policypolicypolicypolicypolicypolicypolicypolicypolicypolicypolicypolicypolicypolicypolicypolicypolicypolicypolicypolicy', '2012-03-18 00:00:00', '2012-03-18', NULL, NULL, NULL, NULL, 0),
(311, 'Quotation Name', 'SO1254', 12.500, 2.000, 'Amir Cherif', 'Montassar Smida', 'descriptiondescriptiondescriptiondescriptiondescriptiondescriptiondescriptiondescriptiondescriptiondescription', 'policypolicypolicypolicypolicypolicypolicypolicypolicypolicypolicypolicypolicypolicypolicypolicypolicypolicypolicypolicy', '2012-03-18 00:00:00', '2012-03-18', NULL, NULL, NULL, NULL, 0),
(313, 'Quotation Name', 'SO1254', 12.500, 2.000, 'Amir Cherif', 'Montassar Smida', 'descriptiondescriptiondescriptiondescriptiondescriptiondescriptiondescriptiondescriptiondescriptiondescription', 'policypolicypolicypolicypolicypolicypolicypolicypolicypolicypolicypolicypolicypolicypolicypolicypolicypolicypolicypolicy', '2012-03-18 00:00:00', '2012-03-18', NULL, NULL, NULL, NULL, 0),
(314, 'Quotation Name', 'SO1254', 12.500, 2.000, 'Amir Cherif', 'Montassar Smida', 'descriptiondescriptiondescriptiondescriptiondescriptiondescriptiondescriptiondescriptiondescriptiondescription', 'policypolicypolicypolicypolicypolicypolicypolicypolicypolicypolicypolicypolicypolicypolicypolicypolicypolicypolicypolicy', '2012-03-18 00:00:00', '2012-03-18', NULL, NULL, NULL, NULL, 0),
(316, 'Quotation Name', 'SO1254', 12.500, 2.000, 'Amir Cherif', 'Montassar Smida', 'descriptiondescriptiondescriptiondescriptiondescriptiondescriptiondescriptiondescriptiondescriptiondescription', 'policypolicypolicypolicypolicypolicypolicypolicypolicypolicypolicypolicypolicypolicypolicypolicypolicypolicypolicypolicy', '2012-03-18 00:00:00', '2012-03-18', NULL, NULL, NULL, NULL, 0),
(317, 'Quotation Name', 'SO1254', 12.500, 2.000, 'Amir Cherif', 'Montassar Smida', 'descriptiondescriptiondescriptiondescriptiondescriptiondescriptiondescriptiondescriptiondescriptiondescription', 'policypolicypolicypolicypolicypolicypolicypolicypolicypolicypolicypolicypolicypolicypolicypolicypolicypolicypolicypolicy', '2012-03-18 00:00:00', '2012-03-18', NULL, NULL, NULL, NULL, 0),
(318, 'Quotation Name', 'SO1254', 12.500, 2.000, 'Amir Cherif', 'Montassar Smida', 'descriptiondescriptiondescriptiondescriptiondescriptiondescriptiondescriptiondescriptiondescriptiondescription', 'policypolicypolicypolicypolicypolicypolicypolicypolicypolicypolicypolicypolicypolicypolicypolicypolicypolicypolicypolicy', '2012-03-20 00:00:00', '2012-03-20', NULL, NULL, NULL, NULL, 0),
(319, 'Quotation Name', 'SO1254', 12.500, 2.000, 'Amir Cherif', 'Montassar Smida', 'descriptiondescriptiondescriptiondescriptiondescriptiondescriptiondescriptiondescriptiondescriptiondescription', 'policypolicypolicypolicypolicypolicypolicypolicypolicypolicypolicypolicypolicypolicypolicypolicypolicypolicypolicypolicy', '2012-03-20 00:00:00', '2012-03-20', NULL, NULL, NULL, NULL, 0),
(321, 'Quotation Name', 'SO1254', 12.500, 2.000, 'Amir Cherif', 'Montassar Smida', 'descriptiondescriptiondescriptiondescriptiondescriptiondescriptiondescriptiondescriptiondescriptiondescription', 'policypolicypolicypolicypolicypolicypolicypolicypolicypolicypolicypolicypolicypolicypolicypolicypolicypolicypolicypolicy', '2012-03-20 00:00:00', '2012-03-20', NULL, NULL, NULL, NULL, 0),
(322, 'Quotation Name', 'SO1254', 12.500, 2.000, 'Amir Cherif', 'Montassar Smida', 'descriptiondescriptiondescriptiondescriptiondescriptiondescriptiondescriptiondescriptiondescriptiondescription', 'policypolicypolicypolicypolicypolicypolicypolicypolicypolicypolicypolicypolicypolicypolicypolicypolicypolicypolicypolicy', '2012-03-20 00:00:00', '2012-03-20', NULL, NULL, NULL, NULL, 0),
(324, 'Quotation Name', 'SO1254', 12.500, 2.000, 'Amir Cherif', 'Montassar Smida', 'descriptiondescriptiondescriptiondescriptiondescriptiondescriptiondescriptiondescriptiondescriptiondescription', 'policypolicypolicypolicypolicypolicypolicypolicypolicypolicypolicypolicypolicypolicypolicypolicypolicypolicypolicypolicy', '2012-03-20 00:00:00', '2012-03-20', NULL, NULL, NULL, NULL, 0),
(325, 'Quotation Name', 'SO1254', 12.500, 2.000, 'Amir Cherif', 'Montassar Smida', 'descriptiondescriptiondescriptiondescriptiondescriptiondescriptiondescriptiondescriptiondescriptiondescription', 'policypolicypolicypolicypolicypolicypolicypolicypolicypolicypolicypolicypolicypolicypolicypolicypolicypolicypolicypolicy', '2012-03-20 00:00:00', '2012-03-20', NULL, NULL, NULL, NULL, 0),
(327, 'Quotation Name', 'SO1254', 12.500, 2.000, 'Amir Cherif', 'Montassar Smida', 'descriptiondescriptiondescriptiondescriptiondescriptiondescriptiondescriptiondescriptiondescriptiondescription', 'policypolicypolicypolicypolicypolicypolicypolicypolicypolicypolicypolicypolicypolicypolicypolicypolicypolicypolicypolicy', '2012-03-20 00:00:00', '2012-03-20', NULL, NULL, NULL, NULL, 0),
(328, 'Quotation Name', 'SO1254', 12.500, 2.000, 'Amir Cherif', 'Montassar Smida', 'descriptiondescriptiondescriptiondescriptiondescriptiondescriptiondescriptiondescriptiondescriptiondescription', 'policypolicypolicypolicypolicypolicypolicypolicypolicypolicypolicypolicypolicypolicypolicypolicypolicypolicypolicypolicy', '2012-03-20 00:00:00', '2012-03-20', NULL, NULL, NULL, NULL, 0),
(330, 'Quotation Name', 'SO1254', 12.500, 2.000, 'Amir Cherif', 'Montassar Smida', 'descriptiondescriptiondescriptiondescriptiondescriptiondescriptiondescriptiondescriptiondescriptiondescription', 'policypolicypolicypolicypolicypolicypolicypolicypolicypolicypolicypolicypolicypolicypolicypolicypolicypolicypolicypolicy', '2012-03-20 00:00:00', '2012-03-20', NULL, NULL, NULL, NULL, 0),
(331, 'Quotation Name', 'SO1254', 12.500, 2.000, 'Amir Cherif', 'Montassar Smida', 'descriptiondescriptiondescriptiondescriptiondescriptiondescriptiondescriptiondescriptiondescriptiondescription', 'policypolicypolicypolicypolicypolicypolicypolicypolicypolicypolicypolicypolicypolicypolicypolicypolicypolicypolicypolicy', '2012-03-20 00:00:00', '2012-03-20', NULL, NULL, NULL, NULL, 0),
(333, 'Quotation Name', 'SO1254', 12.500, 2.000, 'Amir Cherif', 'Montassar Smida', 'descriptiondescriptiondescriptiondescriptiondescriptiondescriptiondescriptiondescriptiondescriptiondescription', 'policypolicypolicypolicypolicypolicypolicypolicypolicypolicypolicypolicypolicypolicypolicypolicypolicypolicypolicypolicy', '2012-03-20 00:00:00', '2012-03-20', NULL, NULL, NULL, NULL, 0),
(334, 'Quotation Name', 'SO1254', 12.500, 2.000, 'Amir Cherif', 'Montassar Smida', 'descriptiondescriptiondescriptiondescriptiondescriptiondescriptiondescriptiondescriptiondescriptiondescription', 'policypolicypolicypolicypolicypolicypolicypolicypolicypolicypolicypolicypolicypolicypolicypolicypolicypolicypolicypolicy', '2012-03-20 00:00:00', '2012-03-20', NULL, NULL, NULL, NULL, 0),
(336, 'Quotation Name', 'SO1254', 12.500, 2.000, 'Amir Cherif', 'Montassar Smida', 'descriptiondescriptiondescriptiondescriptiondescriptiondescriptiondescriptiondescriptiondescriptiondescription', 'policypolicypolicypolicypolicypolicypolicypolicypolicypolicypolicypolicypolicypolicypolicypolicypolicypolicypolicypolicy', '2012-03-20 00:00:00', '2012-03-20', NULL, NULL, NULL, NULL, 0),
(337, 'Quotation Name', 'SO1254', 12.500, 2.000, 'Amir Cherif', 'Montassar Smida', 'descriptiondescriptiondescriptiondescriptiondescriptiondescriptiondescriptiondescriptiondescriptiondescription', 'policypolicypolicypolicypolicypolicypolicypolicypolicypolicypolicypolicypolicypolicypolicypolicypolicypolicypolicypolicy', '2012-03-20 00:00:00', '2012-03-20', NULL, NULL, NULL, NULL, 0),
(339, 'Quotation Name', 'SO1254', 12.500, 2.000, 'Amir Cherif', 'Montassar Smida', 'descriptiondescriptiondescriptiondescriptiondescriptiondescriptiondescriptiondescriptiondescriptiondescription', 'policypolicypolicypolicypolicypolicypolicypolicypolicypolicypolicypolicypolicypolicypolicypolicypolicypolicypolicypolicy', '2012-03-20 00:00:00', '2012-03-20', NULL, NULL, NULL, NULL, 0),
(340, 'Quotation Name', 'SO1254', 12.500, 2.000, 'Amir Cherif', 'Montassar Smida', 'descriptiondescriptiondescriptiondescriptiondescriptiondescriptiondescriptiondescriptiondescriptiondescription', 'policypolicypolicypolicypolicypolicypolicypolicypolicypolicypolicypolicypolicypolicypolicypolicypolicypolicypolicypolicy', '2012-03-20 00:00:00', '2012-03-20', NULL, NULL, NULL, NULL, 0),
(341, 'Quotation Name', 'SO1254', 12.500, 2.000, 'Amir Cherif', 'Montassar Smida', 'descriptiondescriptiondescriptiondescriptiondescriptiondescriptiondescriptiondescriptiondescriptiondescription', 'policypolicypolicypolicypolicypolicypolicypolicypolicypolicypolicypolicypolicypolicypolicypolicypolicypolicypolicypolicy', '2012-04-11 00:00:00', '2012-04-11', NULL, NULL, NULL, NULL, 0),
(342, 'Quotation Name', 'SO1254', 12.500, 2.000, 'Amir Cherif', 'Montassar Smida', 'descriptiondescriptiondescriptiondescriptiondescriptiondescriptiondescriptiondescriptiondescriptiondescription', 'policypolicypolicypolicypolicypolicypolicypolicypolicypolicypolicypolicypolicypolicypolicypolicypolicypolicypolicypolicy', '2012-04-11 00:00:00', '2012-04-11', NULL, NULL, NULL, NULL, 0),
(344, 'Quotation Name', 'SO1254', 12.500, 2.000, 'Amir Cherif', 'Montassar Smida', 'descriptiondescriptiondescriptiondescriptiondescriptiondescriptiondescriptiondescriptiondescriptiondescription', 'policypolicypolicypolicypolicypolicypolicypolicypolicypolicypolicypolicypolicypolicypolicypolicypolicypolicypolicypolicy', '2012-04-11 00:00:00', '2012-04-11', NULL, NULL, NULL, NULL, 0),
(345, 'Quotation Name', 'SO1254', 12.500, 2.000, 'Amir Cherif', 'Montassar Smida', 'descriptiondescriptiondescriptiondescriptiondescriptiondescriptiondescriptiondescriptiondescriptiondescription', 'policypolicypolicypolicypolicypolicypolicypolicypolicypolicypolicypolicypolicypolicypolicypolicypolicypolicypolicypolicy', '2012-04-11 00:00:00', '2012-04-11', NULL, NULL, NULL, NULL, 0),
(347, 'Quotation Name', 'SO1254', 12.500, 2.000, 'Amir Cherif', 'Montassar Smida', 'descriptiondescriptiondescriptiondescriptiondescriptiondescriptiondescriptiondescriptiondescriptiondescription', 'policypolicypolicypolicypolicypolicypolicypolicypolicypolicypolicypolicypolicypolicypolicypolicypolicypolicypolicypolicy', '2012-04-11 00:00:00', '2012-04-11', NULL, NULL, NULL, NULL, 0),
(348, 'Quotation Name', 'SO1254', 12.500, 2.000, 'Amir Cherif', 'Montassar Smida', 'descriptiondescriptiondescriptiondescriptiondescriptiondescriptiondescriptiondescriptiondescriptiondescription', 'policypolicypolicypolicypolicypolicypolicypolicypolicypolicypolicypolicypolicypolicypolicypolicypolicypolicypolicypolicy', '2012-04-11 00:00:00', '2012-04-11', NULL, NULL, NULL, NULL, 0),
(350, 'Quotation Name', 'SO1254', 12.500, 2.000, 'Amir Cherif', 'Montassar Smida', 'descriptiondescriptiondescriptiondescriptiondescriptiondescriptiondescriptiondescriptiondescriptiondescription', 'policypolicypolicypolicypolicypolicypolicypolicypolicypolicypolicypolicypolicypolicypolicypolicypolicypolicypolicypolicy', '2012-04-11 00:00:00', '2012-04-11', NULL, NULL, NULL, NULL, 0),
(351, 'Quotation Name', 'SO1254', 12.500, 2.000, 'Amir Cherif', 'Montassar Smida', 'descriptiondescriptiondescriptiondescriptiondescriptiondescriptiondescriptiondescriptiondescriptiondescription', 'policypolicypolicypolicypolicypolicypolicypolicypolicypolicypolicypolicypolicypolicypolicypolicypolicypolicypolicypolicy', '2012-04-11 00:00:00', '2012-04-11', NULL, NULL, NULL, NULL, 0);

-- --------------------------------------------------------

--
-- Tabellenstruktur für Tabelle `quotation_comment`
--

DROP TABLE IF EXISTS `quotation_comment`;
CREATE TABLE IF NOT EXISTS `quotation_comment` (
  `id` int(11) NOT NULL AUTO_INCREMENT,
  `comment` varchar(255) COLLATE utf8_unicode_ci NOT NULL,
  `author_name` varchar(255) COLLATE utf8_unicode_ci DEFAULT NULL,
  `insertat` datetime DEFAULT NULL,
  `quotation_id` int(11) NOT NULL,
  `person_id` int(11) DEFAULT NULL,
  `user_id` int(11) DEFAULT NULL,
  PRIMARY KEY (`id`),
  KEY `fk_quotation_comment_quotation1` (`quotation_id`),
  KEY `fk_quotation_comment_person1` (`person_id`),
  KEY `fk_quotation_comment_user1` (`user_id`)
) ENGINE=InnoDB  DEFAULT CHARSET=utf8 COLLATE=utf8_unicode_ci AUTO_INCREMENT=25 ;

--
-- Daten für Tabelle `quotation_comment`
--

INSERT INTO `quotation_comment` (`id`, `comment`, `author_name`, `insertat`, `quotation_id`, `person_id`, `user_id`) VALUES
(3, 'GOOD QUOTATION', 'Montasser', '2012-03-08 00:00:00', 2, NULL, NULL),
(4, 'GOOD QUOTATION', 'Montasser', '2012-03-08 00:00:00', 3, NULL, NULL),
(5, 'GOOD QUOTATION', 'Montasser', '2012-03-08 00:00:00', 4, NULL, NULL),
(6, 'GOOD QUOTATION', 'Montasser', '2012-03-08 00:00:00', 5, NULL, NULL),
(24, 'BAD QUOTATION', 'Montasser', '2012-03-13 13:01:31', 257, NULL, NULL);

-- --------------------------------------------------------

--
-- Tabellenstruktur für Tabelle `quotation_discount_type`
--

DROP TABLE IF EXISTS `quotation_discount_type`;
CREATE TABLE IF NOT EXISTS `quotation_discount_type` (
  `id` int(11) NOT NULL AUTO_INCREMENT,
  `type` enum('fixed','percent') COLLATE utf8_unicode_ci DEFAULT NULL,
  PRIMARY KEY (`id`)
) ENGINE=InnoDB  DEFAULT CHARSET=utf8 COLLATE=utf8_unicode_ci AUTO_INCREMENT=21 ;

--
-- Daten für Tabelle `quotation_discount_type`
--

INSERT INTO `quotation_discount_type` (`id`, `type`) VALUES
(1, 'fixed'),
(2, 'percent'),
(20, 'percent');

-- --------------------------------------------------------

--
-- Tabellenstruktur für Tabelle `quotation_has_document`
--

DROP TABLE IF EXISTS `quotation_has_document`;
CREATE TABLE IF NOT EXISTS `quotation_has_document` (
  `quotation_id` int(11) NOT NULL,
  `document_id` int(11) NOT NULL,
  PRIMARY KEY (`quotation_id`,`document_id`),
  KEY `fk_quotation_has_document_document1` (`document_id`),
  KEY `fk_quotation_has_document_quotation1` (`quotation_id`)
) ENGINE=InnoDB DEFAULT CHARSET=utf8 COLLATE=utf8_unicode_ci;

--
-- Daten für Tabelle `quotation_has_document`
--


-- --------------------------------------------------------

--
-- Tabellenstruktur für Tabelle `quotation_item`
--

DROP TABLE IF EXISTS `quotation_item`;
CREATE TABLE IF NOT EXISTS `quotation_item` (
  `id` int(11) NOT NULL AUTO_INCREMENT,
  `item_name` varchar(255) COLLATE utf8_unicode_ci DEFAULT NULL,
  `item_description` text COLLATE utf8_unicode_ci,
  `price` double(12,3) DEFAULT NULL,
  `discount` double(12,3) DEFAULT NULL,
  `quantity` int(11) DEFAULT NULL,
  `quotation_id` int(11) NOT NULL,
  `product_id` int(11) DEFAULT NULL,
  `project_id` int(11) DEFAULT NULL,
  PRIMARY KEY (`id`),
  KEY `fk_quotation_item_quotation1` (`quotation_id`),
  KEY `fk_quotation_item_product1` (`product_id`),
  KEY `fk_quotation_item_project1` (`project_id`)
) ENGINE=InnoDB  DEFAULT CHARSET=utf8 COLLATE=utf8_unicode_ci AUTO_INCREMENT=49 ;

--
-- Daten für Tabelle `quotation_item`
--

INSERT INTO `quotation_item` (`id`, `item_name`, `item_description`, `price`, `discount`, `quantity`, `quotation_id`, `product_id`, `project_id`) VALUES
(18, 'تركيب المتجر الالكتروني', '<p>تعريف: أن تركيب المتجر الالكتروني <span style="color: #ff0000;">يعني </span>أن يتم تركيب ملفات البرمجة الخاصة بالمتجر على سيرفرات الإستضافة، والتأكد من أن جميع ملفات البرمجة موجودة، وفحص آلية عملها بالشكل الإحترافي التقني.</p>\n<p>&nbsp;</p>', 30.000, NULL, 1, 120, 54, NULL),
(19, 'Template 10002', '', 10.000, NULL, 1, 120, 61, NULL),
(37, 'quotation_item1', 'description1description1description1description1description1description1description1description1description1description1', 12.500, 2.000, 4, 258, NULL, NULL),
(38, 'تركيب المتجر الالكتروني', '<p>تعريف: أن تركيب المتجر الالكتروني <span style="color: #ff0000;">يعني </span>أن يتم تركيب ملفات البرمجة الخاصة بالمتجر على سيرفرات الإستضافة، والتأكد من أن جميع ملفات البرمجة موجودة، وفحص آلية عملها بالشكل الإحترافي التقني.</p>\n<p>&nbsp;</p>', 30.000, NULL, 1, 10, 54, NULL),
(48, 'Test product Name', NULL, 1.000, NULL, 1, 2, NULL, NULL);

-- --------------------------------------------------------

--
-- Tabellenstruktur für Tabelle `quotation_state`
--

DROP TABLE IF EXISTS `quotation_state`;
CREATE TABLE IF NOT EXISTS `quotation_state` (
  `id` int(11) NOT NULL AUTO_INCREMENT,
  `name` varchar(255) COLLATE utf8_unicode_ci NOT NULL,
  `state` tinyint(1) NOT NULL,
  PRIMARY KEY (`id`)
) ENGINE=InnoDB DEFAULT CHARSET=utf8 COLLATE=utf8_unicode_ci AUTO_INCREMENT=1 ;

--
-- Daten für Tabelle `quotation_state`
--


-- --------------------------------------------------------

--
-- Tabellenstruktur für Tabelle `rbac_privilege`
--

DROP TABLE IF EXISTS `rbac_privilege`;
CREATE TABLE IF NOT EXISTS `rbac_privilege` (
  `id` int(11) NOT NULL AUTO_INCREMENT,
  `name` varchar(255) COLLATE utf8_unicode_ci NOT NULL,
  `role_id` int(11) NOT NULL,
  PRIMARY KEY (`id`)
) ENGINE=InnoDB  DEFAULT CHARSET=utf8 COLLATE=utf8_unicode_ci AUTO_INCREMENT=865 ;

--
-- Daten für Tabelle `rbac_privilege`
--

INSERT INTO `rbac_privilege` (`id`, `name`, `role_id`) VALUES
(127, 'Cms', 1),
(128, 'Cms_Backend_Box_Preadd_Controller', 1),
(129, 'Cms_Backend_Box_List_Controller', 1),
(130, 'Cms_Backend_Box_Add_Controller', 1),
(131, 'Cms_Backend_Box_Detail_Controller', 1),
(132, 'Cms_Backend_Box_Modify_Controller', 1),
(133, 'Cms_Backend_Box_Delete_Controller', 1),
(134, 'Cms_Backend_Box_Offline_Controller', 1),
(135, 'Cms_Backend_Box_Online_Controller', 1),
(136, 'Cms_Backend_Mainmenu_List_Controller', 1),
(137, 'Cms_Backend_Mainmenu_Add_Controller', 1),
(138, 'Cms_Backend_Mainmenu_Modify_Controller', 1),
(139, 'Cms_Backend_Mainmenu_Delete_Controller', 1),
(140, 'Cms_Backend_Mainmenu_Offline_Controller', 1),
(141, 'Cms_Backend_Mainmenu_Online_Controller', 1),
(142, 'Cms_Backend_Menu_List_Controller', 1),
(143, 'Cms_Backend_Menu_Add_Controller', 1),
(144, 'Cms_Backend_Menu_Modify_Controller', 1),
(145, 'Cms_Backend_Menu_Delete_Controller', 1),
(146, 'Cms_Backend_Menu_Offline_Controller', 1),
(147, 'Cms_Backend_Menu_Online_Controller', 1),
(148, 'Cms_Backend_Page_Preadd_Controller', 1),
(149, 'Cms_Backend_Page_List_Controller', 1),
(150, 'Cms_Backend_Page_Add_Controller', 1),
(151, 'Cms_Backend_Page_Modify_Controller', 1),
(152, 'Cms_Backend_Page_Delete_Controller', 1),
(153, 'Cms_Backend_Page_Offline_Controller', 1),
(154, 'Cms_Backend_Page_Online_Controller', 1),
(155, 'Cms_Backend_Page_Design_Controller', 1),
(156, 'Cms_Backend_Page_Qiucklist_Controller', 1),
(157, 'Cms_Backend_Site_List_Controller', 1),
(158, 'Cms_Backend_Site_Add_Controller', 1),
(159, 'Cms_Backend_Site_Modify_Controller', 1),
(160, 'Cms_Backend_Site_Delete_Controller', 1),
(161, 'Cms_Backend_Site_Design_Controller', 1),
(162, 'Installer', 1),
(163, 'Installer_Backend_List_Controller', 1),
(164, 'Installer_Backend_Details_Controller', 1),
(165, 'Mailer', 1),
(166, 'Mailer_Backend_Template_List_Controller', 1),
(167, 'Mailer_Backend_Template_Add_Controller', 1),
(168, 'Mailer_Backend_Template_Modify_Controller', 1),
(169, 'Mailer_Backend_Template_Delete_Controller', 1),
(170, 'Request', 1),
(171, 'Request_Backend_Request_List_Controller', 1),
(172, 'Request_Backend_Request_Add_Controller', 1),
(173, 'Request_Backend_Request_Detail_Controller', 1),
(174, 'Request_Backend_Request_Modify_Controller', 1),
(175, 'Request_Backend_Request_Delete_Controller', 1),
(176, 'Request_Backend_Request_Offline_Controller', 1),
(177, 'Request_Backend_Request_Online_Controller', 1),
(178, 'User', 1),
(179, 'User_Backend_Setting_Controller', 1),
(180, 'User_Backend_Profile_Controller', 1),
(181, 'User_Backend_Group_List_Controller', 1),
(182, 'User_Backend_Group_Add_Controller', 1),
(183, 'User_Backend_Group_Detail_Controller', 1),
(184, 'User_Backend_Group_Modify_Controller', 1),
(185, 'User_Backend_Group_Delete_Controller', 1),
(186, 'User_Backend_Privilege_Modify_Controller', 1),
(187, 'User_Backend_Role_List_Controller', 1),
(188, 'User_Backend_Role_Add_Controller', 1),
(189, 'User_Backend_Role_Modify_Controller', 1),
(190, 'User_Backend_Role_Delete_Controller', 1),
(191, 'User_Backend_Role_Online_Controller', 1),
(192, 'User_Backend_Role_Offline_Controller', 1),
(193, 'User_Backend_User_List_Controller', 1),
(194, 'User_Backend_User_Add_Controller', 1),
(195, 'User_Backend_User_Modify_Controller', 1),
(196, 'User_Backend_User_Delete_Controller', 1),
(197, 'User_Backend_User_Quicklist_Controller', 1),
(198, 'Vehicle', 1),
(199, 'Vehicle_Backend_Make_List_Controller', 1),
(200, 'Vehicle_Backend_Make_Add_Controller', 1),
(201, 'Vehicle_Backend_Make_AddModel_Controller', 1),
(202, 'Vehicle_Backend_Vehicle_List_Controller', 1),
(203, 'Vehicle_Backend_Vehicle_Add_Controller', 1),
(204, 'Vehicle_Backend_Vehicle_Details_Controller', 1),
(205, 'Vehicle_Backend_Vehicle_Delete_Controller', 1),
(833, 'Bike_Backend_Bike_Add_Controller', 4),
(834, 'Bike_Backend_Bike_List_Controller', 4),
(835, 'Bike_Backend_Bike_Detail_Controller', 4),
(836, 'Bike_Backend_Bike_Modify_Controller', 4),
(837, 'Bike_Backend_Bike_Offline_Controller', 4),
(838, 'Bike_Backend_Bike_Online_Controller', 4),
(839, 'Newsletter_Backend_Groups_Controller', 4),
(840, 'Newsletter_Backend_Emails_Controller', 4),
(841, 'Request_Backend_Request_List_Controller', 4),
(842, 'Request_Backend_Request_Add_Controller', 4),
(843, 'Request_Backend_Request_Detail_Controller', 4),
(844, 'Request_Backend_Request_Modify_Controller', 4),
(845, 'Request_Backend_Request_Delete_Controller', 4),
(846, 'Request_Backend_Request_Offline_Controller', 4),
(847, 'Request_Backend_Request_Online_Controller', 4),
(848, 'Vehicle_Backend_Make_List_Controller', 4),
(849, 'Vehicle_Backend_Make_Add_Controller', 4),
(850, 'Vehicle_Backend_Make_AddModel_Controller', 4),
(851, 'Vehicle_Backend_Vehicle_List_Controller', 4),
(852, 'Vehicle_Backend_Vehicle_Add_Controller', 4),
(853, 'Vehicle_Backend_Vehicle_Details_Controller', 4),
(854, 'Bike_Backend_Bike_Add_Controller', 5),
(855, 'Bike_Backend_Bike_List_Controller', 5),
(856, 'Bike_Backend_Bike_Modify_Controller', 5),
(857, 'Child', 5),
(858, 'Child_Backend_Child_List_Controller', 5),
(859, 'Child_Backend_Child_Add_Controller', 5),
(860, 'Child_Backend_Child_Detail_Controller', 5),
(861, 'Child_Backend_Child_Modify_Controller', 5),
(862, 'Child_Backend_Child_Delete_Controller', 5),
(863, 'Child_Backend_Child_Offline_Controller', 5),
(864, 'Child_Backend_Child_Online_Controller', 5);

-- --------------------------------------------------------

--
-- Tabellenstruktur für Tabelle `rbac_role`
--

DROP TABLE IF EXISTS `rbac_role`;
CREATE TABLE IF NOT EXISTS `rbac_role` (
  `id` int(11) NOT NULL AUTO_INCREMENT,
  `parent_id` varchar(45) COLLATE utf8_unicode_ci DEFAULT NULL,
  `state` tinyint(1) DEFAULT '1',
  PRIMARY KEY (`id`)
) ENGINE=InnoDB  DEFAULT CHARSET=utf8 COLLATE=utf8_unicode_ci AUTO_INCREMENT=9 ;

--
-- Daten für Tabelle `rbac_role`
--

INSERT INTO `rbac_role` (`id`, `parent_id`, `state`) VALUES
(1, NULL, 1),
(2, '1', 1),
(3, '2', 1),
(4, NULL, 1),
(5, NULL, 1),
(6, NULL, 1),
(7, NULL, 1),
(8, '7', 1);

-- --------------------------------------------------------

--
-- Tabellenstruktur für Tabelle `rbac_role_lang`
--

DROP TABLE IF EXISTS `rbac_role_lang`;
CREATE TABLE IF NOT EXISTS `rbac_role_lang` (
  `name` varchar(255) COLLATE utf8_unicode_ci NOT NULL,
  `lang` varchar(3) COLLATE utf8_unicode_ci NOT NULL,
  `rbac_role_id` int(11) NOT NULL,
  KEY `fk_rbac_role_lang_rbac_role_idx` (`rbac_role_id`)
) ENGINE=InnoDB DEFAULT CHARSET=utf8 COLLATE=utf8_unicode_ci;

--
-- Daten für Tabelle `rbac_role_lang`
--

INSERT INTO `rbac_role_lang` (`name`, `lang`, `rbac_role_id`) VALUES
('CEO', 'en', 1),
('dfsfsfsdf', 'ar', 1),
('Sales Manager', 'en', 2),
('sxxxxxxx', 'ar', 2),
('Sales Man', 'en', 3),
('asdad', 'ar', 3),
('Sek', 'en', 4),
('Sek', 'ar', 4),
('Marketing man', 'en', 5),
('Marketing man', 'ar', 5),
('Center User Role', 'en', 6),
('Center User Role', 'ar', 6),
('Vertrieb Boss', 'en', 7),
('Vertrieb Boss', 'ar', 7),
('Vertrieb Man', 'en', 8),
('Vertrieb Man', 'ar', 8);

-- --------------------------------------------------------

--
-- Tabellenstruktur für Tabelle `request`
--

DROP TABLE IF EXISTS `request`;
CREATE TABLE IF NOT EXISTS `request` (
  `id` int(11) NOT NULL AUTO_INCREMENT,
  `name` varchar(255) CHARACTER SET utf8 COLLATE utf8_unicode_ci DEFAULT NULL,
  `phone` varchar(255) CHARACTER SET utf8 COLLATE utf8_unicode_ci DEFAULT NULL,
  `model` varchar(255) CHARACTER SET utf8 COLLATE utf8_unicode_ci DEFAULT NULL,
  `year` varchar(255) CHARACTER SET utf8 COLLATE utf8_unicode_ci DEFAULT NULL,
  `content` longtext CHARACTER SET utf8 COLLATE utf8_unicode_ci,
  `date_time` datetime DEFAULT NULL,
  `state` tinyint(4) DEFAULT NULL,
  `make` varchar(255) CHARACTER SET utf8 COLLATE utf8_unicode_ci DEFAULT NULL,
  `email` varchar(255) CHARACTER SET utf8 COLLATE utf8_unicode_ci DEFAULT NULL,
  PRIMARY KEY (`id`)
) ENGINE=InnoDB  DEFAULT CHARSET=utf8 AUTO_INCREMENT=153 ;

--
-- Daten für Tabelle `request`
--

INSERT INTO `request` (`id`, `name`, `phone`, `model`, `year`, `content`, `date_time`, `state`, `make`, `email`) VALUES
(42, 'Mohamed Khalil', NULL, 'G55', '1990 - 2010', 'Looking for used Mercedes-Benz G55 any model. ', '2012-09-01 18:38:23', 0, 'Mercedes-Benz', 'mohd.alnazer@hotmail.com'),
(45, 'ford victoria', '34046623', 'victoria', '2002-2003-2004', 'مطلوب فورد فكتوريا2002_2003_2004 نضيف الرجاء الاتصال  ۶ـلى:34046623', '2012-09-01 21:53:51', 1, 'Ford', NULL),
(46, 'Wanted.     Suzki gsxr 1000.', '34314394', 'gsxr 1000.', '2006-2007', 'Wanted.     Suzki gsxr 1000.                  Model.    2006 -2007.                              Call 34314394', '2012-09-01 22:56:46', 1, 'Suzki ', 'info@motorssouq.com'),
(47, 'مطلوب نيسان سوبر سفاري', '33224958', 'patrol', '2002', 'مطلوب نيسان سوبر سفاري 2002 شرط بحالة ممتازة و يفضل اللون لؤلؤي 33224958', '2012-09-01 23:02:31', 0, 'nissan', 'info@motorssouq.com'),
(48, 'مطلوب', NULL, '34198613', NULL, 'مطلوب موســتنغ موديــل 2002-2003-2004\nشــرط النـــظافـــه // يفضل برنقات بولـت  وقير عادي\n', '2012-09-03 08:28:51', 1, 'فورد موستنج', NULL),
(49, 'montassar smida', '21883580', 'f1', '1973', 'please it&#039;s urgent', '2012-09-03 17:02:52', 0, 'Alfa Romeo', 'montassar@amhsoft.com'),
(50, 'montassar smida', '21883580', 'f1', '2006', 'need alfaremoea', '2012-09-03 17:05:40', 0, 'Alfa Romeo', 'montassar@amhsoft.com'),
(51, 'administrator admin', '21883580', 'سيلبسيلسيلسيل', '1973', 'dfqsfqsfqsd', '2012-09-03 17:07:08', 0, 'Alfa Romeo', 'montasserthehacker@gmail.com'),
(52, 'عمر المرباطي', '39998774', 'كورفيت zo6 ', '2007 فما فوق ', 'بسعر المعقول \n', '2012-09-03 18:20:24', 0, 'شفرولية ', 'omar-almerbati@hotmail.com'),
(53, 'عمر المرباطي', '39998774', 'كورفيت zo6 ', '2006 فما فوق ', 'بسعر المعقول \n', '2012-09-03 18:20:46', 1, 'شفرولية ', 'omar-almerbati@hotmail.com'),
(54, 'مطلوب تيدا 2006 - 2007', '33036743', 'تيدا', '2006 - 2007', 'مطلوب تيداا\n2006 - 2007\nشرط النظافه\n1.8 - 1.6\nيفضل هاج بق\n33036743', '2012-09-04 17:48:43', 1, 'نيسان', NULL),
(56, 'مطلوب تويوتا كورولا 2002 أو 2003 أو 2004', '33724749', 'كورولا', '2002 أو 2003 أو 2004', 'مطلوب كورولا مؤديل 2002أو 2003 أو 2004 شرط يكون النظافه والسعر بحدود المعقول ضروري وبأسرع وقت ممكن\n\n', '2012-09-05 22:27:38', 1, 'تويوتا ', NULL),
(57, 'مطلوب: موستنج جير عادي', '33470261', 'موستنج', '2003-2004', 'مطلوب فورد موستنج 2003 - 2004 جير عادي شرط النظافة، ويفضل لون رمادي', '2012-09-06 09:39:16', 1, 'فورد', NULL),
(58, 'مطلوب افالون 2011 ', '33566883', 'افالون', '2011', 'يفضل اللون صدفي او ابيض او سلفر رصاصي', '2012-09-06 21:21:07', 1, 'تويوتا', NULL),
(59, 'مَطلـــوب كّـورلا دي اكـس ', ' 33852218', 'كورولا', '1988', 'مَطلـــوب كّـورلا دي اكـس قيــر عـآدي مسجلــه ومبيــمه مــوديـل 88', '2012-09-07 17:25:46', 1, 'تويوتا', NULL),
(60, 'مطلوب موستنق 2011', '33701744', 'موستنج', '2011', 'مطلوب موستنق 2011 بسعر معقول 5.0\nلتواصل : 33701744', '2012-09-08 10:31:06', 1, 'فورد', NULL),
(61, 'مطلوب موستتنج', '33787542', 'موستنج', '2010', 'مطلوب موستنج 2010', '2012-09-09 18:33:56', 1, 'فورد', NULL),
(62, 'سلطان', '39967709', 'سيفيك', '2006-2007-2008', 'هوندا سيفيك اللون ابيض صدفي فول اوبشن موديل 2006 او 2007 او 2008 على وجه السرعة ', '2012-09-10 07:03:31', 0, 'هوندا', 's_alghatam@hotmail.com'),
(63, 'سلطان سالم ', '39967709', 'سيفيك ', '2006_2007_2008', 'فول اوبشن مع فتحة ورنجات ويفضل لون ابيض. او ابيض صدفي ', '2012-09-10 14:18:37', 1, 'هوندا', 's_alghatam@hotmail.com'),
(64, 'سلطان سالم', '39967709', 'أكورد', 'موديل 2006-2007', 'هوندا أكورد فول اوبشن فتحة رنجات واللون المطلوب ابيض صدفي موديل 2006 او 2007', '2012-09-10 20:28:25', 0, 'هوندا', 's_alghatam@hotmail.com'),
(65, 'مطلوب تويوتا أفالون', '33890444', 'افالون', '2005 2006', 'مطلوب تويوتا أفالون من 2005-2006', '2012-09-11 14:08:59', 0, 'تويوتا', 'Bosara_2010@hotmail.com'),
(66, 'مطلوب تويوتا آفالون ', '39779060', 'آفالون ', '2005--2006 ', 'طلوب تويوتا افالون 2005 او 2006 شرط النضافه ت 39779060', '2012-09-11 17:55:56', 0, 'تويوتا ', NULL),
(67, 'مطلوب لاند كروزر جي اكس آر', '33363121', 'لاند كروزر جي اكس آر', '2011', 'مطلوب لاند كروزر جي اكس آر موديل 2011، سيرفس الوكالة', '2012-09-11 21:44:01', 1, 'تويوتا', NULL),
(68, 'مطلوب لاند كروزر جي اكس آر', '33636693', 'لاند كروزر جي اكس آر', '2003 إلى 2007', 'مطلوب لاند كروزر جي اكس آر\nفول أوبشن \nالموديل 2003 إلى 2007 والدفع كاش ', '2012-09-12 18:49:51', 1, 'تويوتا', NULL),
(69, 'علي أحمد', '33402430', 'أكورد', '2006-2007', 'ان تكون فل أوبشن فقط و نظام خليجي .', '2012-09-13 13:41:16', 1, 'هوندا', 'mr-n.e.l.l.y.-15@live.com'),
(70, '​مطلوب اف جي موديل 2010-2011 ', '39819850', 'اف جي', '2010-2011', '​مطلوب اف جي موديل 2010-2011 و ان يكون على ضمان الوكاله في حدود 10 آلاف دينار ', '2012-09-16 20:06:35', 1, 'تويوتا ', NULL),
(72, 'مطلوب فورد شلبي جي تي 500 ', '39323935', 'شلبي جي تي 500', '2011 أو 2012', 'مطلوب فورد شلبي جي تي 500 موديل 2011 او 2012\nيرجى الرد على البي بي ام pin:29C19331\nاو على الواتس اب +97339323935', '2012-09-17 20:02:24', 1, 'فورد', NULL),
(73, 'مطلوب زد 260 موديل 1979م', '33344949', 'زد أكس', '1979', 'مطلوب Z 260 من موديل 79 وتحت يكون نظيف من داخل وبرع\nللضرورة الاتصال على : 33344949', '2012-09-18 07:15:15', 1, 'نيسان', NULL),
(74, 'wesam Barto ', '36850750', 'CLK', '2003', 'Full option ', '2012-09-19 21:42:57', 0, 'Mercedes', 'wesam_barto@hotmail.com'),
(75, 'wesam Barto ', '36850750', 'CLK', '2003', 'Full option ', '2012-09-19 21:44:01', 0, 'Mercedes', 'wesam_barto@hotmai.com'),
(76, 'wesam Barto ', '36850750', 'CLK', '2003', 'Full option ', '2012-09-19 21:44:39', 1, 'Mercedes', 'wesam_barto@hotmai.com'),
(77, 'For sale: Mercedes CLK 2003', '36850750', 'CLK', '2003', 'For sale: Mercedes CLK 2003 Full option ', '2012-09-19 21:45:11', 1, 'Mercedes', 'wesam_barto@hotmai.com'),
(78, 'مطلوب سياره نوع أيكو أو لانسر أو مازدا أو كيا أو هونداي', '33077424', ' أيكو أو لانسر أو مازدا أو كيا أو هونداي', NULL, 'مطلوب سياره نوع أيكو أو لانسر أو مازدا أو كيا أو هونداي بحدود ١٣٠٠ دينار للاتصال ٣٣٠٧٧٤٢٤', '2012-09-20 23:48:02', 1, NULL, NULL),
(79, 'مطلوب سيارة هوندا', '33402430', 'اكورد ', '2006 - 2007', 'مطلوب سيارة هوندا ..\nالنوع :- أكورد فل أوبشن ..\nالموديل :- 2006 - 2007 ..\nبشرط الا تتعدا 130 كم ..\nيرجى الأتصال على : 33402430', '2012-09-20 23:55:15', 1, 'هوندا ', NULL),
(80, 'مطلوب كورفت زد آر1', '33044510', 'كورفت ', '2005', 'مطلوب Corvette zr1 ..\nموديل :- 2005 ..\nيرجى الأتصال على :- 33044510 ..', '2012-09-21 13:40:00', 1, 'شفر', NULL),
(81, 'مطلوب كامري قراندي من موديل 2003-2005 أو مكسيما 2003 ', '34337722 او 39820289', 'قراندي', '2003 - 2005', 'مطلوب كامري قراندي من موديل 2003-2005 فل اوبشن\nاو مكسيما 2003 فل اوبشن \n\nشرط الموتر نظيف من برع وداخل وبدون حوادث\n\nللتواصل على الهاتف 34337722 او 39820289', '2012-09-22 13:49:22', 1, 'كامري', NULL),
(82, 'مطلوب لكزس جي اس موديل 2006 او 2007', '33787542 ', 'جي سي ', '2006 أو 2007', 'مطلوب لكزس جي اس موديل 2006 او 2007 الرقم 33787542 انشر', '2012-09-22 15:48:26', 1, ' لكزس', NULL),
(83, 'مطلوب بانشي 2006-2007', '33276885', NULL, '2006-2007', 'مطلوب بانشي 2006-2007 بسعر معقول', '2012-09-23 08:02:07', 1, 'بانشي', NULL),
(84, 'مطلوب كامري موديل 2007 جي ال اكس', ' 33206629-39099041 ', 'كامري', '2007', 'مطلوب كامري موديل 2007 جي ال اكس', '2012-09-23 08:11:38', 1, 'تويوتا', NULL),
(85, 'مطلوب سوزكي فيتارا او جيب شروكي', '33924003', 'فيتارا أو شروكي', '-', 'مطلوب سوزكي فيتارا او جيب شروكي بأسعار مناسبة\nتلفون : 33924003 ', '2012-09-24 20:10:18', 1, 'سوزكي أو جيب', NULL),
(86, 'montassar smida', '21883580', 'f1', '1973', 'dsfqsfsfsdf', '2012-09-25 09:49:57', 0, 'Aixam', 'montassar@amhsoft.com'),
(87, 'مطلوب ربتر 450 موديل 2006 إلى 2007', '33050565', '450', '2006 إلى 2007', 'مطلوب ربتر 450 موديل 2006 إلى 2007\nللاتصال 33050565', '2012-09-25 12:06:29', 1, 'ربتر', NULL),
(88, 'مطلوب راف 4 موديل 2003\\2004 ', '33470261', 'راف 4', '2003\\2004 ', 'مطلوب راف 4 موديل 2003\\2004 شرط النظافه ويفضل يكون سبورت\n للاتصال 33470261', '2012-09-25 12:09:24', 1, 'تويوتا', NULL),
(95, 'مطلوب سيارة في حدود 450 إلى 500 دينار', '36711151', NULL, NULL, 'مطلوب سيارة\nفي حدود 450 إلى 500 دينار\nشرط تكون مسجلة مأمنه ، اتوماتيك ، مكيف شغال . للأتصال او واتساب على\n36711151', '2012-09-26 17:11:22', 1, NULL, NULL),
(96, 'مطلوب سيارة في حدود 450 إلى 500 دينار', '36711151', 'أي نوع ', 'أي سنة', 'مطلوب سيارة\nفي حدود 450 إلى 500 دينار\nشرط تكون مسجلة مأمنه ، اتوماتيك ، مكيف شغال . للأتصال او واتساب على\nTel:36711151', '2012-09-26 17:19:33', 0, 'أي نوع ', NULL),
(97, 'مطلوب سياره نوع كيا أو هونداي أو أيكو أو لانسر من موديل 2003 الى 2006 ', '33077424', NULL, '2003 الى 2006 ', 'مطلوب سياره نوع كيا أو هوندائ أو أيكو أو لانسر من موديل 2003 الى 2006\nللاتصال 33077424\n', '2012-09-27 16:59:54', 1, ' كيا أو هوندائ أو أيكو أو لانسر', NULL),
(98, 'jaffer ali', '33956791', '1998', '1998', 'car wanted: a BMW 1998, contact me: 33956791', '2012-09-28 01:37:25', 1, 'bmw', 'j.m89@hotmail.com'),
(99, 'مطلوب لاندكروزر VXR-GXRمن 2004 الى 2006 ', '33742478    ', 'لاندكروزر  VXR-GXR', '2004 إلى 2006', 'مطلوب لاندكروزر VXR-GXRمن 2004 الى 2006 خليجي وأهم شيء النظافه وبسعر معقول.                                                   \nالاتصال على رقم : 33742478    ', '2012-09-28 11:28:30', 1, 'تويوتا', NULL),
(100, 'jasim', '34337711', 'ماكسيما', '2004', 'مطلوب نيسان ماكسيما جي في بفتحه', '2012-09-28 11:52:12', 1, 'نسيان', NULL),
(101, 'مطلوب سيارة فورد موستنج ', '36320996', 'mustang ', '2003', 'مطلوب سيارة فورد موستنج موديل 2003\nللاستفسار اتصل على: 36320996', '2012-09-29 13:21:02', 1, 'ford', 'ahmedaboqubo@gmail.com'),
(103, 'asdfasdf', '234234234', 'wqrwer', '2121', 'adfassdfasd', '2012-10-01 09:35:40', 0, 'qasdf', 'faras.aljowder@gmail.com'),
(105, 'karoem', '33518842', '2006', '2006', 'مطلوب افلون موديل 2006 \nتكون في حاله ممتازه\n', '2012-10-02 09:20:48', 1, 'افلون', 'karoem@9.cn'),
(106, 'حسن', '0097339095956', ' fj cruser', '2008-2010', 'مطلوب أف جى من 2008 إلى 2010 شرط النظافه ', '2012-10-02 23:05:53', 1, 'toyota', 'h_m_h87@hotmail.com'),
(107, 'حسن', '0097339095956', 'اف جي ', '2008-2010', NULL, '2012-10-02 23:14:28', 0, 'تويوتا', 'h_m_h87@hotmail.com'),
(108, 'مطلوب آي اس 400', '33384846', 'ls400', '2000', 'مطلوب آي اس 400 جابان موديل 2000\nللاستفسار اتصل على: \n mohammed ebrahem 33384846', '2012-10-04 14:52:22', 1, 'japan', 'azif_water@hotmail.com'),
(109, 'fdgdfg', 'dfgdfg', '', '', NULL, '2012-10-04 18:50:50', 0, '', ''),
(110, 'Mir Hef', '2544', 'a4', '2006', NULL, '2012-10-04 18:53:12', 0, 'audi', 'amir.cherif@amhsoft.com'),
(111, 'tes', '', '', '', NULL, '2012-10-04 18:55:37', 0, '', ''),
(112, 'looking for 3 cars', '39991164', 'wrangler + z350 + eclipse', '2007 - 2010', 'Looking for wrangler (2007+) or nissan z350 (2007+) or eclipse (2009+) or genesis ...\nsend a message of what u got on 39991164', '2012-10-06 08:01:43', 1, 'jeep + nissan + mitsubishi', 'A7mdoo-7b@hotmail.com'),
(113, 'مطلوب سيارات (( هوندا ))', '33399633 _ 39597577 ', 'سيفيك و أكورد', '2006 إلى 2011 - 2003 إلى 2011', 'مطلوب سيارات (( هوندا ))\n\nسفك من موديل 2006 ل 2011\n\nأكورد من موديل 2003 ل 2011\n\nيفضل فل أوبشن\n\nوالدفع نقدا وفي الحال ،،،،،،\n\nللاتصال : 33399633 _ 39597577 \nBB : 22A35EA0 ', '2012-10-07 16:23:41', 1, 'هوندا', NULL),
(114, 'محمود عبدالكريم', '33781179', 'اف جي', '2008', 'مطلوب اف جي أبيض أو رصاصي موديل 2008 للتواصل 33781179', '2012-10-08 19:11:29', 1, 'تويوتا', 'mahmood-blue-bmw@hotmail.com'),
(115, 'ali karam', '0562513206', '1986', NULL, 'للبيع موستنج 1986 قير تماتك  \nمكان السياره السعوديه \nللأستفسار الأتصال على 0562513206 أو عن طريق الوات سااااب ', '2012-10-09 13:35:30', 0, 'موستنج ', 'bandar_ford@hotmail.com'),
(116, 'ناصر', '33845691', 'سيفيك', '2009-2010', 'مطلوب هوندا سفيك فول أوبشن أو ميدل أوبش  موديل 2009 أو 2010 بشرط أن تكون نظيفه وبدون حوادث للاتصال على رقم 33845691', '2012-10-11 17:30:44', 1, 'هوندا', 'info@motorssouq.com'),
(117, 'مطلــــــوب كرايســـــلر 300 هيمـــــي بسعـــــر معقـــــــول ', '33899658', 'هيمي', NULL, 'مطلــــــوب كرايســـــلر 300 هيمـــــي بسعـــــر معقـــــــول \n33899658', '2012-10-11 17:53:45', 1, 'كرايسلر', NULL),
(118, 'مطلوب بيكب هايلكس فور ويل موديل 1999 الي 2002 ', '66306616', 'بيكب هايلكس فور ويل', ' 1999-2002', 'مطلوب بيكب هايلكس فور ويل موديل 1999 الي 2002 \n66306616', '2012-10-11 17:55:33', 1, 'تويوتا', NULL),
(119, 'montassar smida', '21883580', 'Sell My Cars1', '2007', 'dfqsfqsfsdf', '2012-10-11 17:56:48', 0, 'Alfa Romeo', 'montassar@amhsoft.com'),
(120, 'e_binabd', '39461117', '2008', '2008', 'مطلوب كورفيت ZO6 موديل 2008 - 2007', '2012-10-12 00:56:25', 1, 'كورفيت ZO6', 'smart.ksa@hotmail.com'),
(121, 'علي ', '33164414', 'من 2001اليه 2003', NULL, 'مطلوب هواند معدله سيفيك من موديل 2001 اليه 2003 بسعر معقول ا\n33164414 علي', '2012-10-13 19:39:54', 0, 'هواند سيفيك', NULL),
(122, 'علي ', '33164414', 'من 2001اليه 2003', NULL, 'مطلوب هواند معدله سيفيك من موديل 2001 اليه 2003 بسعر معقول ا\n33164414 علي', '2012-10-13 19:40:36', 0, 'هواند سيفيك', NULL),
(123, 'علي ', '33164414', '2002', '2021/10/13', 'من 2001 اليه 2003 \nمعدله', '2012-10-13 19:43:28', 1, 'هواند سيفيك', 'hamandy_89@hotmail.com'),
(124, 'سلمان خالد علي محمد بوعلاي ', '36331366', 'جي ال اكس ', '2010 - 2009 ', 'موتر نظيف - لون فاتح - كلشي سليم - مب ماشي وايد ', '2012-10-13 21:13:16', 1, 'كامري ', 'abseee_008@hotmail.com '),
(125, 'Abdulla ', '33781442', 'Avalon', '2006', 'سلام عليكم \n\nمطلوب افالون 2006 XL او LIMITED\nنظيف و بدون حوادث .. اللون ما يهم\n', '2012-10-14 15:37:42', 1, 'Toyota', 'bucheeri-9@hotmail.com'),
(126, 'عشقتك بسكآت', '33111639', 'Maxima', '2000 / 2004', 'مطلوووب مكسيمـآ من موديل 2000 إلى 2004 بشرط النظآفه و آلفل آوبشن (GV)', '2012-10-15 00:02:35', 1, 'Nissan', 'xx.wa7dani-_-cute.xx@hotmail.com'),
(127, 'بو ابراهيم', '33781442', 'Avalon', '2006', 'مطلوب تويوتا افالون 2006-2005 لمتد او XL \nيكون الموتر نظيف و بدون حوادث', '2012-10-16 01:51:45', 1, 'Toyota', 'bucheeri-@hotmail.com'),
(128, 'مطلوب جراند ماركيز موديل ٢٠٠٦،٢٠٠٧', '39999326', 'جراندفوردت ان ماركيز', '٢٠٠٦،٢٠٠٧', 'مطلوب جراند ماركيز موديل ٢٠٠٦،٢٠٠٧', '2012-10-16 18:50:24', 1, 'فورد', 's3133@live.com'),
(129, 'ماجد راشد محمد', '33326422', 'new', '2000', 'مطلوب سيارة تيوتا', '2012-10-20 12:39:12', 1, 'toyota or that', 'medooo-85@hotmail.com'),
(130, 'احمد ', '33275954', 'افالون ', '2005 او 2006', 'مطلوب تويوتا افالون موديل 2005 او 2006 \n', '2012-10-20 22:40:59', 1, 'تويوتا ', 'aas393@hotmail.com'),
(131, 'حمد محمد علي', '33169704', '33169704', 'من 2000 وفوق', 'نشتري جميع انواع السيارات المستعملة لمن يرغب في بيع سيارته الرجاء الاتصال بنا واسعارنا مغرية', '2012-10-22 06:41:20', 1, 'كل السيارات', 'esa_supra_85@hotmail.com'),
(132, 'ebrahim', '33241217', 'yaris', '2007', '', '2012-10-22 09:59:06', 1, 'Toyota', 'bo.ba7ar.4ever@hotmail.com'),
(133, 'ebrahim', '33241217', 'yaris', '2007', '', '2012-10-22 10:07:53', 1, 'Toyota', 'bo.ba7ar.4ever@hotmail.com'),
(134, 'مطلوب لكزس LS 400', '36151319', 'LS 400', NULL, 'مطلوب لكزس LS 400 في حدود ال 2000 دينار ... للتواصل 36151319', '2012-10-23 23:29:01', 1, 'لكزس ', NULL),
(135, 'أحمد ', '33275954', 'لاند كروزر ', 'من 2000 الى 2003', 'مطلوب كروزر GXR او VXR من 2000 الى 2003 \n\nيكون نظيف وبحريني \n\nت : 33275954 ', '2012-10-24 12:23:02', 0, 'تويوتا', 'aas393@hotmail.com'),
(144, '???? ?????? ', '36231321', 'titan', '2008', NULL, '2012-10-24 15:28:06', 0, 'nissan', 'faras.aljowder@gmail.com'),
(145, 'عبدالله', '36628882', 'جي ام سي سيرا', '2007', 'موديل 2007 وفوق قماره ونص او قمارتين فور ويل لا يتجاوز 7000 دينار', '2012-10-28 03:32:53', 1, 'حي ام سي سيرا', 'gernas.hawa79@gmail.com'),
(146, 'عبدالله', '36628882', 'فورد f150', '2009', 'لاريت', '2012-10-28 03:37:18', 0, 'فورد f150', 'gernas.hawa79@gmail.com'),
(147, 'ahmed', '36320996', 'mustang ', '2005', 'مطلوب فورد موستنج 2005 جير عادي بوكس 8 سلندر', '2012-10-28 11:25:29', 1, 'ford', 'ahmedaboqubo@gmail.com'),
(148, 'Khalid', '33327000', 'Echo', '2005', 'نظيفه في حدود المعقول من غير حوادث ', '2012-10-29 22:01:10', 1, 'Toyota echo', 'algillidary@gmail.com'),
(149, 'عبدالله الانصاري ', '33852486', 'Gs او Is ', '2005 الى 2009 ', NULL, '2012-10-30 11:36:51', 0, 'لكزس ', NULL),
(150, 'عبدالله الانصاري ', '33852486', 'Gs او Is ', '2005 الى 2009 ', NULL, '2012-10-30 11:37:55', 0, 'لكزس ', NULL),
(151, 'fahad', '36678485', 'SRT', '2008-2009', 'مطلوب جيب SRT8 يفضل يكون موديل 2008 - 2009 الاتصال 36678485', '2012-10-30 17:47:56', 1, 'jeep', 'info@motorssouq.com'),
(152, 'name', 'phone', 'model', '12-02-2002', 'content', '2012-10-31 07:49:41', 1, 'make', 'email');

-- --------------------------------------------------------

--
-- Tabellenstruktur für Tabelle `sale_order`
--

DROP TABLE IF EXISTS `sale_order`;
CREATE TABLE IF NOT EXISTS `sale_order` (
  `id` int(11) NOT NULL AUTO_INCREMENT,
  `invoice_address_id` int(11) DEFAULT NULL,
  `shipping_address_id` int(11) DEFAULT NULL,
  `number` varchar(255) COLLATE utf8_unicode_ci DEFAULT NULL,
  `total_price` double(12,3) NOT NULL,
  `payment_log` text COLLATE utf8_unicode_ci,
  `sale_order_discount_type_id` int(11) DEFAULT NULL,
  `user_id` int(11) DEFAULT NULL,
  `person_id` int(11) DEFAULT NULL,
  `person_name` varchar(255) COLLATE utf8_unicode_ci DEFAULT NULL,
  `creator_name` varchar(255) COLLATE utf8_unicode_ci DEFAULT NULL,
  `due_date` date DEFAULT NULL,
  `description` text COLLATE utf8_unicode_ci,
  `payment_id` int(11) DEFAULT NULL,
  `insertat` datetime DEFAULT NULL,
  `updateat` datetime DEFAULT NULL,
  `discount` double(12,3) DEFAULT NULL,
  `policy` text COLLATE utf8_unicode_ci,
  `account_name` varchar(255) COLLATE utf8_unicode_ci DEFAULT NULL,
  `account_email` varchar(255) COLLATE utf8_unicode_ci DEFAULT NULL,
  `account_mobile` varchar(255) COLLATE utf8_unicode_ci DEFAULT NULL,
  `shipping_cost` double(14,3) DEFAULT NULL,
  `shipping_id` int(11) DEFAULT NULL,
  `currency` varchar(255) COLLATE utf8_unicode_ci DEFAULT NULL,
  `base_currency` varchar(255) COLLATE utf8_unicode_ci DEFAULT NULL,
  `currency_set_id` int(11) DEFAULT NULL,
  `account_id` int(11) DEFAULT NULL,
  `sale_order_state_id` int(11) DEFAULT NULL,
  `sub_total` float(12,3) NOT NULL,
  `handling_fee` float(12,3) NOT NULL,
  PRIMARY KEY (`id`),
  KEY `fk_sale_order_sale_order_discount_type1` (`sale_order_discount_type_id`),
  KEY `fk_sale_order_user1` (`user_id`),
  KEY `fk_sale_order_person1` (`person_id`),
  KEY `fk_sale_order_payment1` (`payment_id`),
  KEY `invoice_address_id` (`invoice_address_id`,`shipping_address_id`),
  KEY `shipping_address_id` (`shipping_address_id`),
  KEY `shipping_id` (`shipping_id`),
  KEY `currency_set_id` (`currency_set_id`)
) ENGINE=InnoDB  DEFAULT CHARSET=utf8 COLLATE=utf8_unicode_ci AUTO_INCREMENT=12 ;

--
-- Daten für Tabelle `sale_order`
--

INSERT INTO `sale_order` (`id`, `invoice_address_id`, `shipping_address_id`, `number`, `total_price`, `payment_log`, `sale_order_discount_type_id`, `user_id`, `person_id`, `person_name`, `creator_name`, `due_date`, `description`, `payment_id`, `insertat`, `updateat`, `discount`, `policy`, `account_name`, `account_email`, `account_mobile`, `shipping_cost`, `shipping_id`, `currency`, `base_currency`, `currency_set_id`, `account_id`, `sale_order_state_id`, `sub_total`, `handling_fee`) VALUES
(4, 3, 4, 'N4', 100.000, '', NULL, NULL, NULL, NULL, 'Montasser', '2012-12-13', NULL, NULL, '2012-12-13 12:29:52', '2012-12-13 12:29:52', 0.000, 'default_policy arabic', 'Montasser', NULL, 'Montasser', NULL, NULL, 'BHD', 'BHD', 18, 1187, NULL, 0.000, 0.000),
(5, 5, 6, 'N5', 100.000, '', NULL, NULL, NULL, NULL, 'Montasser', '2012-12-14', NULL, NULL, '2012-12-14 08:58:22', '2012-12-14 08:58:22', 0.000, 'default_policy arabic', 'Montasser', NULL, 'Montasser', NULL, NULL, 'BHD', 'BHD', 18, 1187, NULL, 0.000, 0.000),
(6, 7, 8, 'N6', 27.000, '', NULL, NULL, NULL, NULL, 'Montasser', '2012-12-15', 'sfgsdgsdfgsdfgsdfg', NULL, '2012-12-15 10:44:54', '2012-12-15 10:44:54', 0.000, '', 'Montasser', NULL, 'Montasser', NULL, NULL, 'TND', 'BHD', 18, 1187, NULL, 0.000, 0.000),
(7, 9, 10, 'N7', 44.000, '', NULL, NULL, NULL, NULL, 'Rick', '2012-12-17', 'test', NULL, '2012-12-17 08:41:20', '2012-12-17 08:41:20', 0.000, 'Widerrufsrecht\r\nSie können Ihre Vertragserklärung innerhalb von 14 Tagen ohne Angabe von Gründen, in Textform (z.B. Brief, Fax, E-Mail), oder – wenn Ihnen die Sache vor Fristablauf überlassen wird – auch durch Rücksendung der Sache widerrufen. Die Frist beginnt nach Erhalt dieser Belehrung in Textform, jedoch nicht vor Eingang der Ware beim Empfänger und auch nicht vor Erfüllung unserer Informationspflichten gemäß Artikel 246 § 2 in Verbindung mit § 1 Absatz 1 und 2 EGBGB sowie unserer Pflichten gemäß § 312e Absatz 1 Satz 1 BGB in Verbindung mit Artikel 246 § 3 EGBGB, jedoch nicht, bevor der Kaufvertrag durch Ihre Billigung des gekauften Gegenstandes für Sie bindend geworden ist. Zur Wahrung der Widerrufsfrist genügt die rechtzeitige Absendung des Widerrufs oder der Sache. Der Widerruf oder die Rücksendung der Ware sind zu richten an: bonprix Handelsgesellschaft mbH, 20082 Hamburg. \r\n\r\nDie Rücksendung paketfähiger Ware kann auch durch Abgabe in einem PaketShop erfolgen (Die Adressen nennt Ihnen gerne unsere Kundenbetreuung unter Telefon: 0180-51020 (Anrufkosten: 0,14 Euro/Minute, Festnetz/ Mobilfunk max. 0,42 Euro/Minute oder schauen Sie ins Internet unter www.bonprix.de) oder an Hermes, der die Ware bei Ihnen abholt - Telefon: 0900 1 102033 (Anrufkosten: 0,62 Euro/Minute, Festnetz / Mobilfunkpreise abweichend).', 'Rick', 'rick@amhsoft.com', '05312801805', NULL, NULL, 'TND', 'BHD', 18, 1197, NULL, 0.000, 0.000),
(8, 11, 12, 'N8', 40.000, '', NULL, NULL, NULL, NULL, 'Rick', '2012-12-17', 'TTTTTT', NULL, '2012-12-17 10:25:57', '2012-12-17 10:25:57', 0.000, 'Widerrufsrecht\r\nSie können Ihre Vertragserklärung innerhalb von 14 Tagen ohne Angabe von Gründen, in Textform (z.B. Brief, Fax, E-Mail), oder – wenn Ihnen die Sache vor Fristablauf überlassen wird – auch durch Rücksendung der Sache widerrufen. Die Frist beginnt nach Erhalt dieser Belehrung in Textform, jedoch nicht vor Eingang der Ware beim Empfänger und auch nicht vor Erfüllung unserer Informationspflichten gemäß Artikel 246 § 2 in Verbindung mit § 1 Absatz 1 und 2 EGBGB sowie unserer Pflichten gemäß § 312e Absatz 1 Satz 1 BGB in Verbindung mit Artikel 246 § 3 EGBGB, jedoch nicht, bevor der Kaufvertrag durch Ihre Billigung des gekauften Gegenstandes für Sie bindend geworden ist. Zur Wahrung der Widerrufsfrist genügt die rechtzeitige Absendung des Widerrufs oder der Sache. Der Widerruf oder die Rücksendung der Ware sind zu richten an: bonprix Handelsgesellschaft mbH, 20082 Hamburg. \r\n\r\nDie Rücksendung paketfähiger Ware kann auch durch Abgabe in einem PaketShop erfolgen (Die Adressen nennt Ihnen gerne unsere Kundenbetreuung unter Telefon: 0180-51020 (Anrufkosten: 0,14 Euro/Minute, Festnetz/ Mobilfunk max. 0,42 Euro/Minute oder schauen Sie ins Internet unter www.bonprix.de) oder an Hermes, der die Ware bei Ihnen abholt - Telefon: 0900 1 102033 (Anrufkosten: 0,62 Euro/Minute, Festnetz / Mobilfunkpreise abweichend).', 'Rick', 'rick@amhsoft.com', '05312801805', 10.000, NULL, 'TND', 'BHD', 18, 1197, NULL, 0.000, 0.000),
(9, 13, 14, 'N9', 40.000, '', NULL, NULL, NULL, NULL, 'Rick', '2012-12-17', '', NULL, '2012-12-17 10:35:22', '2012-12-17 10:35:22', 0.000, 'Widerrufsrecht\r\nSie können Ihre Vertragserklärung innerhalb von 14 Tagen ohne Angabe von Gründen, in Textform (z.B. Brief, Fax, E-Mail), oder – wenn Ihnen die Sache vor Fristablauf überlassen wird – auch durch Rücksendung der Sache widerrufen. Die Frist beginnt nach Erhalt dieser Belehrung in Textform, jedoch nicht vor Eingang der Ware beim Empfänger und auch nicht vor Erfüllung unserer Informationspflichten gemäß Artikel 246 § 2 in Verbindung mit § 1 Absatz 1 und 2 EGBGB sowie unserer Pflichten gemäß § 312e Absatz 1 Satz 1 BGB in Verbindung mit Artikel 246 § 3 EGBGB, jedoch nicht, bevor der Kaufvertrag durch Ihre Billigung des gekauften Gegenstandes für Sie bindend geworden ist. Zur Wahrung der Widerrufsfrist genügt die rechtzeitige Absendung des Widerrufs oder der Sache. Der Widerruf oder die Rücksendung der Ware sind zu richten an: bonprix Handelsgesellschaft mbH, 20082 Hamburg. \r\n\r\nDie Rücksendung paketfähiger Ware kann auch durch Abgabe in einem PaketShop erfolgen (Die Adressen nennt Ihnen gerne unsere Kundenbetreuung unter Telefon: 0180-51020 (Anrufkosten: 0,14 Euro/Minute, Festnetz/ Mobilfunk max. 0,42 Euro/Minute oder schauen Sie ins Internet unter www.bonprix.de) oder an Hermes, der die Ware bei Ihnen abholt - Telefon: 0900 1 102033 (Anrufkosten: 0,62 Euro/Minute, Festnetz / Mobilfunkpreise abweichend).', 'Rick', 'rick@amhsoft.com', '05312801805', 10.000, NULL, 'TND', 'BHD', 18, 1197, NULL, 29.000, 0.000),
(10, 15, 16, 'N10', 76.000, '', NULL, NULL, NULL, NULL, 'Rick', '2012-12-17', '', NULL, '2012-12-17 10:37:42', '2012-12-17 10:37:42', 9.000, 'Widerrufsrecht\r\nSie können Ihre Vertragserklärung innerhalb von 14 Tagen ohne Angabe von Gründen, in Textform (z.B. Brief, Fax, E-Mail), oder – wenn Ihnen die Sache vor Fristablauf überlassen wird – auch durch Rücksendung der Sache widerrufen. Die Frist beginnt nach Erhalt dieser Belehrung in Textform, jedoch nicht vor Eingang der Ware beim Empfänger und auch nicht vor Erfüllung unserer Informationspflichten gemäß Artikel 246 § 2 in Verbindung mit § 1 Absatz 1 und 2 EGBGB sowie unserer Pflichten gemäß § 312e Absatz 1 Satz 1 BGB in Verbindung mit Artikel 246 § 3 EGBGB, jedoch nicht, bevor der Kaufvertrag durch Ihre Billigung des gekauften Gegenstandes für Sie bindend geworden ist. Zur Wahrung der Widerrufsfrist genügt die rechtzeitige Absendung des Widerrufs oder der Sache. Der Widerruf oder die Rücksendung der Ware sind zu richten an: bonprix Handelsgesellschaft mbH, 20082 Hamburg. \r\n\r\nDie Rücksendung paketfähiger Ware kann auch durch Abgabe in einem PaketShop erfolgen (Die Adressen nennt Ihnen gerne unsere Kundenbetreuung unter Telefon: 0180-51020 (Anrufkosten: 0,14 Euro/Minute, Festnetz/ Mobilfunk max. 0,42 Euro/Minute oder schauen Sie ins Internet unter www.bonprix.de) oder an Hermes, der die Ware bei Ihnen abholt - Telefon: 0900 1 102033 (Anrufkosten: 0,62 Euro/Minute, Festnetz / Mobilfunkpreise abweichend).', 'Rick', 'rick@amhsoft.com', '05312801805', 11.000, NULL, 'TND', 'BHD', 18, 1197, NULL, 74.000, 0.000),
(11, 17, 18, 'N11', 80.000, '', NULL, NULL, NULL, NULL, 'Rick', '2012-12-17', 'sfsdfsdadsasdl asd asd adas\nasdasdasd\nasdasdad\nasdasd', NULL, '2012-12-17 18:43:59', '2012-12-17 18:43:59', 0.000, 'Widerrufsrecht:\nSie können Ihre Vertragserklärung innerhalb von 14 Tagen ohne Angabe von Gründen, in Textform (z.B. Brief, Fax, E-Mail), oder – wenn Ihnen die Sache vor Fristablauf überlassen wird – auch durch Rücksendung der Sache widerrufen. \nDie Frist beginnt nach Erhalt dieser Belehrung in Textform, jedoch nicht vor Eingang der Ware beim Empfänger und auch nicht vor Erfüllung unserer Informationspflichten gemäß Artikel 246 § 2 in Verbindung mit § 1 Absatz 1 und 2 EGBGB sowie unserer Pflichten gemäß § 312e Absatz 1 Satz 1 BGB in Verbindung mit Artikel 246 § 3 EGBGB, jedoch nicht, bevor der Kaufvertrag durch Ihre Billigung des gekauften Gegenstandes für Sie bindend geworden ist. Zur Wahrung der Widerrufsfrist genügt die rechtzeitige Absendung des Widerrufs oder der Sache. Der Widerruf oder die Rücksendung der Ware sind zu richten an: bonprix Handelsgesellschaft mbH, 20082 Hamburg. \n\nDie Rücksendung paketfähiger Ware kann auch durch Abgabe in einem PaketShop erfolgen (Die Adressen nennt Ihnen gerne unsere Kundenbetreuung unter Telefon: 0180-51020 (Anrufkosten: 0,14 Euro/Minute, Festnetz/ Mobilfunk max. 0,42 Euro/Minute oder schauen Sie ins Internet unter www.bonprix.de) oder an Hermes, der die Ware bei Ihnen abholt - Telefon: 0900 1 102033 (Anrufkosten: 0,62 Euro/Minute, Festnetz / Mobilfunkpreise abweichend).&amp;lt;br&amp;gt;\n\nThank you', 'Rick', 'rick@amhsoft.com', '05312801805', 11.000, NULL, 'TND', 'BHD', 18, 1197, NULL, 69.000, 0.000);

-- --------------------------------------------------------

--
-- Tabellenstruktur für Tabelle `sale_order_address`
--

DROP TABLE IF EXISTS `sale_order_address`;
CREATE TABLE IF NOT EXISTS `sale_order_address` (
  `id` int(11) NOT NULL AUTO_INCREMENT,
  `name` varchar(255) COLLATE utf8_unicode_ci NOT NULL,
  `street` varchar(64) COLLATE utf8_unicode_ci DEFAULT NULL,
  `zipcode` varchar(20) COLLATE utf8_unicode_ci DEFAULT NULL,
  `city` varchar(64) COLLATE utf8_unicode_ci DEFAULT NULL,
  `province` varchar(64) COLLATE utf8_unicode_ci DEFAULT NULL,
  `country` varchar(64) COLLATE utf8_unicode_ci DEFAULT NULL,
  PRIMARY KEY (`id`)
) ENGINE=InnoDB  DEFAULT CHARSET=utf8 COLLATE=utf8_unicode_ci AUTO_INCREMENT=19 ;

--
-- Daten für Tabelle `sale_order_address`
--

INSERT INTO `sale_order_address` (`id`, `name`, `street`, `zipcode`, `city`, `province`, `country`) VALUES
(3, 'Montasser', 'Road 4332', NULL, '2169', 'Gafsa', 'Tunisie'),
(4, 'Amir', '23', NULL, 'Gafsa', 'Ksar', 'Tunisie'),
(5, 'Montasser', 'Road 4332', NULL, '2169', 'Gafsa', 'Tunisie'),
(6, 'Amir', '23', NULL, 'Gafsa', 'Ksar', 'Tunisie'),
(7, 'Montasser', 'Road 4332', NULL, '2169', 'Gafsa', 'BHR'),
(8, 'Amir', '23', NULL, 'Gafsa', 'Ksar', 'TUN'),
(9, 'Rick', 'Berlinerstr 15', NULL, 'Braunschweig', 'Niedersachsen', 'SAU'),
(10, 'Rick', 'Berlinerstr 15', NULL, 'Braunschweig', 'Niedersachsen', 'SAU'),
(11, 'Rick', 'Berlinerstr 15', NULL, 'Braunschweig', 'Niedersachsen', 'SAU'),
(12, 'Rick', 'Berlinerstr 15', NULL, 'Braunschweig', 'Niedersachsen', 'SAU'),
(13, 'Rick', 'Berlinerstr 15', NULL, 'Braunschweig', 'Niedersachsen', 'SAU'),
(14, 'Rick', 'Berlinerstr 15', NULL, 'Braunschweig', 'Niedersachsen', 'SAU'),
(15, 'Rick', 'Berlinerstr 15', NULL, 'Braunschweig', 'Niedersachsen', 'SAU'),
(16, 'Rick', 'Berlinerstr 15', NULL, 'Braunschweig', 'Niedersachsen', 'SAU'),
(17, 'Rick', 'Berlinerstr 15', NULL, 'Braunschweig', 'Niedersachsen', 'SAU'),
(18, 'Rick', 'Berlinerstr 15', NULL, 'Braunschweig', 'Niedersachsen', 'SAU');

-- --------------------------------------------------------

--
-- Tabellenstruktur für Tabelle `sale_order_comment`
--

DROP TABLE IF EXISTS `sale_order_comment`;
CREATE TABLE IF NOT EXISTS `sale_order_comment` (
  `id` int(11) NOT NULL AUTO_INCREMENT,
  `comment` text COLLATE utf8_unicode_ci,
  `user_id` int(11) DEFAULT NULL,
  `sale_order_id` int(11) NOT NULL,
  `insertat` date DEFAULT NULL,
  `author_name` varchar(255) COLLATE utf8_unicode_ci DEFAULT NULL,
  `account_id` int(11) DEFAULT NULL,
  `admin_seen` tinyint(1) DEFAULT '0',
  `account_seen` tinyint(1) DEFAULT '0',
  `public` tinyint(1) DEFAULT '1',
  PRIMARY KEY (`id`),
  KEY `fk_sale_order_comment_user1` (`user_id`),
  KEY `fk_sale_order_comment_sale_order1` (`sale_order_id`),
  KEY `account_id` (`account_id`)
) ENGINE=InnoDB  DEFAULT CHARSET=utf8 COLLATE=utf8_unicode_ci AUTO_INCREMENT=22 ;

--
-- Daten für Tabelle `sale_order_comment`
--

INSERT INTO `sale_order_comment` (`id`, `comment`, `user_id`, `sale_order_id`, `insertat`, `author_name`, `account_id`, `admin_seen`, `account_seen`, `public`) VALUES
(1, 'thanks please ship it tomorrow', 4, 5, '2012-12-14', 'Montassar', 1187, 1, 0, 1),
(8, 'bfgddfggg', NULL, 5, '2012-12-14', 'admin', NULL, NULL, NULL, 1),
(9, 'jfghjfgjfgjfgjh', NULL, 5, '2012-12-14', 'admin', NULL, NULL, NULL, 1),
(10, 'ghdhdfghdfh', NULL, 5, '2012-12-14', 'admin', NULL, 1, NULL, 1),
(11, 'fqsdfqsdfsdf', NULL, 5, '2012-12-14', 'Montasser', 1187, 1, 1, 1),
(13, 'dfhgdfghdfghdgh', NULL, 5, '2012-12-14', 'Montasser', 1187, NULL, NULL, NULL),
(14, 'ghdfghdfhdfgh', NULL, 5, '2012-12-14', 'Montasser', 1187, 1, 1, 1),
(15, 'sfgsdgsdfgsdfgsdfg', NULL, 6, '2012-12-15', 'Montasser', 1187, 1, 1, 1),
(16, 'test', NULL, 7, '2012-12-17', 'Rick', 1197, 0, 1, 1),
(17, 'TTTTTT', NULL, 8, '2012-12-17', 'Rick', 1197, 0, 1, 1),
(18, '', NULL, 9, '2012-12-17', 'Rick', 1197, 0, 1, 1),
(19, '', NULL, 10, '2012-12-17', 'Rick', 1197, 0, 1, 1),
(20, 'dadas iasd asdjfhsdf sfs\r\nfsdfkjsdf sjdfsdf\r\nsfsfsdfsdfjskdf sjfsd\r\n1.- asdasdas\r\n2. asdasd', NULL, 11, '2012-12-17', 'Rick', 1197, 0, 1, 1),
(21, 'ok no problem', NULL, 11, '2012-12-17', 'admin', NULL, 1, NULL, 1);

-- --------------------------------------------------------

--
-- Tabellenstruktur für Tabelle `sale_order_discount_type`
--

DROP TABLE IF EXISTS `sale_order_discount_type`;
CREATE TABLE IF NOT EXISTS `sale_order_discount_type` (
  `id` int(11) NOT NULL AUTO_INCREMENT,
  `type` enum('fixed','percent') COLLATE utf8_unicode_ci DEFAULT NULL,
  PRIMARY KEY (`id`)
) ENGINE=InnoDB DEFAULT CHARSET=utf8 COLLATE=utf8_unicode_ci AUTO_INCREMENT=1 ;

--
-- Daten für Tabelle `sale_order_discount_type`
--


-- --------------------------------------------------------

--
-- Tabellenstruktur für Tabelle `sale_order_has_document`
--

DROP TABLE IF EXISTS `sale_order_has_document`;
CREATE TABLE IF NOT EXISTS `sale_order_has_document` (
  `sale_order_id` int(11) NOT NULL,
  `document_id` int(11) NOT NULL,
  PRIMARY KEY (`sale_order_id`,`document_id`),
  KEY `fk_sale_order_has_document_document1` (`document_id`),
  KEY `fk_sale_order_has_document_sale_order1` (`sale_order_id`)
) ENGINE=InnoDB DEFAULT CHARSET=utf8 COLLATE=utf8_unicode_ci;

--
-- Daten für Tabelle `sale_order_has_document`
--

INSERT INTO `sale_order_has_document` (`sale_order_id`, `document_id`) VALUES
(7, 126),
(7, 127),
(7, 128),
(7, 129),
(10, 130),
(5, 131),
(11, 131),
(5, 132),
(6, 133),
(6, 134),
(6, 135);

-- --------------------------------------------------------

--
-- Tabellenstruktur für Tabelle `sale_order_item`
--

DROP TABLE IF EXISTS `sale_order_item`;
CREATE TABLE IF NOT EXISTS `sale_order_item` (
  `id` int(11) NOT NULL AUTO_INCREMENT,
  `unit_price` double(12,3) DEFAULT NULL,
  `discount` double(12,3) DEFAULT NULL,
  `quantity` int(11) DEFAULT NULL,
  `item_id` int(11) DEFAULT NULL,
  `sale_order_id` int(11) NOT NULL,
  `project_id` int(11) DEFAULT NULL,
  `product_number` varchar(255) COLLATE utf8_unicode_ci DEFAULT NULL,
  `regular_price` float(15,3) DEFAULT NULL,
  `sub_total` float(15,3) DEFAULT NULL,
  PRIMARY KEY (`id`),
  KEY `fk_sale_order_item_product1` (`item_id`),
  KEY `fk_sale_order_item_sale_order1` (`sale_order_id`),
  KEY `fk_sale_order_item_project1` (`project_id`)
) ENGINE=InnoDB  DEFAULT CHARSET=utf8 COLLATE=utf8_unicode_ci AUTO_INCREMENT=36 ;

--
-- Daten für Tabelle `sale_order_item`
--

INSERT INTO `sale_order_item` (`id`, `unit_price`, `discount`, `quantity`, `item_id`, `sale_order_id`, `project_id`, `product_number`, `regular_price`, `sub_total`) VALUES
(7, 5.000, NULL, 1, 1, 4, NULL, NULL, NULL, NULL),
(8, 9.000, 10.000, 2, 1, 5, NULL, '1', 5.000, 18.000),
(9, 6100.000, NULL, 1, NULL, 5, NULL, '23652652', NULL, 0.000),
(10, 6100.000, NULL, 1, NULL, 5, NULL, '23652652', NULL, 0.000),
(11, 6100.000, NULL, 1, NULL, 5, NULL, '23652652', NULL, 0.000),
(12, 6100.000, NULL, 1, NULL, 5, NULL, '23652652', NULL, 0.000),
(13, 5.000, NULL, 1, NULL, 5, NULL, '1', NULL, 0.000),
(14, 6.100, NULL, 1, NULL, 5, NULL, '2', NULL, 0.000),
(15, 6100.000, NULL, 1, NULL, 5, NULL, '23652652', NULL, 0.000),
(16, 5.000, NULL, 1, NULL, 5, NULL, '1', NULL, 0.000),
(17, 6.100, NULL, 1, NULL, 5, NULL, '2', NULL, 0.000),
(18, 6.100, NULL, 1, NULL, 5, NULL, '2', NULL, 0.000),
(19, 6.100, NULL, 1, NULL, 5, NULL, '2', NULL, 0.000),
(20, 6.100, NULL, 1, NULL, 5, NULL, '2', NULL, 0.000),
(21, 6100.000, NULL, 1, NULL, 5, NULL, '23652652', NULL, 0.000),
(23, NULL, NULL, 2, 4, 5, NULL, '2', NULL, 0.000),
(24, 27.000, NULL, 1, 19, 6, NULL, 'dasdad', 27.000, 27.000),
(25, 44.000, NULL, 1, 21, 7, NULL, '81424311', 44.000, 44.000),
(26, 29.000, NULL, 1, 16, 8, NULL, '19283', 29.000, 29.000),
(27, 29.000, NULL, 1, 16, 9, NULL, '19283', 29.000, 29.000),
(28, 29.000, 9.000, 1, 16, 10, NULL, '19283', 29.000, 20.000),
(33, 27.000, NULL, 1, 9, 10, NULL, '1234', NULL, 27.000),
(34, 27.000, NULL, 1, 14, 10, NULL, '23144', NULL, 27.000),
(35, 69.000, NULL, 1, 22, 11, NULL, '123', 69.000, 69.000);

-- --------------------------------------------------------

--
-- Tabellenstruktur für Tabelle `sale_order_item_lang`
--

DROP TABLE IF EXISTS `sale_order_item_lang`;
CREATE TABLE IF NOT EXISTS `sale_order_item_lang` (
  `item_name` varchar(255) COLLATE utf8_unicode_ci DEFAULT NULL,
  `item_description` varchar(255) COLLATE utf8_unicode_ci DEFAULT NULL,
  `sale_order_item_id` int(11) DEFAULT NULL,
  `lang` varchar(255) COLLATE utf8_unicode_ci NOT NULL,
  KEY `sale_order_item_id` (`sale_order_item_id`)
) ENGINE=InnoDB DEFAULT CHARSET=utf8 COLLATE=utf8_unicode_ci;

--
-- Daten für Tabelle `sale_order_item_lang`
--

INSERT INTO `sale_order_item_lang` (`item_name`, `item_description`, `sale_order_item_id`, `lang`) VALUES
('للبيع لومينا LTZ ', '', 7, 'en'),
('للبيع لومينا LTZ ', '', 7, 'ar'),
('للبيع لومينا LTZ ', NULL, 8, 'en'),
('للبيع لومينا LTZ ', '', 8, 'ar'),
('للبيع: فورد موستنج موديل 2006', 'dsfgdsfg', 9, 'en'),
('للبيع: فورد موستنج موديل 2006', 'dsfgdsfg', 9, 'ar'),
('للبيع: فورد موستنج موديل 2006', 'dsfgdsfg', 10, 'en'),
('للبيع: فورد موستنج موديل 2006', 'dsfgdsfg', 10, 'ar'),
('Developping Controller', NULL, 11, 'en'),
('Developping Controller', NULL, 11, 'ar'),
('Developping Controller', NULL, 12, 'en'),
('Developping Controller', NULL, 12, 'ar'),
('للبيع لومينا LTZ ', NULL, 13, 'en'),
('للبيع لومينا LTZ ', NULL, 13, 'ar'),
('للبيع لومينا LTZ ', NULL, 14, 'en'),
('للبيع لومينا LTZ ', NULL, 14, 'ar'),
('Developping Controller', NULL, 15, 'en'),
('Developping Controller', NULL, 15, 'ar'),
('للبيع لومينا LTZ ', NULL, 16, 'en'),
('للبيع لومينا LTZ ', NULL, 16, 'ar'),
('للبيع لومينا LTZ ', NULL, 17, 'en'),
('للبيع لومينا LTZ ', NULL, 17, 'ar'),
('للبيع لومينا LTZ ', NULL, 18, 'en'),
('للبيع لومينا LTZ ', NULL, 18, 'ar'),
('للبيع لومينا LTZ ', NULL, 19, 'en'),
('للبيع لومينا LTZ ', NULL, 19, 'ar'),
('للبيع لومينا LTZ ', NULL, 20, 'en'),
('للبيع لومينا LTZ ', NULL, 20, 'ar'),
('Developping Controller', NULL, 21, 'en'),
('Developping Controller', NULL, 21, 'ar'),
('للبيع لومينا LTZ ', NULL, 23, 'en'),
('للبيع لومينا LTZ ', NULL, 23, 'ar'),
('High waist pencil skirt', 'Size: 32\nColor: 000000\nBrand: \nStyle: Long', 24, 'en'),
('High waist pencil skirt', 'Size: 32\nColor: 000000\nBrand: \nStyle: Long', 24, 'ar'),
('Weatherproof jacket', 'Color: 000000\nSize: 46', 25, 'en'),
('Weatherproof jacket', 'Color: 000000\nSize: 46', 25, 'ar'),
('Pleated fifties skirt', 'Size: 38\nColor: ff9d00\nBrand: BODYFLIRT\nStyle: Short', 26, 'en'),
('Pleated fifties skirt', 'Size: 38\nColor: ff9d00\nBrand: BODYFLIRT\nStyle: Short', 26, 'ar'),
('Pleated fifties skirt', 'Size: 38\nColor: ff9d00\nBrand: BODYFLIRT\nStyle: Short', 27, 'en'),
('Pleated fifties skirt', 'Size: 38\nColor: ff9d00\nBrand: BODYFLIRT\nStyle: Short', 27, 'ar'),
('Pleated fifties skirt', 'Size: 38\r\nColor: ff9d00\r\nBrand: BODYFLIRT\r\nStyle: Short', 28, 'en'),
('Pleated fifties skirt', 'Size: 38\nColor: ff9d00\nBrand: BODYFLIRT\nStyle: Short', 28, 'ar'),
('Colour block courts', 'Colour block courts with a chunky stacked sole. 13 cm heel. 3 cm sole. Imitation leather uppers, synthetic sole.', 33, 'en'),
('Colour block courts', 'Colour block courts with a chunky stacked sole. 13 cm heel. 3 cm sole. Imitation leather uppers, synthetic sole.', 33, 'ar'),
('Draped cami dress', 'Draped cami dress with adjustable straps. Length approx. 104 cm. 96% viscose, 4% elastane.', 34, 'en'),
('Draped cami dress', 'Draped cami dress with adjustable straps. Length approx. 104 cm. 96% viscose, 4% elastane.', 34, 'ar'),
('Weaterproof jacket', 'Color: 0095ff\nSize: 58', 35, 'en'),
('Weaterproof jacket', 'Color: 0095ff\nSize: 58', 35, 'ar');

-- --------------------------------------------------------

--
-- Tabellenstruktur für Tabelle `sale_order_lang`
--

DROP TABLE IF EXISTS `sale_order_lang`;
CREATE TABLE IF NOT EXISTS `sale_order_lang` (
  `name` varchar(255) COLLATE utf8_unicode_ci DEFAULT NULL,
  `payment_method_name` varchar(255) COLLATE utf8_unicode_ci DEFAULT NULL,
  `shipping_method_name` varchar(255) COLLATE utf8_unicode_ci DEFAULT NULL,
  `sale_order_id` int(11) DEFAULT NULL,
  `lang` varchar(255) COLLATE utf8_unicode_ci NOT NULL,
  KEY `sale_order_id` (`sale_order_id`)
) ENGINE=InnoDB DEFAULT CHARSET=utf8 COLLATE=utf8_unicode_ci;

--
-- Daten für Tabelle `sale_order_lang`
--

INSERT INTO `sale_order_lang` (`name`, `payment_method_name`, `shipping_method_name`, `sale_order_id`, `lang`) VALUES
('Online Order', 'بنك البحرين والكويت', 'DHL International', 4, 'en'),
('Online Order arabic', 'بنك البحرين والكويت', 'ttttt', 4, 'ar'),
('Online Order', 'بنك البحرين والكويت', 'DHL International', 5, 'en'),
('Online Order arabic', 'بنك البحرين والكويت', 'ttttt', 5, 'ar'),
('Online Order ', 'بنك الراجحي', 'DHL International', 6, 'en'),
('Online Order ', 'بنك الراجحي', 'ttttt', 6, 'ar'),
('Online Order ', 'الوسترن يونيون', 'DHL International', 7, 'en'),
('Online Order ', 'الوسترن يونيون', 'ttttt', 7, 'ar'),
('Online Order ', 'الوسترن يونيون', 'DHL International', 8, 'en'),
('Online Order ', 'الوسترن يونيون', 'ttttt', 8, 'ar'),
('Online Order ', 'الوسترن يونيون', 'DHL International', 9, 'en'),
('Online Order ', 'الوسترن يونيون', 'ttttt', 9, 'ar'),
('Online Order ', 'الوسترن يونيون', 'DHL International', 10, 'en'),
('Online Order ', 'الوسترن يونيون', 'ttttt', 10, 'ar'),
('Online Order', 'adad', 'DHL International', 11, 'en'),
('Online Order ', 'adad', 'ttttt', 11, 'ar');

-- --------------------------------------------------------

--
-- Tabellenstruktur für Tabelle `sale_order_state`
--

DROP TABLE IF EXISTS `sale_order_state`;
CREATE TABLE IF NOT EXISTS `sale_order_state` (
  `id` int(11) NOT NULL AUTO_INCREMENT,
  PRIMARY KEY (`id`)
) ENGINE=InnoDB  DEFAULT CHARSET=utf8 AUTO_INCREMENT=11 ;

--
-- Daten für Tabelle `sale_order_state`
--

INSERT INTO `sale_order_state` (`id`) VALUES
(7),
(8),
(9),
(10);

-- --------------------------------------------------------

--
-- Tabellenstruktur für Tabelle `sale_order_state_lang`
--

DROP TABLE IF EXISTS `sale_order_state_lang`;
CREATE TABLE IF NOT EXISTS `sale_order_state_lang` (
  `name` varchar(255) COLLATE utf8_unicode_ci DEFAULT NULL,
  `sale_order_state_id` int(11) DEFAULT NULL,
  `lang` varchar(255) COLLATE utf8_unicode_ci DEFAULT NULL,
  KEY `sale_order_state_id` (`sale_order_state_id`)
) ENGINE=InnoDB DEFAULT CHARSET=utf8 COLLATE=utf8_unicode_ci;

--
-- Daten für Tabelle `sale_order_state_lang`
--

INSERT INTO `sale_order_state_lang` (`name`, `sale_order_state_id`, `lang`) VALUES
('OPEN', 7, 'en'),
('OPEN', 7, 'ar'),
('CREATED', 8, 'en'),
('CREATED', 8, 'ar'),
('CLOSED', 9, 'en'),
('CLOSED', 9, 'ar'),
('ACCEPTED', 10, 'en'),
('ACCEPTED', 10, 'ar');

-- --------------------------------------------------------

--
-- Tabellenstruktur für Tabelle `session`
--

DROP TABLE IF EXISTS `session`;
CREATE TABLE IF NOT EXISTS `session` (
  `id` int(11) NOT NULL AUTO_INCREMENT,
  `session_id` varchar(64) COLLATE utf8_unicode_ci NOT NULL DEFAULT '',
  `session_key` varchar(64) COLLATE utf8_unicode_ci NOT NULL DEFAULT '',
  `session_expiry` int(11) unsigned NOT NULL DEFAULT '0',
  `session_value` text COLLATE utf8_unicode_ci NOT NULL,
  `host` varchar(64) COLLATE utf8_unicode_ci DEFAULT NULL,
  PRIMARY KEY (`id`),
  KEY `session_id` (`session_id`),
  KEY `session_key` (`session_key`)
) ENGINE=InnoDB  DEFAULT CHARSET=utf8 COLLATE=utf8_unicode_ci AUTO_INCREMENT=984 ;

--
-- Daten für Tabelle `session`
--

INSERT INTO `session` (`id`, `session_id`, `session_key`, `session_expiry`, `session_value`, `host`) VALUES
(1, 'ed02166254bf981f1241edd35dcc6cb2', 'current_lang', 1440, 'AR', ''),
(3, '36ac5e12f1f2e622dcc7a8b9ca9298aa', 'Backend.logged_user_idententity', 1440, 'admin', ''),
(4, '36ac5e12f1f2e622dcc7a8b9ca9298aa', 'Backend.logged_user_object', 1440, 'O:8:"stdClass":32:{s:2:"id";s:1:"1";s:8:"username";s:5:"admin";s:8:"password";s:40:"7c4a8d09ca3762af61e59520943dc26494f8941b";s:9:"firstname";s:4:"Amir";s:8:"lastname";s:6:"Cherif";s:13:"date_of_birth";N;s:5:"phone";N;s:5:"email";s:21:"montassar@amhsoft.com";s:6:"mobile";s:8:"21883580";s:3:"fax";N;s:5:"state";s:1:"1";s:16:"create_date_time";N;s:16:"update_date_time";s:19:"2012-11-21 14:18:49";s:6:"notice";N;s:7:"address";s:2:"23";s:10:"postalcode";N;s:4:"city";s:5:"Gafsa";s:8:"province";s:4:"Ksar";s:7:"country";s:7:"Tunisie";s:13:"lastLoginDate";s:19:"2012-10-31 07:46:41";s:13:"lastLoginHost";s:11:"81.22.22.31";s:9:"remote_id";N;s:13:"department_id";s:2:"27";s:5:"admin";s:1:"1";s:3:"msn";N;s:8:"facebook";N;s:7:"twitter";N;s:3:"icq";N;s:8:"whatsapp";N;s:10:"blackberry";N;s:5:"gmail";N;s:7:"role_id";s:1:"0";}', ''),
(21, 'd04f0c155d40d77709abeb9c21bbecde', 'Backend.logged_user_idententity', 1440, 'admin', ''),
(22, 'd04f0c155d40d77709abeb9c21bbecde', 'Backend.logged_user_object', 1440, 'O:8:"stdClass":32:{s:2:"id";s:1:"1";s:8:"username";s:5:"admin";s:8:"password";s:40:"7c4a8d09ca3762af61e59520943dc26494f8941b";s:9:"firstname";s:4:"Amir";s:8:"lastname";s:6:"Cherif";s:13:"date_of_birth";N;s:5:"phone";N;s:5:"email";s:21:"montassar@amhsoft.com";s:6:"mobile";s:8:"21883580";s:3:"fax";N;s:5:"state";s:1:"1";s:16:"create_date_time";N;s:16:"update_date_time";s:19:"2012-11-21 14:18:49";s:6:"notice";N;s:7:"address";s:2:"23";s:10:"postalcode";N;s:4:"city";s:5:"Gafsa";s:8:"province";s:4:"Ksar";s:7:"country";s:7:"Tunisie";s:13:"lastLoginDate";s:19:"2012-10-31 07:46:41";s:13:"lastLoginHost";s:11:"81.22.22.31";s:9:"remote_id";N;s:13:"department_id";s:2:"27";s:5:"admin";s:1:"1";s:3:"msn";N;s:8:"facebook";N;s:7:"twitter";N;s:3:"icq";N;s:8:"whatsapp";N;s:10:"blackberry";N;s:5:"gmail";N;s:7:"role_id";s:1:"0";}', ''),
(23, '212324c37546a630a57ba68583985dd7', 'Backend.logged_user_idententity', 1440, 'Amir', ''),
(24, '212324c37546a630a57ba68583985dd7', 'Backend.logged_user_object', 1440, 'O:8:"stdClass":32:{s:2:"id";s:1:"5";s:8:"username";s:4:"Amir";s:8:"password";s:40:"cc5851c339e04ac5b2227d129e6526f976779d1a";s:9:"firstname";s:4:"Amir";s:8:"lastname";s:6:"Cherif";s:13:"date_of_birth";N;s:5:"phone";N;s:5:"email";s:23:"amir.cherif@amhsoft.com";s:6:"mobile";s:14:"00495312801805";s:3:"fax";N;s:5:"state";s:1:"1";s:16:"create_date_time";N;s:16:"update_date_time";s:19:"2012-11-22 08:52:46";s:6:"notice";N;s:7:"address";s:15:"Berlinerstr 52j";s:10:"postalcode";N;s:4:"city";s:12:"Braunschweig";s:8:"province";s:13:"Niedersachsen";s:7:"country";s:7:"Germany";s:13:"lastLoginDate";N;s:13:"lastLoginHost";N;s:9:"remote_id";N;s:13:"department_id";s:2:"27";s:5:"admin";s:1:"1";s:3:"msn";N;s:8:"facebook";N;s:7:"twitter";N;s:3:"icq";N;s:8:"whatsapp";N;s:10:"blackberry";N;s:5:"gmail";N;s:7:"role_id";s:1:"4";}', ''),
(34, 'ed9da35ac5fcf86398ec04f933428bbd', 'Backend.logged_user_idententity', 1440, 'admin', ''),
(35, 'ed9da35ac5fcf86398ec04f933428bbd', 'Backend.logged_user_object', 1440, 'O:8:"stdClass":32:{s:2:"id";s:1:"1";s:8:"username";s:5:"admin";s:8:"password";s:40:"7c4a8d09ca3762af61e59520943dc26494f8941b";s:9:"firstname";s:4:"Amir";s:8:"lastname";s:6:"Cherif";s:13:"date_of_birth";N;s:5:"phone";N;s:5:"email";s:21:"montassar@amhsoft.com";s:6:"mobile";s:8:"21883580";s:3:"fax";N;s:5:"state";s:1:"1";s:16:"create_date_time";N;s:16:"update_date_time";s:19:"2012-11-21 14:18:49";s:6:"notice";N;s:7:"address";s:2:"23";s:10:"postalcode";N;s:4:"city";s:5:"Gafsa";s:8:"province";s:4:"Ksar";s:7:"country";s:7:"Tunisie";s:13:"lastLoginDate";s:19:"2012-10-31 07:46:41";s:13:"lastLoginHost";s:11:"81.22.22.31";s:9:"remote_id";N;s:13:"department_id";s:2:"27";s:5:"admin";s:1:"1";s:3:"msn";N;s:8:"facebook";N;s:7:"twitter";N;s:3:"icq";N;s:8:"whatsapp";N;s:10:"blackberry";N;s:5:"gmail";N;s:7:"role_id";s:1:"0";}', ''),
(36, '1c497118a344c6bddec3ad5c9287d029', 'Frontend.logged_user_idententity', 1440, 'admin', ''),
(37, '1c497118a344c6bddec3ad5c9287d029', 'Frontend.logged_user_object', 1440, 'O:8:"stdClass":32:{s:2:"id";s:1:"1";s:8:"username";s:5:"admin";s:8:"password";s:40:"d033e22ae348aeb5660fc2140aec35850c4da997";s:9:"firstname";s:4:"Amir";s:8:"lastname";s:6:"Cherif";s:13:"date_of_birth";N;s:5:"phone";N;s:5:"email";s:21:"montassar@amhsoft.com";s:6:"mobile";s:8:"21883580";s:3:"fax";N;s:5:"state";s:1:"1";s:16:"create_date_time";N;s:16:"update_date_time";s:19:"2012-11-22 18:33:59";s:6:"notice";N;s:7:"address";s:2:"23";s:10:"postalcode";N;s:4:"city";s:5:"Gafsa";s:8:"province";s:4:"Ksar";s:7:"country";s:7:"Tunisie";s:13:"lastLoginDate";s:19:"2012-10-31 07:46:41";s:13:"lastLoginHost";s:11:"81.22.22.31";s:9:"remote_id";N;s:13:"department_id";s:2:"27";s:5:"admin";s:1:"1";s:3:"msn";N;s:8:"facebook";N;s:7:"twitter";N;s:3:"icq";N;s:8:"whatsapp";N;s:10:"blackberry";N;s:5:"gmail";N;s:7:"role_id";s:1:"1";}', ''),
(38, '18002352c6c7bc4ce2914a99620ac864', 'Frontend.logged_user_idententity', 1441, 'admin', ''),
(39, '18002352c6c7bc4ce2914a99620ac864', 'Frontend.logged_user_object', 1440, 'O:8:"stdClass":32:{s:2:"id";s:1:"1";s:8:"username";s:5:"admin";s:8:"password";s:40:"d033e22ae348aeb5660fc2140aec35850c4da997";s:9:"firstname";s:4:"Amir";s:8:"lastname";s:6:"Cherif";s:13:"date_of_birth";N;s:5:"phone";N;s:5:"email";s:21:"montassar@amhsoft.com";s:6:"mobile";s:8:"21883580";s:3:"fax";N;s:5:"state";s:1:"1";s:16:"create_date_time";N;s:16:"update_date_time";s:19:"2012-11-22 18:33:59";s:6:"notice";N;s:7:"address";s:2:"23";s:10:"postalcode";N;s:4:"city";s:5:"Gafsa";s:8:"province";s:4:"Ksar";s:7:"country";s:7:"Tunisie";s:13:"lastLoginDate";s:19:"2012-10-31 07:46:41";s:13:"lastLoginHost";s:11:"81.22.22.31";s:9:"remote_id";N;s:13:"department_id";s:2:"27";s:5:"admin";s:1:"1";s:3:"msn";N;s:8:"facebook";N;s:7:"twitter";N;s:3:"icq";N;s:8:"whatsapp";N;s:10:"blackberry";N;s:5:"gmail";N;s:7:"role_id";s:1:"1";}', ''),
(40, 'c98fe353234de1e16699317b1192f58f', 'Frontend.logged_user_idententity', 1440, 'admin', ''),
(41, 'c98fe353234de1e16699317b1192f58f', 'Frontend.logged_user_object', 1440, 'O:8:"stdClass":32:{s:2:"id";s:1:"1";s:8:"username";s:5:"admin";s:8:"password";s:40:"d033e22ae348aeb5660fc2140aec35850c4da997";s:9:"firstname";s:4:"Amir";s:8:"lastname";s:6:"Cherif";s:13:"date_of_birth";N;s:5:"phone";N;s:5:"email";s:21:"montassar@amhsoft.com";s:6:"mobile";s:8:"21883580";s:3:"fax";N;s:5:"state";s:1:"1";s:16:"create_date_time";N;s:16:"update_date_time";s:19:"2012-11-22 18:33:59";s:6:"notice";N;s:7:"address";s:2:"23";s:10:"postalcode";N;s:4:"city";s:5:"Gafsa";s:8:"province";s:4:"Ksar";s:7:"country";s:7:"Tunisie";s:13:"lastLoginDate";s:19:"2012-10-31 07:46:41";s:13:"lastLoginHost";s:11:"81.22.22.31";s:9:"remote_id";N;s:13:"department_id";s:2:"27";s:5:"admin";s:1:"1";s:3:"msn";N;s:8:"facebook";N;s:7:"twitter";N;s:3:"icq";N;s:8:"whatsapp";N;s:10:"blackberry";N;s:5:"gmail";N;s:7:"role_id";s:1:"1";}', ''),
(52, 'c98fe353234de1e16699317b1192f58f', 'Backend.logged_user_idententity', 1441, 'admin', ''),
(53, 'c98fe353234de1e16699317b1192f58f', 'Backend.logged_user_object', 1441, 'O:8:"stdClass":32:{s:2:"id";s:1:"1";s:8:"username";s:5:"admin";s:8:"password";s:40:"d033e22ae348aeb5660fc2140aec35850c4da997";s:9:"firstname";s:4:"Amir";s:8:"lastname";s:6:"Cherif";s:13:"date_of_birth";N;s:5:"phone";N;s:5:"email";s:21:"montassar@amhsoft.com";s:6:"mobile";s:8:"21883580";s:3:"fax";N;s:5:"state";s:1:"1";s:16:"create_date_time";N;s:16:"update_date_time";s:19:"2012-11-22 18:33:59";s:6:"notice";N;s:7:"address";s:2:"23";s:10:"postalcode";N;s:4:"city";s:5:"Gafsa";s:8:"province";s:4:"Ksar";s:7:"country";s:7:"Tunisie";s:13:"lastLoginDate";s:19:"2012-10-31 07:46:41";s:13:"lastLoginHost";s:11:"81.22.22.31";s:9:"remote_id";N;s:13:"department_id";s:2:"27";s:5:"admin";s:1:"1";s:3:"msn";N;s:8:"facebook";N;s:7:"twitter";N;s:3:"icq";N;s:8:"whatsapp";N;s:10:"blackberry";N;s:5:"gmail";N;s:7:"role_id";s:1:"1";}', ''),
(54, 'd2aacd9e5c7bab13d8702d0d20fd4e12', 'Frontend.logged_user_idententity', 1440, 'admin', ''),
(55, 'd2aacd9e5c7bab13d8702d0d20fd4e12', 'Frontend.logged_user_object', 1440, 'O:8:"stdClass":32:{s:2:"id";s:1:"1";s:8:"username";s:5:"admin";s:8:"password";s:40:"d033e22ae348aeb5660fc2140aec35850c4da997";s:9:"firstname";s:4:"Amir";s:8:"lastname";s:6:"Cherif";s:13:"date_of_birth";N;s:5:"phone";N;s:5:"email";s:21:"montassar@amhsoft.com";s:6:"mobile";s:8:"21883580";s:3:"fax";N;s:5:"state";s:1:"1";s:16:"create_date_time";N;s:16:"update_date_time";s:19:"2012-11-22 18:33:59";s:6:"notice";N;s:7:"address";s:2:"23";s:10:"postalcode";N;s:4:"city";s:5:"Gafsa";s:8:"province";s:4:"Ksar";s:7:"country";s:7:"Tunisie";s:13:"lastLoginDate";s:19:"2012-10-31 07:46:41";s:13:"lastLoginHost";s:11:"81.22.22.31";s:9:"remote_id";N;s:13:"department_id";s:2:"27";s:5:"admin";s:1:"1";s:3:"msn";N;s:8:"facebook";N;s:7:"twitter";N;s:3:"icq";N;s:8:"whatsapp";N;s:10:"blackberry";N;s:5:"gmail";N;s:7:"role_id";s:1:"1";}', ''),
(60, 'd2aacd9e5c7bab13d8702d0d20fd4e12', 'Backend.logged_user_idententity', 1440, 'admin', ''),
(61, 'd2aacd9e5c7bab13d8702d0d20fd4e12', 'Backend.logged_user_object', 1440, 'O:8:"stdClass":32:{s:2:"id";s:1:"1";s:8:"username";s:5:"admin";s:8:"password";s:40:"d033e22ae348aeb5660fc2140aec35850c4da997";s:9:"firstname";s:4:"Amir";s:8:"lastname";s:6:"Cherif";s:13:"date_of_birth";N;s:5:"phone";N;s:5:"email";s:21:"montassar@amhsoft.com";s:6:"mobile";s:8:"21883580";s:3:"fax";N;s:5:"state";s:1:"1";s:16:"create_date_time";N;s:16:"update_date_time";s:19:"2012-11-22 18:33:59";s:6:"notice";N;s:7:"address";s:2:"23";s:10:"postalcode";N;s:4:"city";s:5:"Gafsa";s:8:"province";s:4:"Ksar";s:7:"country";s:7:"Tunisie";s:13:"lastLoginDate";s:19:"2012-10-31 07:46:41";s:13:"lastLoginHost";s:11:"81.22.22.31";s:9:"remote_id";N;s:13:"department_id";s:2:"27";s:5:"admin";s:1:"1";s:3:"msn";N;s:8:"facebook";N;s:7:"twitter";N;s:3:"icq";N;s:8:"whatsapp";N;s:10:"blackberry";N;s:5:"gmail";N;s:7:"role_id";s:1:"1";}', ''),
(62, '0b27daf2cdbc416448884158cde2e601', 'Frontend.logged_user_idententity', 1441, 'admin', ''),
(63, '0b27daf2cdbc416448884158cde2e601', 'Frontend.logged_user_object', 1441, 'O:8:"stdClass":32:{s:2:"id";s:1:"1";s:8:"username";s:5:"admin";s:8:"password";s:40:"d033e22ae348aeb5660fc2140aec35850c4da997";s:9:"firstname";s:4:"Amir";s:8:"lastname";s:6:"Cherif";s:13:"date_of_birth";N;s:5:"phone";N;s:5:"email";s:21:"montassar@amhsoft.com";s:6:"mobile";s:8:"21883580";s:3:"fax";N;s:5:"state";s:1:"1";s:16:"create_date_time";N;s:16:"update_date_time";s:19:"2012-11-22 18:33:59";s:6:"notice";N;s:7:"address";s:2:"23";s:10:"postalcode";N;s:4:"city";s:5:"Gafsa";s:8:"province";s:4:"Ksar";s:7:"country";s:7:"Tunisie";s:13:"lastLoginDate";s:19:"2012-10-31 07:46:41";s:13:"lastLoginHost";s:11:"81.22.22.31";s:9:"remote_id";N;s:13:"department_id";s:2:"27";s:5:"admin";s:1:"1";s:3:"msn";N;s:8:"facebook";N;s:7:"twitter";N;s:3:"icq";N;s:8:"whatsapp";N;s:10:"blackberry";N;s:5:"gmail";N;s:7:"role_id";s:1:"1";}', ''),
(66, '0b27daf2cdbc416448884158cde2e601', 'Backend.logged_user_idententity', 1440, 'admin', ''),
(67, '0b27daf2cdbc416448884158cde2e601', 'Backend.logged_user_object', 1440, 'O:8:"stdClass":32:{s:2:"id";s:1:"1";s:8:"username";s:5:"admin";s:8:"password";s:40:"d033e22ae348aeb5660fc2140aec35850c4da997";s:9:"firstname";s:4:"Amir";s:8:"lastname";s:6:"Cherif";s:13:"date_of_birth";N;s:5:"phone";N;s:5:"email";s:21:"montassar@amhsoft.com";s:6:"mobile";s:8:"21883580";s:3:"fax";N;s:5:"state";s:1:"1";s:16:"create_date_time";N;s:16:"update_date_time";s:19:"2012-11-22 18:33:59";s:6:"notice";N;s:7:"address";s:2:"23";s:10:"postalcode";N;s:4:"city";s:5:"Gafsa";s:8:"province";s:4:"Ksar";s:7:"country";s:7:"Tunisie";s:13:"lastLoginDate";s:19:"2012-10-31 07:46:41";s:13:"lastLoginHost";s:11:"81.22.22.31";s:9:"remote_id";N;s:13:"department_id";s:2:"27";s:5:"admin";s:1:"1";s:3:"msn";N;s:8:"facebook";N;s:7:"twitter";N;s:3:"icq";N;s:8:"whatsapp";N;s:10:"blackberry";N;s:5:"gmail";N;s:7:"role_id";s:1:"1";}', ''),
(68, '2097bab7e93cd860d01ae7266b9800c1', 'Frontend.logged_user_idententity', 1440, 'admin', ''),
(69, '2097bab7e93cd860d01ae7266b9800c1', 'Frontend.logged_user_object', 1440, 'O:8:"stdClass":32:{s:2:"id";s:1:"1";s:8:"username";s:5:"admin";s:8:"password";s:40:"d033e22ae348aeb5660fc2140aec35850c4da997";s:9:"firstname";s:4:"Amir";s:8:"lastname";s:6:"Cherif";s:13:"date_of_birth";N;s:5:"phone";N;s:5:"email";s:21:"montassar@amhsoft.com";s:6:"mobile";s:8:"21883580";s:3:"fax";N;s:5:"state";s:1:"1";s:16:"create_date_time";N;s:16:"update_date_time";s:19:"2012-11-22 18:33:59";s:6:"notice";N;s:7:"address";s:2:"23";s:10:"postalcode";N;s:4:"city";s:5:"Gafsa";s:8:"province";s:4:"Ksar";s:7:"country";s:7:"Tunisie";s:13:"lastLoginDate";s:19:"2012-10-31 07:46:41";s:13:"lastLoginHost";s:11:"81.22.22.31";s:9:"remote_id";N;s:13:"department_id";s:2:"27";s:5:"admin";s:1:"1";s:3:"msn";N;s:8:"facebook";N;s:7:"twitter";N;s:3:"icq";N;s:8:"whatsapp";N;s:10:"blackberry";N;s:5:"gmail";N;s:7:"role_id";s:1:"1";}', ''),
(76, '2097bab7e93cd860d01ae7266b9800c1', 'Backend.logged_user_idententity', 1440, 'admin', ''),
(77, '2097bab7e93cd860d01ae7266b9800c1', 'Backend.logged_user_object', 1440, 'O:8:"stdClass":32:{s:2:"id";s:1:"1";s:8:"username";s:5:"admin";s:8:"password";s:40:"d033e22ae348aeb5660fc2140aec35850c4da997";s:9:"firstname";s:4:"Amir";s:8:"lastname";s:6:"Cherif";s:13:"date_of_birth";N;s:5:"phone";N;s:5:"email";s:21:"montassar@amhsoft.com";s:6:"mobile";s:8:"21883580";s:3:"fax";N;s:5:"state";s:1:"1";s:16:"create_date_time";N;s:16:"update_date_time";s:19:"2012-11-22 18:33:59";s:6:"notice";N;s:7:"address";s:2:"23";s:10:"postalcode";N;s:4:"city";s:5:"Gafsa";s:8:"province";s:4:"Ksar";s:7:"country";s:7:"Tunisie";s:13:"lastLoginDate";s:19:"2012-10-31 07:46:41";s:13:"lastLoginHost";s:11:"81.22.22.31";s:9:"remote_id";N;s:13:"department_id";s:2:"27";s:5:"admin";s:1:"1";s:3:"msn";N;s:8:"facebook";N;s:7:"twitter";N;s:3:"icq";N;s:8:"whatsapp";N;s:10:"blackberry";N;s:5:"gmail";N;s:7:"role_id";s:1:"1";}', ''),
(78, '48c50790e6ff4179a58f88e06cc80249', 'Frontend.logged_user_idententity', 1441, 'admin', ''),
(79, '48c50790e6ff4179a58f88e06cc80249', 'Frontend.logged_user_object', 1441, 'O:8:"stdClass":32:{s:2:"id";s:1:"1";s:8:"username";s:5:"admin";s:8:"password";s:40:"d033e22ae348aeb5660fc2140aec35850c4da997";s:9:"firstname";s:4:"Amir";s:8:"lastname";s:6:"Cherif";s:13:"date_of_birth";N;s:5:"phone";N;s:5:"email";s:21:"montassar@amhsoft.com";s:6:"mobile";s:8:"21883580";s:3:"fax";N;s:5:"state";s:1:"1";s:16:"create_date_time";N;s:16:"update_date_time";s:19:"2012-11-22 18:33:59";s:6:"notice";N;s:7:"address";s:2:"23";s:10:"postalcode";N;s:4:"city";s:5:"Gafsa";s:8:"province";s:4:"Ksar";s:7:"country";s:7:"Tunisie";s:13:"lastLoginDate";s:19:"2012-10-31 07:46:41";s:13:"lastLoginHost";s:11:"81.22.22.31";s:9:"remote_id";N;s:13:"department_id";s:2:"27";s:5:"admin";s:1:"1";s:3:"msn";N;s:8:"facebook";N;s:7:"twitter";N;s:3:"icq";N;s:8:"whatsapp";N;s:10:"blackberry";N;s:5:"gmail";N;s:7:"role_id";s:1:"1";}', ''),
(84, '48c50790e6ff4179a58f88e06cc80249', 'Backend.logged_user_idententity', 1441, 'admin', ''),
(85, '48c50790e6ff4179a58f88e06cc80249', 'Backend.logged_user_object', 1441, 'O:8:"stdClass":32:{s:2:"id";s:1:"1";s:8:"username";s:5:"admin";s:8:"password";s:40:"d033e22ae348aeb5660fc2140aec35850c4da997";s:9:"firstname";s:4:"Amir";s:8:"lastname";s:6:"Cherif";s:13:"date_of_birth";N;s:5:"phone";N;s:5:"email";s:21:"montassar@amhsoft.com";s:6:"mobile";s:8:"21883580";s:3:"fax";N;s:5:"state";s:1:"1";s:16:"create_date_time";N;s:16:"update_date_time";s:19:"2012-11-22 18:33:59";s:6:"notice";N;s:7:"address";s:2:"23";s:10:"postalcode";N;s:4:"city";s:5:"Gafsa";s:8:"province";s:4:"Ksar";s:7:"country";s:7:"Tunisie";s:13:"lastLoginDate";s:19:"2012-10-31 07:46:41";s:13:"lastLoginHost";s:11:"81.22.22.31";s:9:"remote_id";N;s:13:"department_id";s:2:"27";s:5:"admin";s:1:"1";s:3:"msn";N;s:8:"facebook";N;s:7:"twitter";N;s:3:"icq";N;s:8:"whatsapp";N;s:10:"blackberry";N;s:5:"gmail";N;s:7:"role_id";s:1:"1";}', ''),
(86, '5e377ca911fa0901729c481236d61443', 'Frontend.logged_user_idententity', 1440, 'admin', ''),
(87, '5e377ca911fa0901729c481236d61443', 'Frontend.logged_user_object', 1440, 'O:8:"stdClass":32:{s:2:"id";s:1:"1";s:8:"username";s:5:"admin";s:8:"password";s:40:"d033e22ae348aeb5660fc2140aec35850c4da997";s:9:"firstname";s:4:"Amir";s:8:"lastname";s:6:"Cherif";s:13:"date_of_birth";N;s:5:"phone";N;s:5:"email";s:21:"montassar@amhsoft.com";s:6:"mobile";s:8:"21883580";s:3:"fax";N;s:5:"state";s:1:"1";s:16:"create_date_time";N;s:16:"update_date_time";s:19:"2012-11-22 18:33:59";s:6:"notice";N;s:7:"address";s:2:"23";s:10:"postalcode";N;s:4:"city";s:5:"Gafsa";s:8:"province";s:4:"Ksar";s:7:"country";s:7:"Tunisie";s:13:"lastLoginDate";s:19:"2012-10-31 07:46:41";s:13:"lastLoginHost";s:11:"81.22.22.31";s:9:"remote_id";N;s:13:"department_id";s:2:"27";s:5:"admin";s:1:"1";s:3:"msn";N;s:8:"facebook";N;s:7:"twitter";N;s:3:"icq";N;s:8:"whatsapp";N;s:10:"blackberry";N;s:5:"gmail";N;s:7:"role_id";s:1:"1";}', ''),
(88, '65c35ba0831ea2c1c8089ab2babacf71', 'Frontend.logged_user_idententity', 1440, 'admin', ''),
(89, '65c35ba0831ea2c1c8089ab2babacf71', 'Frontend.logged_user_object', 1440, 'O:8:"stdClass":32:{s:2:"id";s:1:"1";s:8:"username";s:5:"admin";s:8:"password";s:40:"d033e22ae348aeb5660fc2140aec35850c4da997";s:9:"firstname";s:4:"Amir";s:8:"lastname";s:6:"Cherif";s:13:"date_of_birth";N;s:5:"phone";N;s:5:"email";s:21:"montassar@amhsoft.com";s:6:"mobile";s:8:"21883580";s:3:"fax";N;s:5:"state";s:1:"1";s:16:"create_date_time";N;s:16:"update_date_time";s:19:"2012-11-22 18:33:59";s:6:"notice";N;s:7:"address";s:2:"23";s:10:"postalcode";N;s:4:"city";s:5:"Gafsa";s:8:"province";s:4:"Ksar";s:7:"country";s:7:"Tunisie";s:13:"lastLoginDate";s:19:"2012-10-31 07:46:41";s:13:"lastLoginHost";s:11:"81.22.22.31";s:9:"remote_id";N;s:13:"department_id";s:2:"27";s:5:"admin";s:1:"1";s:3:"msn";N;s:8:"facebook";N;s:7:"twitter";N;s:3:"icq";N;s:8:"whatsapp";N;s:10:"blackberry";N;s:5:"gmail";N;s:7:"role_id";s:1:"1";}', ''),
(90, '3f7d1a905bf4aaf092f6c52698d23a67', 'Frontend.logged_user_idententity', 1440, 'admin', ''),
(91, '3f7d1a905bf4aaf092f6c52698d23a67', 'Frontend.logged_user_object', 1440, 'O:8:"stdClass":32:{s:2:"id";s:1:"1";s:8:"username";s:5:"admin";s:8:"password";s:40:"d033e22ae348aeb5660fc2140aec35850c4da997";s:9:"firstname";s:4:"Amir";s:8:"lastname";s:6:"Cherif";s:13:"date_of_birth";N;s:5:"phone";N;s:5:"email";s:21:"montassar@amhsoft.com";s:6:"mobile";s:8:"21883580";s:3:"fax";N;s:5:"state";s:1:"1";s:16:"create_date_time";N;s:16:"update_date_time";s:19:"2012-11-22 18:33:59";s:6:"notice";N;s:7:"address";s:2:"23";s:10:"postalcode";N;s:4:"city";s:5:"Gafsa";s:8:"province";s:4:"Ksar";s:7:"country";s:7:"Tunisie";s:13:"lastLoginDate";s:19:"2012-10-31 07:46:41";s:13:"lastLoginHost";s:11:"81.22.22.31";s:9:"remote_id";N;s:13:"department_id";s:2:"27";s:5:"admin";s:1:"1";s:3:"msn";N;s:8:"facebook";N;s:7:"twitter";N;s:3:"icq";N;s:8:"whatsapp";N;s:10:"blackberry";N;s:5:"gmail";N;s:7:"role_id";s:1:"1";}', ''),
(92, '64796f1fb6c9ae9f2b4ee560ec7ed543', 'Frontend.logged_user_idententity', 1440, 'admin', ''),
(93, '64796f1fb6c9ae9f2b4ee560ec7ed543', 'Frontend.logged_user_object', 1440, 'O:8:"stdClass":32:{s:2:"id";s:1:"1";s:8:"username";s:5:"admin";s:8:"password";s:40:"d033e22ae348aeb5660fc2140aec35850c4da997";s:9:"firstname";s:4:"Amir";s:8:"lastname";s:6:"Cherif";s:13:"date_of_birth";N;s:5:"phone";N;s:5:"email";s:21:"montassar@amhsoft.com";s:6:"mobile";s:8:"21883580";s:3:"fax";N;s:5:"state";s:1:"1";s:16:"create_date_time";N;s:16:"update_date_time";s:19:"2012-11-22 18:33:59";s:6:"notice";N;s:7:"address";s:2:"23";s:10:"postalcode";N;s:4:"city";s:5:"Gafsa";s:8:"province";s:4:"Ksar";s:7:"country";s:7:"Tunisie";s:13:"lastLoginDate";s:19:"2012-10-31 07:46:41";s:13:"lastLoginHost";s:11:"81.22.22.31";s:9:"remote_id";N;s:13:"department_id";s:2:"27";s:5:"admin";s:1:"1";s:3:"msn";N;s:8:"facebook";N;s:7:"twitter";N;s:3:"icq";N;s:8:"whatsapp";N;s:10:"blackberry";N;s:5:"gmail";N;s:7:"role_id";s:1:"1";}', ''),
(94, '984b458d185828fb120ff01ce0adddd0', 'Frontend.logged_user_idententity', 1441, 'admin', ''),
(95, '984b458d185828fb120ff01ce0adddd0', 'Frontend.logged_user_object', 1441, 'O:8:"stdClass":32:{s:2:"id";s:1:"1";s:8:"username";s:5:"admin";s:8:"password";s:40:"d033e22ae348aeb5660fc2140aec35850c4da997";s:9:"firstname";s:4:"Amir";s:8:"lastname";s:6:"Cherif";s:13:"date_of_birth";N;s:5:"phone";N;s:5:"email";s:21:"montassar@amhsoft.com";s:6:"mobile";s:8:"21883580";s:3:"fax";N;s:5:"state";s:1:"1";s:16:"create_date_time";N;s:16:"update_date_time";s:19:"2012-11-22 18:33:59";s:6:"notice";N;s:7:"address";s:2:"23";s:10:"postalcode";N;s:4:"city";s:5:"Gafsa";s:8:"province";s:4:"Ksar";s:7:"country";s:7:"Tunisie";s:13:"lastLoginDate";s:19:"2012-10-31 07:46:41";s:13:"lastLoginHost";s:11:"81.22.22.31";s:9:"remote_id";N;s:13:"department_id";s:2:"27";s:5:"admin";s:1:"1";s:3:"msn";N;s:8:"facebook";N;s:7:"twitter";N;s:3:"icq";N;s:8:"whatsapp";N;s:10:"blackberry";N;s:5:"gmail";N;s:7:"role_id";s:1:"1";}', ''),
(96, '46b9ac7a088812f9ed1a7ddd66c5f2e9', 'Backend.logged_user_idententity', 1441, 'admin', ''),
(97, '46b9ac7a088812f9ed1a7ddd66c5f2e9', 'Backend.logged_user_object', 1441, 'O:8:"stdClass":32:{s:2:"id";s:1:"1";s:8:"username";s:5:"admin";s:8:"password";s:40:"d033e22ae348aeb5660fc2140aec35850c4da997";s:9:"firstname";s:4:"Amir";s:8:"lastname";s:6:"Cherif";s:13:"date_of_birth";N;s:5:"phone";N;s:5:"email";s:21:"montassar@amhsoft.com";s:6:"mobile";s:8:"21883580";s:3:"fax";N;s:5:"state";s:1:"1";s:16:"create_date_time";N;s:16:"update_date_time";s:19:"2012-11-22 18:33:59";s:6:"notice";N;s:7:"address";s:2:"23";s:10:"postalcode";N;s:4:"city";s:5:"Gafsa";s:8:"province";s:4:"Ksar";s:7:"country";s:7:"Tunisie";s:13:"lastLoginDate";s:19:"2012-10-31 07:46:41";s:13:"lastLoginHost";s:11:"81.22.22.31";s:9:"remote_id";N;s:13:"department_id";s:2:"27";s:5:"admin";s:1:"1";s:3:"msn";N;s:8:"facebook";N;s:7:"twitter";N;s:3:"icq";N;s:8:"whatsapp";N;s:10:"blackberry";N;s:5:"gmail";N;s:7:"role_id";s:1:"1";}', ''),
(98, '46b9ac7a088812f9ed1a7ddd66c5f2e9', 'list_layout', 1441, '1', ''),
(99, '73272c8c9d178aaf3183cfd2a1f17e9c', 'Backend.logged_user_idententity', 1441, 'admin', ''),
(100, '73272c8c9d178aaf3183cfd2a1f17e9c', 'Backend.logged_user_object', 1441, 'O:8:"stdClass":32:{s:2:"id";s:1:"1";s:8:"username";s:5:"admin";s:8:"password";s:40:"d033e22ae348aeb5660fc2140aec35850c4da997";s:9:"firstname";s:4:"Amir";s:8:"lastname";s:6:"Cherif";s:13:"date_of_birth";N;s:5:"phone";N;s:5:"email";s:21:"montassar@amhsoft.com";s:6:"mobile";s:8:"21883580";s:3:"fax";N;s:5:"state";s:1:"1";s:16:"create_date_time";N;s:16:"update_date_time";s:19:"2012-11-22 18:33:59";s:6:"notice";N;s:7:"address";s:2:"23";s:10:"postalcode";N;s:4:"city";s:5:"Gafsa";s:8:"province";s:4:"Ksar";s:7:"country";s:7:"Tunisie";s:13:"lastLoginDate";s:19:"2012-10-31 07:46:41";s:13:"lastLoginHost";s:11:"81.22.22.31";s:9:"remote_id";N;s:13:"department_id";s:2:"27";s:5:"admin";s:1:"1";s:3:"msn";N;s:8:"facebook";N;s:7:"twitter";N;s:3:"icq";N;s:8:"whatsapp";N;s:10:"blackberry";N;s:5:"gmail";N;s:7:"role_id";s:1:"1";}', ''),
(101, 'd2eff7c88460294cb17cd23384b1590b', 'Backend.logged_user_idententity', 1441, 'admin', ''),
(102, 'd2eff7c88460294cb17cd23384b1590b', 'Backend.logged_user_object', 1441, 'O:8:"stdClass":32:{s:2:"id";s:1:"1";s:8:"username";s:5:"admin";s:8:"password";s:40:"d033e22ae348aeb5660fc2140aec35850c4da997";s:9:"firstname";s:4:"Amir";s:8:"lastname";s:6:"Cherif";s:13:"date_of_birth";N;s:5:"phone";N;s:5:"email";s:21:"montassar@amhsoft.com";s:6:"mobile";s:8:"21883580";s:3:"fax";N;s:5:"state";s:1:"1";s:16:"create_date_time";N;s:16:"update_date_time";s:19:"2012-11-22 18:33:59";s:6:"notice";N;s:7:"address";s:2:"23";s:10:"postalcode";N;s:4:"city";s:5:"Gafsa";s:8:"province";s:4:"Ksar";s:7:"country";s:7:"Tunisie";s:13:"lastLoginDate";s:19:"2012-10-31 07:46:41";s:13:"lastLoginHost";s:11:"81.22.22.31";s:9:"remote_id";N;s:13:"department_id";s:2:"27";s:5:"admin";s:1:"1";s:3:"msn";N;s:8:"facebook";N;s:7:"twitter";N;s:3:"icq";N;s:8:"whatsapp";N;s:10:"blackberry";N;s:5:"gmail";N;s:7:"role_id";s:1:"1";}', ''),
(103, 'd2a607106cd5cec783ac002ba4d87f93', 'Backend.logged_user_idententity', 1440, 'admin', ''),
(104, 'd2a607106cd5cec783ac002ba4d87f93', 'Backend.logged_user_object', 1440, 'O:8:"stdClass":32:{s:2:"id";s:1:"1";s:8:"username";s:5:"admin";s:8:"password";s:40:"d033e22ae348aeb5660fc2140aec35850c4da997";s:9:"firstname";s:4:"Amir";s:8:"lastname";s:6:"Cherif";s:13:"date_of_birth";N;s:5:"phone";N;s:5:"email";s:21:"montassar@amhsoft.com";s:6:"mobile";s:8:"21883580";s:3:"fax";N;s:5:"state";s:1:"1";s:16:"create_date_time";N;s:16:"update_date_time";s:19:"2012-11-22 18:33:59";s:6:"notice";N;s:7:"address";s:2:"23";s:10:"postalcode";N;s:4:"city";s:5:"Gafsa";s:8:"province";s:4:"Ksar";s:7:"country";s:7:"Tunisie";s:13:"lastLoginDate";s:19:"2012-10-31 07:46:41";s:13:"lastLoginHost";s:11:"81.22.22.31";s:9:"remote_id";N;s:13:"department_id";s:2:"27";s:5:"admin";s:1:"1";s:3:"msn";N;s:8:"facebook";N;s:7:"twitter";N;s:3:"icq";N;s:8:"whatsapp";N;s:10:"blackberry";N;s:5:"gmail";N;s:7:"role_id";s:1:"1";}', ''),
(107, '82214a248b2b3e6e6da7cd7d96de52d4', 'Frontend.logged_user_idententity', 1440, 'admin', ''),
(108, '82214a248b2b3e6e6da7cd7d96de52d4', 'Frontend.logged_user_object', 1440, 'O:8:"stdClass":32:{s:2:"id";s:1:"1";s:8:"username";s:5:"admin";s:8:"password";s:40:"d033e22ae348aeb5660fc2140aec35850c4da997";s:9:"firstname";s:4:"Amir";s:8:"lastname";s:6:"Cherif";s:13:"date_of_birth";N;s:5:"phone";N;s:5:"email";s:21:"montassar@amhsoft.com";s:6:"mobile";s:8:"21883580";s:3:"fax";N;s:5:"state";s:1:"1";s:16:"create_date_time";N;s:16:"update_date_time";s:19:"2012-11-22 18:33:59";s:6:"notice";N;s:7:"address";s:2:"23";s:10:"postalcode";N;s:4:"city";s:5:"Gafsa";s:8:"province";s:4:"Ksar";s:7:"country";s:7:"Tunisie";s:13:"lastLoginDate";s:19:"2012-10-31 07:46:41";s:13:"lastLoginHost";s:11:"81.22.22.31";s:9:"remote_id";N;s:13:"department_id";s:2:"27";s:5:"admin";s:1:"1";s:3:"msn";N;s:8:"facebook";N;s:7:"twitter";N;s:3:"icq";N;s:8:"whatsapp";N;s:10:"blackberry";N;s:5:"gmail";N;s:7:"role_id";s:1:"1";}', ''),
(109, '978ec4173300fb99725311775b198652', 'Frontend.logged_user_idententity', 1440, 'admin', ''),
(110, '978ec4173300fb99725311775b198652', 'Frontend.logged_user_object', 1440, 'O:8:"stdClass":32:{s:2:"id";s:1:"1";s:8:"username";s:5:"admin";s:8:"password";s:40:"d033e22ae348aeb5660fc2140aec35850c4da997";s:9:"firstname";s:4:"Amir";s:8:"lastname";s:6:"Cherif";s:13:"date_of_birth";N;s:5:"phone";N;s:5:"email";s:21:"montassar@amhsoft.com";s:6:"mobile";s:8:"21883580";s:3:"fax";N;s:5:"state";s:1:"1";s:16:"create_date_time";N;s:16:"update_date_time";s:19:"2012-11-22 18:33:59";s:6:"notice";N;s:7:"address";s:2:"23";s:10:"postalcode";N;s:4:"city";s:5:"Gafsa";s:8:"province";s:4:"Ksar";s:7:"country";s:7:"Tunisie";s:13:"lastLoginDate";s:19:"2012-10-31 07:46:41";s:13:"lastLoginHost";s:11:"81.22.22.31";s:9:"remote_id";N;s:13:"department_id";s:2:"27";s:5:"admin";s:1:"1";s:3:"msn";N;s:8:"facebook";N;s:7:"twitter";N;s:3:"icq";N;s:8:"whatsapp";N;s:10:"blackberry";N;s:5:"gmail";N;s:7:"role_id";s:1:"1";}', ''),
(111, 'cee1defb0511e81bf25b60de11f5d9b1', 'Frontend.logged_user_idententity', 1440, 'admin', ''),
(112, 'cee1defb0511e81bf25b60de11f5d9b1', 'Frontend.logged_user_object', 1440, 'O:8:"stdClass":32:{s:2:"id";s:1:"1";s:8:"username";s:5:"admin";s:8:"password";s:40:"d033e22ae348aeb5660fc2140aec35850c4da997";s:9:"firstname";s:4:"Amir";s:8:"lastname";s:6:"Cherif";s:13:"date_of_birth";N;s:5:"phone";N;s:5:"email";s:21:"montassar@amhsoft.com";s:6:"mobile";s:8:"21883580";s:3:"fax";N;s:5:"state";s:1:"1";s:16:"create_date_time";N;s:16:"update_date_time";s:19:"2012-11-22 18:33:59";s:6:"notice";N;s:7:"address";s:2:"23";s:10:"postalcode";N;s:4:"city";s:5:"Gafsa";s:8:"province";s:4:"Ksar";s:7:"country";s:7:"Tunisie";s:13:"lastLoginDate";s:19:"2012-10-31 07:46:41";s:13:"lastLoginHost";s:11:"81.22.22.31";s:9:"remote_id";N;s:13:"department_id";s:2:"27";s:5:"admin";s:1:"1";s:3:"msn";N;s:8:"facebook";N;s:7:"twitter";N;s:3:"icq";N;s:8:"whatsapp";N;s:10:"blackberry";N;s:5:"gmail";N;s:7:"role_id";s:1:"1";}', ''),
(113, 'dc993ee86100894ce11dfd36c4596591', 'Backend.logged_user_idententity', 1440, 'admin', ''),
(114, 'dc993ee86100894ce11dfd36c4596591', 'Backend.logged_user_object', 1440, 'O:8:"stdClass":32:{s:2:"id";s:1:"1";s:8:"username";s:5:"admin";s:8:"password";s:40:"d033e22ae348aeb5660fc2140aec35850c4da997";s:9:"firstname";s:4:"Amir";s:8:"lastname";s:6:"Cherif";s:13:"date_of_birth";N;s:5:"phone";N;s:5:"email";s:21:"montassar@amhsoft.com";s:6:"mobile";s:8:"21883580";s:3:"fax";N;s:5:"state";s:1:"1";s:16:"create_date_time";N;s:16:"update_date_time";s:19:"2012-11-22 18:33:59";s:6:"notice";N;s:7:"address";s:2:"23";s:10:"postalcode";N;s:4:"city";s:5:"Gafsa";s:8:"province";s:4:"Ksar";s:7:"country";s:7:"Tunisie";s:13:"lastLoginDate";s:19:"2012-10-31 07:46:41";s:13:"lastLoginHost";s:11:"81.22.22.31";s:9:"remote_id";N;s:13:"department_id";s:2:"27";s:5:"admin";s:1:"1";s:3:"msn";N;s:8:"facebook";N;s:7:"twitter";N;s:3:"icq";N;s:8:"whatsapp";N;s:10:"blackberry";N;s:5:"gmail";N;s:7:"role_id";s:1:"1";}', ''),
(115, '071bea13c39c3583eb1c0ddefb15b448', 'Frontend.logged_user_idententity', 1440, 'admin', ''),
(116, '071bea13c39c3583eb1c0ddefb15b448', 'Frontend.logged_user_object', 1440, 'O:8:"stdClass":32:{s:2:"id";s:1:"1";s:8:"username";s:5:"admin";s:8:"password";s:40:"d033e22ae348aeb5660fc2140aec35850c4da997";s:9:"firstname";s:4:"Amir";s:8:"lastname";s:6:"Cherif";s:13:"date_of_birth";N;s:5:"phone";N;s:5:"email";s:21:"montassar@amhsoft.com";s:6:"mobile";s:8:"21883580";s:3:"fax";N;s:5:"state";s:1:"1";s:16:"create_date_time";N;s:16:"update_date_time";s:19:"2012-11-22 18:33:59";s:6:"notice";N;s:7:"address";s:2:"23";s:10:"postalcode";N;s:4:"city";s:5:"Gafsa";s:8:"province";s:4:"Ksar";s:7:"country";s:7:"Tunisie";s:13:"lastLoginDate";s:19:"2012-10-31 07:46:41";s:13:"lastLoginHost";s:11:"81.22.22.31";s:9:"remote_id";N;s:13:"department_id";s:2:"27";s:5:"admin";s:1:"1";s:3:"msn";N;s:8:"facebook";N;s:7:"twitter";N;s:3:"icq";N;s:8:"whatsapp";N;s:10:"blackberry";N;s:5:"gmail";N;s:7:"role_id";s:1:"1";}', ''),
(117, 'f0a4acd432dbfe08bc8a5c9b66f35e05', 'Frontend.logged_user_idententity', 1441, 'admin', ''),
(118, 'f0a4acd432dbfe08bc8a5c9b66f35e05', 'Frontend.logged_user_object', 1441, 'O:8:"stdClass":32:{s:2:"id";s:1:"1";s:8:"username";s:5:"admin";s:8:"password";s:40:"d033e22ae348aeb5660fc2140aec35850c4da997";s:9:"firstname";s:4:"Amir";s:8:"lastname";s:6:"Cherif";s:13:"date_of_birth";N;s:5:"phone";N;s:5:"email";s:21:"montassar@amhsoft.com";s:6:"mobile";s:8:"21883580";s:3:"fax";N;s:5:"state";s:1:"1";s:16:"create_date_time";N;s:16:"update_date_time";s:19:"2012-11-22 18:33:59";s:6:"notice";N;s:7:"address";s:2:"23";s:10:"postalcode";N;s:4:"city";s:5:"Gafsa";s:8:"province";s:4:"Ksar";s:7:"country";s:7:"Tunisie";s:13:"lastLoginDate";s:19:"2012-10-31 07:46:41";s:13:"lastLoginHost";s:11:"81.22.22.31";s:9:"remote_id";N;s:13:"department_id";s:2:"27";s:5:"admin";s:1:"1";s:3:"msn";N;s:8:"facebook";N;s:7:"twitter";N;s:3:"icq";N;s:8:"whatsapp";N;s:10:"blackberry";N;s:5:"gmail";N;s:7:"role_id";s:1:"1";}', ''),
(119, '3b36104c03a4c3ab9b737ddd07c2be76', 'Frontend.logged_user_idententity', 1440, 'admin', ''),
(120, '3b36104c03a4c3ab9b737ddd07c2be76', 'Frontend.logged_user_object', 1440, 'O:8:"stdClass":32:{s:2:"id";s:1:"1";s:8:"username";s:5:"admin";s:8:"password";s:40:"d033e22ae348aeb5660fc2140aec35850c4da997";s:9:"firstname";s:4:"Amir";s:8:"lastname";s:6:"Cherif";s:13:"date_of_birth";N;s:5:"phone";N;s:5:"email";s:21:"montassar@amhsoft.com";s:6:"mobile";s:8:"21883580";s:3:"fax";N;s:5:"state";s:1:"1";s:16:"create_date_time";N;s:16:"update_date_time";s:19:"2012-11-22 18:33:59";s:6:"notice";N;s:7:"address";s:2:"23";s:10:"postalcode";N;s:4:"city";s:5:"Gafsa";s:8:"province";s:4:"Ksar";s:7:"country";s:7:"Tunisie";s:13:"lastLoginDate";s:19:"2012-10-31 07:46:41";s:13:"lastLoginHost";s:11:"81.22.22.31";s:9:"remote_id";N;s:13:"department_id";s:2:"27";s:5:"admin";s:1:"1";s:3:"msn";N;s:8:"facebook";N;s:7:"twitter";N;s:3:"icq";N;s:8:"whatsapp";N;s:10:"blackberry";N;s:5:"gmail";N;s:7:"role_id";s:1:"1";}', ''),
(121, '4f6dd9bf260e9c5228786f0a8f379903', 'Frontend.logged_user_idententity', 1441, 'admin', ''),
(122, '4f6dd9bf260e9c5228786f0a8f379903', 'Frontend.logged_user_object', 1441, 'O:8:"stdClass":32:{s:2:"id";s:1:"1";s:8:"username";s:5:"admin";s:8:"password";s:40:"d033e22ae348aeb5660fc2140aec35850c4da997";s:9:"firstname";s:4:"Amir";s:8:"lastname";s:6:"Cherif";s:13:"date_of_birth";N;s:5:"phone";N;s:5:"email";s:21:"montassar@amhsoft.com";s:6:"mobile";s:8:"21883580";s:3:"fax";N;s:5:"state";s:1:"1";s:16:"create_date_time";N;s:16:"update_date_time";s:19:"2012-11-22 18:33:59";s:6:"notice";N;s:7:"address";s:2:"23";s:10:"postalcode";N;s:4:"city";s:5:"Gafsa";s:8:"province";s:4:"Ksar";s:7:"country";s:7:"Tunisie";s:13:"lastLoginDate";s:19:"2012-10-31 07:46:41";s:13:"lastLoginHost";s:11:"81.22.22.31";s:9:"remote_id";N;s:13:"department_id";s:2:"27";s:5:"admin";s:1:"1";s:3:"msn";N;s:8:"facebook";N;s:7:"twitter";N;s:3:"icq";N;s:8:"whatsapp";N;s:10:"blackberry";N;s:5:"gmail";N;s:7:"role_id";s:1:"1";}', ''),
(137, '20fe9094b41302cee1c17b840609aefb', 'Frontend.logged_user_idententity', 1440, 'mu.burashed@gmail.com', ''),
(138, '20fe9094b41302cee1c17b840609aefb', 'Frontend.logged_user_object', 1440, 'O:8:"stdClass":15:{s:2:"id";s:3:"601";s:4:"name";s:7:"Muneera";s:8:"password";s:40:"7c4a8d09ca3762af61e59520943dc26494f8941b";s:6:"number";N;s:7:"telefon";N;s:6:"mobile";s:10:"3333333333";s:6:"email1";s:21:"mu.burashed@gmail.com";s:6:"email2";N;s:7:"country";s:7:"Bahrain";s:8:"province";s:9:"Muharraq ";s:4:"city";s:8:"Muharraq";s:6:"street";N;s:7:"zipcode";N;s:18:"register_date_time";s:19:"0000-00-00 00:00:00";s:6:"dealer";s:1:"0";}', ''),
(139, 'a57bcf2383c6db261861d44e6de87040', 'Frontend.logged_user_idententity', 1441, 'admin', ''),
(140, 'a57bcf2383c6db261861d44e6de87040', 'Frontend.logged_user_object', 1441, 'O:8:"stdClass":32:{s:2:"id";s:1:"1";s:8:"username";s:5:"admin";s:8:"password";s:40:"d033e22ae348aeb5660fc2140aec35850c4da997";s:9:"firstname";s:4:"Amir";s:8:"lastname";s:6:"Cherif";s:13:"date_of_birth";N;s:5:"phone";N;s:5:"email";s:21:"montassar@amhsoft.com";s:6:"mobile";s:8:"21883580";s:3:"fax";N;s:5:"state";s:1:"1";s:16:"create_date_time";N;s:16:"update_date_time";s:19:"2012-11-22 18:33:59";s:6:"notice";N;s:7:"address";s:2:"23";s:10:"postalcode";N;s:4:"city";s:5:"Gafsa";s:8:"province";s:4:"Ksar";s:7:"country";s:7:"Tunisie";s:13:"lastLoginDate";s:19:"2012-10-31 07:46:41";s:13:"lastLoginHost";s:11:"81.22.22.31";s:9:"remote_id";N;s:13:"department_id";s:2:"27";s:5:"admin";s:1:"1";s:3:"msn";N;s:8:"facebook";N;s:7:"twitter";N;s:3:"icq";N;s:8:"whatsapp";N;s:10:"blackberry";N;s:5:"gmail";N;s:7:"role_id";s:1:"1";}', ''),
(141, 'c68d1f06a21254669d442da2483704b3', 'Frontend.logged_user_idententity', 1441, 'admin', ''),
(142, 'c68d1f06a21254669d442da2483704b3', 'Frontend.logged_user_object', 1441, 'O:8:"stdClass":32:{s:2:"id";s:1:"1";s:8:"username";s:5:"admin";s:8:"password";s:40:"d033e22ae348aeb5660fc2140aec35850c4da997";s:9:"firstname";s:4:"Amir";s:8:"lastname";s:6:"Cherif";s:13:"date_of_birth";N;s:5:"phone";N;s:5:"email";s:21:"montassar@amhsoft.com";s:6:"mobile";s:8:"21883580";s:3:"fax";N;s:5:"state";s:1:"1";s:16:"create_date_time";N;s:16:"update_date_time";s:19:"2012-11-22 18:33:59";s:6:"notice";N;s:7:"address";s:2:"23";s:10:"postalcode";N;s:4:"city";s:5:"Gafsa";s:8:"province";s:4:"Ksar";s:7:"country";s:7:"Tunisie";s:13:"lastLoginDate";s:19:"2012-10-31 07:46:41";s:13:"lastLoginHost";s:11:"81.22.22.31";s:9:"remote_id";N;s:13:"department_id";s:2:"27";s:5:"admin";s:1:"1";s:3:"msn";N;s:8:"facebook";N;s:7:"twitter";N;s:3:"icq";N;s:8:"whatsapp";N;s:10:"blackberry";N;s:5:"gmail";N;s:7:"role_id";s:1:"1";}', ''),
(143, 'd569e52a0b550f98bb22f31dd8954d15', 'Frontend.logged_user_idententity', 1441, 'admin', ''),
(144, 'd569e52a0b550f98bb22f31dd8954d15', 'Frontend.logged_user_object', 1440, 'O:8:"stdClass":32:{s:2:"id";s:1:"1";s:8:"username";s:5:"admin";s:8:"password";s:40:"d033e22ae348aeb5660fc2140aec35850c4da997";s:9:"firstname";s:4:"Amir";s:8:"lastname";s:6:"Cherif";s:13:"date_of_birth";N;s:5:"phone";N;s:5:"email";s:21:"montassar@amhsoft.com";s:6:"mobile";s:8:"21883580";s:3:"fax";N;s:5:"state";s:1:"1";s:16:"create_date_time";N;s:16:"update_date_time";s:19:"2012-11-22 18:33:59";s:6:"notice";N;s:7:"address";s:2:"23";s:10:"postalcode";N;s:4:"city";s:5:"Gafsa";s:8:"province";s:4:"Ksar";s:7:"country";s:7:"Tunisie";s:13:"lastLoginDate";s:19:"2012-10-31 07:46:41";s:13:"lastLoginHost";s:11:"81.22.22.31";s:9:"remote_id";N;s:13:"department_id";s:2:"27";s:5:"admin";s:1:"1";s:3:"msn";N;s:8:"facebook";N;s:7:"twitter";N;s:3:"icq";N;s:8:"whatsapp";N;s:10:"blackberry";N;s:5:"gmail";N;s:7:"role_id";s:1:"1";}', ''),
(145, '6756703e11fcd7a93f4df540dff41213', 'Frontend.logged_user_idententity', 1440, 'admin', ''),
(146, '6756703e11fcd7a93f4df540dff41213', 'Frontend.logged_user_object', 1440, 'O:8:"stdClass":32:{s:2:"id";s:1:"1";s:8:"username";s:5:"admin";s:8:"password";s:40:"d033e22ae348aeb5660fc2140aec35850c4da997";s:9:"firstname";s:4:"Amir";s:8:"lastname";s:6:"Cherif";s:13:"date_of_birth";N;s:5:"phone";N;s:5:"email";s:21:"montassar@amhsoft.com";s:6:"mobile";s:8:"21883580";s:3:"fax";N;s:5:"state";s:1:"1";s:16:"create_date_time";N;s:16:"update_date_time";s:19:"2012-11-22 18:33:59";s:6:"notice";N;s:7:"address";s:2:"23";s:10:"postalcode";N;s:4:"city";s:5:"Gafsa";s:8:"province";s:4:"Ksar";s:7:"country";s:7:"Tunisie";s:13:"lastLoginDate";s:19:"2012-10-31 07:46:41";s:13:"lastLoginHost";s:11:"81.22.22.31";s:9:"remote_id";N;s:13:"department_id";s:2:"27";s:5:"admin";s:1:"1";s:3:"msn";N;s:8:"facebook";N;s:7:"twitter";N;s:3:"icq";N;s:8:"whatsapp";N;s:10:"blackberry";N;s:5:"gmail";N;s:7:"role_id";s:1:"1";}', ''),
(147, '8afb7041988b397a316ac414582e67ff', 'Frontend.logged_user_idententity', 1441, 'admin', ''),
(148, '8afb7041988b397a316ac414582e67ff', 'Frontend.logged_user_object', 1441, 'O:8:"stdClass":32:{s:2:"id";s:1:"1";s:8:"username";s:5:"admin";s:8:"password";s:40:"d033e22ae348aeb5660fc2140aec35850c4da997";s:9:"firstname";s:4:"Amir";s:8:"lastname";s:6:"Cherif";s:13:"date_of_birth";N;s:5:"phone";N;s:5:"email";s:21:"montassar@amhsoft.com";s:6:"mobile";s:8:"21883580";s:3:"fax";N;s:5:"state";s:1:"1";s:16:"create_date_time";N;s:16:"update_date_time";s:19:"2012-11-22 18:33:59";s:6:"notice";N;s:7:"address";s:2:"23";s:10:"postalcode";N;s:4:"city";s:5:"Gafsa";s:8:"province";s:4:"Ksar";s:7:"country";s:7:"Tunisie";s:13:"lastLoginDate";s:19:"2012-10-31 07:46:41";s:13:"lastLoginHost";s:11:"81.22.22.31";s:9:"remote_id";N;s:13:"department_id";s:2:"27";s:5:"admin";s:1:"1";s:3:"msn";N;s:8:"facebook";N;s:7:"twitter";N;s:3:"icq";N;s:8:"whatsapp";N;s:10:"blackberry";N;s:5:"gmail";N;s:7:"role_id";s:1:"1";}', ''),
(149, '472fddda2ba37f36f4e9f2202542ea1e', 'Frontend.logged_user_idententity', 1441, 'admin', ''),
(150, '472fddda2ba37f36f4e9f2202542ea1e', 'Frontend.logged_user_object', 1441, 'O:8:"stdClass":32:{s:2:"id";s:1:"1";s:8:"username";s:5:"admin";s:8:"password";s:40:"d033e22ae348aeb5660fc2140aec35850c4da997";s:9:"firstname";s:4:"Amir";s:8:"lastname";s:6:"Cherif";s:13:"date_of_birth";N;s:5:"phone";N;s:5:"email";s:21:"montassar@amhsoft.com";s:6:"mobile";s:8:"21883580";s:3:"fax";N;s:5:"state";s:1:"1";s:16:"create_date_time";N;s:16:"update_date_time";s:19:"2012-11-22 18:33:59";s:6:"notice";N;s:7:"address";s:2:"23";s:10:"postalcode";N;s:4:"city";s:5:"Gafsa";s:8:"province";s:4:"Ksar";s:7:"country";s:7:"Tunisie";s:13:"lastLoginDate";s:19:"2012-10-31 07:46:41";s:13:"lastLoginHost";s:11:"81.22.22.31";s:9:"remote_id";N;s:13:"department_id";s:2:"27";s:5:"admin";s:1:"1";s:3:"msn";N;s:8:"facebook";N;s:7:"twitter";N;s:3:"icq";N;s:8:"whatsapp";N;s:10:"blackberry";N;s:5:"gmail";N;s:7:"role_id";s:1:"1";}', ''),
(151, 'b291b41d57e783b62f175d00f9ff947b', 'Frontend.logged_user_idententity', 1441, 'admin', ''),
(152, 'b291b41d57e783b62f175d00f9ff947b', 'Frontend.logged_user_object', 1441, 'O:8:"stdClass":32:{s:2:"id";s:1:"1";s:8:"username";s:5:"admin";s:8:"password";s:40:"d033e22ae348aeb5660fc2140aec35850c4da997";s:9:"firstname";s:4:"Amir";s:8:"lastname";s:6:"Cherif";s:13:"date_of_birth";N;s:5:"phone";N;s:5:"email";s:21:"montassar@amhsoft.com";s:6:"mobile";s:8:"21883580";s:3:"fax";N;s:5:"state";s:1:"1";s:16:"create_date_time";N;s:16:"update_date_time";s:19:"2012-11-22 18:33:59";s:6:"notice";N;s:7:"address";s:2:"23";s:10:"postalcode";N;s:4:"city";s:5:"Gafsa";s:8:"province";s:4:"Ksar";s:7:"country";s:7:"Tunisie";s:13:"lastLoginDate";s:19:"2012-10-31 07:46:41";s:13:"lastLoginHost";s:11:"81.22.22.31";s:9:"remote_id";N;s:13:"department_id";s:2:"27";s:5:"admin";s:1:"1";s:3:"msn";N;s:8:"facebook";N;s:7:"twitter";N;s:3:"icq";N;s:8:"whatsapp";N;s:10:"blackberry";N;s:5:"gmail";N;s:7:"role_id";s:1:"1";}', ''),
(153, '8509146929e85dc559e6dbc3d895b586', 'Frontend.logged_user_idententity', 1440, 'admin', ''),
(154, '8509146929e85dc559e6dbc3d895b586', 'Frontend.logged_user_object', 1440, 'O:8:"stdClass":32:{s:2:"id";s:1:"1";s:8:"username";s:5:"admin";s:8:"password";s:40:"d033e22ae348aeb5660fc2140aec35850c4da997";s:9:"firstname";s:4:"Amir";s:8:"lastname";s:6:"Cherif";s:13:"date_of_birth";N;s:5:"phone";N;s:5:"email";s:21:"montassar@amhsoft.com";s:6:"mobile";s:8:"21883580";s:3:"fax";N;s:5:"state";s:1:"1";s:16:"create_date_time";N;s:16:"update_date_time";s:19:"2012-11-22 18:33:59";s:6:"notice";N;s:7:"address";s:2:"23";s:10:"postalcode";N;s:4:"city";s:5:"Gafsa";s:8:"province";s:4:"Ksar";s:7:"country";s:7:"Tunisie";s:13:"lastLoginDate";s:19:"2012-10-31 07:46:41";s:13:"lastLoginHost";s:11:"81.22.22.31";s:9:"remote_id";N;s:13:"department_id";s:2:"27";s:5:"admin";s:1:"1";s:3:"msn";N;s:8:"facebook";N;s:7:"twitter";N;s:3:"icq";N;s:8:"whatsapp";N;s:10:"blackberry";N;s:5:"gmail";N;s:7:"role_id";s:1:"1";}', ''),
(155, 'c6373181cbd1e1bc2f4d476f7942fc5b', 'Frontend.logged_user_idententity', 1440, 'admin', ''),
(156, 'c6373181cbd1e1bc2f4d476f7942fc5b', 'Frontend.logged_user_object', 1440, 'O:8:"stdClass":32:{s:2:"id";s:1:"1";s:8:"username";s:5:"admin";s:8:"password";s:40:"d033e22ae348aeb5660fc2140aec35850c4da997";s:9:"firstname";s:4:"Amir";s:8:"lastname";s:6:"Cherif";s:13:"date_of_birth";N;s:5:"phone";N;s:5:"email";s:21:"montassar@amhsoft.com";s:6:"mobile";s:8:"21883580";s:3:"fax";N;s:5:"state";s:1:"1";s:16:"create_date_time";N;s:16:"update_date_time";s:19:"2012-11-22 18:33:59";s:6:"notice";N;s:7:"address";s:2:"23";s:10:"postalcode";N;s:4:"city";s:5:"Gafsa";s:8:"province";s:4:"Ksar";s:7:"country";s:7:"Tunisie";s:13:"lastLoginDate";s:19:"2012-10-31 07:46:41";s:13:"lastLoginHost";s:11:"81.22.22.31";s:9:"remote_id";N;s:13:"department_id";s:2:"27";s:5:"admin";s:1:"1";s:3:"msn";N;s:8:"facebook";N;s:7:"twitter";N;s:3:"icq";N;s:8:"whatsapp";N;s:10:"blackberry";N;s:5:"gmail";N;s:7:"role_id";s:1:"1";}', ''),
(157, '5ab7f8352eb5a598a74351a1bcb4c518', 'Frontend.logged_user_idententity', 1440, 'admin', ''),
(158, '5ab7f8352eb5a598a74351a1bcb4c518', 'Frontend.logged_user_object', 1441, 'O:8:"stdClass":32:{s:2:"id";s:1:"1";s:8:"username";s:5:"admin";s:8:"password";s:40:"d033e22ae348aeb5660fc2140aec35850c4da997";s:9:"firstname";s:4:"Amir";s:8:"lastname";s:6:"Cherif";s:13:"date_of_birth";N;s:5:"phone";N;s:5:"email";s:21:"montassar@amhsoft.com";s:6:"mobile";s:8:"21883580";s:3:"fax";N;s:5:"state";s:1:"1";s:16:"create_date_time";N;s:16:"update_date_time";s:19:"2012-11-22 18:33:59";s:6:"notice";N;s:7:"address";s:2:"23";s:10:"postalcode";N;s:4:"city";s:5:"Gafsa";s:8:"province";s:4:"Ksar";s:7:"country";s:7:"Tunisie";s:13:"lastLoginDate";s:19:"2012-10-31 07:46:41";s:13:"lastLoginHost";s:11:"81.22.22.31";s:9:"remote_id";N;s:13:"department_id";s:2:"27";s:5:"admin";s:1:"1";s:3:"msn";N;s:8:"facebook";N;s:7:"twitter";N;s:3:"icq";N;s:8:"whatsapp";N;s:10:"blackberry";N;s:5:"gmail";N;s:7:"role_id";s:1:"1";}', ''),
(159, '4d86bc00ef11570767eece7224f9bb35', 'Frontend.logged_user_idententity', 1440, 'admin', ''),
(160, '4d86bc00ef11570767eece7224f9bb35', 'Frontend.logged_user_object', 1440, 'O:8:"stdClass":32:{s:2:"id";s:1:"1";s:8:"username";s:5:"admin";s:8:"password";s:40:"d033e22ae348aeb5660fc2140aec35850c4da997";s:9:"firstname";s:4:"Amir";s:8:"lastname";s:6:"Cherif";s:13:"date_of_birth";N;s:5:"phone";N;s:5:"email";s:21:"montassar@amhsoft.com";s:6:"mobile";s:8:"21883580";s:3:"fax";N;s:5:"state";s:1:"1";s:16:"create_date_time";N;s:16:"update_date_time";s:19:"2012-11-22 18:33:59";s:6:"notice";N;s:7:"address";s:2:"23";s:10:"postalcode";N;s:4:"city";s:5:"Gafsa";s:8:"province";s:4:"Ksar";s:7:"country";s:7:"Tunisie";s:13:"lastLoginDate";s:19:"2012-10-31 07:46:41";s:13:"lastLoginHost";s:11:"81.22.22.31";s:9:"remote_id";N;s:13:"department_id";s:2:"27";s:5:"admin";s:1:"1";s:3:"msn";N;s:8:"facebook";N;s:7:"twitter";N;s:3:"icq";N;s:8:"whatsapp";N;s:10:"blackberry";N;s:5:"gmail";N;s:7:"role_id";s:1:"1";}', ''),
(161, 'eff496b1254ce700c1cfe470ccd2fe0f', 'Frontend.logged_user_idententity', 1440, 'admin', ''),
(162, 'eff496b1254ce700c1cfe470ccd2fe0f', 'Frontend.logged_user_object', 1440, 'O:8:"stdClass":32:{s:2:"id";s:1:"1";s:8:"username";s:5:"admin";s:8:"password";s:40:"d033e22ae348aeb5660fc2140aec35850c4da997";s:9:"firstname";s:4:"Amir";s:8:"lastname";s:6:"Cherif";s:13:"date_of_birth";N;s:5:"phone";N;s:5:"email";s:21:"montassar@amhsoft.com";s:6:"mobile";s:8:"21883580";s:3:"fax";N;s:5:"state";s:1:"1";s:16:"create_date_time";N;s:16:"update_date_time";s:19:"2012-11-22 18:33:59";s:6:"notice";N;s:7:"address";s:2:"23";s:10:"postalcode";N;s:4:"city";s:5:"Gafsa";s:8:"province";s:4:"Ksar";s:7:"country";s:7:"Tunisie";s:13:"lastLoginDate";s:19:"2012-10-31 07:46:41";s:13:"lastLoginHost";s:11:"81.22.22.31";s:9:"remote_id";N;s:13:"department_id";s:2:"27";s:5:"admin";s:1:"1";s:3:"msn";N;s:8:"facebook";N;s:7:"twitter";N;s:3:"icq";N;s:8:"whatsapp";N;s:10:"blackberry";N;s:5:"gmail";N;s:7:"role_id";s:1:"1";}', ''),
(163, '0075386d8245ffb1b748149564379cd3', 'Frontend.logged_user_idententity', 1441, 'admin', ''),
(164, '0075386d8245ffb1b748149564379cd3', 'Frontend.logged_user_object', 1441, 'O:8:"stdClass":32:{s:2:"id";s:1:"1";s:8:"username";s:5:"admin";s:8:"password";s:40:"d033e22ae348aeb5660fc2140aec35850c4da997";s:9:"firstname";s:4:"Amir";s:8:"lastname";s:6:"Cherif";s:13:"date_of_birth";N;s:5:"phone";N;s:5:"email";s:21:"montassar@amhsoft.com";s:6:"mobile";s:8:"21883580";s:3:"fax";N;s:5:"state";s:1:"1";s:16:"create_date_time";N;s:16:"update_date_time";s:19:"2012-11-22 18:33:59";s:6:"notice";N;s:7:"address";s:2:"23";s:10:"postalcode";N;s:4:"city";s:5:"Gafsa";s:8:"province";s:4:"Ksar";s:7:"country";s:7:"Tunisie";s:13:"lastLoginDate";s:19:"2012-10-31 07:46:41";s:13:"lastLoginHost";s:11:"81.22.22.31";s:9:"remote_id";N;s:13:"department_id";s:2:"27";s:5:"admin";s:1:"1";s:3:"msn";N;s:8:"facebook";N;s:7:"twitter";N;s:3:"icq";N;s:8:"whatsapp";N;s:10:"blackberry";N;s:5:"gmail";N;s:7:"role_id";s:1:"1";}', ''),
(165, '4444c3285f3e8c4e504ebe9c2f69c0b5', 'Frontend.logged_user_idententity', 1441, 'admin', ''),
(166, '4444c3285f3e8c4e504ebe9c2f69c0b5', 'Frontend.logged_user_object', 1441, 'O:8:"stdClass":32:{s:2:"id";s:1:"1";s:8:"username";s:5:"admin";s:8:"password";s:40:"d033e22ae348aeb5660fc2140aec35850c4da997";s:9:"firstname";s:4:"Amir";s:8:"lastname";s:6:"Cherif";s:13:"date_of_birth";N;s:5:"phone";N;s:5:"email";s:21:"montassar@amhsoft.com";s:6:"mobile";s:8:"21883580";s:3:"fax";N;s:5:"state";s:1:"1";s:16:"create_date_time";N;s:16:"update_date_time";s:19:"2012-11-22 18:33:59";s:6:"notice";N;s:7:"address";s:2:"23";s:10:"postalcode";N;s:4:"city";s:5:"Gafsa";s:8:"province";s:4:"Ksar";s:7:"country";s:7:"Tunisie";s:13:"lastLoginDate";s:19:"2012-10-31 07:46:41";s:13:"lastLoginHost";s:11:"81.22.22.31";s:9:"remote_id";N;s:13:"department_id";s:2:"27";s:5:"admin";s:1:"1";s:3:"msn";N;s:8:"facebook";N;s:7:"twitter";N;s:3:"icq";N;s:8:"whatsapp";N;s:10:"blackberry";N;s:5:"gmail";N;s:7:"role_id";s:1:"1";}', ''),
(167, 'e0c11ff6e81c7e0e56483f27ecbb04e8', 'Frontend.logged_user_idententity', 1440, 'admin', ''),
(168, 'e0c11ff6e81c7e0e56483f27ecbb04e8', 'Frontend.logged_user_object', 1440, 'O:8:"stdClass":32:{s:2:"id";s:1:"1";s:8:"username";s:5:"admin";s:8:"password";s:40:"d033e22ae348aeb5660fc2140aec35850c4da997";s:9:"firstname";s:4:"Amir";s:8:"lastname";s:6:"Cherif";s:13:"date_of_birth";N;s:5:"phone";N;s:5:"email";s:21:"montassar@amhsoft.com";s:6:"mobile";s:8:"21883580";s:3:"fax";N;s:5:"state";s:1:"1";s:16:"create_date_time";N;s:16:"update_date_time";s:19:"2012-11-22 18:33:59";s:6:"notice";N;s:7:"address";s:2:"23";s:10:"postalcode";N;s:4:"city";s:5:"Gafsa";s:8:"province";s:4:"Ksar";s:7:"country";s:7:"Tunisie";s:13:"lastLoginDate";s:19:"2012-10-31 07:46:41";s:13:"lastLoginHost";s:11:"81.22.22.31";s:9:"remote_id";N;s:13:"department_id";s:2:"27";s:5:"admin";s:1:"1";s:3:"msn";N;s:8:"facebook";N;s:7:"twitter";N;s:3:"icq";N;s:8:"whatsapp";N;s:10:"blackberry";N;s:5:"gmail";N;s:7:"role_id";s:1:"1";}', ''),
(169, '1f3209198da4b099d3d0d986ab371e56', 'Frontend.logged_user_idententity', 1441, 'admin', ''),
(170, '1f3209198da4b099d3d0d986ab371e56', 'Frontend.logged_user_object', 1441, 'O:8:"stdClass":32:{s:2:"id";s:1:"1";s:8:"username";s:5:"admin";s:8:"password";s:40:"d033e22ae348aeb5660fc2140aec35850c4da997";s:9:"firstname";s:4:"Amir";s:8:"lastname";s:6:"Cherif";s:13:"date_of_birth";N;s:5:"phone";N;s:5:"email";s:21:"montassar@amhsoft.com";s:6:"mobile";s:8:"21883580";s:3:"fax";N;s:5:"state";s:1:"1";s:16:"create_date_time";N;s:16:"update_date_time";s:19:"2012-11-22 18:33:59";s:6:"notice";N;s:7:"address";s:2:"23";s:10:"postalcode";N;s:4:"city";s:5:"Gafsa";s:8:"province";s:4:"Ksar";s:7:"country";s:7:"Tunisie";s:13:"lastLoginDate";s:19:"2012-10-31 07:46:41";s:13:"lastLoginHost";s:11:"81.22.22.31";s:9:"remote_id";N;s:13:"department_id";s:2:"27";s:5:"admin";s:1:"1";s:3:"msn";N;s:8:"facebook";N;s:7:"twitter";N;s:3:"icq";N;s:8:"whatsapp";N;s:10:"blackberry";N;s:5:"gmail";N;s:7:"role_id";s:1:"1";}', ''),
(171, 'cc7d853d38bbd6253a0d0e387ec97a5b', 'Frontend.logged_user_idententity', 1440, 'admin', '');
INSERT INTO `session` (`id`, `session_id`, `session_key`, `session_expiry`, `session_value`, `host`) VALUES
(172, 'cc7d853d38bbd6253a0d0e387ec97a5b', 'Frontend.logged_user_object', 1440, 'O:8:"stdClass":32:{s:2:"id";s:1:"1";s:8:"username";s:5:"admin";s:8:"password";s:40:"d033e22ae348aeb5660fc2140aec35850c4da997";s:9:"firstname";s:4:"Amir";s:8:"lastname";s:6:"Cherif";s:13:"date_of_birth";N;s:5:"phone";N;s:5:"email";s:21:"montassar@amhsoft.com";s:6:"mobile";s:8:"21883580";s:3:"fax";N;s:5:"state";s:1:"1";s:16:"create_date_time";N;s:16:"update_date_time";s:19:"2012-11-22 18:33:59";s:6:"notice";N;s:7:"address";s:2:"23";s:10:"postalcode";N;s:4:"city";s:5:"Gafsa";s:8:"province";s:4:"Ksar";s:7:"country";s:7:"Tunisie";s:13:"lastLoginDate";s:19:"2012-10-31 07:46:41";s:13:"lastLoginHost";s:11:"81.22.22.31";s:9:"remote_id";N;s:13:"department_id";s:2:"27";s:5:"admin";s:1:"1";s:3:"msn";N;s:8:"facebook";N;s:7:"twitter";N;s:3:"icq";N;s:8:"whatsapp";N;s:10:"blackberry";N;s:5:"gmail";N;s:7:"role_id";s:1:"1";}', ''),
(173, '94e32e2eb3aff8e113af02435584455c', 'Frontend.logged_user_idententity', 1441, 'admin', ''),
(174, '94e32e2eb3aff8e113af02435584455c', 'Frontend.logged_user_object', 1441, 'O:8:"stdClass":32:{s:2:"id";s:1:"1";s:8:"username";s:5:"admin";s:8:"password";s:40:"d033e22ae348aeb5660fc2140aec35850c4da997";s:9:"firstname";s:4:"Amir";s:8:"lastname";s:6:"Cherif";s:13:"date_of_birth";N;s:5:"phone";N;s:5:"email";s:21:"montassar@amhsoft.com";s:6:"mobile";s:8:"21883580";s:3:"fax";N;s:5:"state";s:1:"1";s:16:"create_date_time";N;s:16:"update_date_time";s:19:"2012-11-22 18:33:59";s:6:"notice";N;s:7:"address";s:2:"23";s:10:"postalcode";N;s:4:"city";s:5:"Gafsa";s:8:"province";s:4:"Ksar";s:7:"country";s:7:"Tunisie";s:13:"lastLoginDate";s:19:"2012-10-31 07:46:41";s:13:"lastLoginHost";s:11:"81.22.22.31";s:9:"remote_id";N;s:13:"department_id";s:2:"27";s:5:"admin";s:1:"1";s:3:"msn";N;s:8:"facebook";N;s:7:"twitter";N;s:3:"icq";N;s:8:"whatsapp";N;s:10:"blackberry";N;s:5:"gmail";N;s:7:"role_id";s:1:"1";}', ''),
(175, '2a4b394c0107eddaba42c6a5b3364a15', 'Frontend.logged_user_idententity', 1440, 'admin', ''),
(176, '2a4b394c0107eddaba42c6a5b3364a15', 'Frontend.logged_user_object', 1440, 'O:8:"stdClass":32:{s:2:"id";s:1:"1";s:8:"username";s:5:"admin";s:8:"password";s:40:"d033e22ae348aeb5660fc2140aec35850c4da997";s:9:"firstname";s:4:"Amir";s:8:"lastname";s:6:"Cherif";s:13:"date_of_birth";N;s:5:"phone";N;s:5:"email";s:21:"montassar@amhsoft.com";s:6:"mobile";s:8:"21883580";s:3:"fax";N;s:5:"state";s:1:"1";s:16:"create_date_time";N;s:16:"update_date_time";s:19:"2012-11-22 18:33:59";s:6:"notice";N;s:7:"address";s:2:"23";s:10:"postalcode";N;s:4:"city";s:5:"Gafsa";s:8:"province";s:4:"Ksar";s:7:"country";s:7:"Tunisie";s:13:"lastLoginDate";s:19:"2012-10-31 07:46:41";s:13:"lastLoginHost";s:11:"81.22.22.31";s:9:"remote_id";N;s:13:"department_id";s:2:"27";s:5:"admin";s:1:"1";s:3:"msn";N;s:8:"facebook";N;s:7:"twitter";N;s:3:"icq";N;s:8:"whatsapp";N;s:10:"blackberry";N;s:5:"gmail";N;s:7:"role_id";s:1:"1";}', ''),
(177, '5cea1e931d9556c283c73e7333d0c218', 'Frontend.logged_user_idententity', 1441, 'admin', ''),
(178, '5cea1e931d9556c283c73e7333d0c218', 'Frontend.logged_user_object', 1441, 'O:8:"stdClass":32:{s:2:"id";s:1:"1";s:8:"username";s:5:"admin";s:8:"password";s:40:"d033e22ae348aeb5660fc2140aec35850c4da997";s:9:"firstname";s:4:"Amir";s:8:"lastname";s:6:"Cherif";s:13:"date_of_birth";N;s:5:"phone";N;s:5:"email";s:21:"montassar@amhsoft.com";s:6:"mobile";s:8:"21883580";s:3:"fax";N;s:5:"state";s:1:"1";s:16:"create_date_time";N;s:16:"update_date_time";s:19:"2012-11-22 18:33:59";s:6:"notice";N;s:7:"address";s:2:"23";s:10:"postalcode";N;s:4:"city";s:5:"Gafsa";s:8:"province";s:4:"Ksar";s:7:"country";s:7:"Tunisie";s:13:"lastLoginDate";s:19:"2012-10-31 07:46:41";s:13:"lastLoginHost";s:11:"81.22.22.31";s:9:"remote_id";N;s:13:"department_id";s:2:"27";s:5:"admin";s:1:"1";s:3:"msn";N;s:8:"facebook";N;s:7:"twitter";N;s:3:"icq";N;s:8:"whatsapp";N;s:10:"blackberry";N;s:5:"gmail";N;s:7:"role_id";s:1:"1";}', ''),
(179, '6964fe5f89100f77ecf50407f4f1d536', 'Frontend.logged_user_idententity', 1440, 'admin', ''),
(180, '6964fe5f89100f77ecf50407f4f1d536', 'Frontend.logged_user_object', 1440, 'O:8:"stdClass":32:{s:2:"id";s:1:"1";s:8:"username";s:5:"admin";s:8:"password";s:40:"d033e22ae348aeb5660fc2140aec35850c4da997";s:9:"firstname";s:4:"Amir";s:8:"lastname";s:6:"Cherif";s:13:"date_of_birth";N;s:5:"phone";N;s:5:"email";s:21:"montassar@amhsoft.com";s:6:"mobile";s:8:"21883580";s:3:"fax";N;s:5:"state";s:1:"1";s:16:"create_date_time";N;s:16:"update_date_time";s:19:"2012-11-22 18:33:59";s:6:"notice";N;s:7:"address";s:2:"23";s:10:"postalcode";N;s:4:"city";s:5:"Gafsa";s:8:"province";s:4:"Ksar";s:7:"country";s:7:"Tunisie";s:13:"lastLoginDate";s:19:"2012-10-31 07:46:41";s:13:"lastLoginHost";s:11:"81.22.22.31";s:9:"remote_id";N;s:13:"department_id";s:2:"27";s:5:"admin";s:1:"1";s:3:"msn";N;s:8:"facebook";N;s:7:"twitter";N;s:3:"icq";N;s:8:"whatsapp";N;s:10:"blackberry";N;s:5:"gmail";N;s:7:"role_id";s:1:"1";}', ''),
(181, '22c5734e040be1a8a87a15811c746ed5', 'Frontend.logged_user_idententity', 1440, 'admin', ''),
(182, '22c5734e040be1a8a87a15811c746ed5', 'Frontend.logged_user_object', 1440, 'O:8:"stdClass":32:{s:2:"id";s:1:"1";s:8:"username";s:5:"admin";s:8:"password";s:40:"d033e22ae348aeb5660fc2140aec35850c4da997";s:9:"firstname";s:4:"Amir";s:8:"lastname";s:6:"Cherif";s:13:"date_of_birth";N;s:5:"phone";N;s:5:"email";s:21:"montassar@amhsoft.com";s:6:"mobile";s:8:"21883580";s:3:"fax";N;s:5:"state";s:1:"1";s:16:"create_date_time";N;s:16:"update_date_time";s:19:"2012-11-22 18:33:59";s:6:"notice";N;s:7:"address";s:2:"23";s:10:"postalcode";N;s:4:"city";s:5:"Gafsa";s:8:"province";s:4:"Ksar";s:7:"country";s:7:"Tunisie";s:13:"lastLoginDate";s:19:"2012-10-31 07:46:41";s:13:"lastLoginHost";s:11:"81.22.22.31";s:9:"remote_id";N;s:13:"department_id";s:2:"27";s:5:"admin";s:1:"1";s:3:"msn";N;s:8:"facebook";N;s:7:"twitter";N;s:3:"icq";N;s:8:"whatsapp";N;s:10:"blackberry";N;s:5:"gmail";N;s:7:"role_id";s:1:"1";}', ''),
(183, 'cb5a6072e6ba3488827dec25b970f67c', 'Frontend.logged_user_idententity', 1440, 'admin', ''),
(184, 'cb5a6072e6ba3488827dec25b970f67c', 'Frontend.logged_user_object', 1440, 'O:8:"stdClass":32:{s:2:"id";s:1:"1";s:8:"username";s:5:"admin";s:8:"password";s:40:"d033e22ae348aeb5660fc2140aec35850c4da997";s:9:"firstname";s:4:"Amir";s:8:"lastname";s:6:"Cherif";s:13:"date_of_birth";N;s:5:"phone";N;s:5:"email";s:21:"montassar@amhsoft.com";s:6:"mobile";s:8:"21883580";s:3:"fax";N;s:5:"state";s:1:"1";s:16:"create_date_time";N;s:16:"update_date_time";s:19:"2012-11-22 18:33:59";s:6:"notice";N;s:7:"address";s:2:"23";s:10:"postalcode";N;s:4:"city";s:5:"Gafsa";s:8:"province";s:4:"Ksar";s:7:"country";s:7:"Tunisie";s:13:"lastLoginDate";s:19:"2012-10-31 07:46:41";s:13:"lastLoginHost";s:11:"81.22.22.31";s:9:"remote_id";N;s:13:"department_id";s:2:"27";s:5:"admin";s:1:"1";s:3:"msn";N;s:8:"facebook";N;s:7:"twitter";N;s:3:"icq";N;s:8:"whatsapp";N;s:10:"blackberry";N;s:5:"gmail";N;s:7:"role_id";s:1:"1";}', ''),
(185, 'be7476f91d34fca935d489ae4f87f8e1', 'Frontend.logged_user_idententity', 1441, 'admin', ''),
(186, 'be7476f91d34fca935d489ae4f87f8e1', 'Frontend.logged_user_object', 1441, 'O:8:"stdClass":32:{s:2:"id";s:1:"1";s:8:"username";s:5:"admin";s:8:"password";s:40:"d033e22ae348aeb5660fc2140aec35850c4da997";s:9:"firstname";s:4:"Amir";s:8:"lastname";s:6:"Cherif";s:13:"date_of_birth";N;s:5:"phone";N;s:5:"email";s:21:"montassar@amhsoft.com";s:6:"mobile";s:8:"21883580";s:3:"fax";N;s:5:"state";s:1:"1";s:16:"create_date_time";N;s:16:"update_date_time";s:19:"2012-11-22 18:33:59";s:6:"notice";N;s:7:"address";s:2:"23";s:10:"postalcode";N;s:4:"city";s:5:"Gafsa";s:8:"province";s:4:"Ksar";s:7:"country";s:7:"Tunisie";s:13:"lastLoginDate";s:19:"2012-10-31 07:46:41";s:13:"lastLoginHost";s:11:"81.22.22.31";s:9:"remote_id";N;s:13:"department_id";s:2:"27";s:5:"admin";s:1:"1";s:3:"msn";N;s:8:"facebook";N;s:7:"twitter";N;s:3:"icq";N;s:8:"whatsapp";N;s:10:"blackberry";N;s:5:"gmail";N;s:7:"role_id";s:1:"1";}', ''),
(187, 'b8a0bcd9d4690f63413b13d845eefa08', 'Frontend.logged_user_idententity', 1441, 'admin', ''),
(188, 'b8a0bcd9d4690f63413b13d845eefa08', 'Frontend.logged_user_object', 1441, 'O:8:"stdClass":32:{s:2:"id";s:1:"1";s:8:"username";s:5:"admin";s:8:"password";s:40:"d033e22ae348aeb5660fc2140aec35850c4da997";s:9:"firstname";s:4:"Amir";s:8:"lastname";s:6:"Cherif";s:13:"date_of_birth";N;s:5:"phone";N;s:5:"email";s:21:"montassar@amhsoft.com";s:6:"mobile";s:8:"21883580";s:3:"fax";N;s:5:"state";s:1:"1";s:16:"create_date_time";N;s:16:"update_date_time";s:19:"2012-11-22 18:33:59";s:6:"notice";N;s:7:"address";s:2:"23";s:10:"postalcode";N;s:4:"city";s:5:"Gafsa";s:8:"province";s:4:"Ksar";s:7:"country";s:7:"Tunisie";s:13:"lastLoginDate";s:19:"2012-10-31 07:46:41";s:13:"lastLoginHost";s:11:"81.22.22.31";s:9:"remote_id";N;s:13:"department_id";s:2:"27";s:5:"admin";s:1:"1";s:3:"msn";N;s:8:"facebook";N;s:7:"twitter";N;s:3:"icq";N;s:8:"whatsapp";N;s:10:"blackberry";N;s:5:"gmail";N;s:7:"role_id";s:1:"1";}', ''),
(189, 'e69bcb74e98637cdc7deef61792b510e', 'Frontend.logged_user_idententity', 1440, 'admin', ''),
(190, 'e69bcb74e98637cdc7deef61792b510e', 'Frontend.logged_user_object', 1440, 'O:8:"stdClass":32:{s:2:"id";s:1:"1";s:8:"username";s:5:"admin";s:8:"password";s:40:"d033e22ae348aeb5660fc2140aec35850c4da997";s:9:"firstname";s:4:"Amir";s:8:"lastname";s:6:"Cherif";s:13:"date_of_birth";N;s:5:"phone";N;s:5:"email";s:21:"montassar@amhsoft.com";s:6:"mobile";s:8:"21883580";s:3:"fax";N;s:5:"state";s:1:"1";s:16:"create_date_time";N;s:16:"update_date_time";s:19:"2012-11-22 18:33:59";s:6:"notice";N;s:7:"address";s:2:"23";s:10:"postalcode";N;s:4:"city";s:5:"Gafsa";s:8:"province";s:4:"Ksar";s:7:"country";s:7:"Tunisie";s:13:"lastLoginDate";s:19:"2012-10-31 07:46:41";s:13:"lastLoginHost";s:11:"81.22.22.31";s:9:"remote_id";N;s:13:"department_id";s:2:"27";s:5:"admin";s:1:"1";s:3:"msn";N;s:8:"facebook";N;s:7:"twitter";N;s:3:"icq";N;s:8:"whatsapp";N;s:10:"blackberry";N;s:5:"gmail";N;s:7:"role_id";s:1:"1";}', ''),
(191, '91455741ac250b169b7ad506d00f1200', 'Frontend.logged_user_idententity', 1441, 'admin', ''),
(192, '91455741ac250b169b7ad506d00f1200', 'Frontend.logged_user_object', 1441, 'O:8:"stdClass":32:{s:2:"id";s:1:"1";s:8:"username";s:5:"admin";s:8:"password";s:40:"d033e22ae348aeb5660fc2140aec35850c4da997";s:9:"firstname";s:4:"Amir";s:8:"lastname";s:6:"Cherif";s:13:"date_of_birth";N;s:5:"phone";N;s:5:"email";s:21:"montassar@amhsoft.com";s:6:"mobile";s:8:"21883580";s:3:"fax";N;s:5:"state";s:1:"1";s:16:"create_date_time";N;s:16:"update_date_time";s:19:"2012-11-22 18:33:59";s:6:"notice";N;s:7:"address";s:2:"23";s:10:"postalcode";N;s:4:"city";s:5:"Gafsa";s:8:"province";s:4:"Ksar";s:7:"country";s:7:"Tunisie";s:13:"lastLoginDate";s:19:"2012-10-31 07:46:41";s:13:"lastLoginHost";s:11:"81.22.22.31";s:9:"remote_id";N;s:13:"department_id";s:2:"27";s:5:"admin";s:1:"1";s:3:"msn";N;s:8:"facebook";N;s:7:"twitter";N;s:3:"icq";N;s:8:"whatsapp";N;s:10:"blackberry";N;s:5:"gmail";N;s:7:"role_id";s:1:"1";}', ''),
(193, '61c55bcb39278e1965086ae96d029324', 'Frontend.logged_user_idententity', 1440, 'admin', ''),
(194, '61c55bcb39278e1965086ae96d029324', 'Frontend.logged_user_object', 1440, 'O:8:"stdClass":32:{s:2:"id";s:1:"1";s:8:"username";s:5:"admin";s:8:"password";s:40:"d033e22ae348aeb5660fc2140aec35850c4da997";s:9:"firstname";s:4:"Amir";s:8:"lastname";s:6:"Cherif";s:13:"date_of_birth";N;s:5:"phone";N;s:5:"email";s:21:"montassar@amhsoft.com";s:6:"mobile";s:8:"21883580";s:3:"fax";N;s:5:"state";s:1:"1";s:16:"create_date_time";N;s:16:"update_date_time";s:19:"2012-11-22 18:33:59";s:6:"notice";N;s:7:"address";s:2:"23";s:10:"postalcode";N;s:4:"city";s:5:"Gafsa";s:8:"province";s:4:"Ksar";s:7:"country";s:7:"Tunisie";s:13:"lastLoginDate";s:19:"2012-10-31 07:46:41";s:13:"lastLoginHost";s:11:"81.22.22.31";s:9:"remote_id";N;s:13:"department_id";s:2:"27";s:5:"admin";s:1:"1";s:3:"msn";N;s:8:"facebook";N;s:7:"twitter";N;s:3:"icq";N;s:8:"whatsapp";N;s:10:"blackberry";N;s:5:"gmail";N;s:7:"role_id";s:1:"1";}', ''),
(195, 'c72ba3adbc31a7f77d7ef1a37eb99e5f', 'Frontend.logged_user_idententity', 1441, 'admin', ''),
(196, 'c72ba3adbc31a7f77d7ef1a37eb99e5f', 'Frontend.logged_user_object', 1441, 'O:8:"stdClass":32:{s:2:"id";s:1:"1";s:8:"username";s:5:"admin";s:8:"password";s:40:"d033e22ae348aeb5660fc2140aec35850c4da997";s:9:"firstname";s:4:"Amir";s:8:"lastname";s:6:"Cherif";s:13:"date_of_birth";N;s:5:"phone";N;s:5:"email";s:21:"montassar@amhsoft.com";s:6:"mobile";s:8:"21883580";s:3:"fax";N;s:5:"state";s:1:"1";s:16:"create_date_time";N;s:16:"update_date_time";s:19:"2012-11-22 18:33:59";s:6:"notice";N;s:7:"address";s:2:"23";s:10:"postalcode";N;s:4:"city";s:5:"Gafsa";s:8:"province";s:4:"Ksar";s:7:"country";s:7:"Tunisie";s:13:"lastLoginDate";s:19:"2012-10-31 07:46:41";s:13:"lastLoginHost";s:11:"81.22.22.31";s:9:"remote_id";N;s:13:"department_id";s:2:"27";s:5:"admin";s:1:"1";s:3:"msn";N;s:8:"facebook";N;s:7:"twitter";N;s:3:"icq";N;s:8:"whatsapp";N;s:10:"blackberry";N;s:5:"gmail";N;s:7:"role_id";s:1:"1";}', ''),
(197, 'cd4b6ce416695b92b5b78d96f674d5d5', 'Frontend.logged_user_idententity', 1441, 'admin', ''),
(198, 'cd4b6ce416695b92b5b78d96f674d5d5', 'Frontend.logged_user_object', 1441, 'O:8:"stdClass":32:{s:2:"id";s:1:"1";s:8:"username";s:5:"admin";s:8:"password";s:40:"d033e22ae348aeb5660fc2140aec35850c4da997";s:9:"firstname";s:4:"Amir";s:8:"lastname";s:6:"Cherif";s:13:"date_of_birth";N;s:5:"phone";N;s:5:"email";s:21:"montassar@amhsoft.com";s:6:"mobile";s:8:"21883580";s:3:"fax";N;s:5:"state";s:1:"1";s:16:"create_date_time";N;s:16:"update_date_time";s:19:"2012-11-22 18:33:59";s:6:"notice";N;s:7:"address";s:2:"23";s:10:"postalcode";N;s:4:"city";s:5:"Gafsa";s:8:"province";s:4:"Ksar";s:7:"country";s:7:"Tunisie";s:13:"lastLoginDate";s:19:"2012-10-31 07:46:41";s:13:"lastLoginHost";s:11:"81.22.22.31";s:9:"remote_id";N;s:13:"department_id";s:2:"27";s:5:"admin";s:1:"1";s:3:"msn";N;s:8:"facebook";N;s:7:"twitter";N;s:3:"icq";N;s:8:"whatsapp";N;s:10:"blackberry";N;s:5:"gmail";N;s:7:"role_id";s:1:"1";}', ''),
(199, 'd3f1c81faf7bb2d10c6f24b126d1526e', 'Frontend.logged_user_idententity', 1440, 'admin', ''),
(200, 'd3f1c81faf7bb2d10c6f24b126d1526e', 'Frontend.logged_user_object', 1440, 'O:8:"stdClass":32:{s:2:"id";s:1:"1";s:8:"username";s:5:"admin";s:8:"password";s:40:"d033e22ae348aeb5660fc2140aec35850c4da997";s:9:"firstname";s:4:"Amir";s:8:"lastname";s:6:"Cherif";s:13:"date_of_birth";N;s:5:"phone";N;s:5:"email";s:21:"montassar@amhsoft.com";s:6:"mobile";s:8:"21883580";s:3:"fax";N;s:5:"state";s:1:"1";s:16:"create_date_time";N;s:16:"update_date_time";s:19:"2012-11-22 18:33:59";s:6:"notice";N;s:7:"address";s:2:"23";s:10:"postalcode";N;s:4:"city";s:5:"Gafsa";s:8:"province";s:4:"Ksar";s:7:"country";s:7:"Tunisie";s:13:"lastLoginDate";s:19:"2012-10-31 07:46:41";s:13:"lastLoginHost";s:11:"81.22.22.31";s:9:"remote_id";N;s:13:"department_id";s:2:"27";s:5:"admin";s:1:"1";s:3:"msn";N;s:8:"facebook";N;s:7:"twitter";N;s:3:"icq";N;s:8:"whatsapp";N;s:10:"blackberry";N;s:5:"gmail";N;s:7:"role_id";s:1:"1";}', ''),
(207, 'd3f1c81faf7bb2d10c6f24b126d1526e', 'Backend.logged_user_idententity', 1440, 'admin', ''),
(208, 'd3f1c81faf7bb2d10c6f24b126d1526e', 'Backend.logged_user_object', 1440, 'O:8:"stdClass":32:{s:2:"id";s:1:"1";s:8:"username";s:5:"admin";s:8:"password";s:40:"d033e22ae348aeb5660fc2140aec35850c4da997";s:9:"firstname";s:4:"Amir";s:8:"lastname";s:6:"Cherif";s:13:"date_of_birth";N;s:5:"phone";N;s:5:"email";s:21:"montassar@amhsoft.com";s:6:"mobile";s:8:"21883580";s:3:"fax";N;s:5:"state";s:1:"1";s:16:"create_date_time";N;s:16:"update_date_time";s:19:"2012-11-22 18:33:59";s:6:"notice";N;s:7:"address";s:2:"23";s:10:"postalcode";N;s:4:"city";s:5:"Gafsa";s:8:"province";s:4:"Ksar";s:7:"country";s:7:"Tunisie";s:13:"lastLoginDate";s:19:"2012-10-31 07:46:41";s:13:"lastLoginHost";s:11:"81.22.22.31";s:9:"remote_id";N;s:13:"department_id";s:2:"27";s:5:"admin";s:1:"1";s:3:"msn";N;s:8:"facebook";N;s:7:"twitter";N;s:3:"icq";N;s:8:"whatsapp";N;s:10:"blackberry";N;s:5:"gmail";N;s:7:"role_id";s:1:"1";}', ''),
(209, 'a41d6580ccc02f0c9f983bdf8e2059f7', 'Frontend.logged_user_idententity', 1441, 'admin', ''),
(210, 'a41d6580ccc02f0c9f983bdf8e2059f7', 'Frontend.logged_user_object', 1441, 'O:8:"stdClass":32:{s:2:"id";s:1:"1";s:8:"username";s:5:"admin";s:8:"password";s:40:"d033e22ae348aeb5660fc2140aec35850c4da997";s:9:"firstname";s:4:"Amir";s:8:"lastname";s:6:"Cherif";s:13:"date_of_birth";N;s:5:"phone";N;s:5:"email";s:21:"montassar@amhsoft.com";s:6:"mobile";s:8:"21883580";s:3:"fax";N;s:5:"state";s:1:"1";s:16:"create_date_time";N;s:16:"update_date_time";s:19:"2012-11-22 18:33:59";s:6:"notice";N;s:7:"address";s:2:"23";s:10:"postalcode";N;s:4:"city";s:5:"Gafsa";s:8:"province";s:4:"Ksar";s:7:"country";s:7:"Tunisie";s:13:"lastLoginDate";s:19:"2012-10-31 07:46:41";s:13:"lastLoginHost";s:11:"81.22.22.31";s:9:"remote_id";N;s:13:"department_id";s:2:"27";s:5:"admin";s:1:"1";s:3:"msn";N;s:8:"facebook";N;s:7:"twitter";N;s:3:"icq";N;s:8:"whatsapp";N;s:10:"blackberry";N;s:5:"gmail";N;s:7:"role_id";s:1:"1";}', ''),
(211, '13b0c5b34a3228367a1d2ea10ffa73b9', 'Frontend.logged_user_idententity', 1440, 'admin', ''),
(212, '13b0c5b34a3228367a1d2ea10ffa73b9', 'Frontend.logged_user_object', 1440, 'O:8:"stdClass":32:{s:2:"id";s:1:"1";s:8:"username";s:5:"admin";s:8:"password";s:40:"d033e22ae348aeb5660fc2140aec35850c4da997";s:9:"firstname";s:4:"Amir";s:8:"lastname";s:6:"Cherif";s:13:"date_of_birth";N;s:5:"phone";N;s:5:"email";s:21:"montassar@amhsoft.com";s:6:"mobile";s:8:"21883580";s:3:"fax";N;s:5:"state";s:1:"1";s:16:"create_date_time";N;s:16:"update_date_time";s:19:"2012-11-22 18:33:59";s:6:"notice";N;s:7:"address";s:2:"23";s:10:"postalcode";N;s:4:"city";s:5:"Gafsa";s:8:"province";s:4:"Ksar";s:7:"country";s:7:"Tunisie";s:13:"lastLoginDate";s:19:"2012-10-31 07:46:41";s:13:"lastLoginHost";s:11:"81.22.22.31";s:9:"remote_id";N;s:13:"department_id";s:2:"27";s:5:"admin";s:1:"1";s:3:"msn";N;s:8:"facebook";N;s:7:"twitter";N;s:3:"icq";N;s:8:"whatsapp";N;s:10:"blackberry";N;s:5:"gmail";N;s:7:"role_id";s:1:"1";}', ''),
(213, 'e6f96c9099c234c606e7df2f96485cd4', 'Frontend.logged_user_idententity', 1441, 'admin', ''),
(214, 'e6f96c9099c234c606e7df2f96485cd4', 'Frontend.logged_user_object', 1441, 'O:8:"stdClass":32:{s:2:"id";s:1:"1";s:8:"username";s:5:"admin";s:8:"password";s:40:"d033e22ae348aeb5660fc2140aec35850c4da997";s:9:"firstname";s:4:"Amir";s:8:"lastname";s:6:"Cherif";s:13:"date_of_birth";N;s:5:"phone";N;s:5:"email";s:21:"montassar@amhsoft.com";s:6:"mobile";s:8:"21883580";s:3:"fax";N;s:5:"state";s:1:"1";s:16:"create_date_time";N;s:16:"update_date_time";s:19:"2012-11-22 18:33:59";s:6:"notice";N;s:7:"address";s:2:"23";s:10:"postalcode";N;s:4:"city";s:5:"Gafsa";s:8:"province";s:4:"Ksar";s:7:"country";s:7:"Tunisie";s:13:"lastLoginDate";s:19:"2012-10-31 07:46:41";s:13:"lastLoginHost";s:11:"81.22.22.31";s:9:"remote_id";N;s:13:"department_id";s:2:"27";s:5:"admin";s:1:"1";s:3:"msn";N;s:8:"facebook";N;s:7:"twitter";N;s:3:"icq";N;s:8:"whatsapp";N;s:10:"blackberry";N;s:5:"gmail";N;s:7:"role_id";s:1:"1";}', ''),
(215, '6dfef6495b06224360d944cd489d4e6b', 'Frontend.logged_user_idententity', 1441, 'admin', ''),
(216, '6dfef6495b06224360d944cd489d4e6b', 'Frontend.logged_user_object', 1441, 'O:8:"stdClass":32:{s:2:"id";s:1:"1";s:8:"username";s:5:"admin";s:8:"password";s:40:"d033e22ae348aeb5660fc2140aec35850c4da997";s:9:"firstname";s:4:"Amir";s:8:"lastname";s:6:"Cherif";s:13:"date_of_birth";N;s:5:"phone";N;s:5:"email";s:21:"montassar@amhsoft.com";s:6:"mobile";s:8:"21883580";s:3:"fax";N;s:5:"state";s:1:"1";s:16:"create_date_time";N;s:16:"update_date_time";s:19:"2012-11-22 18:33:59";s:6:"notice";N;s:7:"address";s:2:"23";s:10:"postalcode";N;s:4:"city";s:5:"Gafsa";s:8:"province";s:4:"Ksar";s:7:"country";s:7:"Tunisie";s:13:"lastLoginDate";s:19:"2012-10-31 07:46:41";s:13:"lastLoginHost";s:11:"81.22.22.31";s:9:"remote_id";N;s:13:"department_id";s:2:"27";s:5:"admin";s:1:"1";s:3:"msn";N;s:8:"facebook";N;s:7:"twitter";N;s:3:"icq";N;s:8:"whatsapp";N;s:10:"blackberry";N;s:5:"gmail";N;s:7:"role_id";s:1:"1";}', ''),
(223, '6dfef6495b06224360d944cd489d4e6b', 'Backend.logged_user_idententity', 1441, 'admin', ''),
(224, '6dfef6495b06224360d944cd489d4e6b', 'Backend.logged_user_object', 1441, 'O:8:"stdClass":32:{s:2:"id";s:1:"1";s:8:"username";s:5:"admin";s:8:"password";s:40:"d033e22ae348aeb5660fc2140aec35850c4da997";s:9:"firstname";s:4:"Amir";s:8:"lastname";s:6:"Cherif";s:13:"date_of_birth";N;s:5:"phone";N;s:5:"email";s:21:"montassar@amhsoft.com";s:6:"mobile";s:8:"21883580";s:3:"fax";N;s:5:"state";s:1:"1";s:16:"create_date_time";N;s:16:"update_date_time";s:19:"2012-11-22 18:33:59";s:6:"notice";N;s:7:"address";s:2:"23";s:10:"postalcode";N;s:4:"city";s:5:"Gafsa";s:8:"province";s:4:"Ksar";s:7:"country";s:7:"Tunisie";s:13:"lastLoginDate";s:19:"2012-10-31 07:46:41";s:13:"lastLoginHost";s:11:"81.22.22.31";s:9:"remote_id";N;s:13:"department_id";s:2:"27";s:5:"admin";s:1:"1";s:3:"msn";N;s:8:"facebook";N;s:7:"twitter";N;s:3:"icq";N;s:8:"whatsapp";N;s:10:"blackberry";N;s:5:"gmail";N;s:7:"role_id";s:1:"1";}', ''),
(225, '447074a3361a5281687021a08f14579c', 'Frontend.logged_user_idententity', 1441, 'admin', ''),
(226, '447074a3361a5281687021a08f14579c', 'Frontend.logged_user_object', 1441, 'O:8:"stdClass":32:{s:2:"id";s:1:"1";s:8:"username";s:5:"admin";s:8:"password";s:40:"d033e22ae348aeb5660fc2140aec35850c4da997";s:9:"firstname";s:4:"Amir";s:8:"lastname";s:6:"Cherif";s:13:"date_of_birth";N;s:5:"phone";N;s:5:"email";s:21:"montassar@amhsoft.com";s:6:"mobile";s:8:"21883580";s:3:"fax";N;s:5:"state";s:1:"1";s:16:"create_date_time";N;s:16:"update_date_time";s:19:"2012-11-22 18:33:59";s:6:"notice";N;s:7:"address";s:2:"23";s:10:"postalcode";N;s:4:"city";s:5:"Gafsa";s:8:"province";s:4:"Ksar";s:7:"country";s:7:"Tunisie";s:13:"lastLoginDate";s:19:"2012-10-31 07:46:41";s:13:"lastLoginHost";s:11:"81.22.22.31";s:9:"remote_id";N;s:13:"department_id";s:2:"27";s:5:"admin";s:1:"1";s:3:"msn";N;s:8:"facebook";N;s:7:"twitter";N;s:3:"icq";N;s:8:"whatsapp";N;s:10:"blackberry";N;s:5:"gmail";N;s:7:"role_id";s:1:"1";}', ''),
(233, '447074a3361a5281687021a08f14579c', 'Backend.logged_user_idententity', 1440, 'admin', ''),
(234, '447074a3361a5281687021a08f14579c', 'Backend.logged_user_object', 1440, 'O:8:"stdClass":32:{s:2:"id";s:1:"1";s:8:"username";s:5:"admin";s:8:"password";s:40:"d033e22ae348aeb5660fc2140aec35850c4da997";s:9:"firstname";s:4:"Amir";s:8:"lastname";s:6:"Cherif";s:13:"date_of_birth";N;s:5:"phone";N;s:5:"email";s:21:"montassar@amhsoft.com";s:6:"mobile";s:8:"21883580";s:3:"fax";N;s:5:"state";s:1:"1";s:16:"create_date_time";N;s:16:"update_date_time";s:19:"2012-11-22 18:33:59";s:6:"notice";N;s:7:"address";s:2:"23";s:10:"postalcode";N;s:4:"city";s:5:"Gafsa";s:8:"province";s:4:"Ksar";s:7:"country";s:7:"Tunisie";s:13:"lastLoginDate";s:19:"2012-10-31 07:46:41";s:13:"lastLoginHost";s:11:"81.22.22.31";s:9:"remote_id";N;s:13:"department_id";s:2:"27";s:5:"admin";s:1:"1";s:3:"msn";N;s:8:"facebook";N;s:7:"twitter";N;s:3:"icq";N;s:8:"whatsapp";N;s:10:"blackberry";N;s:5:"gmail";N;s:7:"role_id";s:1:"1";}', ''),
(235, '6f294dab7046fbd677ff7d9159c5e21a', 'Frontend.logged_user_idententity', 1441, 'admin', ''),
(236, '6f294dab7046fbd677ff7d9159c5e21a', 'Frontend.logged_user_object', 1441, 'O:8:"stdClass":32:{s:2:"id";s:1:"1";s:8:"username";s:5:"admin";s:8:"password";s:40:"d033e22ae348aeb5660fc2140aec35850c4da997";s:9:"firstname";s:4:"Amir";s:8:"lastname";s:6:"Cherif";s:13:"date_of_birth";N;s:5:"phone";N;s:5:"email";s:21:"montassar@amhsoft.com";s:6:"mobile";s:8:"21883580";s:3:"fax";N;s:5:"state";s:1:"1";s:16:"create_date_time";N;s:16:"update_date_time";s:19:"2012-11-22 18:33:59";s:6:"notice";N;s:7:"address";s:2:"23";s:10:"postalcode";N;s:4:"city";s:5:"Gafsa";s:8:"province";s:4:"Ksar";s:7:"country";s:7:"Tunisie";s:13:"lastLoginDate";s:19:"2012-10-31 07:46:41";s:13:"lastLoginHost";s:11:"81.22.22.31";s:9:"remote_id";N;s:13:"department_id";s:2:"27";s:5:"admin";s:1:"1";s:3:"msn";N;s:8:"facebook";N;s:7:"twitter";N;s:3:"icq";N;s:8:"whatsapp";N;s:10:"blackberry";N;s:5:"gmail";N;s:7:"role_id";s:1:"1";}', ''),
(237, '595c3ef1839fabb1f917d87c851b5557', 'Frontend.logged_user_idententity', 1440, 'admin', ''),
(238, '595c3ef1839fabb1f917d87c851b5557', 'Frontend.logged_user_object', 1440, 'O:8:"stdClass":32:{s:2:"id";s:1:"1";s:8:"username";s:5:"admin";s:8:"password";s:40:"d033e22ae348aeb5660fc2140aec35850c4da997";s:9:"firstname";s:4:"Amir";s:8:"lastname";s:6:"Cherif";s:13:"date_of_birth";N;s:5:"phone";N;s:5:"email";s:21:"montassar@amhsoft.com";s:6:"mobile";s:8:"21883580";s:3:"fax";N;s:5:"state";s:1:"1";s:16:"create_date_time";N;s:16:"update_date_time";s:19:"2012-11-22 18:33:59";s:6:"notice";N;s:7:"address";s:2:"23";s:10:"postalcode";N;s:4:"city";s:5:"Gafsa";s:8:"province";s:4:"Ksar";s:7:"country";s:7:"Tunisie";s:13:"lastLoginDate";s:19:"2012-10-31 07:46:41";s:13:"lastLoginHost";s:11:"81.22.22.31";s:9:"remote_id";N;s:13:"department_id";s:2:"27";s:5:"admin";s:1:"1";s:3:"msn";N;s:8:"facebook";N;s:7:"twitter";N;s:3:"icq";N;s:8:"whatsapp";N;s:10:"blackberry";N;s:5:"gmail";N;s:7:"role_id";s:1:"1";}', ''),
(239, 'cd951a8ad9f82148bbe11ff3d5684511', 'Frontend.logged_user_idententity', 1441, 'admin', ''),
(240, 'cd951a8ad9f82148bbe11ff3d5684511', 'Frontend.logged_user_object', 1441, 'O:8:"stdClass":32:{s:2:"id";s:1:"1";s:8:"username";s:5:"admin";s:8:"password";s:40:"d033e22ae348aeb5660fc2140aec35850c4da997";s:9:"firstname";s:4:"Amir";s:8:"lastname";s:6:"Cherif";s:13:"date_of_birth";N;s:5:"phone";N;s:5:"email";s:21:"montassar@amhsoft.com";s:6:"mobile";s:8:"21883580";s:3:"fax";N;s:5:"state";s:1:"1";s:16:"create_date_time";N;s:16:"update_date_time";s:19:"2012-11-22 18:33:59";s:6:"notice";N;s:7:"address";s:2:"23";s:10:"postalcode";N;s:4:"city";s:5:"Gafsa";s:8:"province";s:4:"Ksar";s:7:"country";s:7:"Tunisie";s:13:"lastLoginDate";s:19:"2012-10-31 07:46:41";s:13:"lastLoginHost";s:11:"81.22.22.31";s:9:"remote_id";N;s:13:"department_id";s:2:"27";s:5:"admin";s:1:"1";s:3:"msn";N;s:8:"facebook";N;s:7:"twitter";N;s:3:"icq";N;s:8:"whatsapp";N;s:10:"blackberry";N;s:5:"gmail";N;s:7:"role_id";s:1:"1";}', ''),
(255, '9000afba780de93c777cfece36fe72e1', 'Frontend.logged_user_idententity', 1440, 'mu.burashed@gmail.com', ''),
(256, '9000afba780de93c777cfece36fe72e1', 'Frontend.logged_user_object', 1440, 'O:8:"stdClass":15:{s:2:"id";s:3:"601";s:4:"name";s:7:"Muneera";s:8:"password";s:40:"7c4a8d09ca3762af61e59520943dc26494f8941b";s:6:"number";N;s:7:"telefon";N;s:6:"mobile";s:10:"3333333333";s:6:"email1";s:21:"mu.burashed@gmail.com";s:6:"email2";N;s:7:"country";s:7:"Bahrain";s:8:"province";s:9:"Muharraq ";s:4:"city";s:8:"Muharraq";s:6:"street";N;s:7:"zipcode";N;s:18:"register_date_time";s:19:"0000-00-00 00:00:00";s:6:"dealer";s:1:"0";}', ''),
(271, '7ea23c2d89a3d4c375e227bb323cced9', 'Frontend.logged_user_idententity', 1440, 'mu.burashed@gmail.com', ''),
(272, '7ea23c2d89a3d4c375e227bb323cced9', 'Frontend.logged_user_object', 1440, 'O:8:"stdClass":15:{s:2:"id";s:3:"601";s:4:"name";s:7:"Muneera";s:8:"password";s:40:"7c4a8d09ca3762af61e59520943dc26494f8941b";s:6:"number";N;s:7:"telefon";N;s:6:"mobile";s:10:"3333333333";s:6:"email1";s:21:"mu.burashed@gmail.com";s:6:"email2";N;s:7:"country";s:7:"Bahrain";s:8:"province";s:9:"Muharraq ";s:4:"city";s:8:"Muharraq";s:6:"street";N;s:7:"zipcode";N;s:18:"register_date_time";s:19:"0000-00-00 00:00:00";s:6:"dealer";s:1:"0";}', ''),
(273, '623c1691bebed2a7a71c4979d0b527d3', 'Frontend.logged_user_idententity', 1441, 'admin', ''),
(274, '623c1691bebed2a7a71c4979d0b527d3', 'Frontend.logged_user_object', 1441, 'O:8:"stdClass":32:{s:2:"id";s:1:"2";s:8:"username";s:5:"Ghada";s:8:"password";s:6:"******";s:9:"firstname";s:5:"Ghada";s:8:"lastname";s:4:"Rawi";s:13:"date_of_birth";N;s:5:"phone";N;s:5:"email";s:17:"ghada@amhsoft.com";s:6:"mobile";s:14:"00495312801805";s:3:"fax";N;s:5:"state";s:1:"1";s:16:"create_date_time";N;s:16:"update_date_time";s:19:"2012-11-21 14:42:26";s:6:"notice";N;s:7:"address";s:15:"Berlinerstr 52j";s:10:"postalcode";N;s:4:"city";s:12:"Braunschweig";s:8:"province";s:13:"Niedersachsen";s:7:"country";s:7:"Germany";s:13:"lastLoginDate";s:19:"2012-04-19 11:24:05";s:13:"lastLoginHost";s:10:"cherif-lap";s:9:"remote_id";N;s:13:"department_id";s:2:"27";s:5:"admin";s:1:"0";s:3:"msn";N;s:8:"facebook";N;s:7:"twitter";N;s:3:"icq";N;s:8:"whatsapp";N;s:10:"blackberry";N;s:5:"gmail";N;s:7:"role_id";s:1:"4";}', ''),
(289, 'da9ae580acaddb8c715bcf152b005a60', 'Frontend.logged_user_idententity', 1441, 'mu.burashed@gmail.com', ''),
(290, 'da9ae580acaddb8c715bcf152b005a60', 'Frontend.logged_user_object', 1441, 'O:8:"stdClass":15:{s:2:"id";s:3:"601";s:4:"name";s:7:"Muneera";s:8:"password";s:40:"7c4a8d09ca3762af61e59520943dc26494f8941b";s:6:"number";N;s:7:"telefon";N;s:6:"mobile";s:10:"3333333333";s:6:"email1";s:21:"mu.burashed@gmail.com";s:6:"email2";N;s:7:"country";s:7:"Bahrain";s:8:"province";s:9:"Muharraq ";s:4:"city";s:8:"Muharraq";s:6:"street";N;s:7:"zipcode";N;s:18:"register_date_time";s:19:"0000-00-00 00:00:00";s:6:"dealer";s:1:"0";}', ''),
(305, '144c0429a6aeb96c5c2576803c9f877e', 'Frontend.logged_user_idententity', 1441, 'mu.burashed@gmail.com', ''),
(306, '144c0429a6aeb96c5c2576803c9f877e', 'Frontend.logged_user_object', 1441, 'O:8:"stdClass":15:{s:2:"id";s:3:"601";s:4:"name";s:7:"Muneera";s:8:"password";s:40:"7c4a8d09ca3762af61e59520943dc26494f8941b";s:6:"number";N;s:7:"telefon";N;s:6:"mobile";s:10:"3333333333";s:6:"email1";s:21:"mu.burashed@gmail.com";s:6:"email2";N;s:7:"country";s:7:"Bahrain";s:8:"province";s:9:"Muharraq ";s:4:"city";s:8:"Muharraq";s:6:"street";N;s:7:"zipcode";N;s:18:"register_date_time";s:19:"0000-00-00 00:00:00";s:6:"dealer";s:1:"0";}', ''),
(321, '5ac673ed2e367ae260905fb6358e3f07', 'Frontend.logged_user_idententity', 1441, 'mu.burashed@gmail.com', ''),
(322, '5ac673ed2e367ae260905fb6358e3f07', 'Frontend.logged_user_object', 1441, 'O:8:"stdClass":15:{s:2:"id";s:3:"601";s:4:"name";s:7:"Muneera";s:8:"password";s:40:"7c4a8d09ca3762af61e59520943dc26494f8941b";s:6:"number";N;s:7:"telefon";N;s:6:"mobile";s:10:"3333333333";s:6:"email1";s:21:"mu.burashed@gmail.com";s:6:"email2";N;s:7:"country";s:7:"Bahrain";s:8:"province";s:9:"Muharraq ";s:4:"city";s:8:"Muharraq";s:6:"street";N;s:7:"zipcode";N;s:18:"register_date_time";s:19:"0000-00-00 00:00:00";s:6:"dealer";s:1:"0";}', ''),
(323, '28dc85676cbebd9f1023fb5a820a05e0', 'Frontend.logged_user_idententity', 1440, 'admin', ''),
(324, '28dc85676cbebd9f1023fb5a820a05e0', 'Frontend.logged_user_object', 1441, 'O:8:"stdClass":32:{s:2:"id";s:1:"2";s:8:"username";s:5:"Ghada";s:8:"password";s:6:"******";s:9:"firstname";s:5:"Ghada";s:8:"lastname";s:4:"Rawi";s:13:"date_of_birth";N;s:5:"phone";N;s:5:"email";s:17:"ghada@amhsoft.com";s:6:"mobile";s:14:"00495312801805";s:3:"fax";N;s:5:"state";s:1:"1";s:16:"create_date_time";N;s:16:"update_date_time";s:19:"2012-11-21 14:42:26";s:6:"notice";N;s:7:"address";s:15:"Berlinerstr 52j";s:10:"postalcode";N;s:4:"city";s:12:"Braunschweig";s:8:"province";s:13:"Niedersachsen";s:7:"country";s:7:"Germany";s:13:"lastLoginDate";s:19:"2012-04-19 11:24:05";s:13:"lastLoginHost";s:10:"cherif-lap";s:9:"remote_id";N;s:13:"department_id";s:2:"27";s:5:"admin";s:1:"0";s:3:"msn";N;s:8:"facebook";N;s:7:"twitter";N;s:3:"icq";N;s:8:"whatsapp";N;s:10:"blackberry";N;s:5:"gmail";N;s:7:"role_id";s:1:"4";}', ''),
(325, '63d842f1852b8fda34f9eac70f678ff1', 'Frontend.logged_user_idententity', 1440, 'admin', ''),
(326, '63d842f1852b8fda34f9eac70f678ff1', 'Frontend.logged_user_object', 1440, 'O:8:"stdClass":32:{s:2:"id";s:1:"2";s:8:"username";s:5:"Ghada";s:8:"password";s:6:"******";s:9:"firstname";s:5:"Ghada";s:8:"lastname";s:4:"Rawi";s:13:"date_of_birth";N;s:5:"phone";N;s:5:"email";s:17:"ghada@amhsoft.com";s:6:"mobile";s:14:"00495312801805";s:3:"fax";N;s:5:"state";s:1:"1";s:16:"create_date_time";N;s:16:"update_date_time";s:19:"2012-11-21 14:42:26";s:6:"notice";N;s:7:"address";s:15:"Berlinerstr 52j";s:10:"postalcode";N;s:4:"city";s:12:"Braunschweig";s:8:"province";s:13:"Niedersachsen";s:7:"country";s:7:"Germany";s:13:"lastLoginDate";s:19:"2012-04-19 11:24:05";s:13:"lastLoginHost";s:10:"cherif-lap";s:9:"remote_id";N;s:13:"department_id";s:2:"27";s:5:"admin";s:1:"0";s:3:"msn";N;s:8:"facebook";N;s:7:"twitter";N;s:3:"icq";N;s:8:"whatsapp";N;s:10:"blackberry";N;s:5:"gmail";N;s:7:"role_id";s:1:"4";}', ''),
(327, 'fece8b6dd34b27cab2b1952b3bf0f03e', 'Frontend.logged_user_idententity', 1440, 'admin', ''),
(328, 'fece8b6dd34b27cab2b1952b3bf0f03e', 'Frontend.logged_user_object', 1440, 'O:8:"stdClass":32:{s:2:"id";s:1:"2";s:8:"username";s:5:"Ghada";s:8:"password";s:6:"******";s:9:"firstname";s:5:"Ghada";s:8:"lastname";s:4:"Rawi";s:13:"date_of_birth";N;s:5:"phone";N;s:5:"email";s:17:"ghada@amhsoft.com";s:6:"mobile";s:14:"00495312801805";s:3:"fax";N;s:5:"state";s:1:"1";s:16:"create_date_time";N;s:16:"update_date_time";s:19:"2012-11-21 14:42:26";s:6:"notice";N;s:7:"address";s:15:"Berlinerstr 52j";s:10:"postalcode";N;s:4:"city";s:12:"Braunschweig";s:8:"province";s:13:"Niedersachsen";s:7:"country";s:7:"Germany";s:13:"lastLoginDate";s:19:"2012-04-19 11:24:05";s:13:"lastLoginHost";s:10:"cherif-lap";s:9:"remote_id";N;s:13:"department_id";s:2:"27";s:5:"admin";s:1:"0";s:3:"msn";N;s:8:"facebook";N;s:7:"twitter";N;s:3:"icq";N;s:8:"whatsapp";N;s:10:"blackberry";N;s:5:"gmail";N;s:7:"role_id";s:1:"4";}', ''),
(329, 'fb67ed8b336b41571d30cc5baafa9273', 'Frontend.logged_user_idententity', 1440, 'admin', ''),
(330, 'fb67ed8b336b41571d30cc5baafa9273', 'Frontend.logged_user_object', 1440, 'O:8:"stdClass":32:{s:2:"id";s:1:"2";s:8:"username";s:5:"Ghada";s:8:"password";s:6:"******";s:9:"firstname";s:5:"Ghada";s:8:"lastname";s:4:"Rawi";s:13:"date_of_birth";N;s:5:"phone";N;s:5:"email";s:17:"ghada@amhsoft.com";s:6:"mobile";s:14:"00495312801805";s:3:"fax";N;s:5:"state";s:1:"1";s:16:"create_date_time";N;s:16:"update_date_time";s:19:"2012-11-21 14:42:26";s:6:"notice";N;s:7:"address";s:15:"Berlinerstr 52j";s:10:"postalcode";N;s:4:"city";s:12:"Braunschweig";s:8:"province";s:13:"Niedersachsen";s:7:"country";s:7:"Germany";s:13:"lastLoginDate";s:19:"2012-04-19 11:24:05";s:13:"lastLoginHost";s:10:"cherif-lap";s:9:"remote_id";N;s:13:"department_id";s:2:"27";s:5:"admin";s:1:"0";s:3:"msn";N;s:8:"facebook";N;s:7:"twitter";N;s:3:"icq";N;s:8:"whatsapp";N;s:10:"blackberry";N;s:5:"gmail";N;s:7:"role_id";s:1:"4";}', ''),
(331, 'b6d44d9d5ef52d1e021e2146d3af759a', 'Frontend.logged_user_idententity', 1441, 'admin', ''),
(332, 'b6d44d9d5ef52d1e021e2146d3af759a', 'Frontend.logged_user_object', 1441, 'O:8:"stdClass":32:{s:2:"id";s:1:"2";s:8:"username";s:5:"Ghada";s:8:"password";s:6:"******";s:9:"firstname";s:5:"Ghada";s:8:"lastname";s:4:"Rawi";s:13:"date_of_birth";N;s:5:"phone";N;s:5:"email";s:17:"ghada@amhsoft.com";s:6:"mobile";s:14:"00495312801805";s:3:"fax";N;s:5:"state";s:1:"1";s:16:"create_date_time";N;s:16:"update_date_time";s:19:"2012-11-21 14:42:26";s:6:"notice";N;s:7:"address";s:15:"Berlinerstr 52j";s:10:"postalcode";N;s:4:"city";s:12:"Braunschweig";s:8:"province";s:13:"Niedersachsen";s:7:"country";s:7:"Germany";s:13:"lastLoginDate";s:19:"2012-04-19 11:24:05";s:13:"lastLoginHost";s:10:"cherif-lap";s:9:"remote_id";N;s:13:"department_id";s:2:"27";s:5:"admin";s:1:"0";s:3:"msn";N;s:8:"facebook";N;s:7:"twitter";N;s:3:"icq";N;s:8:"whatsapp";N;s:10:"blackberry";N;s:5:"gmail";N;s:7:"role_id";s:1:"4";}', ''),
(333, 'd0e936d1567f9c19dd2b20b22d6daab4', 'Frontend.logged_user_idententity', 1440, 'admin', ''),
(334, 'd0e936d1567f9c19dd2b20b22d6daab4', 'Frontend.logged_user_object', 1440, 'O:8:"stdClass":32:{s:2:"id";s:1:"2";s:8:"username";s:5:"Ghada";s:8:"password";s:6:"******";s:9:"firstname";s:5:"Ghada";s:8:"lastname";s:4:"Rawi";s:13:"date_of_birth";N;s:5:"phone";N;s:5:"email";s:17:"ghada@amhsoft.com";s:6:"mobile";s:14:"00495312801805";s:3:"fax";N;s:5:"state";s:1:"1";s:16:"create_date_time";N;s:16:"update_date_time";s:19:"2012-11-21 14:42:26";s:6:"notice";N;s:7:"address";s:15:"Berlinerstr 52j";s:10:"postalcode";N;s:4:"city";s:12:"Braunschweig";s:8:"province";s:13:"Niedersachsen";s:7:"country";s:7:"Germany";s:13:"lastLoginDate";s:19:"2012-04-19 11:24:05";s:13:"lastLoginHost";s:10:"cherif-lap";s:9:"remote_id";N;s:13:"department_id";s:2:"27";s:5:"admin";s:1:"0";s:3:"msn";N;s:8:"facebook";N;s:7:"twitter";N;s:3:"icq";N;s:8:"whatsapp";N;s:10:"blackberry";N;s:5:"gmail";N;s:7:"role_id";s:1:"4";}', ''),
(335, '3fc3a36ae2881fe88321cab454a96a85', 'Frontend.logged_user_idententity', 1440, 'admin', ''),
(336, '3fc3a36ae2881fe88321cab454a96a85', 'Frontend.logged_user_object', 1441, 'O:8:"stdClass":32:{s:2:"id";s:1:"2";s:8:"username";s:5:"Ghada";s:8:"password";s:6:"******";s:9:"firstname";s:5:"Ghada";s:8:"lastname";s:4:"Rawi";s:13:"date_of_birth";N;s:5:"phone";N;s:5:"email";s:17:"ghada@amhsoft.com";s:6:"mobile";s:14:"00495312801805";s:3:"fax";N;s:5:"state";s:1:"1";s:16:"create_date_time";N;s:16:"update_date_time";s:19:"2012-11-21 14:42:26";s:6:"notice";N;s:7:"address";s:15:"Berlinerstr 52j";s:10:"postalcode";N;s:4:"city";s:12:"Braunschweig";s:8:"province";s:13:"Niedersachsen";s:7:"country";s:7:"Germany";s:13:"lastLoginDate";s:19:"2012-04-19 11:24:05";s:13:"lastLoginHost";s:10:"cherif-lap";s:9:"remote_id";N;s:13:"department_id";s:2:"27";s:5:"admin";s:1:"0";s:3:"msn";N;s:8:"facebook";N;s:7:"twitter";N;s:3:"icq";N;s:8:"whatsapp";N;s:10:"blackberry";N;s:5:"gmail";N;s:7:"role_id";s:1:"4";}', ''),
(343, '3fc3a36ae2881fe88321cab454a96a85', 'Backend.logged_user_idententity', 1440, 'admin', ''),
(344, '3fc3a36ae2881fe88321cab454a96a85', 'Backend.logged_user_object', 1440, 'O:8:"stdClass":32:{s:2:"id";s:1:"2";s:8:"username";s:5:"Ghada";s:8:"password";s:6:"******";s:9:"firstname";s:5:"Ghada";s:8:"lastname";s:4:"Rawi";s:13:"date_of_birth";N;s:5:"phone";N;s:5:"email";s:17:"ghada@amhsoft.com";s:6:"mobile";s:14:"00495312801805";s:3:"fax";N;s:5:"state";s:1:"1";s:16:"create_date_time";N;s:16:"update_date_time";s:19:"2012-11-21 14:42:26";s:6:"notice";N;s:7:"address";s:15:"Berlinerstr 52j";s:10:"postalcode";N;s:4:"city";s:12:"Braunschweig";s:8:"province";s:13:"Niedersachsen";s:7:"country";s:7:"Germany";s:13:"lastLoginDate";s:19:"2012-04-19 11:24:05";s:13:"lastLoginHost";s:10:"cherif-lap";s:9:"remote_id";N;s:13:"department_id";s:2:"27";s:5:"admin";s:1:"0";s:3:"msn";N;s:8:"facebook";N;s:7:"twitter";N;s:3:"icq";N;s:8:"whatsapp";N;s:10:"blackberry";N;s:5:"gmail";N;s:7:"role_id";s:1:"4";}', ''),
(345, 'e04db59eb2e2c17a1a312945425c66fe', 'Frontend.logged_user_idententity', 1440, 'admin', ''),
(346, 'e04db59eb2e2c17a1a312945425c66fe', 'Frontend.logged_user_object', 1440, 'O:8:"stdClass":32:{s:2:"id";s:1:"2";s:8:"username";s:5:"Ghada";s:8:"password";s:6:"******";s:9:"firstname";s:5:"Ghada";s:8:"lastname";s:4:"Rawi";s:13:"date_of_birth";N;s:5:"phone";N;s:5:"email";s:17:"ghada@amhsoft.com";s:6:"mobile";s:14:"00495312801805";s:3:"fax";N;s:5:"state";s:1:"1";s:16:"create_date_time";N;s:16:"update_date_time";s:19:"2012-11-21 14:42:26";s:6:"notice";N;s:7:"address";s:15:"Berlinerstr 52j";s:10:"postalcode";N;s:4:"city";s:12:"Braunschweig";s:8:"province";s:13:"Niedersachsen";s:7:"country";s:7:"Germany";s:13:"lastLoginDate";s:19:"2012-04-19 11:24:05";s:13:"lastLoginHost";s:10:"cherif-lap";s:9:"remote_id";N;s:13:"department_id";s:2:"27";s:5:"admin";s:1:"0";s:3:"msn";N;s:8:"facebook";N;s:7:"twitter";N;s:3:"icq";N;s:8:"whatsapp";N;s:10:"blackberry";N;s:5:"gmail";N;s:7:"role_id";s:1:"4";}', ''),
(353, 'e04db59eb2e2c17a1a312945425c66fe', 'Backend.logged_user_idententity', 1441, 'admin', ''),
(354, 'e04db59eb2e2c17a1a312945425c66fe', 'Backend.logged_user_object', 1441, 'O:8:"stdClass":32:{s:2:"id";s:1:"2";s:8:"username";s:5:"Ghada";s:8:"password";s:6:"******";s:9:"firstname";s:5:"Ghada";s:8:"lastname";s:4:"Rawi";s:13:"date_of_birth";N;s:5:"phone";N;s:5:"email";s:17:"ghada@amhsoft.com";s:6:"mobile";s:14:"00495312801805";s:3:"fax";N;s:5:"state";s:1:"1";s:16:"create_date_time";N;s:16:"update_date_time";s:19:"2012-11-21 14:42:26";s:6:"notice";N;s:7:"address";s:15:"Berlinerstr 52j";s:10:"postalcode";N;s:4:"city";s:12:"Braunschweig";s:8:"province";s:13:"Niedersachsen";s:7:"country";s:7:"Germany";s:13:"lastLoginDate";s:19:"2012-04-19 11:24:05";s:13:"lastLoginHost";s:10:"cherif-lap";s:9:"remote_id";N;s:13:"department_id";s:2:"27";s:5:"admin";s:1:"0";s:3:"msn";N;s:8:"facebook";N;s:7:"twitter";N;s:3:"icq";N;s:8:"whatsapp";N;s:10:"blackberry";N;s:5:"gmail";N;s:7:"role_id";s:1:"4";}', ''),
(355, 'afac9876e3c662f3ac9b87089c6e9adf', 'Frontend.logged_user_idententity', 1441, 'admin', ''),
(356, 'afac9876e3c662f3ac9b87089c6e9adf', 'Frontend.logged_user_object', 1441, 'O:8:"stdClass":32:{s:2:"id";s:1:"2";s:8:"username";s:5:"Ghada";s:8:"password";s:6:"******";s:9:"firstname";s:5:"Ghada";s:8:"lastname";s:4:"Rawi";s:13:"date_of_birth";N;s:5:"phone";N;s:5:"email";s:17:"ghada@amhsoft.com";s:6:"mobile";s:14:"00495312801805";s:3:"fax";N;s:5:"state";s:1:"1";s:16:"create_date_time";N;s:16:"update_date_time";s:19:"2012-11-21 14:42:26";s:6:"notice";N;s:7:"address";s:15:"Berlinerstr 52j";s:10:"postalcode";N;s:4:"city";s:12:"Braunschweig";s:8:"province";s:13:"Niedersachsen";s:7:"country";s:7:"Germany";s:13:"lastLoginDate";s:19:"2012-04-19 11:24:05";s:13:"lastLoginHost";s:10:"cherif-lap";s:9:"remote_id";N;s:13:"department_id";s:2:"27";s:5:"admin";s:1:"0";s:3:"msn";N;s:8:"facebook";N;s:7:"twitter";N;s:3:"icq";N;s:8:"whatsapp";N;s:10:"blackberry";N;s:5:"gmail";N;s:7:"role_id";s:1:"4";}', ''),
(357, '64c1ec17e319d48ed981975509edc90f', 'Frontend.logged_user_idententity', 1441, 'admin', ''),
(358, '64c1ec17e319d48ed981975509edc90f', 'Frontend.logged_user_object', 1441, 'O:8:"stdClass":32:{s:2:"id";s:1:"2";s:8:"username";s:5:"Ghada";s:8:"password";s:6:"******";s:9:"firstname";s:5:"Ghada";s:8:"lastname";s:4:"Rawi";s:13:"date_of_birth";N;s:5:"phone";N;s:5:"email";s:17:"ghada@amhsoft.com";s:6:"mobile";s:14:"00495312801805";s:3:"fax";N;s:5:"state";s:1:"1";s:16:"create_date_time";N;s:16:"update_date_time";s:19:"2012-11-21 14:42:26";s:6:"notice";N;s:7:"address";s:15:"Berlinerstr 52j";s:10:"postalcode";N;s:4:"city";s:12:"Braunschweig";s:8:"province";s:13:"Niedersachsen";s:7:"country";s:7:"Germany";s:13:"lastLoginDate";s:19:"2012-04-19 11:24:05";s:13:"lastLoginHost";s:10:"cherif-lap";s:9:"remote_id";N;s:13:"department_id";s:2:"27";s:5:"admin";s:1:"0";s:3:"msn";N;s:8:"facebook";N;s:7:"twitter";N;s:3:"icq";N;s:8:"whatsapp";N;s:10:"blackberry";N;s:5:"gmail";N;s:7:"role_id";s:1:"4";}', ''),
(359, 'f2298d64fa9d124a3be77660d4b17bd0', 'Frontend.logged_user_idententity', 1441, 'admin', ''),
(360, 'f2298d64fa9d124a3be77660d4b17bd0', 'Frontend.logged_user_object', 1441, 'O:8:"stdClass":32:{s:2:"id";s:1:"2";s:8:"username";s:5:"Ghada";s:8:"password";s:6:"******";s:9:"firstname";s:5:"Ghada";s:8:"lastname";s:4:"Rawi";s:13:"date_of_birth";N;s:5:"phone";N;s:5:"email";s:17:"ghada@amhsoft.com";s:6:"mobile";s:14:"00495312801805";s:3:"fax";N;s:5:"state";s:1:"1";s:16:"create_date_time";N;s:16:"update_date_time";s:19:"2012-11-21 14:42:26";s:6:"notice";N;s:7:"address";s:15:"Berlinerstr 52j";s:10:"postalcode";N;s:4:"city";s:12:"Braunschweig";s:8:"province";s:13:"Niedersachsen";s:7:"country";s:7:"Germany";s:13:"lastLoginDate";s:19:"2012-04-19 11:24:05";s:13:"lastLoginHost";s:10:"cherif-lap";s:9:"remote_id";N;s:13:"department_id";s:2:"27";s:5:"admin";s:1:"0";s:3:"msn";N;s:8:"facebook";N;s:7:"twitter";N;s:3:"icq";N;s:8:"whatsapp";N;s:10:"blackberry";N;s:5:"gmail";N;s:7:"role_id";s:1:"4";}', ''),
(361, 'bf88b281337cc6f945040beefa083386', 'Frontend.logged_user_idententity', 1441, 'admin', ''),
(362, 'bf88b281337cc6f945040beefa083386', 'Frontend.logged_user_object', 1441, 'O:8:"stdClass":32:{s:2:"id";s:1:"2";s:8:"username";s:5:"Ghada";s:8:"password";s:6:"******";s:9:"firstname";s:5:"Ghada";s:8:"lastname";s:4:"Rawi";s:13:"date_of_birth";N;s:5:"phone";N;s:5:"email";s:17:"ghada@amhsoft.com";s:6:"mobile";s:14:"00495312801805";s:3:"fax";N;s:5:"state";s:1:"1";s:16:"create_date_time";N;s:16:"update_date_time";s:19:"2012-11-21 14:42:26";s:6:"notice";N;s:7:"address";s:15:"Berlinerstr 52j";s:10:"postalcode";N;s:4:"city";s:12:"Braunschweig";s:8:"province";s:13:"Niedersachsen";s:7:"country";s:7:"Germany";s:13:"lastLoginDate";s:19:"2012-04-19 11:24:05";s:13:"lastLoginHost";s:10:"cherif-lap";s:9:"remote_id";N;s:13:"department_id";s:2:"27";s:5:"admin";s:1:"0";s:3:"msn";N;s:8:"facebook";N;s:7:"twitter";N;s:3:"icq";N;s:8:"whatsapp";N;s:10:"blackberry";N;s:5:"gmail";N;s:7:"role_id";s:1:"4";}', ''),
(363, '68edf3bc517db1517494f370316e49ef', 'Frontend.logged_user_idententity', 1441, 'admin', ''),
(364, '68edf3bc517db1517494f370316e49ef', 'Frontend.logged_user_object', 1441, 'O:8:"stdClass":32:{s:2:"id";s:1:"2";s:8:"username";s:5:"Ghada";s:8:"password";s:6:"******";s:9:"firstname";s:5:"Ghada";s:8:"lastname";s:4:"Rawi";s:13:"date_of_birth";N;s:5:"phone";N;s:5:"email";s:17:"ghada@amhsoft.com";s:6:"mobile";s:14:"00495312801805";s:3:"fax";N;s:5:"state";s:1:"1";s:16:"create_date_time";N;s:16:"update_date_time";s:19:"2012-11-21 14:42:26";s:6:"notice";N;s:7:"address";s:15:"Berlinerstr 52j";s:10:"postalcode";N;s:4:"city";s:12:"Braunschweig";s:8:"province";s:13:"Niedersachsen";s:7:"country";s:7:"Germany";s:13:"lastLoginDate";s:19:"2012-04-19 11:24:05";s:13:"lastLoginHost";s:10:"cherif-lap";s:9:"remote_id";N;s:13:"department_id";s:2:"27";s:5:"admin";s:1:"0";s:3:"msn";N;s:8:"facebook";N;s:7:"twitter";N;s:3:"icq";N;s:8:"whatsapp";N;s:10:"blackberry";N;s:5:"gmail";N;s:7:"role_id";s:1:"4";}', ''),
(365, 'a54435ffba7553aed3d199cfa688d9a4', 'Frontend.logged_user_idententity', 1440, 'admin', ''),
(366, 'a54435ffba7553aed3d199cfa688d9a4', 'Frontend.logged_user_object', 1440, 'O:8:"stdClass":32:{s:2:"id";s:1:"2";s:8:"username";s:5:"Ghada";s:8:"password";s:6:"******";s:9:"firstname";s:5:"Ghada";s:8:"lastname";s:4:"Rawi";s:13:"date_of_birth";N;s:5:"phone";N;s:5:"email";s:17:"ghada@amhsoft.com";s:6:"mobile";s:14:"00495312801805";s:3:"fax";N;s:5:"state";s:1:"1";s:16:"create_date_time";N;s:16:"update_date_time";s:19:"2012-11-21 14:42:26";s:6:"notice";N;s:7:"address";s:15:"Berlinerstr 52j";s:10:"postalcode";N;s:4:"city";s:12:"Braunschweig";s:8:"province";s:13:"Niedersachsen";s:7:"country";s:7:"Germany";s:13:"lastLoginDate";s:19:"2012-04-19 11:24:05";s:13:"lastLoginHost";s:10:"cherif-lap";s:9:"remote_id";N;s:13:"department_id";s:2:"27";s:5:"admin";s:1:"0";s:3:"msn";N;s:8:"facebook";N;s:7:"twitter";N;s:3:"icq";N;s:8:"whatsapp";N;s:10:"blackberry";N;s:5:"gmail";N;s:7:"role_id";s:1:"4";}', ''),
(367, '85f36907838d5096161f049d74163805', 'Frontend.logged_user_idententity', 1441, 'admin', ''),
(368, '85f36907838d5096161f049d74163805', 'Frontend.logged_user_object', 1441, 'O:8:"stdClass":32:{s:2:"id";s:1:"2";s:8:"username";s:5:"Ghada";s:8:"password";s:6:"******";s:9:"firstname";s:5:"Ghada";s:8:"lastname";s:4:"Rawi";s:13:"date_of_birth";N;s:5:"phone";N;s:5:"email";s:17:"ghada@amhsoft.com";s:6:"mobile";s:14:"00495312801805";s:3:"fax";N;s:5:"state";s:1:"1";s:16:"create_date_time";N;s:16:"update_date_time";s:19:"2012-11-21 14:42:26";s:6:"notice";N;s:7:"address";s:15:"Berlinerstr 52j";s:10:"postalcode";N;s:4:"city";s:12:"Braunschweig";s:8:"province";s:13:"Niedersachsen";s:7:"country";s:7:"Germany";s:13:"lastLoginDate";s:19:"2012-04-19 11:24:05";s:13:"lastLoginHost";s:10:"cherif-lap";s:9:"remote_id";N;s:13:"department_id";s:2:"27";s:5:"admin";s:1:"0";s:3:"msn";N;s:8:"facebook";N;s:7:"twitter";N;s:3:"icq";N;s:8:"whatsapp";N;s:10:"blackberry";N;s:5:"gmail";N;s:7:"role_id";s:1:"4";}', ''),
(369, '256222de7092355557783fa531b4001a', 'Frontend.logged_user_idententity', 1441, 'admin', ''),
(370, '256222de7092355557783fa531b4001a', 'Frontend.logged_user_object', 1441, 'O:8:"stdClass":32:{s:2:"id";s:1:"2";s:8:"username";s:5:"Ghada";s:8:"password";s:6:"******";s:9:"firstname";s:5:"Ghada";s:8:"lastname";s:4:"Rawi";s:13:"date_of_birth";N;s:5:"phone";N;s:5:"email";s:17:"ghada@amhsoft.com";s:6:"mobile";s:14:"00495312801805";s:3:"fax";N;s:5:"state";s:1:"1";s:16:"create_date_time";N;s:16:"update_date_time";s:19:"2012-11-21 14:42:26";s:6:"notice";N;s:7:"address";s:15:"Berlinerstr 52j";s:10:"postalcode";N;s:4:"city";s:12:"Braunschweig";s:8:"province";s:13:"Niedersachsen";s:7:"country";s:7:"Germany";s:13:"lastLoginDate";s:19:"2012-04-19 11:24:05";s:13:"lastLoginHost";s:10:"cherif-lap";s:9:"remote_id";N;s:13:"department_id";s:2:"27";s:5:"admin";s:1:"0";s:3:"msn";N;s:8:"facebook";N;s:7:"twitter";N;s:3:"icq";N;s:8:"whatsapp";N;s:10:"blackberry";N;s:5:"gmail";N;s:7:"role_id";s:1:"4";}', ''),
(371, '2a363f62ec89ca3380664bb97759c8ba', 'Frontend.logged_user_idententity', 1440, 'admin', ''),
(372, '2a363f62ec89ca3380664bb97759c8ba', 'Frontend.logged_user_object', 1440, 'O:8:"stdClass":32:{s:2:"id";s:1:"2";s:8:"username";s:5:"Ghada";s:8:"password";s:6:"******";s:9:"firstname";s:5:"Ghada";s:8:"lastname";s:4:"Rawi";s:13:"date_of_birth";N;s:5:"phone";N;s:5:"email";s:17:"ghada@amhsoft.com";s:6:"mobile";s:14:"00495312801805";s:3:"fax";N;s:5:"state";s:1:"1";s:16:"create_date_time";N;s:16:"update_date_time";s:19:"2012-11-21 14:42:26";s:6:"notice";N;s:7:"address";s:15:"Berlinerstr 52j";s:10:"postalcode";N;s:4:"city";s:12:"Braunschweig";s:8:"province";s:13:"Niedersachsen";s:7:"country";s:7:"Germany";s:13:"lastLoginDate";s:19:"2012-04-19 11:24:05";s:13:"lastLoginHost";s:10:"cherif-lap";s:9:"remote_id";N;s:13:"department_id";s:2:"27";s:5:"admin";s:1:"0";s:3:"msn";N;s:8:"facebook";N;s:7:"twitter";N;s:3:"icq";N;s:8:"whatsapp";N;s:10:"blackberry";N;s:5:"gmail";N;s:7:"role_id";s:1:"4";}', ''),
(373, 'df6d3f726732e2fa65eaf556452b334f', 'Frontend.logged_user_idententity', 1440, 'admin', '');
INSERT INTO `session` (`id`, `session_id`, `session_key`, `session_expiry`, `session_value`, `host`) VALUES
(374, 'df6d3f726732e2fa65eaf556452b334f', 'Frontend.logged_user_object', 1440, 'O:8:"stdClass":32:{s:2:"id";s:1:"2";s:8:"username";s:5:"Ghada";s:8:"password";s:6:"******";s:9:"firstname";s:5:"Ghada";s:8:"lastname";s:4:"Rawi";s:13:"date_of_birth";N;s:5:"phone";N;s:5:"email";s:17:"ghada@amhsoft.com";s:6:"mobile";s:14:"00495312801805";s:3:"fax";N;s:5:"state";s:1:"1";s:16:"create_date_time";N;s:16:"update_date_time";s:19:"2012-11-21 14:42:26";s:6:"notice";N;s:7:"address";s:15:"Berlinerstr 52j";s:10:"postalcode";N;s:4:"city";s:12:"Braunschweig";s:8:"province";s:13:"Niedersachsen";s:7:"country";s:7:"Germany";s:13:"lastLoginDate";s:19:"2012-04-19 11:24:05";s:13:"lastLoginHost";s:10:"cherif-lap";s:9:"remote_id";N;s:13:"department_id";s:2:"27";s:5:"admin";s:1:"0";s:3:"msn";N;s:8:"facebook";N;s:7:"twitter";N;s:3:"icq";N;s:8:"whatsapp";N;s:10:"blackberry";N;s:5:"gmail";N;s:7:"role_id";s:1:"4";}', ''),
(375, '0c425b65f972fd59f2daac75a723166f', 'Frontend.logged_user_idententity', 1440, 'admin', ''),
(376, '0c425b65f972fd59f2daac75a723166f', 'Frontend.logged_user_object', 1440, 'O:8:"stdClass":32:{s:2:"id";s:1:"2";s:8:"username";s:5:"Ghada";s:8:"password";s:6:"******";s:9:"firstname";s:5:"Ghada";s:8:"lastname";s:4:"Rawi";s:13:"date_of_birth";N;s:5:"phone";N;s:5:"email";s:17:"ghada@amhsoft.com";s:6:"mobile";s:14:"00495312801805";s:3:"fax";N;s:5:"state";s:1:"1";s:16:"create_date_time";N;s:16:"update_date_time";s:19:"2012-11-21 14:42:26";s:6:"notice";N;s:7:"address";s:15:"Berlinerstr 52j";s:10:"postalcode";N;s:4:"city";s:12:"Braunschweig";s:8:"province";s:13:"Niedersachsen";s:7:"country";s:7:"Germany";s:13:"lastLoginDate";s:19:"2012-04-19 11:24:05";s:13:"lastLoginHost";s:10:"cherif-lap";s:9:"remote_id";N;s:13:"department_id";s:2:"27";s:5:"admin";s:1:"0";s:3:"msn";N;s:8:"facebook";N;s:7:"twitter";N;s:3:"icq";N;s:8:"whatsapp";N;s:10:"blackberry";N;s:5:"gmail";N;s:7:"role_id";s:1:"4";}', ''),
(377, '5d2c0657a176ebf579df67522c2dad2b', 'Frontend.logged_user_idententity', 1441, 'admin', ''),
(378, '5d2c0657a176ebf579df67522c2dad2b', 'Frontend.logged_user_object', 1441, 'O:8:"stdClass":32:{s:2:"id";s:1:"2";s:8:"username";s:5:"Ghada";s:8:"password";s:6:"******";s:9:"firstname";s:5:"Ghada";s:8:"lastname";s:4:"Rawi";s:13:"date_of_birth";N;s:5:"phone";N;s:5:"email";s:17:"ghada@amhsoft.com";s:6:"mobile";s:14:"00495312801805";s:3:"fax";N;s:5:"state";s:1:"1";s:16:"create_date_time";N;s:16:"update_date_time";s:19:"2012-11-21 14:42:26";s:6:"notice";N;s:7:"address";s:15:"Berlinerstr 52j";s:10:"postalcode";N;s:4:"city";s:12:"Braunschweig";s:8:"province";s:13:"Niedersachsen";s:7:"country";s:7:"Germany";s:13:"lastLoginDate";s:19:"2012-04-19 11:24:05";s:13:"lastLoginHost";s:10:"cherif-lap";s:9:"remote_id";N;s:13:"department_id";s:2:"27";s:5:"admin";s:1:"0";s:3:"msn";N;s:8:"facebook";N;s:7:"twitter";N;s:3:"icq";N;s:8:"whatsapp";N;s:10:"blackberry";N;s:5:"gmail";N;s:7:"role_id";s:1:"4";}', ''),
(379, '7f5c112c177acbe0ff1639cc89d4db7a', 'Frontend.logged_user_idententity', 1441, 'admin', ''),
(380, '7f5c112c177acbe0ff1639cc89d4db7a', 'Frontend.logged_user_object', 1440, 'O:8:"stdClass":32:{s:2:"id";s:1:"2";s:8:"username";s:5:"Ghada";s:8:"password";s:6:"******";s:9:"firstname";s:5:"Ghada";s:8:"lastname";s:4:"Rawi";s:13:"date_of_birth";N;s:5:"phone";N;s:5:"email";s:17:"ghada@amhsoft.com";s:6:"mobile";s:14:"00495312801805";s:3:"fax";N;s:5:"state";s:1:"1";s:16:"create_date_time";N;s:16:"update_date_time";s:19:"2012-11-21 14:42:26";s:6:"notice";N;s:7:"address";s:15:"Berlinerstr 52j";s:10:"postalcode";N;s:4:"city";s:12:"Braunschweig";s:8:"province";s:13:"Niedersachsen";s:7:"country";s:7:"Germany";s:13:"lastLoginDate";s:19:"2012-04-19 11:24:05";s:13:"lastLoginHost";s:10:"cherif-lap";s:9:"remote_id";N;s:13:"department_id";s:2:"27";s:5:"admin";s:1:"0";s:3:"msn";N;s:8:"facebook";N;s:7:"twitter";N;s:3:"icq";N;s:8:"whatsapp";N;s:10:"blackberry";N;s:5:"gmail";N;s:7:"role_id";s:1:"4";}', ''),
(381, '942d10a1dc52481bf8d216ca0140db4e', 'Frontend.logged_user_idententity', 1440, 'admin', ''),
(382, '942d10a1dc52481bf8d216ca0140db4e', 'Frontend.logged_user_object', 1440, 'O:8:"stdClass":32:{s:2:"id";s:1:"2";s:8:"username";s:5:"Ghada";s:8:"password";s:6:"******";s:9:"firstname";s:5:"Ghada";s:8:"lastname";s:4:"Rawi";s:13:"date_of_birth";N;s:5:"phone";N;s:5:"email";s:17:"ghada@amhsoft.com";s:6:"mobile";s:14:"00495312801805";s:3:"fax";N;s:5:"state";s:1:"1";s:16:"create_date_time";N;s:16:"update_date_time";s:19:"2012-11-21 14:42:26";s:6:"notice";N;s:7:"address";s:15:"Berlinerstr 52j";s:10:"postalcode";N;s:4:"city";s:12:"Braunschweig";s:8:"province";s:13:"Niedersachsen";s:7:"country";s:7:"Germany";s:13:"lastLoginDate";s:19:"2012-04-19 11:24:05";s:13:"lastLoginHost";s:10:"cherif-lap";s:9:"remote_id";N;s:13:"department_id";s:2:"27";s:5:"admin";s:1:"0";s:3:"msn";N;s:8:"facebook";N;s:7:"twitter";N;s:3:"icq";N;s:8:"whatsapp";N;s:10:"blackberry";N;s:5:"gmail";N;s:7:"role_id";s:1:"4";}', ''),
(383, 'b267407f309751761aadbf8bc958c32e', 'Frontend.logged_user_idententity', 1441, 'admin', ''),
(384, 'b267407f309751761aadbf8bc958c32e', 'Frontend.logged_user_object', 1441, 'O:8:"stdClass":32:{s:2:"id";s:1:"2";s:8:"username";s:5:"Ghada";s:8:"password";s:6:"******";s:9:"firstname";s:5:"Ghada";s:8:"lastname";s:4:"Rawi";s:13:"date_of_birth";N;s:5:"phone";N;s:5:"email";s:17:"ghada@amhsoft.com";s:6:"mobile";s:14:"00495312801805";s:3:"fax";N;s:5:"state";s:1:"1";s:16:"create_date_time";N;s:16:"update_date_time";s:19:"2012-11-21 14:42:26";s:6:"notice";N;s:7:"address";s:15:"Berlinerstr 52j";s:10:"postalcode";N;s:4:"city";s:12:"Braunschweig";s:8:"province";s:13:"Niedersachsen";s:7:"country";s:7:"Germany";s:13:"lastLoginDate";s:19:"2012-04-19 11:24:05";s:13:"lastLoginHost";s:10:"cherif-lap";s:9:"remote_id";N;s:13:"department_id";s:2:"27";s:5:"admin";s:1:"0";s:3:"msn";N;s:8:"facebook";N;s:7:"twitter";N;s:3:"icq";N;s:8:"whatsapp";N;s:10:"blackberry";N;s:5:"gmail";N;s:7:"role_id";s:1:"4";}', ''),
(385, 'ec13452c69dfcd524ec715fa03f60e3a', 'Frontend.logged_user_idententity', 1440, 'admin', ''),
(386, 'ec13452c69dfcd524ec715fa03f60e3a', 'Frontend.logged_user_object', 1440, 'O:8:"stdClass":32:{s:2:"id";s:1:"2";s:8:"username";s:5:"Ghada";s:8:"password";s:6:"******";s:9:"firstname";s:5:"Ghada";s:8:"lastname";s:4:"Rawi";s:13:"date_of_birth";N;s:5:"phone";N;s:5:"email";s:17:"ghada@amhsoft.com";s:6:"mobile";s:14:"00495312801805";s:3:"fax";N;s:5:"state";s:1:"1";s:16:"create_date_time";N;s:16:"update_date_time";s:19:"2012-11-21 14:42:26";s:6:"notice";N;s:7:"address";s:15:"Berlinerstr 52j";s:10:"postalcode";N;s:4:"city";s:12:"Braunschweig";s:8:"province";s:13:"Niedersachsen";s:7:"country";s:7:"Germany";s:13:"lastLoginDate";s:19:"2012-04-19 11:24:05";s:13:"lastLoginHost";s:10:"cherif-lap";s:9:"remote_id";N;s:13:"department_id";s:2:"27";s:5:"admin";s:1:"0";s:3:"msn";N;s:8:"facebook";N;s:7:"twitter";N;s:3:"icq";N;s:8:"whatsapp";N;s:10:"blackberry";N;s:5:"gmail";N;s:7:"role_id";s:1:"4";}', ''),
(387, '801458496695d53daf23be861af7daca', 'Frontend.logged_user_idententity', 1441, 'admin', ''),
(388, '801458496695d53daf23be861af7daca', 'Frontend.logged_user_object', 1441, 'O:8:"stdClass":32:{s:2:"id";s:1:"2";s:8:"username";s:5:"Ghada";s:8:"password";s:6:"******";s:9:"firstname";s:5:"Ghada";s:8:"lastname";s:4:"Rawi";s:13:"date_of_birth";N;s:5:"phone";N;s:5:"email";s:17:"ghada@amhsoft.com";s:6:"mobile";s:14:"00495312801805";s:3:"fax";N;s:5:"state";s:1:"1";s:16:"create_date_time";N;s:16:"update_date_time";s:19:"2012-11-21 14:42:26";s:6:"notice";N;s:7:"address";s:15:"Berlinerstr 52j";s:10:"postalcode";N;s:4:"city";s:12:"Braunschweig";s:8:"province";s:13:"Niedersachsen";s:7:"country";s:7:"Germany";s:13:"lastLoginDate";s:19:"2012-04-19 11:24:05";s:13:"lastLoginHost";s:10:"cherif-lap";s:9:"remote_id";N;s:13:"department_id";s:2:"27";s:5:"admin";s:1:"0";s:3:"msn";N;s:8:"facebook";N;s:7:"twitter";N;s:3:"icq";N;s:8:"whatsapp";N;s:10:"blackberry";N;s:5:"gmail";N;s:7:"role_id";s:1:"4";}', ''),
(395, '801458496695d53daf23be861af7daca', 'Backend.logged_user_idententity', 1441, 'admin', ''),
(396, '801458496695d53daf23be861af7daca', 'Backend.logged_user_object', 1441, 'O:8:"stdClass":32:{s:2:"id";s:1:"2";s:8:"username";s:5:"Ghada";s:8:"password";s:6:"******";s:9:"firstname";s:5:"Ghada";s:8:"lastname";s:4:"Rawi";s:13:"date_of_birth";N;s:5:"phone";N;s:5:"email";s:17:"ghada@amhsoft.com";s:6:"mobile";s:14:"00495312801805";s:3:"fax";N;s:5:"state";s:1:"1";s:16:"create_date_time";N;s:16:"update_date_time";s:19:"2012-11-21 14:42:26";s:6:"notice";N;s:7:"address";s:15:"Berlinerstr 52j";s:10:"postalcode";N;s:4:"city";s:12:"Braunschweig";s:8:"province";s:13:"Niedersachsen";s:7:"country";s:7:"Germany";s:13:"lastLoginDate";s:19:"2012-04-19 11:24:05";s:13:"lastLoginHost";s:10:"cherif-lap";s:9:"remote_id";N;s:13:"department_id";s:2:"27";s:5:"admin";s:1:"0";s:3:"msn";N;s:8:"facebook";N;s:7:"twitter";N;s:3:"icq";N;s:8:"whatsapp";N;s:10:"blackberry";N;s:5:"gmail";N;s:7:"role_id";s:1:"4";}', ''),
(397, '6aae6dfd9d9e2e9644951ea986bf6075', 'Frontend.logged_user_idententity', 1441, 'admin', ''),
(398, '6aae6dfd9d9e2e9644951ea986bf6075', 'Frontend.logged_user_object', 1441, 'O:8:"stdClass":32:{s:2:"id";s:1:"2";s:8:"username";s:5:"Ghada";s:8:"password";s:6:"******";s:9:"firstname";s:5:"Ghada";s:8:"lastname";s:4:"Rawi";s:13:"date_of_birth";N;s:5:"phone";N;s:5:"email";s:17:"ghada@amhsoft.com";s:6:"mobile";s:14:"00495312801805";s:3:"fax";N;s:5:"state";s:1:"1";s:16:"create_date_time";N;s:16:"update_date_time";s:19:"2012-11-21 14:42:26";s:6:"notice";N;s:7:"address";s:15:"Berlinerstr 52j";s:10:"postalcode";N;s:4:"city";s:12:"Braunschweig";s:8:"province";s:13:"Niedersachsen";s:7:"country";s:7:"Germany";s:13:"lastLoginDate";s:19:"2012-04-19 11:24:05";s:13:"lastLoginHost";s:10:"cherif-lap";s:9:"remote_id";N;s:13:"department_id";s:2:"27";s:5:"admin";s:1:"0";s:3:"msn";N;s:8:"facebook";N;s:7:"twitter";N;s:3:"icq";N;s:8:"whatsapp";N;s:10:"blackberry";N;s:5:"gmail";N;s:7:"role_id";s:1:"4";}', ''),
(405, '6aae6dfd9d9e2e9644951ea986bf6075', 'Backend.logged_user_idententity', 1441, 'admin', ''),
(406, '6aae6dfd9d9e2e9644951ea986bf6075', 'Backend.logged_user_object', 1441, 'O:8:"stdClass":32:{s:2:"id";s:1:"2";s:8:"username";s:5:"Ghada";s:8:"password";s:6:"******";s:9:"firstname";s:5:"Ghada";s:8:"lastname";s:4:"Rawi";s:13:"date_of_birth";N;s:5:"phone";N;s:5:"email";s:17:"ghada@amhsoft.com";s:6:"mobile";s:14:"00495312801805";s:3:"fax";N;s:5:"state";s:1:"1";s:16:"create_date_time";N;s:16:"update_date_time";s:19:"2012-11-21 14:42:26";s:6:"notice";N;s:7:"address";s:15:"Berlinerstr 52j";s:10:"postalcode";N;s:4:"city";s:12:"Braunschweig";s:8:"province";s:13:"Niedersachsen";s:7:"country";s:7:"Germany";s:13:"lastLoginDate";s:19:"2012-04-19 11:24:05";s:13:"lastLoginHost";s:10:"cherif-lap";s:9:"remote_id";N;s:13:"department_id";s:2:"27";s:5:"admin";s:1:"0";s:3:"msn";N;s:8:"facebook";N;s:7:"twitter";N;s:3:"icq";N;s:8:"whatsapp";N;s:10:"blackberry";N;s:5:"gmail";N;s:7:"role_id";s:1:"4";}', ''),
(407, 'b7feda21e973a443cc0752f703021681', 'Frontend.logged_user_idententity', 1440, 'admin', ''),
(408, 'b7feda21e973a443cc0752f703021681', 'Frontend.logged_user_object', 1440, 'O:8:"stdClass":32:{s:2:"id";s:1:"2";s:8:"username";s:5:"Ghada";s:8:"password";s:6:"******";s:9:"firstname";s:5:"Ghada";s:8:"lastname";s:4:"Rawi";s:13:"date_of_birth";N;s:5:"phone";N;s:5:"email";s:17:"ghada@amhsoft.com";s:6:"mobile";s:14:"00495312801805";s:3:"fax";N;s:5:"state";s:1:"1";s:16:"create_date_time";N;s:16:"update_date_time";s:19:"2012-11-21 14:42:26";s:6:"notice";N;s:7:"address";s:15:"Berlinerstr 52j";s:10:"postalcode";N;s:4:"city";s:12:"Braunschweig";s:8:"province";s:13:"Niedersachsen";s:7:"country";s:7:"Germany";s:13:"lastLoginDate";s:19:"2012-04-19 11:24:05";s:13:"lastLoginHost";s:10:"cherif-lap";s:9:"remote_id";N;s:13:"department_id";s:2:"27";s:5:"admin";s:1:"0";s:3:"msn";N;s:8:"facebook";N;s:7:"twitter";N;s:3:"icq";N;s:8:"whatsapp";N;s:10:"blackberry";N;s:5:"gmail";N;s:7:"role_id";s:1:"4";}', ''),
(409, '7d6887055941ceb08c38a2a3dffe934c', 'Frontend.logged_user_idententity', 1441, 'admin', ''),
(410, '7d6887055941ceb08c38a2a3dffe934c', 'Frontend.logged_user_object', 1441, 'O:8:"stdClass":32:{s:2:"id";s:1:"2";s:8:"username";s:5:"Ghada";s:8:"password";s:6:"******";s:9:"firstname";s:5:"Ghada";s:8:"lastname";s:4:"Rawi";s:13:"date_of_birth";N;s:5:"phone";N;s:5:"email";s:17:"ghada@amhsoft.com";s:6:"mobile";s:14:"00495312801805";s:3:"fax";N;s:5:"state";s:1:"1";s:16:"create_date_time";N;s:16:"update_date_time";s:19:"2012-11-21 14:42:26";s:6:"notice";N;s:7:"address";s:15:"Berlinerstr 52j";s:10:"postalcode";N;s:4:"city";s:12:"Braunschweig";s:8:"province";s:13:"Niedersachsen";s:7:"country";s:7:"Germany";s:13:"lastLoginDate";s:19:"2012-04-19 11:24:05";s:13:"lastLoginHost";s:10:"cherif-lap";s:9:"remote_id";N;s:13:"department_id";s:2:"27";s:5:"admin";s:1:"0";s:3:"msn";N;s:8:"facebook";N;s:7:"twitter";N;s:3:"icq";N;s:8:"whatsapp";N;s:10:"blackberry";N;s:5:"gmail";N;s:7:"role_id";s:1:"4";}', ''),
(411, '800cd9f4f5b8a0cd9d4343bb384c2416', 'Frontend.logged_user_idententity', 1440, 'admin', ''),
(412, '800cd9f4f5b8a0cd9d4343bb384c2416', 'Frontend.logged_user_object', 1440, 'O:8:"stdClass":32:{s:2:"id";s:1:"2";s:8:"username";s:5:"Ghada";s:8:"password";s:6:"******";s:9:"firstname";s:5:"Ghada";s:8:"lastname";s:4:"Rawi";s:13:"date_of_birth";N;s:5:"phone";N;s:5:"email";s:17:"ghada@amhsoft.com";s:6:"mobile";s:14:"00495312801805";s:3:"fax";N;s:5:"state";s:1:"1";s:16:"create_date_time";N;s:16:"update_date_time";s:19:"2012-11-21 14:42:26";s:6:"notice";N;s:7:"address";s:15:"Berlinerstr 52j";s:10:"postalcode";N;s:4:"city";s:12:"Braunschweig";s:8:"province";s:13:"Niedersachsen";s:7:"country";s:7:"Germany";s:13:"lastLoginDate";s:19:"2012-04-19 11:24:05";s:13:"lastLoginHost";s:10:"cherif-lap";s:9:"remote_id";N;s:13:"department_id";s:2:"27";s:5:"admin";s:1:"0";s:3:"msn";N;s:8:"facebook";N;s:7:"twitter";N;s:3:"icq";N;s:8:"whatsapp";N;s:10:"blackberry";N;s:5:"gmail";N;s:7:"role_id";s:1:"4";}', ''),
(413, 'e241ebafb037914a3b60ee435f585486', 'Frontend.logged_user_idententity', 1441, 'admin', ''),
(414, 'e241ebafb037914a3b60ee435f585486', 'Frontend.logged_user_object', 1441, 'O:8:"stdClass":32:{s:2:"id";s:1:"2";s:8:"username";s:5:"Ghada";s:8:"password";s:6:"******";s:9:"firstname";s:5:"Ghada";s:8:"lastname";s:4:"Rawi";s:13:"date_of_birth";N;s:5:"phone";N;s:5:"email";s:17:"ghada@amhsoft.com";s:6:"mobile";s:14:"00495312801805";s:3:"fax";N;s:5:"state";s:1:"1";s:16:"create_date_time";N;s:16:"update_date_time";s:19:"2012-11-21 14:42:26";s:6:"notice";N;s:7:"address";s:15:"Berlinerstr 52j";s:10:"postalcode";N;s:4:"city";s:12:"Braunschweig";s:8:"province";s:13:"Niedersachsen";s:7:"country";s:7:"Germany";s:13:"lastLoginDate";s:19:"2012-04-19 11:24:05";s:13:"lastLoginHost";s:10:"cherif-lap";s:9:"remote_id";N;s:13:"department_id";s:2:"27";s:5:"admin";s:1:"0";s:3:"msn";N;s:8:"facebook";N;s:7:"twitter";N;s:3:"icq";N;s:8:"whatsapp";N;s:10:"blackberry";N;s:5:"gmail";N;s:7:"role_id";s:1:"4";}', ''),
(421, 'e241ebafb037914a3b60ee435f585486', 'Backend.logged_user_idententity', 1440, 'admin', ''),
(422, 'e241ebafb037914a3b60ee435f585486', 'Backend.logged_user_object', 1440, 'O:8:"stdClass":32:{s:2:"id";s:1:"2";s:8:"username";s:5:"Ghada";s:8:"password";s:6:"******";s:9:"firstname";s:5:"Ghada";s:8:"lastname";s:4:"Rawi";s:13:"date_of_birth";N;s:5:"phone";N;s:5:"email";s:17:"ghada@amhsoft.com";s:6:"mobile";s:14:"00495312801805";s:3:"fax";N;s:5:"state";s:1:"1";s:16:"create_date_time";N;s:16:"update_date_time";s:19:"2012-11-21 14:42:26";s:6:"notice";N;s:7:"address";s:15:"Berlinerstr 52j";s:10:"postalcode";N;s:4:"city";s:12:"Braunschweig";s:8:"province";s:13:"Niedersachsen";s:7:"country";s:7:"Germany";s:13:"lastLoginDate";s:19:"2012-04-19 11:24:05";s:13:"lastLoginHost";s:10:"cherif-lap";s:9:"remote_id";N;s:13:"department_id";s:2:"27";s:5:"admin";s:1:"0";s:3:"msn";N;s:8:"facebook";N;s:7:"twitter";N;s:3:"icq";N;s:8:"whatsapp";N;s:10:"blackberry";N;s:5:"gmail";N;s:7:"role_id";s:1:"4";}', ''),
(423, '2fd32b0434e8f8b6cd960f7f9cf8dba4', 'Frontend.logged_user_idententity', 1441, 'admin', ''),
(424, '2fd32b0434e8f8b6cd960f7f9cf8dba4', 'Frontend.logged_user_object', 1441, 'O:8:"stdClass":32:{s:2:"id";s:1:"2";s:8:"username";s:5:"Ghada";s:8:"password";s:6:"******";s:9:"firstname";s:5:"Ghada";s:8:"lastname";s:4:"Rawi";s:13:"date_of_birth";N;s:5:"phone";N;s:5:"email";s:17:"ghada@amhsoft.com";s:6:"mobile";s:14:"00495312801805";s:3:"fax";N;s:5:"state";s:1:"1";s:16:"create_date_time";N;s:16:"update_date_time";s:19:"2012-11-21 14:42:26";s:6:"notice";N;s:7:"address";s:15:"Berlinerstr 52j";s:10:"postalcode";N;s:4:"city";s:12:"Braunschweig";s:8:"province";s:13:"Niedersachsen";s:7:"country";s:7:"Germany";s:13:"lastLoginDate";s:19:"2012-04-19 11:24:05";s:13:"lastLoginHost";s:10:"cherif-lap";s:9:"remote_id";N;s:13:"department_id";s:2:"27";s:5:"admin";s:1:"0";s:3:"msn";N;s:8:"facebook";N;s:7:"twitter";N;s:3:"icq";N;s:8:"whatsapp";N;s:10:"blackberry";N;s:5:"gmail";N;s:7:"role_id";s:1:"4";}', ''),
(431, '2fd32b0434e8f8b6cd960f7f9cf8dba4', 'Backend.logged_user_idententity', 1441, 'admin', ''),
(432, '2fd32b0434e8f8b6cd960f7f9cf8dba4', 'Backend.logged_user_object', 1441, 'O:8:"stdClass":32:{s:2:"id";s:1:"2";s:8:"username";s:5:"Ghada";s:8:"password";s:6:"******";s:9:"firstname";s:5:"Ghada";s:8:"lastname";s:4:"Rawi";s:13:"date_of_birth";N;s:5:"phone";N;s:5:"email";s:17:"ghada@amhsoft.com";s:6:"mobile";s:14:"00495312801805";s:3:"fax";N;s:5:"state";s:1:"1";s:16:"create_date_time";N;s:16:"update_date_time";s:19:"2012-11-21 14:42:26";s:6:"notice";N;s:7:"address";s:15:"Berlinerstr 52j";s:10:"postalcode";N;s:4:"city";s:12:"Braunschweig";s:8:"province";s:13:"Niedersachsen";s:7:"country";s:7:"Germany";s:13:"lastLoginDate";s:19:"2012-04-19 11:24:05";s:13:"lastLoginHost";s:10:"cherif-lap";s:9:"remote_id";N;s:13:"department_id";s:2:"27";s:5:"admin";s:1:"0";s:3:"msn";N;s:8:"facebook";N;s:7:"twitter";N;s:3:"icq";N;s:8:"whatsapp";N;s:10:"blackberry";N;s:5:"gmail";N;s:7:"role_id";s:1:"4";}', ''),
(433, 'e0468ffab2cad67bf6832e16087f7920', 'Frontend.logged_user_idententity', 1441, 'admin', ''),
(434, 'e0468ffab2cad67bf6832e16087f7920', 'Frontend.logged_user_object', 1441, 'O:8:"stdClass":32:{s:2:"id";s:1:"2";s:8:"username";s:5:"Ghada";s:8:"password";s:6:"******";s:9:"firstname";s:5:"Ghada";s:8:"lastname";s:4:"Rawi";s:13:"date_of_birth";N;s:5:"phone";N;s:5:"email";s:17:"ghada@amhsoft.com";s:6:"mobile";s:14:"00495312801805";s:3:"fax";N;s:5:"state";s:1:"1";s:16:"create_date_time";N;s:16:"update_date_time";s:19:"2012-11-21 14:42:26";s:6:"notice";N;s:7:"address";s:15:"Berlinerstr 52j";s:10:"postalcode";N;s:4:"city";s:12:"Braunschweig";s:8:"province";s:13:"Niedersachsen";s:7:"country";s:7:"Germany";s:13:"lastLoginDate";s:19:"2012-04-19 11:24:05";s:13:"lastLoginHost";s:10:"cherif-lap";s:9:"remote_id";N;s:13:"department_id";s:2:"27";s:5:"admin";s:1:"0";s:3:"msn";N;s:8:"facebook";N;s:7:"twitter";N;s:3:"icq";N;s:8:"whatsapp";N;s:10:"blackberry";N;s:5:"gmail";N;s:7:"role_id";s:1:"4";}', ''),
(441, 'e0468ffab2cad67bf6832e16087f7920', 'Backend.logged_user_idententity', 1441, 'admin', ''),
(442, 'e0468ffab2cad67bf6832e16087f7920', 'Backend.logged_user_object', 1441, 'O:8:"stdClass":32:{s:2:"id";s:1:"2";s:8:"username";s:5:"Ghada";s:8:"password";s:6:"******";s:9:"firstname";s:5:"Ghada";s:8:"lastname";s:4:"Rawi";s:13:"date_of_birth";N;s:5:"phone";N;s:5:"email";s:17:"ghada@amhsoft.com";s:6:"mobile";s:14:"00495312801805";s:3:"fax";N;s:5:"state";s:1:"1";s:16:"create_date_time";N;s:16:"update_date_time";s:19:"2012-11-21 14:42:26";s:6:"notice";N;s:7:"address";s:15:"Berlinerstr 52j";s:10:"postalcode";N;s:4:"city";s:12:"Braunschweig";s:8:"province";s:13:"Niedersachsen";s:7:"country";s:7:"Germany";s:13:"lastLoginDate";s:19:"2012-04-19 11:24:05";s:13:"lastLoginHost";s:10:"cherif-lap";s:9:"remote_id";N;s:13:"department_id";s:2:"27";s:5:"admin";s:1:"0";s:3:"msn";N;s:8:"facebook";N;s:7:"twitter";N;s:3:"icq";N;s:8:"whatsapp";N;s:10:"blackberry";N;s:5:"gmail";N;s:7:"role_id";s:1:"4";}', ''),
(443, '4dee669a7046b59aa387d350be6ba0f1', 'Frontend.logged_user_idententity', 1440, 'admin', ''),
(444, '4dee669a7046b59aa387d350be6ba0f1', 'Frontend.logged_user_object', 1440, 'O:8:"stdClass":32:{s:2:"id";s:1:"2";s:8:"username";s:5:"Ghada";s:8:"password";s:6:"******";s:9:"firstname";s:5:"Ghada";s:8:"lastname";s:4:"Rawi";s:13:"date_of_birth";N;s:5:"phone";N;s:5:"email";s:17:"ghada@amhsoft.com";s:6:"mobile";s:14:"00495312801805";s:3:"fax";N;s:5:"state";s:1:"1";s:16:"create_date_time";N;s:16:"update_date_time";s:19:"2012-11-21 14:42:26";s:6:"notice";N;s:7:"address";s:15:"Berlinerstr 52j";s:10:"postalcode";N;s:4:"city";s:12:"Braunschweig";s:8:"province";s:13:"Niedersachsen";s:7:"country";s:7:"Germany";s:13:"lastLoginDate";s:19:"2012-04-19 11:24:05";s:13:"lastLoginHost";s:10:"cherif-lap";s:9:"remote_id";N;s:13:"department_id";s:2:"27";s:5:"admin";s:1:"0";s:3:"msn";N;s:8:"facebook";N;s:7:"twitter";N;s:3:"icq";N;s:8:"whatsapp";N;s:10:"blackberry";N;s:5:"gmail";N;s:7:"role_id";s:1:"4";}', ''),
(451, '4dee669a7046b59aa387d350be6ba0f1', 'Backend.logged_user_idententity', 1440, 'admin', ''),
(452, '4dee669a7046b59aa387d350be6ba0f1', 'Backend.logged_user_object', 1440, 'O:8:"stdClass":32:{s:2:"id";s:1:"2";s:8:"username";s:5:"Ghada";s:8:"password";s:6:"******";s:9:"firstname";s:5:"Ghada";s:8:"lastname";s:4:"Rawi";s:13:"date_of_birth";N;s:5:"phone";N;s:5:"email";s:17:"ghada@amhsoft.com";s:6:"mobile";s:14:"00495312801805";s:3:"fax";N;s:5:"state";s:1:"1";s:16:"create_date_time";N;s:16:"update_date_time";s:19:"2012-11-21 14:42:26";s:6:"notice";N;s:7:"address";s:15:"Berlinerstr 52j";s:10:"postalcode";N;s:4:"city";s:12:"Braunschweig";s:8:"province";s:13:"Niedersachsen";s:7:"country";s:7:"Germany";s:13:"lastLoginDate";s:19:"2012-04-19 11:24:05";s:13:"lastLoginHost";s:10:"cherif-lap";s:9:"remote_id";N;s:13:"department_id";s:2:"27";s:5:"admin";s:1:"0";s:3:"msn";N;s:8:"facebook";N;s:7:"twitter";N;s:3:"icq";N;s:8:"whatsapp";N;s:10:"blackberry";N;s:5:"gmail";N;s:7:"role_id";s:1:"4";}', ''),
(453, '97e97c18e35e3ccfe67013d4c8b009b6', 'Frontend.logged_user_idententity', 1441, 'admin', ''),
(454, '97e97c18e35e3ccfe67013d4c8b009b6', 'Frontend.logged_user_object', 1441, 'O:8:"stdClass":32:{s:2:"id";s:1:"2";s:8:"username";s:5:"Ghada";s:8:"password";s:6:"******";s:9:"firstname";s:5:"Ghada";s:8:"lastname";s:4:"Rawi";s:13:"date_of_birth";N;s:5:"phone";N;s:5:"email";s:17:"ghada@amhsoft.com";s:6:"mobile";s:14:"00495312801805";s:3:"fax";N;s:5:"state";s:1:"1";s:16:"create_date_time";N;s:16:"update_date_time";s:19:"2012-11-21 14:42:26";s:6:"notice";N;s:7:"address";s:15:"Berlinerstr 52j";s:10:"postalcode";N;s:4:"city";s:12:"Braunschweig";s:8:"province";s:13:"Niedersachsen";s:7:"country";s:7:"Germany";s:13:"lastLoginDate";s:19:"2012-04-19 11:24:05";s:13:"lastLoginHost";s:10:"cherif-lap";s:9:"remote_id";N;s:13:"department_id";s:2:"27";s:5:"admin";s:1:"0";s:3:"msn";N;s:8:"facebook";N;s:7:"twitter";N;s:3:"icq";N;s:8:"whatsapp";N;s:10:"blackberry";N;s:5:"gmail";N;s:7:"role_id";s:1:"4";}', ''),
(455, '1c322add04e549707d3662b5488eb52e', 'Frontend.logged_user_idententity', 1441, 'admin', ''),
(456, '1c322add04e549707d3662b5488eb52e', 'Frontend.logged_user_object', 1441, 'O:8:"stdClass":32:{s:2:"id";s:1:"2";s:8:"username";s:5:"Ghada";s:8:"password";s:6:"******";s:9:"firstname";s:5:"Ghada";s:8:"lastname";s:4:"Rawi";s:13:"date_of_birth";N;s:5:"phone";N;s:5:"email";s:17:"ghada@amhsoft.com";s:6:"mobile";s:14:"00495312801805";s:3:"fax";N;s:5:"state";s:1:"1";s:16:"create_date_time";N;s:16:"update_date_time";s:19:"2012-11-21 14:42:26";s:6:"notice";N;s:7:"address";s:15:"Berlinerstr 52j";s:10:"postalcode";N;s:4:"city";s:12:"Braunschweig";s:8:"province";s:13:"Niedersachsen";s:7:"country";s:7:"Germany";s:13:"lastLoginDate";s:19:"2012-04-19 11:24:05";s:13:"lastLoginHost";s:10:"cherif-lap";s:9:"remote_id";N;s:13:"department_id";s:2:"27";s:5:"admin";s:1:"0";s:3:"msn";N;s:8:"facebook";N;s:7:"twitter";N;s:3:"icq";N;s:8:"whatsapp";N;s:10:"blackberry";N;s:5:"gmail";N;s:7:"role_id";s:1:"4";}', ''),
(467, '1c322add04e549707d3662b5488eb52e', 'Backend.logged_user_idententity', 1440, 'admin', ''),
(468, '1c322add04e549707d3662b5488eb52e', 'Backend.logged_user_object', 1440, 'O:8:"stdClass":32:{s:2:"id";s:1:"2";s:8:"username";s:5:"Ghada";s:8:"password";s:6:"******";s:9:"firstname";s:5:"Ghada";s:8:"lastname";s:4:"Rawi";s:13:"date_of_birth";N;s:5:"phone";N;s:5:"email";s:17:"ghada@amhsoft.com";s:6:"mobile";s:14:"00495312801805";s:3:"fax";N;s:5:"state";s:1:"1";s:16:"create_date_time";N;s:16:"update_date_time";s:19:"2012-11-21 14:42:26";s:6:"notice";N;s:7:"address";s:15:"Berlinerstr 52j";s:10:"postalcode";N;s:4:"city";s:12:"Braunschweig";s:8:"province";s:13:"Niedersachsen";s:7:"country";s:7:"Germany";s:13:"lastLoginDate";s:19:"2012-04-19 11:24:05";s:13:"lastLoginHost";s:10:"cherif-lap";s:9:"remote_id";N;s:13:"department_id";s:2:"27";s:5:"admin";s:1:"0";s:3:"msn";N;s:8:"facebook";N;s:7:"twitter";N;s:3:"icq";N;s:8:"whatsapp";N;s:10:"blackberry";N;s:5:"gmail";N;s:7:"role_id";s:1:"4";}', ''),
(469, 'b603d1cc66fe36246999eae2c1d8b7c9', 'Frontend.logged_user_idententity', 1441, 'admin', ''),
(470, 'b603d1cc66fe36246999eae2c1d8b7c9', 'Frontend.logged_user_object', 1441, 'O:8:"stdClass":32:{s:2:"id";s:1:"2";s:8:"username";s:5:"Ghada";s:8:"password";s:6:"******";s:9:"firstname";s:5:"Ghada";s:8:"lastname";s:4:"Rawi";s:13:"date_of_birth";N;s:5:"phone";N;s:5:"email";s:17:"ghada@amhsoft.com";s:6:"mobile";s:14:"00495312801805";s:3:"fax";N;s:5:"state";s:1:"1";s:16:"create_date_time";N;s:16:"update_date_time";s:19:"2012-11-21 14:42:26";s:6:"notice";N;s:7:"address";s:15:"Berlinerstr 52j";s:10:"postalcode";N;s:4:"city";s:12:"Braunschweig";s:8:"province";s:13:"Niedersachsen";s:7:"country";s:7:"Germany";s:13:"lastLoginDate";s:19:"2012-04-19 11:24:05";s:13:"lastLoginHost";s:10:"cherif-lap";s:9:"remote_id";N;s:13:"department_id";s:2:"27";s:5:"admin";s:1:"0";s:3:"msn";N;s:8:"facebook";N;s:7:"twitter";N;s:3:"icq";N;s:8:"whatsapp";N;s:10:"blackberry";N;s:5:"gmail";N;s:7:"role_id";s:1:"4";}', ''),
(481, 'b603d1cc66fe36246999eae2c1d8b7c9', 'Backend.logged_user_idententity', 1441, 'admin', ''),
(482, 'b603d1cc66fe36246999eae2c1d8b7c9', 'Backend.logged_user_object', 1441, 'O:8:"stdClass":32:{s:2:"id";s:1:"2";s:8:"username";s:5:"Ghada";s:8:"password";s:6:"******";s:9:"firstname";s:5:"Ghada";s:8:"lastname";s:4:"Rawi";s:13:"date_of_birth";N;s:5:"phone";N;s:5:"email";s:17:"ghada@amhsoft.com";s:6:"mobile";s:14:"00495312801805";s:3:"fax";N;s:5:"state";s:1:"1";s:16:"create_date_time";N;s:16:"update_date_time";s:19:"2012-11-21 14:42:26";s:6:"notice";N;s:7:"address";s:15:"Berlinerstr 52j";s:10:"postalcode";N;s:4:"city";s:12:"Braunschweig";s:8:"province";s:13:"Niedersachsen";s:7:"country";s:7:"Germany";s:13:"lastLoginDate";s:19:"2012-04-19 11:24:05";s:13:"lastLoginHost";s:10:"cherif-lap";s:9:"remote_id";N;s:13:"department_id";s:2:"27";s:5:"admin";s:1:"0";s:3:"msn";N;s:8:"facebook";N;s:7:"twitter";N;s:3:"icq";N;s:8:"whatsapp";N;s:10:"blackberry";N;s:5:"gmail";N;s:7:"role_id";s:1:"4";}', ''),
(483, '40fdd09fe00d74f5c1055c1f140980db', 'Frontend.logged_user_idententity', 1441, 'admin', ''),
(484, '40fdd09fe00d74f5c1055c1f140980db', 'Frontend.logged_user_object', 1440, 'O:8:"stdClass":32:{s:2:"id";s:1:"2";s:8:"username";s:5:"Ghada";s:8:"password";s:6:"******";s:9:"firstname";s:5:"Ghada";s:8:"lastname";s:4:"Rawi";s:13:"date_of_birth";N;s:5:"phone";N;s:5:"email";s:17:"ghada@amhsoft.com";s:6:"mobile";s:14:"00495312801805";s:3:"fax";N;s:5:"state";s:1:"1";s:16:"create_date_time";N;s:16:"update_date_time";s:19:"2012-11-21 14:42:26";s:6:"notice";N;s:7:"address";s:15:"Berlinerstr 52j";s:10:"postalcode";N;s:4:"city";s:12:"Braunschweig";s:8:"province";s:13:"Niedersachsen";s:7:"country";s:7:"Germany";s:13:"lastLoginDate";s:19:"2012-04-19 11:24:05";s:13:"lastLoginHost";s:10:"cherif-lap";s:9:"remote_id";N;s:13:"department_id";s:2:"27";s:5:"admin";s:1:"0";s:3:"msn";N;s:8:"facebook";N;s:7:"twitter";N;s:3:"icq";N;s:8:"whatsapp";N;s:10:"blackberry";N;s:5:"gmail";N;s:7:"role_id";s:1:"4";}', ''),
(495, '40fdd09fe00d74f5c1055c1f140980db', 'Backend.logged_user_idententity', 1441, 'admin', ''),
(496, '40fdd09fe00d74f5c1055c1f140980db', 'Backend.logged_user_object', 1441, 'O:8:"stdClass":32:{s:2:"id";s:1:"2";s:8:"username";s:5:"Ghada";s:8:"password";s:6:"******";s:9:"firstname";s:5:"Ghada";s:8:"lastname";s:4:"Rawi";s:13:"date_of_birth";N;s:5:"phone";N;s:5:"email";s:17:"ghada@amhsoft.com";s:6:"mobile";s:14:"00495312801805";s:3:"fax";N;s:5:"state";s:1:"1";s:16:"create_date_time";N;s:16:"update_date_time";s:19:"2012-11-21 14:42:26";s:6:"notice";N;s:7:"address";s:15:"Berlinerstr 52j";s:10:"postalcode";N;s:4:"city";s:12:"Braunschweig";s:8:"province";s:13:"Niedersachsen";s:7:"country";s:7:"Germany";s:13:"lastLoginDate";s:19:"2012-04-19 11:24:05";s:13:"lastLoginHost";s:10:"cherif-lap";s:9:"remote_id";N;s:13:"department_id";s:2:"27";s:5:"admin";s:1:"0";s:3:"msn";N;s:8:"facebook";N;s:7:"twitter";N;s:3:"icq";N;s:8:"whatsapp";N;s:10:"blackberry";N;s:5:"gmail";N;s:7:"role_id";s:1:"4";}', ''),
(511, 'a6f1bdcd33f87aee05a4832c923e2e54', 'Frontend.logged_user_idententity', 1440, 'mu.burashed@gmail.com', ''),
(512, 'a6f1bdcd33f87aee05a4832c923e2e54', 'Frontend.logged_user_object', 1440, 'O:8:"stdClass":15:{s:2:"id";s:3:"601";s:4:"name";s:7:"Muneera";s:8:"password";s:40:"7c4a8d09ca3762af61e59520943dc26494f8941b";s:6:"number";N;s:7:"telefon";N;s:6:"mobile";s:10:"3333333333";s:6:"email1";s:21:"mu.burashed@gmail.com";s:6:"email2";N;s:7:"country";s:7:"Bahrain";s:8:"province";s:9:"Muharraq ";s:4:"city";s:8:"Muharraq";s:6:"street";N;s:7:"zipcode";N;s:18:"register_date_time";s:19:"0000-00-00 00:00:00";s:6:"dealer";s:1:"0";}', ''),
(513, 'a2272ba7a9f5af6e39ec3b3112572f1b', 'Frontend.logged_user_idententity', 1441, 'admin', ''),
(514, 'a2272ba7a9f5af6e39ec3b3112572f1b', 'Frontend.logged_user_object', 1441, 'O:8:"stdClass":32:{s:2:"id";s:1:"2";s:8:"username";s:5:"Ghada";s:8:"password";s:6:"******";s:9:"firstname";s:5:"Ghada";s:8:"lastname";s:4:"Rawi";s:13:"date_of_birth";N;s:5:"phone";N;s:5:"email";s:17:"ghada@amhsoft.com";s:6:"mobile";s:14:"00495312801805";s:3:"fax";N;s:5:"state";s:1:"1";s:16:"create_date_time";N;s:16:"update_date_time";s:19:"2012-11-21 14:42:26";s:6:"notice";N;s:7:"address";s:15:"Berlinerstr 52j";s:10:"postalcode";N;s:4:"city";s:12:"Braunschweig";s:8:"province";s:13:"Niedersachsen";s:7:"country";s:7:"Germany";s:13:"lastLoginDate";s:19:"2012-04-19 11:24:05";s:13:"lastLoginHost";s:10:"cherif-lap";s:9:"remote_id";N;s:13:"department_id";s:2:"27";s:5:"admin";s:1:"0";s:3:"msn";N;s:8:"facebook";N;s:7:"twitter";N;s:3:"icq";N;s:8:"whatsapp";N;s:10:"blackberry";N;s:5:"gmail";N;s:7:"role_id";s:1:"4";}', ''),
(515, 'c0b2db7eb7fe51ec94e29569aee573ac', 'list_layout', 1441, '2', ''),
(516, 'c07d0442cba47117a7b90fbf9139114f', 'Frontend.logged_user_idententity', 1441, 'admin', ''),
(517, 'c07d0442cba47117a7b90fbf9139114f', 'Frontend.logged_user_object', 1440, 'O:8:"stdClass":32:{s:2:"id";s:1:"2";s:8:"username";s:5:"Ghada";s:8:"password";s:6:"******";s:9:"firstname";s:5:"Ghada";s:8:"lastname";s:4:"Rawi";s:13:"date_of_birth";N;s:5:"phone";N;s:5:"email";s:17:"ghada@amhsoft.com";s:6:"mobile";s:14:"00495312801805";s:3:"fax";N;s:5:"state";s:1:"1";s:16:"create_date_time";N;s:16:"update_date_time";s:19:"2012-11-21 14:42:26";s:6:"notice";N;s:7:"address";s:15:"Berlinerstr 52j";s:10:"postalcode";N;s:4:"city";s:12:"Braunschweig";s:8:"province";s:13:"Niedersachsen";s:7:"country";s:7:"Germany";s:13:"lastLoginDate";s:19:"2012-04-19 11:24:05";s:13:"lastLoginHost";s:10:"cherif-lap";s:9:"remote_id";N;s:13:"department_id";s:2:"27";s:5:"admin";s:1:"0";s:3:"msn";N;s:8:"facebook";N;s:7:"twitter";N;s:3:"icq";N;s:8:"whatsapp";N;s:10:"blackberry";N;s:5:"gmail";N;s:7:"role_id";s:1:"4";}', ''),
(528, 'c07d0442cba47117a7b90fbf9139114f', 'Backend.logged_user_idententity', 1440, 'admin', ''),
(529, 'c07d0442cba47117a7b90fbf9139114f', 'Backend.logged_user_object', 1440, 'O:8:"stdClass":32:{s:2:"id";s:1:"2";s:8:"username";s:5:"Ghada";s:8:"password";s:6:"******";s:9:"firstname";s:5:"Ghada";s:8:"lastname";s:4:"Rawi";s:13:"date_of_birth";N;s:5:"phone";N;s:5:"email";s:17:"ghada@amhsoft.com";s:6:"mobile";s:14:"00495312801805";s:3:"fax";N;s:5:"state";s:1:"1";s:16:"create_date_time";N;s:16:"update_date_time";s:19:"2012-11-21 14:42:26";s:6:"notice";N;s:7:"address";s:15:"Berlinerstr 52j";s:10:"postalcode";N;s:4:"city";s:12:"Braunschweig";s:8:"province";s:13:"Niedersachsen";s:7:"country";s:7:"Germany";s:13:"lastLoginDate";s:19:"2012-04-19 11:24:05";s:13:"lastLoginHost";s:10:"cherif-lap";s:9:"remote_id";N;s:13:"department_id";s:2:"27";s:5:"admin";s:1:"0";s:3:"msn";N;s:8:"facebook";N;s:7:"twitter";N;s:3:"icq";N;s:8:"whatsapp";N;s:10:"blackberry";N;s:5:"gmail";N;s:7:"role_id";s:1:"4";}', ''),
(530, '8aff10e2aee21a5bd76cc03081d2e616', 'Frontend.logged_user_idententity', 1441, 'admin', ''),
(531, '8aff10e2aee21a5bd76cc03081d2e616', 'Frontend.logged_user_object', 1441, 'O:8:"stdClass":32:{s:2:"id";s:1:"2";s:8:"username";s:5:"Ghada";s:8:"password";s:6:"******";s:9:"firstname";s:5:"Ghada";s:8:"lastname";s:4:"Rawi";s:13:"date_of_birth";N;s:5:"phone";N;s:5:"email";s:17:"ghada@amhsoft.com";s:6:"mobile";s:14:"00495312801805";s:3:"fax";N;s:5:"state";s:1:"1";s:16:"create_date_time";N;s:16:"update_date_time";s:19:"2012-11-21 14:42:26";s:6:"notice";N;s:7:"address";s:15:"Berlinerstr 52j";s:10:"postalcode";N;s:4:"city";s:12:"Braunschweig";s:8:"province";s:13:"Niedersachsen";s:7:"country";s:7:"Germany";s:13:"lastLoginDate";s:19:"2012-04-19 11:24:05";s:13:"lastLoginHost";s:10:"cherif-lap";s:9:"remote_id";N;s:13:"department_id";s:2:"27";s:5:"admin";s:1:"0";s:3:"msn";N;s:8:"facebook";N;s:7:"twitter";N;s:3:"icq";N;s:8:"whatsapp";N;s:10:"blackberry";N;s:5:"gmail";N;s:7:"role_id";s:1:"4";}', ''),
(542, '8aff10e2aee21a5bd76cc03081d2e616', 'Backend.logged_user_idententity', 1440, 'admin', ''),
(543, '8aff10e2aee21a5bd76cc03081d2e616', 'Backend.logged_user_object', 1440, 'O:8:"stdClass":32:{s:2:"id";s:1:"2";s:8:"username";s:5:"Ghada";s:8:"password";s:6:"******";s:9:"firstname";s:5:"Ghada";s:8:"lastname";s:4:"Rawi";s:13:"date_of_birth";N;s:5:"phone";N;s:5:"email";s:17:"ghada@amhsoft.com";s:6:"mobile";s:14:"00495312801805";s:3:"fax";N;s:5:"state";s:1:"1";s:16:"create_date_time";N;s:16:"update_date_time";s:19:"2012-11-21 14:42:26";s:6:"notice";N;s:7:"address";s:15:"Berlinerstr 52j";s:10:"postalcode";N;s:4:"city";s:12:"Braunschweig";s:8:"province";s:13:"Niedersachsen";s:7:"country";s:7:"Germany";s:13:"lastLoginDate";s:19:"2012-04-19 11:24:05";s:13:"lastLoginHost";s:10:"cherif-lap";s:9:"remote_id";N;s:13:"department_id";s:2:"27";s:5:"admin";s:1:"0";s:3:"msn";N;s:8:"facebook";N;s:7:"twitter";N;s:3:"icq";N;s:8:"whatsapp";N;s:10:"blackberry";N;s:5:"gmail";N;s:7:"role_id";s:1:"4";}', ''),
(544, '0ea89e87d2caa7a516a6b80eaf595c90', 'Frontend.logged_user_idententity', 1441, 'admin', ''),
(545, '0ea89e87d2caa7a516a6b80eaf595c90', 'Frontend.logged_user_object', 1441, 'O:8:"stdClass":32:{s:2:"id";s:1:"2";s:8:"username";s:5:"Ghada";s:8:"password";s:6:"******";s:9:"firstname";s:5:"Ghada";s:8:"lastname";s:4:"Rawi";s:13:"date_of_birth";N;s:5:"phone";N;s:5:"email";s:17:"ghada@amhsoft.com";s:6:"mobile";s:14:"00495312801805";s:3:"fax";N;s:5:"state";s:1:"1";s:16:"create_date_time";N;s:16:"update_date_time";s:19:"2012-11-21 14:42:26";s:6:"notice";N;s:7:"address";s:15:"Berlinerstr 52j";s:10:"postalcode";N;s:4:"city";s:12:"Braunschweig";s:8:"province";s:13:"Niedersachsen";s:7:"country";s:7:"Germany";s:13:"lastLoginDate";s:19:"2012-04-19 11:24:05";s:13:"lastLoginHost";s:10:"cherif-lap";s:9:"remote_id";N;s:13:"department_id";s:2:"27";s:5:"admin";s:1:"0";s:3:"msn";N;s:8:"facebook";N;s:7:"twitter";N;s:3:"icq";N;s:8:"whatsapp";N;s:10:"blackberry";N;s:5:"gmail";N;s:7:"role_id";s:1:"4";}', ''),
(552, '0ea89e87d2caa7a516a6b80eaf595c90', 'Backend.logged_user_idententity', 1440, 'admin', ''),
(553, '0ea89e87d2caa7a516a6b80eaf595c90', 'Backend.logged_user_object', 1440, 'O:8:"stdClass":32:{s:2:"id";s:1:"2";s:8:"username";s:5:"Ghada";s:8:"password";s:6:"******";s:9:"firstname";s:5:"Ghada";s:8:"lastname";s:4:"Rawi";s:13:"date_of_birth";N;s:5:"phone";N;s:5:"email";s:17:"ghada@amhsoft.com";s:6:"mobile";s:14:"00495312801805";s:3:"fax";N;s:5:"state";s:1:"1";s:16:"create_date_time";N;s:16:"update_date_time";s:19:"2012-11-21 14:42:26";s:6:"notice";N;s:7:"address";s:15:"Berlinerstr 52j";s:10:"postalcode";N;s:4:"city";s:12:"Braunschweig";s:8:"province";s:13:"Niedersachsen";s:7:"country";s:7:"Germany";s:13:"lastLoginDate";s:19:"2012-04-19 11:24:05";s:13:"lastLoginHost";s:10:"cherif-lap";s:9:"remote_id";N;s:13:"department_id";s:2:"27";s:5:"admin";s:1:"0";s:3:"msn";N;s:8:"facebook";N;s:7:"twitter";N;s:3:"icq";N;s:8:"whatsapp";N;s:10:"blackberry";N;s:5:"gmail";N;s:7:"role_id";s:1:"4";}', ''),
(554, 'a4090f896c0e76de569e603b088213ed', 'Backend.logged_user_idententity', 1440, 'admin', ''),
(555, 'a4090f896c0e76de569e603b088213ed', 'Backend.logged_user_object', 1440, 'O:8:"stdClass":32:{s:2:"id";s:1:"1";s:8:"username";s:5:"admin";s:8:"password";s:40:"d033e22ae348aeb5660fc2140aec35850c4da997";s:9:"firstname";s:4:"Amir";s:8:"lastname";s:6:"Cherif";s:13:"date_of_birth";N;s:5:"phone";N;s:5:"email";s:21:"montassar@amhsoft.com";s:6:"mobile";s:8:"21883580";s:3:"fax";N;s:5:"state";s:1:"1";s:16:"create_date_time";N;s:16:"update_date_time";s:19:"2012-11-22 18:33:59";s:6:"notice";N;s:7:"address";s:2:"23";s:10:"postalcode";N;s:4:"city";s:5:"Gafsa";s:8:"province";s:4:"Ksar";s:7:"country";s:7:"Tunisie";s:13:"lastLoginDate";s:19:"2012-10-31 07:46:41";s:13:"lastLoginHost";s:11:"81.22.22.31";s:9:"remote_id";N;s:13:"department_id";s:2:"27";s:5:"admin";s:1:"1";s:3:"msn";N;s:8:"facebook";N;s:7:"twitter";N;s:3:"icq";N;s:8:"whatsapp";N;s:10:"blackberry";N;s:5:"gmail";N;s:7:"role_id";s:1:"1";}', ''),
(556, '742919f6a8a622d5997c910388857c34', 'Frontend.logged_user_idententity', 1441, 'admin', ''),
(557, '742919f6a8a622d5997c910388857c34', 'Frontend.logged_user_object', 1441, 'O:8:"stdClass":32:{s:2:"id";s:1:"2";s:8:"username";s:5:"Ghada";s:8:"password";s:6:"******";s:9:"firstname";s:5:"Ghada";s:8:"lastname";s:4:"Rawi";s:13:"date_of_birth";N;s:5:"phone";N;s:5:"email";s:17:"ghada@amhsoft.com";s:6:"mobile";s:14:"00495312801805";s:3:"fax";N;s:5:"state";s:1:"1";s:16:"create_date_time";N;s:16:"update_date_time";s:19:"2012-11-21 14:42:26";s:6:"notice";N;s:7:"address";s:15:"Berlinerstr 52j";s:10:"postalcode";N;s:4:"city";s:12:"Braunschweig";s:8:"province";s:13:"Niedersachsen";s:7:"country";s:7:"Germany";s:13:"lastLoginDate";s:19:"2012-04-19 11:24:05";s:13:"lastLoginHost";s:10:"cherif-lap";s:9:"remote_id";N;s:13:"department_id";s:2:"27";s:5:"admin";s:1:"0";s:3:"msn";N;s:8:"facebook";N;s:7:"twitter";N;s:3:"icq";N;s:8:"whatsapp";N;s:10:"blackberry";N;s:5:"gmail";N;s:7:"role_id";s:1:"4";}', ''),
(564, '742919f6a8a622d5997c910388857c34', 'Backend.logged_user_idententity', 1441, 'admin', ''),
(565, '742919f6a8a622d5997c910388857c34', 'Backend.logged_user_object', 1441, 'O:8:"stdClass":32:{s:2:"id";s:1:"2";s:8:"username";s:5:"Ghada";s:8:"password";s:6:"******";s:9:"firstname";s:5:"Ghada";s:8:"lastname";s:4:"Rawi";s:13:"date_of_birth";N;s:5:"phone";N;s:5:"email";s:17:"ghada@amhsoft.com";s:6:"mobile";s:14:"00495312801805";s:3:"fax";N;s:5:"state";s:1:"1";s:16:"create_date_time";N;s:16:"update_date_time";s:19:"2012-11-21 14:42:26";s:6:"notice";N;s:7:"address";s:15:"Berlinerstr 52j";s:10:"postalcode";N;s:4:"city";s:12:"Braunschweig";s:8:"province";s:13:"Niedersachsen";s:7:"country";s:7:"Germany";s:13:"lastLoginDate";s:19:"2012-04-19 11:24:05";s:13:"lastLoginHost";s:10:"cherif-lap";s:9:"remote_id";N;s:13:"department_id";s:2:"27";s:5:"admin";s:1:"0";s:3:"msn";N;s:8:"facebook";N;s:7:"twitter";N;s:3:"icq";N;s:8:"whatsapp";N;s:10:"blackberry";N;s:5:"gmail";N;s:7:"role_id";s:1:"4";}', ''),
(566, '76b3ce778dc2b5e66bd4f1110f8d4a8c', 'Frontend.logged_user_idententity', 1441, 'admin', ''),
(567, '76b3ce778dc2b5e66bd4f1110f8d4a8c', 'Frontend.logged_user_object', 1441, 'O:8:"stdClass":32:{s:2:"id";s:1:"2";s:8:"username";s:5:"Ghada";s:8:"password";s:6:"******";s:9:"firstname";s:5:"Ghada";s:8:"lastname";s:4:"Rawi";s:13:"date_of_birth";N;s:5:"phone";N;s:5:"email";s:17:"ghada@amhsoft.com";s:6:"mobile";s:14:"00495312801805";s:3:"fax";N;s:5:"state";s:1:"1";s:16:"create_date_time";N;s:16:"update_date_time";s:19:"2012-11-21 14:42:26";s:6:"notice";N;s:7:"address";s:15:"Berlinerstr 52j";s:10:"postalcode";N;s:4:"city";s:12:"Braunschweig";s:8:"province";s:13:"Niedersachsen";s:7:"country";s:7:"Germany";s:13:"lastLoginDate";s:19:"2012-04-19 11:24:05";s:13:"lastLoginHost";s:10:"cherif-lap";s:9:"remote_id";N;s:13:"department_id";s:2:"27";s:5:"admin";s:1:"0";s:3:"msn";N;s:8:"facebook";N;s:7:"twitter";N;s:3:"icq";N;s:8:"whatsapp";N;s:10:"blackberry";N;s:5:"gmail";N;s:7:"role_id";s:1:"4";}', ''),
(574, '76b3ce778dc2b5e66bd4f1110f8d4a8c', 'Backend.logged_user_idententity', 1440, 'admin', ''),
(575, '76b3ce778dc2b5e66bd4f1110f8d4a8c', 'Backend.logged_user_object', 1440, 'O:8:"stdClass":32:{s:2:"id";s:1:"2";s:8:"username";s:5:"Ghada";s:8:"password";s:6:"******";s:9:"firstname";s:5:"Ghada";s:8:"lastname";s:4:"Rawi";s:13:"date_of_birth";N;s:5:"phone";N;s:5:"email";s:17:"ghada@amhsoft.com";s:6:"mobile";s:14:"00495312801805";s:3:"fax";N;s:5:"state";s:1:"1";s:16:"create_date_time";N;s:16:"update_date_time";s:19:"2012-11-21 14:42:26";s:6:"notice";N;s:7:"address";s:15:"Berlinerstr 52j";s:10:"postalcode";N;s:4:"city";s:12:"Braunschweig";s:8:"province";s:13:"Niedersachsen";s:7:"country";s:7:"Germany";s:13:"lastLoginDate";s:19:"2012-04-19 11:24:05";s:13:"lastLoginHost";s:10:"cherif-lap";s:9:"remote_id";N;s:13:"department_id";s:2:"27";s:5:"admin";s:1:"0";s:3:"msn";N;s:8:"facebook";N;s:7:"twitter";N;s:3:"icq";N;s:8:"whatsapp";N;s:10:"blackberry";N;s:5:"gmail";N;s:7:"role_id";s:1:"4";}', ''),
(576, '2fa6f16ba0c8cfb9684002741a778631', 'Frontend.logged_user_idententity', 1441, 'admin', ''),
(577, '2fa6f16ba0c8cfb9684002741a778631', 'Frontend.logged_user_object', 1441, 'O:8:"stdClass":32:{s:2:"id";s:1:"2";s:8:"username";s:5:"Ghada";s:8:"password";s:6:"******";s:9:"firstname";s:5:"Ghada";s:8:"lastname";s:4:"Rawi";s:13:"date_of_birth";N;s:5:"phone";N;s:5:"email";s:17:"ghada@amhsoft.com";s:6:"mobile";s:14:"00495312801805";s:3:"fax";N;s:5:"state";s:1:"1";s:16:"create_date_time";N;s:16:"update_date_time";s:19:"2012-11-21 14:42:26";s:6:"notice";N;s:7:"address";s:15:"Berlinerstr 52j";s:10:"postalcode";N;s:4:"city";s:12:"Braunschweig";s:8:"province";s:13:"Niedersachsen";s:7:"country";s:7:"Germany";s:13:"lastLoginDate";s:19:"2012-04-19 11:24:05";s:13:"lastLoginHost";s:10:"cherif-lap";s:9:"remote_id";N;s:13:"department_id";s:2:"27";s:5:"admin";s:1:"0";s:3:"msn";N;s:8:"facebook";N;s:7:"twitter";N;s:3:"icq";N;s:8:"whatsapp";N;s:10:"blackberry";N;s:5:"gmail";N;s:7:"role_id";s:1:"4";}', ''),
(584, '2fa6f16ba0c8cfb9684002741a778631', 'Backend.logged_user_idententity', 1441, 'admin', ''),
(585, '2fa6f16ba0c8cfb9684002741a778631', 'Backend.logged_user_object', 1441, 'O:8:"stdClass":32:{s:2:"id";s:1:"2";s:8:"username";s:5:"Ghada";s:8:"password";s:6:"******";s:9:"firstname";s:5:"Ghada";s:8:"lastname";s:4:"Rawi";s:13:"date_of_birth";N;s:5:"phone";N;s:5:"email";s:17:"ghada@amhsoft.com";s:6:"mobile";s:14:"00495312801805";s:3:"fax";N;s:5:"state";s:1:"1";s:16:"create_date_time";N;s:16:"update_date_time";s:19:"2012-11-21 14:42:26";s:6:"notice";N;s:7:"address";s:15:"Berlinerstr 52j";s:10:"postalcode";N;s:4:"city";s:12:"Braunschweig";s:8:"province";s:13:"Niedersachsen";s:7:"country";s:7:"Germany";s:13:"lastLoginDate";s:19:"2012-04-19 11:24:05";s:13:"lastLoginHost";s:10:"cherif-lap";s:9:"remote_id";N;s:13:"department_id";s:2:"27";s:5:"admin";s:1:"0";s:3:"msn";N;s:8:"facebook";N;s:7:"twitter";N;s:3:"icq";N;s:8:"whatsapp";N;s:10:"blackberry";N;s:5:"gmail";N;s:7:"role_id";s:1:"4";}', ''),
(586, 'd0e03870fedd54f947b061ac37ba0ee2', 'Frontend.logged_user_idententity', 1440, 'admin', ''),
(587, 'd0e03870fedd54f947b061ac37ba0ee2', 'Frontend.logged_user_object', 1440, 'O:8:"stdClass":32:{s:2:"id";s:1:"2";s:8:"username";s:5:"Ghada";s:8:"password";s:6:"******";s:9:"firstname";s:5:"Ghada";s:8:"lastname";s:4:"Rawi";s:13:"date_of_birth";N;s:5:"phone";N;s:5:"email";s:17:"ghada@amhsoft.com";s:6:"mobile";s:14:"00495312801805";s:3:"fax";N;s:5:"state";s:1:"1";s:16:"create_date_time";N;s:16:"update_date_time";s:19:"2012-11-21 14:42:26";s:6:"notice";N;s:7:"address";s:15:"Berlinerstr 52j";s:10:"postalcode";N;s:4:"city";s:12:"Braunschweig";s:8:"province";s:13:"Niedersachsen";s:7:"country";s:7:"Germany";s:13:"lastLoginDate";s:19:"2012-04-19 11:24:05";s:13:"lastLoginHost";s:10:"cherif-lap";s:9:"remote_id";N;s:13:"department_id";s:2:"27";s:5:"admin";s:1:"0";s:3:"msn";N;s:8:"facebook";N;s:7:"twitter";N;s:3:"icq";N;s:8:"whatsapp";N;s:10:"blackberry";N;s:5:"gmail";N;s:7:"role_id";s:1:"4";}', ''),
(588, 'd0e03870fedd54f947b061ac37ba0ee2', 'Backend.logged_user_idententity', 1441, 'admin', ''),
(589, 'd0e03870fedd54f947b061ac37ba0ee2', 'Backend.logged_user_object', 1441, 'O:8:"stdClass":32:{s:2:"id";s:1:"2";s:8:"username";s:5:"Ghada";s:8:"password";s:6:"******";s:9:"firstname";s:5:"Ghada";s:8:"lastname";s:4:"Rawi";s:13:"date_of_birth";N;s:5:"phone";N;s:5:"email";s:17:"ghada@amhsoft.com";s:6:"mobile";s:14:"00495312801805";s:3:"fax";N;s:5:"state";s:1:"1";s:16:"create_date_time";N;s:16:"update_date_time";s:19:"2012-11-21 14:42:26";s:6:"notice";N;s:7:"address";s:15:"Berlinerstr 52j";s:10:"postalcode";N;s:4:"city";s:12:"Braunschweig";s:8:"province";s:13:"Niedersachsen";s:7:"country";s:7:"Germany";s:13:"lastLoginDate";s:19:"2012-04-19 11:24:05";s:13:"lastLoginHost";s:10:"cherif-lap";s:9:"remote_id";N;s:13:"department_id";s:2:"27";s:5:"admin";s:1:"0";s:3:"msn";N;s:8:"facebook";N;s:7:"twitter";N;s:3:"icq";N;s:8:"whatsapp";N;s:10:"blackberry";N;s:5:"gmail";N;s:7:"role_id";s:1:"4";}', ''),
(590, '6df907e08f1f938855c7ddb50039b13e', 'Frontend.logged_user_idententity', 1441, 'admin', ''),
(591, '6df907e08f1f938855c7ddb50039b13e', 'Frontend.logged_user_object', 1441, 'O:8:"stdClass":32:{s:2:"id";s:1:"2";s:8:"username";s:5:"Ghada";s:8:"password";s:6:"******";s:9:"firstname";s:5:"Ghada";s:8:"lastname";s:4:"Rawi";s:13:"date_of_birth";N;s:5:"phone";N;s:5:"email";s:17:"ghada@amhsoft.com";s:6:"mobile";s:14:"00495312801805";s:3:"fax";N;s:5:"state";s:1:"1";s:16:"create_date_time";N;s:16:"update_date_time";s:19:"2012-11-21 14:42:26";s:6:"notice";N;s:7:"address";s:15:"Berlinerstr 52j";s:10:"postalcode";N;s:4:"city";s:12:"Braunschweig";s:8:"province";s:13:"Niedersachsen";s:7:"country";s:7:"Germany";s:13:"lastLoginDate";s:19:"2012-04-19 11:24:05";s:13:"lastLoginHost";s:10:"cherif-lap";s:9:"remote_id";N;s:13:"department_id";s:2:"27";s:5:"admin";s:1:"0";s:3:"msn";N;s:8:"facebook";N;s:7:"twitter";N;s:3:"icq";N;s:8:"whatsapp";N;s:10:"blackberry";N;s:5:"gmail";N;s:7:"role_id";s:1:"4";}', ''),
(592, '6df907e08f1f938855c7ddb50039b13e', 'Backend.logged_user_idententity', 1441, 'admin', ''),
(593, '6df907e08f1f938855c7ddb50039b13e', 'Backend.logged_user_object', 1441, 'O:8:"stdClass":32:{s:2:"id";s:1:"2";s:8:"username";s:5:"Ghada";s:8:"password";s:6:"******";s:9:"firstname";s:5:"Ghada";s:8:"lastname";s:4:"Rawi";s:13:"date_of_birth";N;s:5:"phone";N;s:5:"email";s:17:"ghada@amhsoft.com";s:6:"mobile";s:14:"00495312801805";s:3:"fax";N;s:5:"state";s:1:"1";s:16:"create_date_time";N;s:16:"update_date_time";s:19:"2012-11-21 14:42:26";s:6:"notice";N;s:7:"address";s:15:"Berlinerstr 52j";s:10:"postalcode";N;s:4:"city";s:12:"Braunschweig";s:8:"province";s:13:"Niedersachsen";s:7:"country";s:7:"Germany";s:13:"lastLoginDate";s:19:"2012-04-19 11:24:05";s:13:"lastLoginHost";s:10:"cherif-lap";s:9:"remote_id";N;s:13:"department_id";s:2:"27";s:5:"admin";s:1:"0";s:3:"msn";N;s:8:"facebook";N;s:7:"twitter";N;s:3:"icq";N;s:8:"whatsapp";N;s:10:"blackberry";N;s:5:"gmail";N;s:7:"role_id";s:1:"4";}', ''),
(594, 'a45fee5472a8574efbe70e848e24d8a7', 'Frontend.logged_user_idententity', 1441, 'admin', ''),
(595, 'a45fee5472a8574efbe70e848e24d8a7', 'Frontend.logged_user_object', 1441, 'O:8:"stdClass":32:{s:2:"id";s:1:"2";s:8:"username";s:5:"Ghada";s:8:"password";s:6:"******";s:9:"firstname";s:5:"Ghada";s:8:"lastname";s:4:"Rawi";s:13:"date_of_birth";N;s:5:"phone";N;s:5:"email";s:17:"ghada@amhsoft.com";s:6:"mobile";s:14:"00495312801805";s:3:"fax";N;s:5:"state";s:1:"1";s:16:"create_date_time";N;s:16:"update_date_time";s:19:"2012-11-21 14:42:26";s:6:"notice";N;s:7:"address";s:15:"Berlinerstr 52j";s:10:"postalcode";N;s:4:"city";s:12:"Braunschweig";s:8:"province";s:13:"Niedersachsen";s:7:"country";s:7:"Germany";s:13:"lastLoginDate";s:19:"2012-04-19 11:24:05";s:13:"lastLoginHost";s:10:"cherif-lap";s:9:"remote_id";N;s:13:"department_id";s:2:"27";s:5:"admin";s:1:"0";s:3:"msn";N;s:8:"facebook";N;s:7:"twitter";N;s:3:"icq";N;s:8:"whatsapp";N;s:10:"blackberry";N;s:5:"gmail";N;s:7:"role_id";s:1:"4";}', ''),
(596, 'a45fee5472a8574efbe70e848e24d8a7', 'Backend.logged_user_idententity', 1441, 'admin', ''),
(597, 'a45fee5472a8574efbe70e848e24d8a7', 'Backend.logged_user_object', 1441, 'O:8:"stdClass":32:{s:2:"id";s:1:"2";s:8:"username";s:5:"Ghada";s:8:"password";s:6:"******";s:9:"firstname";s:5:"Ghada";s:8:"lastname";s:4:"Rawi";s:13:"date_of_birth";N;s:5:"phone";N;s:5:"email";s:17:"ghada@amhsoft.com";s:6:"mobile";s:14:"00495312801805";s:3:"fax";N;s:5:"state";s:1:"1";s:16:"create_date_time";N;s:16:"update_date_time";s:19:"2012-11-21 14:42:26";s:6:"notice";N;s:7:"address";s:15:"Berlinerstr 52j";s:10:"postalcode";N;s:4:"city";s:12:"Braunschweig";s:8:"province";s:13:"Niedersachsen";s:7:"country";s:7:"Germany";s:13:"lastLoginDate";s:19:"2012-04-19 11:24:05";s:13:"lastLoginHost";s:10:"cherif-lap";s:9:"remote_id";N;s:13:"department_id";s:2:"27";s:5:"admin";s:1:"0";s:3:"msn";N;s:8:"facebook";N;s:7:"twitter";N;s:3:"icq";N;s:8:"whatsapp";N;s:10:"blackberry";N;s:5:"gmail";N;s:7:"role_id";s:1:"4";}', ''),
(598, '724592273fa4357a45b09ef968cbb79c', 'Frontend.logged_user_idententity', 1441, 'admin', '');
INSERT INTO `session` (`id`, `session_id`, `session_key`, `session_expiry`, `session_value`, `host`) VALUES
(599, '724592273fa4357a45b09ef968cbb79c', 'Frontend.logged_user_object', 1441, 'O:8:"stdClass":32:{s:2:"id";s:1:"2";s:8:"username";s:5:"Ghada";s:8:"password";s:6:"******";s:9:"firstname";s:5:"Ghada";s:8:"lastname";s:4:"Rawi";s:13:"date_of_birth";N;s:5:"phone";N;s:5:"email";s:17:"ghada@amhsoft.com";s:6:"mobile";s:14:"00495312801805";s:3:"fax";N;s:5:"state";s:1:"1";s:16:"create_date_time";N;s:16:"update_date_time";s:19:"2012-11-21 14:42:26";s:6:"notice";N;s:7:"address";s:15:"Berlinerstr 52j";s:10:"postalcode";N;s:4:"city";s:12:"Braunschweig";s:8:"province";s:13:"Niedersachsen";s:7:"country";s:7:"Germany";s:13:"lastLoginDate";s:19:"2012-04-19 11:24:05";s:13:"lastLoginHost";s:10:"cherif-lap";s:9:"remote_id";N;s:13:"department_id";s:2:"27";s:5:"admin";s:1:"0";s:3:"msn";N;s:8:"facebook";N;s:7:"twitter";N;s:3:"icq";N;s:8:"whatsapp";N;s:10:"blackberry";N;s:5:"gmail";N;s:7:"role_id";s:1:"4";}', ''),
(606, '724592273fa4357a45b09ef968cbb79c', 'Backend.logged_user_idententity', 1441, 'admin', ''),
(607, '724592273fa4357a45b09ef968cbb79c', 'Backend.logged_user_object', 1441, 'O:8:"stdClass":32:{s:2:"id";s:1:"2";s:8:"username";s:5:"Ghada";s:8:"password";s:6:"******";s:9:"firstname";s:5:"Ghada";s:8:"lastname";s:4:"Rawi";s:13:"date_of_birth";N;s:5:"phone";N;s:5:"email";s:17:"ghada@amhsoft.com";s:6:"mobile";s:14:"00495312801805";s:3:"fax";N;s:5:"state";s:1:"1";s:16:"create_date_time";N;s:16:"update_date_time";s:19:"2012-11-21 14:42:26";s:6:"notice";N;s:7:"address";s:15:"Berlinerstr 52j";s:10:"postalcode";N;s:4:"city";s:12:"Braunschweig";s:8:"province";s:13:"Niedersachsen";s:7:"country";s:7:"Germany";s:13:"lastLoginDate";s:19:"2012-04-19 11:24:05";s:13:"lastLoginHost";s:10:"cherif-lap";s:9:"remote_id";N;s:13:"department_id";s:2:"27";s:5:"admin";s:1:"0";s:3:"msn";N;s:8:"facebook";N;s:7:"twitter";N;s:3:"icq";N;s:8:"whatsapp";N;s:10:"blackberry";N;s:5:"gmail";N;s:7:"role_id";s:1:"4";}', ''),
(608, '33f5595cbfe1f3aa87bfebaaa7d93338', 'Frontend.logged_user_idententity', 1441, 'admin', ''),
(609, '33f5595cbfe1f3aa87bfebaaa7d93338', 'Frontend.logged_user_object', 1441, 'O:8:"stdClass":32:{s:2:"id";s:1:"2";s:8:"username";s:5:"Ghada";s:8:"password";s:6:"******";s:9:"firstname";s:5:"Ghada";s:8:"lastname";s:4:"Rawi";s:13:"date_of_birth";N;s:5:"phone";N;s:5:"email";s:17:"ghada@amhsoft.com";s:6:"mobile";s:14:"00495312801805";s:3:"fax";N;s:5:"state";s:1:"1";s:16:"create_date_time";N;s:16:"update_date_time";s:19:"2012-11-21 14:42:26";s:6:"notice";N;s:7:"address";s:15:"Berlinerstr 52j";s:10:"postalcode";N;s:4:"city";s:12:"Braunschweig";s:8:"province";s:13:"Niedersachsen";s:7:"country";s:7:"Germany";s:13:"lastLoginDate";s:19:"2012-04-19 11:24:05";s:13:"lastLoginHost";s:10:"cherif-lap";s:9:"remote_id";N;s:13:"department_id";s:2:"27";s:5:"admin";s:1:"0";s:3:"msn";N;s:8:"facebook";N;s:7:"twitter";N;s:3:"icq";N;s:8:"whatsapp";N;s:10:"blackberry";N;s:5:"gmail";N;s:7:"role_id";s:1:"4";}', ''),
(610, '33f5595cbfe1f3aa87bfebaaa7d93338', 'Backend.logged_user_idententity', 1440, 'admin', ''),
(611, '33f5595cbfe1f3aa87bfebaaa7d93338', 'Backend.logged_user_object', 1440, 'O:8:"stdClass":32:{s:2:"id";s:1:"2";s:8:"username";s:5:"Ghada";s:8:"password";s:6:"******";s:9:"firstname";s:5:"Ghada";s:8:"lastname";s:4:"Rawi";s:13:"date_of_birth";N;s:5:"phone";N;s:5:"email";s:17:"ghada@amhsoft.com";s:6:"mobile";s:14:"00495312801805";s:3:"fax";N;s:5:"state";s:1:"1";s:16:"create_date_time";N;s:16:"update_date_time";s:19:"2012-11-21 14:42:26";s:6:"notice";N;s:7:"address";s:15:"Berlinerstr 52j";s:10:"postalcode";N;s:4:"city";s:12:"Braunschweig";s:8:"province";s:13:"Niedersachsen";s:7:"country";s:7:"Germany";s:13:"lastLoginDate";s:19:"2012-04-19 11:24:05";s:13:"lastLoginHost";s:10:"cherif-lap";s:9:"remote_id";N;s:13:"department_id";s:2:"27";s:5:"admin";s:1:"0";s:3:"msn";N;s:8:"facebook";N;s:7:"twitter";N;s:3:"icq";N;s:8:"whatsapp";N;s:10:"blackberry";N;s:5:"gmail";N;s:7:"role_id";s:1:"4";}', ''),
(612, '50fb3b835beaa93054c6f10fae5f3aa7', 'Frontend.logged_user_idententity', 1441, 'admin', ''),
(613, '50fb3b835beaa93054c6f10fae5f3aa7', 'Frontend.logged_user_object', 1441, 'O:8:"stdClass":32:{s:2:"id";s:1:"2";s:8:"username";s:5:"Ghada";s:8:"password";s:6:"******";s:9:"firstname";s:5:"Ghada";s:8:"lastname";s:4:"Rawi";s:13:"date_of_birth";N;s:5:"phone";N;s:5:"email";s:17:"ghada@amhsoft.com";s:6:"mobile";s:14:"00495312801805";s:3:"fax";N;s:5:"state";s:1:"1";s:16:"create_date_time";N;s:16:"update_date_time";s:19:"2012-11-21 14:42:26";s:6:"notice";N;s:7:"address";s:15:"Berlinerstr 52j";s:10:"postalcode";N;s:4:"city";s:12:"Braunschweig";s:8:"province";s:13:"Niedersachsen";s:7:"country";s:7:"Germany";s:13:"lastLoginDate";s:19:"2012-04-19 11:24:05";s:13:"lastLoginHost";s:10:"cherif-lap";s:9:"remote_id";N;s:13:"department_id";s:2:"27";s:5:"admin";s:1:"0";s:3:"msn";N;s:8:"facebook";N;s:7:"twitter";N;s:3:"icq";N;s:8:"whatsapp";N;s:10:"blackberry";N;s:5:"gmail";N;s:7:"role_id";s:1:"4";}', ''),
(618, '50fb3b835beaa93054c6f10fae5f3aa7', 'Backend.logged_user_idententity', 1441, 'admin', ''),
(619, '50fb3b835beaa93054c6f10fae5f3aa7', 'Backend.logged_user_object', 1441, 'O:8:"stdClass":32:{s:2:"id";s:1:"2";s:8:"username";s:5:"Ghada";s:8:"password";s:6:"******";s:9:"firstname";s:5:"Ghada";s:8:"lastname";s:4:"Rawi";s:13:"date_of_birth";N;s:5:"phone";N;s:5:"email";s:17:"ghada@amhsoft.com";s:6:"mobile";s:14:"00495312801805";s:3:"fax";N;s:5:"state";s:1:"1";s:16:"create_date_time";N;s:16:"update_date_time";s:19:"2012-11-21 14:42:26";s:6:"notice";N;s:7:"address";s:15:"Berlinerstr 52j";s:10:"postalcode";N;s:4:"city";s:12:"Braunschweig";s:8:"province";s:13:"Niedersachsen";s:7:"country";s:7:"Germany";s:13:"lastLoginDate";s:19:"2012-04-19 11:24:05";s:13:"lastLoginHost";s:10:"cherif-lap";s:9:"remote_id";N;s:13:"department_id";s:2:"27";s:5:"admin";s:1:"0";s:3:"msn";N;s:8:"facebook";N;s:7:"twitter";N;s:3:"icq";N;s:8:"whatsapp";N;s:10:"blackberry";N;s:5:"gmail";N;s:7:"role_id";s:1:"4";}', ''),
(620, '738282d23e77a58a8bd26bbd3c8f11d9', 'Frontend.logged_user_idententity', 1440, 'admin', ''),
(621, '738282d23e77a58a8bd26bbd3c8f11d9', 'Frontend.logged_user_object', 1440, 'O:8:"stdClass":32:{s:2:"id";s:1:"2";s:8:"username";s:5:"Ghada";s:8:"password";s:6:"******";s:9:"firstname";s:5:"Ghada";s:8:"lastname";s:4:"Rawi";s:13:"date_of_birth";N;s:5:"phone";N;s:5:"email";s:17:"ghada@amhsoft.com";s:6:"mobile";s:14:"00495312801805";s:3:"fax";N;s:5:"state";s:1:"1";s:16:"create_date_time";N;s:16:"update_date_time";s:19:"2012-11-21 14:42:26";s:6:"notice";N;s:7:"address";s:15:"Berlinerstr 52j";s:10:"postalcode";N;s:4:"city";s:12:"Braunschweig";s:8:"province";s:13:"Niedersachsen";s:7:"country";s:7:"Germany";s:13:"lastLoginDate";s:19:"2012-04-19 11:24:05";s:13:"lastLoginHost";s:10:"cherif-lap";s:9:"remote_id";N;s:13:"department_id";s:2:"27";s:5:"admin";s:1:"0";s:3:"msn";N;s:8:"facebook";N;s:7:"twitter";N;s:3:"icq";N;s:8:"whatsapp";N;s:10:"blackberry";N;s:5:"gmail";N;s:7:"role_id";s:1:"4";}', ''),
(626, '738282d23e77a58a8bd26bbd3c8f11d9', 'Backend.logged_user_idententity', 1441, 'admin', ''),
(627, '738282d23e77a58a8bd26bbd3c8f11d9', 'Backend.logged_user_object', 1441, 'O:8:"stdClass":32:{s:2:"id";s:1:"2";s:8:"username";s:5:"Ghada";s:8:"password";s:6:"******";s:9:"firstname";s:5:"Ghada";s:8:"lastname";s:4:"Rawi";s:13:"date_of_birth";N;s:5:"phone";N;s:5:"email";s:17:"ghada@amhsoft.com";s:6:"mobile";s:14:"00495312801805";s:3:"fax";N;s:5:"state";s:1:"1";s:16:"create_date_time";N;s:16:"update_date_time";s:19:"2012-11-21 14:42:26";s:6:"notice";N;s:7:"address";s:15:"Berlinerstr 52j";s:10:"postalcode";N;s:4:"city";s:12:"Braunschweig";s:8:"province";s:13:"Niedersachsen";s:7:"country";s:7:"Germany";s:13:"lastLoginDate";s:19:"2012-04-19 11:24:05";s:13:"lastLoginHost";s:10:"cherif-lap";s:9:"remote_id";N;s:13:"department_id";s:2:"27";s:5:"admin";s:1:"0";s:3:"msn";N;s:8:"facebook";N;s:7:"twitter";N;s:3:"icq";N;s:8:"whatsapp";N;s:10:"blackberry";N;s:5:"gmail";N;s:7:"role_id";s:1:"4";}', ''),
(628, '4d1ae8d7aace0925270141b96b7d6423', 'Frontend.logged_user_idententity', 1441, 'admin', ''),
(629, '4d1ae8d7aace0925270141b96b7d6423', 'Frontend.logged_user_object', 1441, 'O:8:"stdClass":32:{s:2:"id";s:1:"2";s:8:"username";s:5:"Ghada";s:8:"password";s:6:"******";s:9:"firstname";s:5:"Ghada";s:8:"lastname";s:4:"Rawi";s:13:"date_of_birth";N;s:5:"phone";N;s:5:"email";s:17:"ghada@amhsoft.com";s:6:"mobile";s:14:"00495312801805";s:3:"fax";N;s:5:"state";s:1:"1";s:16:"create_date_time";N;s:16:"update_date_time";s:19:"2012-11-21 14:42:26";s:6:"notice";N;s:7:"address";s:15:"Berlinerstr 52j";s:10:"postalcode";N;s:4:"city";s:12:"Braunschweig";s:8:"province";s:13:"Niedersachsen";s:7:"country";s:7:"Germany";s:13:"lastLoginDate";s:19:"2012-04-19 11:24:05";s:13:"lastLoginHost";s:10:"cherif-lap";s:9:"remote_id";N;s:13:"department_id";s:2:"27";s:5:"admin";s:1:"0";s:3:"msn";N;s:8:"facebook";N;s:7:"twitter";N;s:3:"icq";N;s:8:"whatsapp";N;s:10:"blackberry";N;s:5:"gmail";N;s:7:"role_id";s:1:"4";}', ''),
(634, '4d1ae8d7aace0925270141b96b7d6423', 'Backend.logged_user_idententity', 1440, 'admin', ''),
(635, '4d1ae8d7aace0925270141b96b7d6423', 'Backend.logged_user_object', 1440, 'O:8:"stdClass":32:{s:2:"id";s:1:"2";s:8:"username";s:5:"Ghada";s:8:"password";s:6:"******";s:9:"firstname";s:5:"Ghada";s:8:"lastname";s:4:"Rawi";s:13:"date_of_birth";N;s:5:"phone";N;s:5:"email";s:17:"ghada@amhsoft.com";s:6:"mobile";s:14:"00495312801805";s:3:"fax";N;s:5:"state";s:1:"1";s:16:"create_date_time";N;s:16:"update_date_time";s:19:"2012-11-21 14:42:26";s:6:"notice";N;s:7:"address";s:15:"Berlinerstr 52j";s:10:"postalcode";N;s:4:"city";s:12:"Braunschweig";s:8:"province";s:13:"Niedersachsen";s:7:"country";s:7:"Germany";s:13:"lastLoginDate";s:19:"2012-04-19 11:24:05";s:13:"lastLoginHost";s:10:"cherif-lap";s:9:"remote_id";N;s:13:"department_id";s:2:"27";s:5:"admin";s:1:"0";s:3:"msn";N;s:8:"facebook";N;s:7:"twitter";N;s:3:"icq";N;s:8:"whatsapp";N;s:10:"blackberry";N;s:5:"gmail";N;s:7:"role_id";s:1:"4";}', ''),
(636, 'bce1575270c7a3bcd0ea0b26be53fcf5', 'Frontend.logged_user_idententity', 1440, 'admin', ''),
(637, 'bce1575270c7a3bcd0ea0b26be53fcf5', 'Frontend.logged_user_object', 1440, 'O:8:"stdClass":32:{s:2:"id";s:1:"2";s:8:"username";s:5:"Ghada";s:8:"password";s:6:"******";s:9:"firstname";s:5:"Ghada";s:8:"lastname";s:4:"Rawi";s:13:"date_of_birth";N;s:5:"phone";N;s:5:"email";s:17:"ghada@amhsoft.com";s:6:"mobile";s:14:"00495312801805";s:3:"fax";N;s:5:"state";s:1:"1";s:16:"create_date_time";N;s:16:"update_date_time";s:19:"2012-11-21 14:42:26";s:6:"notice";N;s:7:"address";s:15:"Berlinerstr 52j";s:10:"postalcode";N;s:4:"city";s:12:"Braunschweig";s:8:"province";s:13:"Niedersachsen";s:7:"country";s:7:"Germany";s:13:"lastLoginDate";s:19:"2012-04-19 11:24:05";s:13:"lastLoginHost";s:10:"cherif-lap";s:9:"remote_id";N;s:13:"department_id";s:2:"27";s:5:"admin";s:1:"0";s:3:"msn";N;s:8:"facebook";N;s:7:"twitter";N;s:3:"icq";N;s:8:"whatsapp";N;s:10:"blackberry";N;s:5:"gmail";N;s:7:"role_id";s:1:"4";}', ''),
(642, 'bce1575270c7a3bcd0ea0b26be53fcf5', 'Backend.logged_user_idententity', 1441, 'admin', ''),
(643, 'bce1575270c7a3bcd0ea0b26be53fcf5', 'Backend.logged_user_object', 1441, 'O:8:"stdClass":32:{s:2:"id";s:1:"2";s:8:"username";s:5:"Ghada";s:8:"password";s:6:"******";s:9:"firstname";s:5:"Ghada";s:8:"lastname";s:4:"Rawi";s:13:"date_of_birth";N;s:5:"phone";N;s:5:"email";s:17:"ghada@amhsoft.com";s:6:"mobile";s:14:"00495312801805";s:3:"fax";N;s:5:"state";s:1:"1";s:16:"create_date_time";N;s:16:"update_date_time";s:19:"2012-11-21 14:42:26";s:6:"notice";N;s:7:"address";s:15:"Berlinerstr 52j";s:10:"postalcode";N;s:4:"city";s:12:"Braunschweig";s:8:"province";s:13:"Niedersachsen";s:7:"country";s:7:"Germany";s:13:"lastLoginDate";s:19:"2012-04-19 11:24:05";s:13:"lastLoginHost";s:10:"cherif-lap";s:9:"remote_id";N;s:13:"department_id";s:2:"27";s:5:"admin";s:1:"0";s:3:"msn";N;s:8:"facebook";N;s:7:"twitter";N;s:3:"icq";N;s:8:"whatsapp";N;s:10:"blackberry";N;s:5:"gmail";N;s:7:"role_id";s:1:"4";}', ''),
(644, 'f8674c0622db673235f40db53ff05a71', 'Frontend.logged_user_idententity', 1441, 'admin', ''),
(645, 'f8674c0622db673235f40db53ff05a71', 'Frontend.logged_user_object', 1441, 'O:8:"stdClass":32:{s:2:"id";s:1:"2";s:8:"username";s:5:"Ghada";s:8:"password";s:6:"******";s:9:"firstname";s:5:"Ghada";s:8:"lastname";s:4:"Rawi";s:13:"date_of_birth";N;s:5:"phone";N;s:5:"email";s:17:"ghada@amhsoft.com";s:6:"mobile";s:14:"00495312801805";s:3:"fax";N;s:5:"state";s:1:"1";s:16:"create_date_time";N;s:16:"update_date_time";s:19:"2012-11-21 14:42:26";s:6:"notice";N;s:7:"address";s:15:"Berlinerstr 52j";s:10:"postalcode";N;s:4:"city";s:12:"Braunschweig";s:8:"province";s:13:"Niedersachsen";s:7:"country";s:7:"Germany";s:13:"lastLoginDate";s:19:"2012-04-19 11:24:05";s:13:"lastLoginHost";s:10:"cherif-lap";s:9:"remote_id";N;s:13:"department_id";s:2:"27";s:5:"admin";s:1:"0";s:3:"msn";N;s:8:"facebook";N;s:7:"twitter";N;s:3:"icq";N;s:8:"whatsapp";N;s:10:"blackberry";N;s:5:"gmail";N;s:7:"role_id";s:1:"4";}', ''),
(646, 'a3979aab658de2146e11fd8c86829c03', 'Frontend.logged_user_idententity', 1441, 'admin', ''),
(647, 'a3979aab658de2146e11fd8c86829c03', 'Frontend.logged_user_object', 1441, 'O:8:"stdClass":32:{s:2:"id";s:1:"2";s:8:"username";s:5:"Ghada";s:8:"password";s:6:"******";s:9:"firstname";s:5:"Ghada";s:8:"lastname";s:4:"Rawi";s:13:"date_of_birth";N;s:5:"phone";N;s:5:"email";s:17:"ghada@amhsoft.com";s:6:"mobile";s:14:"00495312801805";s:3:"fax";N;s:5:"state";s:1:"1";s:16:"create_date_time";N;s:16:"update_date_time";s:19:"2012-11-21 14:42:26";s:6:"notice";N;s:7:"address";s:15:"Berlinerstr 52j";s:10:"postalcode";N;s:4:"city";s:12:"Braunschweig";s:8:"province";s:13:"Niedersachsen";s:7:"country";s:7:"Germany";s:13:"lastLoginDate";s:19:"2012-04-19 11:24:05";s:13:"lastLoginHost";s:10:"cherif-lap";s:9:"remote_id";N;s:13:"department_id";s:2:"27";s:5:"admin";s:1:"0";s:3:"msn";N;s:8:"facebook";N;s:7:"twitter";N;s:3:"icq";N;s:8:"whatsapp";N;s:10:"blackberry";N;s:5:"gmail";N;s:7:"role_id";s:1:"4";}', ''),
(652, 'a3979aab658de2146e11fd8c86829c03', 'Backend.logged_user_idententity', 1440, 'admin', ''),
(653, 'a3979aab658de2146e11fd8c86829c03', 'Backend.logged_user_object', 1440, 'O:8:"stdClass":32:{s:2:"id";s:1:"2";s:8:"username";s:5:"Ghada";s:8:"password";s:6:"******";s:9:"firstname";s:5:"Ghada";s:8:"lastname";s:4:"Rawi";s:13:"date_of_birth";N;s:5:"phone";N;s:5:"email";s:17:"ghada@amhsoft.com";s:6:"mobile";s:14:"00495312801805";s:3:"fax";N;s:5:"state";s:1:"1";s:16:"create_date_time";N;s:16:"update_date_time";s:19:"2012-11-21 14:42:26";s:6:"notice";N;s:7:"address";s:15:"Berlinerstr 52j";s:10:"postalcode";N;s:4:"city";s:12:"Braunschweig";s:8:"province";s:13:"Niedersachsen";s:7:"country";s:7:"Germany";s:13:"lastLoginDate";s:19:"2012-04-19 11:24:05";s:13:"lastLoginHost";s:10:"cherif-lap";s:9:"remote_id";N;s:13:"department_id";s:2:"27";s:5:"admin";s:1:"0";s:3:"msn";N;s:8:"facebook";N;s:7:"twitter";N;s:3:"icq";N;s:8:"whatsapp";N;s:10:"blackberry";N;s:5:"gmail";N;s:7:"role_id";s:1:"4";}', ''),
(654, 'eee8d670abe754da240c626f62754555', 'Frontend.logged_user_idententity', 1441, 'admin', ''),
(655, 'eee8d670abe754da240c626f62754555', 'Frontend.logged_user_object', 1441, 'O:8:"stdClass":32:{s:2:"id";s:1:"2";s:8:"username";s:5:"Ghada";s:8:"password";s:6:"******";s:9:"firstname";s:5:"Ghada";s:8:"lastname";s:4:"Rawi";s:13:"date_of_birth";N;s:5:"phone";N;s:5:"email";s:17:"ghada@amhsoft.com";s:6:"mobile";s:14:"00495312801805";s:3:"fax";N;s:5:"state";s:1:"1";s:16:"create_date_time";N;s:16:"update_date_time";s:19:"2012-11-21 14:42:26";s:6:"notice";N;s:7:"address";s:15:"Berlinerstr 52j";s:10:"postalcode";N;s:4:"city";s:12:"Braunschweig";s:8:"province";s:13:"Niedersachsen";s:7:"country";s:7:"Germany";s:13:"lastLoginDate";s:19:"2012-04-19 11:24:05";s:13:"lastLoginHost";s:10:"cherif-lap";s:9:"remote_id";N;s:13:"department_id";s:2:"27";s:5:"admin";s:1:"0";s:3:"msn";N;s:8:"facebook";N;s:7:"twitter";N;s:3:"icq";N;s:8:"whatsapp";N;s:10:"blackberry";N;s:5:"gmail";N;s:7:"role_id";s:1:"4";}', ''),
(660, 'eee8d670abe754da240c626f62754555', 'Backend.logged_user_idententity', 1441, 'admin', ''),
(661, 'eee8d670abe754da240c626f62754555', 'Backend.logged_user_object', 1441, 'O:8:"stdClass":32:{s:2:"id";s:1:"2";s:8:"username";s:5:"Ghada";s:8:"password";s:6:"******";s:9:"firstname";s:5:"Ghada";s:8:"lastname";s:4:"Rawi";s:13:"date_of_birth";N;s:5:"phone";N;s:5:"email";s:17:"ghada@amhsoft.com";s:6:"mobile";s:14:"00495312801805";s:3:"fax";N;s:5:"state";s:1:"1";s:16:"create_date_time";N;s:16:"update_date_time";s:19:"2012-11-21 14:42:26";s:6:"notice";N;s:7:"address";s:15:"Berlinerstr 52j";s:10:"postalcode";N;s:4:"city";s:12:"Braunschweig";s:8:"province";s:13:"Niedersachsen";s:7:"country";s:7:"Germany";s:13:"lastLoginDate";s:19:"2012-04-19 11:24:05";s:13:"lastLoginHost";s:10:"cherif-lap";s:9:"remote_id";N;s:13:"department_id";s:2:"27";s:5:"admin";s:1:"0";s:3:"msn";N;s:8:"facebook";N;s:7:"twitter";N;s:3:"icq";N;s:8:"whatsapp";N;s:10:"blackberry";N;s:5:"gmail";N;s:7:"role_id";s:1:"4";}', ''),
(662, '5cbd862733cfdb824fca99e5c2499851', 'Frontend.logged_user_idententity', 1440, 'admin', ''),
(663, '5cbd862733cfdb824fca99e5c2499851', 'Frontend.logged_user_object', 1440, 'O:8:"stdClass":32:{s:2:"id";s:1:"2";s:8:"username";s:5:"Ghada";s:8:"password";s:6:"******";s:9:"firstname";s:5:"Ghada";s:8:"lastname";s:4:"Rawi";s:13:"date_of_birth";N;s:5:"phone";N;s:5:"email";s:17:"ghada@amhsoft.com";s:6:"mobile";s:14:"00495312801805";s:3:"fax";N;s:5:"state";s:1:"1";s:16:"create_date_time";N;s:16:"update_date_time";s:19:"2012-11-21 14:42:26";s:6:"notice";N;s:7:"address";s:15:"Berlinerstr 52j";s:10:"postalcode";N;s:4:"city";s:12:"Braunschweig";s:8:"province";s:13:"Niedersachsen";s:7:"country";s:7:"Germany";s:13:"lastLoginDate";s:19:"2012-04-19 11:24:05";s:13:"lastLoginHost";s:10:"cherif-lap";s:9:"remote_id";N;s:13:"department_id";s:2:"27";s:5:"admin";s:1:"0";s:3:"msn";N;s:8:"facebook";N;s:7:"twitter";N;s:3:"icq";N;s:8:"whatsapp";N;s:10:"blackberry";N;s:5:"gmail";N;s:7:"role_id";s:1:"4";}', ''),
(668, '5cbd862733cfdb824fca99e5c2499851', 'Backend.logged_user_idententity', 1440, 'admin', ''),
(669, '5cbd862733cfdb824fca99e5c2499851', 'Backend.logged_user_object', 1440, 'O:8:"stdClass":32:{s:2:"id";s:1:"2";s:8:"username";s:5:"Ghada";s:8:"password";s:6:"******";s:9:"firstname";s:5:"Ghada";s:8:"lastname";s:4:"Rawi";s:13:"date_of_birth";N;s:5:"phone";N;s:5:"email";s:17:"ghada@amhsoft.com";s:6:"mobile";s:14:"00495312801805";s:3:"fax";N;s:5:"state";s:1:"1";s:16:"create_date_time";N;s:16:"update_date_time";s:19:"2012-11-21 14:42:26";s:6:"notice";N;s:7:"address";s:15:"Berlinerstr 52j";s:10:"postalcode";N;s:4:"city";s:12:"Braunschweig";s:8:"province";s:13:"Niedersachsen";s:7:"country";s:7:"Germany";s:13:"lastLoginDate";s:19:"2012-04-19 11:24:05";s:13:"lastLoginHost";s:10:"cherif-lap";s:9:"remote_id";N;s:13:"department_id";s:2:"27";s:5:"admin";s:1:"0";s:3:"msn";N;s:8:"facebook";N;s:7:"twitter";N;s:3:"icq";N;s:8:"whatsapp";N;s:10:"blackberry";N;s:5:"gmail";N;s:7:"role_id";s:1:"4";}', ''),
(670, 'db4d6c77c9b74c8e8d9c36c54af4723b', 'Frontend.logged_user_idententity', 1441, 'admin', ''),
(671, 'db4d6c77c9b74c8e8d9c36c54af4723b', 'Frontend.logged_user_object', 1441, 'O:8:"stdClass":32:{s:2:"id";s:1:"2";s:8:"username";s:5:"Ghada";s:8:"password";s:6:"******";s:9:"firstname";s:5:"Ghada";s:8:"lastname";s:4:"Rawi";s:13:"date_of_birth";N;s:5:"phone";N;s:5:"email";s:17:"ghada@amhsoft.com";s:6:"mobile";s:14:"00495312801805";s:3:"fax";N;s:5:"state";s:1:"1";s:16:"create_date_time";N;s:16:"update_date_time";s:19:"2012-11-21 14:42:26";s:6:"notice";N;s:7:"address";s:15:"Berlinerstr 52j";s:10:"postalcode";N;s:4:"city";s:12:"Braunschweig";s:8:"province";s:13:"Niedersachsen";s:7:"country";s:7:"Germany";s:13:"lastLoginDate";s:19:"2012-04-19 11:24:05";s:13:"lastLoginHost";s:10:"cherif-lap";s:9:"remote_id";N;s:13:"department_id";s:2:"27";s:5:"admin";s:1:"0";s:3:"msn";N;s:8:"facebook";N;s:7:"twitter";N;s:3:"icq";N;s:8:"whatsapp";N;s:10:"blackberry";N;s:5:"gmail";N;s:7:"role_id";s:1:"4";}', ''),
(676, 'db4d6c77c9b74c8e8d9c36c54af4723b', 'Backend.logged_user_idententity', 1440, 'admin', ''),
(677, 'db4d6c77c9b74c8e8d9c36c54af4723b', 'Backend.logged_user_object', 1440, 'O:8:"stdClass":32:{s:2:"id";s:1:"2";s:8:"username";s:5:"Ghada";s:8:"password";s:6:"******";s:9:"firstname";s:5:"Ghada";s:8:"lastname";s:4:"Rawi";s:13:"date_of_birth";N;s:5:"phone";N;s:5:"email";s:17:"ghada@amhsoft.com";s:6:"mobile";s:14:"00495312801805";s:3:"fax";N;s:5:"state";s:1:"1";s:16:"create_date_time";N;s:16:"update_date_time";s:19:"2012-11-21 14:42:26";s:6:"notice";N;s:7:"address";s:15:"Berlinerstr 52j";s:10:"postalcode";N;s:4:"city";s:12:"Braunschweig";s:8:"province";s:13:"Niedersachsen";s:7:"country";s:7:"Germany";s:13:"lastLoginDate";s:19:"2012-04-19 11:24:05";s:13:"lastLoginHost";s:10:"cherif-lap";s:9:"remote_id";N;s:13:"department_id";s:2:"27";s:5:"admin";s:1:"0";s:3:"msn";N;s:8:"facebook";N;s:7:"twitter";N;s:3:"icq";N;s:8:"whatsapp";N;s:10:"blackberry";N;s:5:"gmail";N;s:7:"role_id";s:1:"4";}', ''),
(678, '7d7a1f96b4992c213fafb4922ad2b6f2', 'Frontend.logged_user_idententity', 1440, 'admin', ''),
(679, '7d7a1f96b4992c213fafb4922ad2b6f2', 'Frontend.logged_user_object', 1440, 'O:8:"stdClass":32:{s:2:"id";s:1:"2";s:8:"username";s:5:"Ghada";s:8:"password";s:6:"******";s:9:"firstname";s:5:"Ghada";s:8:"lastname";s:4:"Rawi";s:13:"date_of_birth";N;s:5:"phone";N;s:5:"email";s:17:"ghada@amhsoft.com";s:6:"mobile";s:14:"00495312801805";s:3:"fax";N;s:5:"state";s:1:"1";s:16:"create_date_time";N;s:16:"update_date_time";s:19:"2012-11-21 14:42:26";s:6:"notice";N;s:7:"address";s:15:"Berlinerstr 52j";s:10:"postalcode";N;s:4:"city";s:12:"Braunschweig";s:8:"province";s:13:"Niedersachsen";s:7:"country";s:7:"Germany";s:13:"lastLoginDate";s:19:"2012-04-19 11:24:05";s:13:"lastLoginHost";s:10:"cherif-lap";s:9:"remote_id";N;s:13:"department_id";s:2:"27";s:5:"admin";s:1:"0";s:3:"msn";N;s:8:"facebook";N;s:7:"twitter";N;s:3:"icq";N;s:8:"whatsapp";N;s:10:"blackberry";N;s:5:"gmail";N;s:7:"role_id";s:1:"4";}', ''),
(684, '7d7a1f96b4992c213fafb4922ad2b6f2', 'Backend.logged_user_idententity', 1440, 'admin', ''),
(685, '7d7a1f96b4992c213fafb4922ad2b6f2', 'Backend.logged_user_object', 1440, 'O:8:"stdClass":32:{s:2:"id";s:1:"2";s:8:"username";s:5:"Ghada";s:8:"password";s:6:"******";s:9:"firstname";s:5:"Ghada";s:8:"lastname";s:4:"Rawi";s:13:"date_of_birth";N;s:5:"phone";N;s:5:"email";s:17:"ghada@amhsoft.com";s:6:"mobile";s:14:"00495312801805";s:3:"fax";N;s:5:"state";s:1:"1";s:16:"create_date_time";N;s:16:"update_date_time";s:19:"2012-11-21 14:42:26";s:6:"notice";N;s:7:"address";s:15:"Berlinerstr 52j";s:10:"postalcode";N;s:4:"city";s:12:"Braunschweig";s:8:"province";s:13:"Niedersachsen";s:7:"country";s:7:"Germany";s:13:"lastLoginDate";s:19:"2012-04-19 11:24:05";s:13:"lastLoginHost";s:10:"cherif-lap";s:9:"remote_id";N;s:13:"department_id";s:2:"27";s:5:"admin";s:1:"0";s:3:"msn";N;s:8:"facebook";N;s:7:"twitter";N;s:3:"icq";N;s:8:"whatsapp";N;s:10:"blackberry";N;s:5:"gmail";N;s:7:"role_id";s:1:"4";}', ''),
(686, '53d469d831a053372c79f5d3c1c4e556', 'Frontend.logged_user_idententity', 1441, 'admin', ''),
(687, '53d469d831a053372c79f5d3c1c4e556', 'Frontend.logged_user_object', 1441, 'O:8:"stdClass":32:{s:2:"id";s:1:"2";s:8:"username";s:5:"Ghada";s:8:"password";s:6:"******";s:9:"firstname";s:5:"Ghada";s:8:"lastname";s:4:"Rawi";s:13:"date_of_birth";N;s:5:"phone";N;s:5:"email";s:17:"ghada@amhsoft.com";s:6:"mobile";s:14:"00495312801805";s:3:"fax";N;s:5:"state";s:1:"1";s:16:"create_date_time";N;s:16:"update_date_time";s:19:"2012-11-21 14:42:26";s:6:"notice";N;s:7:"address";s:15:"Berlinerstr 52j";s:10:"postalcode";N;s:4:"city";s:12:"Braunschweig";s:8:"province";s:13:"Niedersachsen";s:7:"country";s:7:"Germany";s:13:"lastLoginDate";s:19:"2012-04-19 11:24:05";s:13:"lastLoginHost";s:10:"cherif-lap";s:9:"remote_id";N;s:13:"department_id";s:2:"27";s:5:"admin";s:1:"0";s:3:"msn";N;s:8:"facebook";N;s:7:"twitter";N;s:3:"icq";N;s:8:"whatsapp";N;s:10:"blackberry";N;s:5:"gmail";N;s:7:"role_id";s:1:"4";}', ''),
(692, '53d469d831a053372c79f5d3c1c4e556', 'Backend.logged_user_idententity', 1441, 'admin', ''),
(693, '53d469d831a053372c79f5d3c1c4e556', 'Backend.logged_user_object', 1441, 'O:8:"stdClass":32:{s:2:"id";s:1:"2";s:8:"username";s:5:"Ghada";s:8:"password";s:6:"******";s:9:"firstname";s:5:"Ghada";s:8:"lastname";s:4:"Rawi";s:13:"date_of_birth";N;s:5:"phone";N;s:5:"email";s:17:"ghada@amhsoft.com";s:6:"mobile";s:14:"00495312801805";s:3:"fax";N;s:5:"state";s:1:"1";s:16:"create_date_time";N;s:16:"update_date_time";s:19:"2012-11-21 14:42:26";s:6:"notice";N;s:7:"address";s:15:"Berlinerstr 52j";s:10:"postalcode";N;s:4:"city";s:12:"Braunschweig";s:8:"province";s:13:"Niedersachsen";s:7:"country";s:7:"Germany";s:13:"lastLoginDate";s:19:"2012-04-19 11:24:05";s:13:"lastLoginHost";s:10:"cherif-lap";s:9:"remote_id";N;s:13:"department_id";s:2:"27";s:5:"admin";s:1:"0";s:3:"msn";N;s:8:"facebook";N;s:7:"twitter";N;s:3:"icq";N;s:8:"whatsapp";N;s:10:"blackberry";N;s:5:"gmail";N;s:7:"role_id";s:1:"4";}', ''),
(694, '2f30220c10047e220eec59322d3ca453', 'Frontend.logged_user_idententity', 1440, 'admin', ''),
(695, '2f30220c10047e220eec59322d3ca453', 'Frontend.logged_user_object', 1440, 'O:8:"stdClass":32:{s:2:"id";s:1:"2";s:8:"username";s:5:"Ghada";s:8:"password";s:6:"******";s:9:"firstname";s:5:"Ghada";s:8:"lastname";s:4:"Rawi";s:13:"date_of_birth";N;s:5:"phone";N;s:5:"email";s:17:"ghada@amhsoft.com";s:6:"mobile";s:14:"00495312801805";s:3:"fax";N;s:5:"state";s:1:"1";s:16:"create_date_time";N;s:16:"update_date_time";s:19:"2012-11-21 14:42:26";s:6:"notice";N;s:7:"address";s:15:"Berlinerstr 52j";s:10:"postalcode";N;s:4:"city";s:12:"Braunschweig";s:8:"province";s:13:"Niedersachsen";s:7:"country";s:7:"Germany";s:13:"lastLoginDate";s:19:"2012-04-19 11:24:05";s:13:"lastLoginHost";s:10:"cherif-lap";s:9:"remote_id";N;s:13:"department_id";s:2:"27";s:5:"admin";s:1:"0";s:3:"msn";N;s:8:"facebook";N;s:7:"twitter";N;s:3:"icq";N;s:8:"whatsapp";N;s:10:"blackberry";N;s:5:"gmail";N;s:7:"role_id";s:1:"4";}', ''),
(700, '2f30220c10047e220eec59322d3ca453', 'Backend.logged_user_idententity', 1440, 'admin', ''),
(701, '2f30220c10047e220eec59322d3ca453', 'Backend.logged_user_object', 1440, 'O:8:"stdClass":32:{s:2:"id";s:1:"2";s:8:"username";s:5:"Ghada";s:8:"password";s:6:"******";s:9:"firstname";s:5:"Ghada";s:8:"lastname";s:4:"Rawi";s:13:"date_of_birth";N;s:5:"phone";N;s:5:"email";s:17:"ghada@amhsoft.com";s:6:"mobile";s:14:"00495312801805";s:3:"fax";N;s:5:"state";s:1:"1";s:16:"create_date_time";N;s:16:"update_date_time";s:19:"2012-11-21 14:42:26";s:6:"notice";N;s:7:"address";s:15:"Berlinerstr 52j";s:10:"postalcode";N;s:4:"city";s:12:"Braunschweig";s:8:"province";s:13:"Niedersachsen";s:7:"country";s:7:"Germany";s:13:"lastLoginDate";s:19:"2012-04-19 11:24:05";s:13:"lastLoginHost";s:10:"cherif-lap";s:9:"remote_id";N;s:13:"department_id";s:2:"27";s:5:"admin";s:1:"0";s:3:"msn";N;s:8:"facebook";N;s:7:"twitter";N;s:3:"icq";N;s:8:"whatsapp";N;s:10:"blackberry";N;s:5:"gmail";N;s:7:"role_id";s:1:"4";}', ''),
(702, '25e155e2bec4db69fef254c0e470b65b', 'Frontend.logged_user_idententity', 1440, 'admin', ''),
(703, '25e155e2bec4db69fef254c0e470b65b', 'Frontend.logged_user_object', 1440, 'O:8:"stdClass":32:{s:2:"id";s:1:"2";s:8:"username";s:5:"Ghada";s:8:"password";s:6:"******";s:9:"firstname";s:5:"Ghada";s:8:"lastname";s:4:"Rawi";s:13:"date_of_birth";N;s:5:"phone";N;s:5:"email";s:17:"ghada@amhsoft.com";s:6:"mobile";s:14:"00495312801805";s:3:"fax";N;s:5:"state";s:1:"1";s:16:"create_date_time";N;s:16:"update_date_time";s:19:"2012-11-21 14:42:26";s:6:"notice";N;s:7:"address";s:15:"Berlinerstr 52j";s:10:"postalcode";N;s:4:"city";s:12:"Braunschweig";s:8:"province";s:13:"Niedersachsen";s:7:"country";s:7:"Germany";s:13:"lastLoginDate";s:19:"2012-04-19 11:24:05";s:13:"lastLoginHost";s:10:"cherif-lap";s:9:"remote_id";N;s:13:"department_id";s:2:"27";s:5:"admin";s:1:"0";s:3:"msn";N;s:8:"facebook";N;s:7:"twitter";N;s:3:"icq";N;s:8:"whatsapp";N;s:10:"blackberry";N;s:5:"gmail";N;s:7:"role_id";s:1:"4";}', ''),
(708, '25e155e2bec4db69fef254c0e470b65b', 'Backend.logged_user_idententity', 1441, 'admin', ''),
(709, '25e155e2bec4db69fef254c0e470b65b', 'Backend.logged_user_object', 1441, 'O:8:"stdClass":32:{s:2:"id";s:1:"2";s:8:"username";s:5:"Ghada";s:8:"password";s:6:"******";s:9:"firstname";s:5:"Ghada";s:8:"lastname";s:4:"Rawi";s:13:"date_of_birth";N;s:5:"phone";N;s:5:"email";s:17:"ghada@amhsoft.com";s:6:"mobile";s:14:"00495312801805";s:3:"fax";N;s:5:"state";s:1:"1";s:16:"create_date_time";N;s:16:"update_date_time";s:19:"2012-11-21 14:42:26";s:6:"notice";N;s:7:"address";s:15:"Berlinerstr 52j";s:10:"postalcode";N;s:4:"city";s:12:"Braunschweig";s:8:"province";s:13:"Niedersachsen";s:7:"country";s:7:"Germany";s:13:"lastLoginDate";s:19:"2012-04-19 11:24:05";s:13:"lastLoginHost";s:10:"cherif-lap";s:9:"remote_id";N;s:13:"department_id";s:2:"27";s:5:"admin";s:1:"0";s:3:"msn";N;s:8:"facebook";N;s:7:"twitter";N;s:3:"icq";N;s:8:"whatsapp";N;s:10:"blackberry";N;s:5:"gmail";N;s:7:"role_id";s:1:"4";}', ''),
(710, '5e3cb4b975b27948aa6696496f14f400', 'Frontend.logged_user_idententity', 1441, 'admin', ''),
(711, '5e3cb4b975b27948aa6696496f14f400', 'Frontend.logged_user_object', 1441, 'O:8:"stdClass":32:{s:2:"id";s:1:"2";s:8:"username";s:5:"Ghada";s:8:"password";s:6:"******";s:9:"firstname";s:5:"Ghada";s:8:"lastname";s:4:"Rawi";s:13:"date_of_birth";N;s:5:"phone";N;s:5:"email";s:17:"ghada@amhsoft.com";s:6:"mobile";s:14:"00495312801805";s:3:"fax";N;s:5:"state";s:1:"1";s:16:"create_date_time";N;s:16:"update_date_time";s:19:"2012-11-21 14:42:26";s:6:"notice";N;s:7:"address";s:15:"Berlinerstr 52j";s:10:"postalcode";N;s:4:"city";s:12:"Braunschweig";s:8:"province";s:13:"Niedersachsen";s:7:"country";s:7:"Germany";s:13:"lastLoginDate";s:19:"2012-04-19 11:24:05";s:13:"lastLoginHost";s:10:"cherif-lap";s:9:"remote_id";N;s:13:"department_id";s:2:"27";s:5:"admin";s:1:"0";s:3:"msn";N;s:8:"facebook";N;s:7:"twitter";N;s:3:"icq";N;s:8:"whatsapp";N;s:10:"blackberry";N;s:5:"gmail";N;s:7:"role_id";s:1:"4";}', ''),
(716, '5e3cb4b975b27948aa6696496f14f400', 'Backend.logged_user_idententity', 1441, 'admin', ''),
(717, '5e3cb4b975b27948aa6696496f14f400', 'Backend.logged_user_object', 1441, 'O:8:"stdClass":32:{s:2:"id";s:1:"2";s:8:"username";s:5:"Ghada";s:8:"password";s:6:"******";s:9:"firstname";s:5:"Ghada";s:8:"lastname";s:4:"Rawi";s:13:"date_of_birth";N;s:5:"phone";N;s:5:"email";s:17:"ghada@amhsoft.com";s:6:"mobile";s:14:"00495312801805";s:3:"fax";N;s:5:"state";s:1:"1";s:16:"create_date_time";N;s:16:"update_date_time";s:19:"2012-11-21 14:42:26";s:6:"notice";N;s:7:"address";s:15:"Berlinerstr 52j";s:10:"postalcode";N;s:4:"city";s:12:"Braunschweig";s:8:"province";s:13:"Niedersachsen";s:7:"country";s:7:"Germany";s:13:"lastLoginDate";s:19:"2012-04-19 11:24:05";s:13:"lastLoginHost";s:10:"cherif-lap";s:9:"remote_id";N;s:13:"department_id";s:2:"27";s:5:"admin";s:1:"0";s:3:"msn";N;s:8:"facebook";N;s:7:"twitter";N;s:3:"icq";N;s:8:"whatsapp";N;s:10:"blackberry";N;s:5:"gmail";N;s:7:"role_id";s:1:"4";}', ''),
(718, '2dfe422941355ddb69530ee04a716151', 'Frontend.logged_user_idententity', 1441, 'admin', ''),
(719, '2dfe422941355ddb69530ee04a716151', 'Frontend.logged_user_object', 1441, 'O:8:"stdClass":32:{s:2:"id";s:1:"2";s:8:"username";s:5:"Ghada";s:8:"password";s:6:"******";s:9:"firstname";s:5:"Ghada";s:8:"lastname";s:4:"Rawi";s:13:"date_of_birth";N;s:5:"phone";N;s:5:"email";s:17:"ghada@amhsoft.com";s:6:"mobile";s:14:"00495312801805";s:3:"fax";N;s:5:"state";s:1:"1";s:16:"create_date_time";N;s:16:"update_date_time";s:19:"2012-11-21 14:42:26";s:6:"notice";N;s:7:"address";s:15:"Berlinerstr 52j";s:10:"postalcode";N;s:4:"city";s:12:"Braunschweig";s:8:"province";s:13:"Niedersachsen";s:7:"country";s:7:"Germany";s:13:"lastLoginDate";s:19:"2012-04-19 11:24:05";s:13:"lastLoginHost";s:10:"cherif-lap";s:9:"remote_id";N;s:13:"department_id";s:2:"27";s:5:"admin";s:1:"0";s:3:"msn";N;s:8:"facebook";N;s:7:"twitter";N;s:3:"icq";N;s:8:"whatsapp";N;s:10:"blackberry";N;s:5:"gmail";N;s:7:"role_id";s:1:"4";}', ''),
(724, '2dfe422941355ddb69530ee04a716151', 'Backend.logged_user_idententity', 1440, 'admin', ''),
(725, '2dfe422941355ddb69530ee04a716151', 'Backend.logged_user_object', 1440, 'O:8:"stdClass":32:{s:2:"id";s:1:"2";s:8:"username";s:5:"Ghada";s:8:"password";s:6:"******";s:9:"firstname";s:5:"Ghada";s:8:"lastname";s:4:"Rawi";s:13:"date_of_birth";N;s:5:"phone";N;s:5:"email";s:17:"ghada@amhsoft.com";s:6:"mobile";s:14:"00495312801805";s:3:"fax";N;s:5:"state";s:1:"1";s:16:"create_date_time";N;s:16:"update_date_time";s:19:"2012-11-21 14:42:26";s:6:"notice";N;s:7:"address";s:15:"Berlinerstr 52j";s:10:"postalcode";N;s:4:"city";s:12:"Braunschweig";s:8:"province";s:13:"Niedersachsen";s:7:"country";s:7:"Germany";s:13:"lastLoginDate";s:19:"2012-04-19 11:24:05";s:13:"lastLoginHost";s:10:"cherif-lap";s:9:"remote_id";N;s:13:"department_id";s:2:"27";s:5:"admin";s:1:"0";s:3:"msn";N;s:8:"facebook";N;s:7:"twitter";N;s:3:"icq";N;s:8:"whatsapp";N;s:10:"blackberry";N;s:5:"gmail";N;s:7:"role_id";s:1:"4";}', ''),
(726, 'd49ebac47c58c3b34ce17c194677a7c4', 'Frontend.logged_user_idententity', 1440, 'admin', ''),
(727, 'd49ebac47c58c3b34ce17c194677a7c4', 'Frontend.logged_user_object', 1440, 'O:8:"stdClass":32:{s:2:"id";s:1:"2";s:8:"username";s:5:"Ghada";s:8:"password";s:6:"******";s:9:"firstname";s:5:"Ghada";s:8:"lastname";s:4:"Rawi";s:13:"date_of_birth";N;s:5:"phone";N;s:5:"email";s:17:"ghada@amhsoft.com";s:6:"mobile";s:14:"00495312801805";s:3:"fax";N;s:5:"state";s:1:"1";s:16:"create_date_time";N;s:16:"update_date_time";s:19:"2012-11-21 14:42:26";s:6:"notice";N;s:7:"address";s:15:"Berlinerstr 52j";s:10:"postalcode";N;s:4:"city";s:12:"Braunschweig";s:8:"province";s:13:"Niedersachsen";s:7:"country";s:7:"Germany";s:13:"lastLoginDate";s:19:"2012-04-19 11:24:05";s:13:"lastLoginHost";s:10:"cherif-lap";s:9:"remote_id";N;s:13:"department_id";s:2:"27";s:5:"admin";s:1:"0";s:3:"msn";N;s:8:"facebook";N;s:7:"twitter";N;s:3:"icq";N;s:8:"whatsapp";N;s:10:"blackberry";N;s:5:"gmail";N;s:7:"role_id";s:1:"4";}', ''),
(732, 'd49ebac47c58c3b34ce17c194677a7c4', 'Backend.logged_user_idententity', 1440, 'admin', ''),
(733, 'd49ebac47c58c3b34ce17c194677a7c4', 'Backend.logged_user_object', 1440, 'O:8:"stdClass":32:{s:2:"id";s:1:"2";s:8:"username";s:5:"Ghada";s:8:"password";s:6:"******";s:9:"firstname";s:5:"Ghada";s:8:"lastname";s:4:"Rawi";s:13:"date_of_birth";N;s:5:"phone";N;s:5:"email";s:17:"ghada@amhsoft.com";s:6:"mobile";s:14:"00495312801805";s:3:"fax";N;s:5:"state";s:1:"1";s:16:"create_date_time";N;s:16:"update_date_time";s:19:"2012-11-21 14:42:26";s:6:"notice";N;s:7:"address";s:15:"Berlinerstr 52j";s:10:"postalcode";N;s:4:"city";s:12:"Braunschweig";s:8:"province";s:13:"Niedersachsen";s:7:"country";s:7:"Germany";s:13:"lastLoginDate";s:19:"2012-04-19 11:24:05";s:13:"lastLoginHost";s:10:"cherif-lap";s:9:"remote_id";N;s:13:"department_id";s:2:"27";s:5:"admin";s:1:"0";s:3:"msn";N;s:8:"facebook";N;s:7:"twitter";N;s:3:"icq";N;s:8:"whatsapp";N;s:10:"blackberry";N;s:5:"gmail";N;s:7:"role_id";s:1:"4";}', ''),
(734, 'c125252fe1dd94db11c52223ecff9df0', 'Frontend.logged_user_idententity', 1441, 'admin', ''),
(735, 'c125252fe1dd94db11c52223ecff9df0', 'Frontend.logged_user_object', 1441, 'O:8:"stdClass":32:{s:2:"id";s:1:"2";s:8:"username";s:5:"Ghada";s:8:"password";s:6:"******";s:9:"firstname";s:5:"Ghada";s:8:"lastname";s:4:"Rawi";s:13:"date_of_birth";N;s:5:"phone";N;s:5:"email";s:17:"ghada@amhsoft.com";s:6:"mobile";s:14:"00495312801805";s:3:"fax";N;s:5:"state";s:1:"1";s:16:"create_date_time";N;s:16:"update_date_time";s:19:"2012-11-21 14:42:26";s:6:"notice";N;s:7:"address";s:15:"Berlinerstr 52j";s:10:"postalcode";N;s:4:"city";s:12:"Braunschweig";s:8:"province";s:13:"Niedersachsen";s:7:"country";s:7:"Germany";s:13:"lastLoginDate";s:19:"2012-04-19 11:24:05";s:13:"lastLoginHost";s:10:"cherif-lap";s:9:"remote_id";N;s:13:"department_id";s:2:"27";s:5:"admin";s:1:"0";s:3:"msn";N;s:8:"facebook";N;s:7:"twitter";N;s:3:"icq";N;s:8:"whatsapp";N;s:10:"blackberry";N;s:5:"gmail";N;s:7:"role_id";s:1:"4";}', ''),
(740, 'c125252fe1dd94db11c52223ecff9df0', 'Backend.logged_user_idententity', 1441, 'admin', ''),
(741, 'c125252fe1dd94db11c52223ecff9df0', 'Backend.logged_user_object', 1441, 'O:8:"stdClass":32:{s:2:"id";s:1:"2";s:8:"username";s:5:"Ghada";s:8:"password";s:6:"******";s:9:"firstname";s:5:"Ghada";s:8:"lastname";s:4:"Rawi";s:13:"date_of_birth";N;s:5:"phone";N;s:5:"email";s:17:"ghada@amhsoft.com";s:6:"mobile";s:14:"00495312801805";s:3:"fax";N;s:5:"state";s:1:"1";s:16:"create_date_time";N;s:16:"update_date_time";s:19:"2012-11-21 14:42:26";s:6:"notice";N;s:7:"address";s:15:"Berlinerstr 52j";s:10:"postalcode";N;s:4:"city";s:12:"Braunschweig";s:8:"province";s:13:"Niedersachsen";s:7:"country";s:7:"Germany";s:13:"lastLoginDate";s:19:"2012-04-19 11:24:05";s:13:"lastLoginHost";s:10:"cherif-lap";s:9:"remote_id";N;s:13:"department_id";s:2:"27";s:5:"admin";s:1:"0";s:3:"msn";N;s:8:"facebook";N;s:7:"twitter";N;s:3:"icq";N;s:8:"whatsapp";N;s:10:"blackberry";N;s:5:"gmail";N;s:7:"role_id";s:1:"4";}', ''),
(742, '9394947a94517ea7560ba4270e7bf82a', 'Frontend.logged_user_idententity', 1440, 'admin', ''),
(743, '9394947a94517ea7560ba4270e7bf82a', 'Frontend.logged_user_object', 1440, 'O:8:"stdClass":32:{s:2:"id";s:1:"2";s:8:"username";s:5:"Ghada";s:8:"password";s:6:"******";s:9:"firstname";s:5:"Ghada";s:8:"lastname";s:4:"Rawi";s:13:"date_of_birth";N;s:5:"phone";N;s:5:"email";s:17:"ghada@amhsoft.com";s:6:"mobile";s:14:"00495312801805";s:3:"fax";N;s:5:"state";s:1:"1";s:16:"create_date_time";N;s:16:"update_date_time";s:19:"2012-11-21 14:42:26";s:6:"notice";N;s:7:"address";s:15:"Berlinerstr 52j";s:10:"postalcode";N;s:4:"city";s:12:"Braunschweig";s:8:"province";s:13:"Niedersachsen";s:7:"country";s:7:"Germany";s:13:"lastLoginDate";s:19:"2012-04-19 11:24:05";s:13:"lastLoginHost";s:10:"cherif-lap";s:9:"remote_id";N;s:13:"department_id";s:2:"27";s:5:"admin";s:1:"0";s:3:"msn";N;s:8:"facebook";N;s:7:"twitter";N;s:3:"icq";N;s:8:"whatsapp";N;s:10:"blackberry";N;s:5:"gmail";N;s:7:"role_id";s:1:"4";}', ''),
(748, '9394947a94517ea7560ba4270e7bf82a', 'Backend.logged_user_idententity', 1440, 'admin', ''),
(749, '9394947a94517ea7560ba4270e7bf82a', 'Backend.logged_user_object', 1440, 'O:8:"stdClass":32:{s:2:"id";s:1:"2";s:8:"username";s:5:"Ghada";s:8:"password";s:6:"******";s:9:"firstname";s:5:"Ghada";s:8:"lastname";s:4:"Rawi";s:13:"date_of_birth";N;s:5:"phone";N;s:5:"email";s:17:"ghada@amhsoft.com";s:6:"mobile";s:14:"00495312801805";s:3:"fax";N;s:5:"state";s:1:"1";s:16:"create_date_time";N;s:16:"update_date_time";s:19:"2012-11-21 14:42:26";s:6:"notice";N;s:7:"address";s:15:"Berlinerstr 52j";s:10:"postalcode";N;s:4:"city";s:12:"Braunschweig";s:8:"province";s:13:"Niedersachsen";s:7:"country";s:7:"Germany";s:13:"lastLoginDate";s:19:"2012-04-19 11:24:05";s:13:"lastLoginHost";s:10:"cherif-lap";s:9:"remote_id";N;s:13:"department_id";s:2:"27";s:5:"admin";s:1:"0";s:3:"msn";N;s:8:"facebook";N;s:7:"twitter";N;s:3:"icq";N;s:8:"whatsapp";N;s:10:"blackberry";N;s:5:"gmail";N;s:7:"role_id";s:1:"4";}', ''),
(750, '205b37b0661edc7195cc3fdc415c09ca', 'Frontend.logged_user_idententity', 1440, 'admin', ''),
(751, '205b37b0661edc7195cc3fdc415c09ca', 'Frontend.logged_user_object', 1440, 'O:8:"stdClass":32:{s:2:"id";s:1:"2";s:8:"username";s:5:"Ghada";s:8:"password";s:6:"******";s:9:"firstname";s:5:"Ghada";s:8:"lastname";s:4:"Rawi";s:13:"date_of_birth";N;s:5:"phone";N;s:5:"email";s:17:"ghada@amhsoft.com";s:6:"mobile";s:14:"00495312801805";s:3:"fax";N;s:5:"state";s:1:"1";s:16:"create_date_time";N;s:16:"update_date_time";s:19:"2012-11-21 14:42:26";s:6:"notice";N;s:7:"address";s:15:"Berlinerstr 52j";s:10:"postalcode";N;s:4:"city";s:12:"Braunschweig";s:8:"province";s:13:"Niedersachsen";s:7:"country";s:7:"Germany";s:13:"lastLoginDate";s:19:"2012-04-19 11:24:05";s:13:"lastLoginHost";s:10:"cherif-lap";s:9:"remote_id";N;s:13:"department_id";s:2:"27";s:5:"admin";s:1:"0";s:3:"msn";N;s:8:"facebook";N;s:7:"twitter";N;s:3:"icq";N;s:8:"whatsapp";N;s:10:"blackberry";N;s:5:"gmail";N;s:7:"role_id";s:1:"4";}', ''),
(756, '205b37b0661edc7195cc3fdc415c09ca', 'Backend.logged_user_idententity', 1440, 'admin', ''),
(757, '205b37b0661edc7195cc3fdc415c09ca', 'Backend.logged_user_object', 1440, 'O:8:"stdClass":32:{s:2:"id";s:1:"2";s:8:"username";s:5:"Ghada";s:8:"password";s:6:"******";s:9:"firstname";s:5:"Ghada";s:8:"lastname";s:4:"Rawi";s:13:"date_of_birth";N;s:5:"phone";N;s:5:"email";s:17:"ghada@amhsoft.com";s:6:"mobile";s:14:"00495312801805";s:3:"fax";N;s:5:"state";s:1:"1";s:16:"create_date_time";N;s:16:"update_date_time";s:19:"2012-11-21 14:42:26";s:6:"notice";N;s:7:"address";s:15:"Berlinerstr 52j";s:10:"postalcode";N;s:4:"city";s:12:"Braunschweig";s:8:"province";s:13:"Niedersachsen";s:7:"country";s:7:"Germany";s:13:"lastLoginDate";s:19:"2012-04-19 11:24:05";s:13:"lastLoginHost";s:10:"cherif-lap";s:9:"remote_id";N;s:13:"department_id";s:2:"27";s:5:"admin";s:1:"0";s:3:"msn";N;s:8:"facebook";N;s:7:"twitter";N;s:3:"icq";N;s:8:"whatsapp";N;s:10:"blackberry";N;s:5:"gmail";N;s:7:"role_id";s:1:"4";}', ''),
(758, '33567645daf3dc2177d36798dbf6e4c5', 'Frontend.logged_user_idententity', 1441, 'admin', ''),
(759, '33567645daf3dc2177d36798dbf6e4c5', 'Frontend.logged_user_object', 1441, 'O:8:"stdClass":32:{s:2:"id";s:1:"2";s:8:"username";s:5:"Ghada";s:8:"password";s:6:"******";s:9:"firstname";s:5:"Ghada";s:8:"lastname";s:4:"Rawi";s:13:"date_of_birth";N;s:5:"phone";N;s:5:"email";s:17:"ghada@amhsoft.com";s:6:"mobile";s:14:"00495312801805";s:3:"fax";N;s:5:"state";s:1:"1";s:16:"create_date_time";N;s:16:"update_date_time";s:19:"2012-11-21 14:42:26";s:6:"notice";N;s:7:"address";s:15:"Berlinerstr 52j";s:10:"postalcode";N;s:4:"city";s:12:"Braunschweig";s:8:"province";s:13:"Niedersachsen";s:7:"country";s:7:"Germany";s:13:"lastLoginDate";s:19:"2012-04-19 11:24:05";s:13:"lastLoginHost";s:10:"cherif-lap";s:9:"remote_id";N;s:13:"department_id";s:2:"27";s:5:"admin";s:1:"0";s:3:"msn";N;s:8:"facebook";N;s:7:"twitter";N;s:3:"icq";N;s:8:"whatsapp";N;s:10:"blackberry";N;s:5:"gmail";N;s:7:"role_id";s:1:"4";}', ''),
(764, '33567645daf3dc2177d36798dbf6e4c5', 'Backend.logged_user_idententity', 1441, 'admin', ''),
(765, '33567645daf3dc2177d36798dbf6e4c5', 'Backend.logged_user_object', 1441, 'O:8:"stdClass":32:{s:2:"id";s:1:"2";s:8:"username";s:5:"Ghada";s:8:"password";s:6:"******";s:9:"firstname";s:5:"Ghada";s:8:"lastname";s:4:"Rawi";s:13:"date_of_birth";N;s:5:"phone";N;s:5:"email";s:17:"ghada@amhsoft.com";s:6:"mobile";s:14:"00495312801805";s:3:"fax";N;s:5:"state";s:1:"1";s:16:"create_date_time";N;s:16:"update_date_time";s:19:"2012-11-21 14:42:26";s:6:"notice";N;s:7:"address";s:15:"Berlinerstr 52j";s:10:"postalcode";N;s:4:"city";s:12:"Braunschweig";s:8:"province";s:13:"Niedersachsen";s:7:"country";s:7:"Germany";s:13:"lastLoginDate";s:19:"2012-04-19 11:24:05";s:13:"lastLoginHost";s:10:"cherif-lap";s:9:"remote_id";N;s:13:"department_id";s:2:"27";s:5:"admin";s:1:"0";s:3:"msn";N;s:8:"facebook";N;s:7:"twitter";N;s:3:"icq";N;s:8:"whatsapp";N;s:10:"blackberry";N;s:5:"gmail";N;s:7:"role_id";s:1:"4";}', ''),
(766, '7c102ba391529c701332a7e26f028d65', 'Frontend.logged_user_idententity', 1441, 'admin', ''),
(767, '7c102ba391529c701332a7e26f028d65', 'Frontend.logged_user_object', 1441, 'O:8:"stdClass":32:{s:2:"id";s:1:"2";s:8:"username";s:5:"Ghada";s:8:"password";s:6:"******";s:9:"firstname";s:5:"Ghada";s:8:"lastname";s:4:"Rawi";s:13:"date_of_birth";N;s:5:"phone";N;s:5:"email";s:17:"ghada@amhsoft.com";s:6:"mobile";s:14:"00495312801805";s:3:"fax";N;s:5:"state";s:1:"1";s:16:"create_date_time";N;s:16:"update_date_time";s:19:"2012-11-21 14:42:26";s:6:"notice";N;s:7:"address";s:15:"Berlinerstr 52j";s:10:"postalcode";N;s:4:"city";s:12:"Braunschweig";s:8:"province";s:13:"Niedersachsen";s:7:"country";s:7:"Germany";s:13:"lastLoginDate";s:19:"2012-04-19 11:24:05";s:13:"lastLoginHost";s:10:"cherif-lap";s:9:"remote_id";N;s:13:"department_id";s:2:"27";s:5:"admin";s:1:"0";s:3:"msn";N;s:8:"facebook";N;s:7:"twitter";N;s:3:"icq";N;s:8:"whatsapp";N;s:10:"blackberry";N;s:5:"gmail";N;s:7:"role_id";s:1:"4";}', ''),
(772, '7c102ba391529c701332a7e26f028d65', 'Backend.logged_user_idententity', 1441, 'admin', ''),
(773, '7c102ba391529c701332a7e26f028d65', 'Backend.logged_user_object', 1441, 'O:8:"stdClass":32:{s:2:"id";s:1:"2";s:8:"username";s:5:"Ghada";s:8:"password";s:6:"******";s:9:"firstname";s:5:"Ghada";s:8:"lastname";s:4:"Rawi";s:13:"date_of_birth";N;s:5:"phone";N;s:5:"email";s:17:"ghada@amhsoft.com";s:6:"mobile";s:14:"00495312801805";s:3:"fax";N;s:5:"state";s:1:"1";s:16:"create_date_time";N;s:16:"update_date_time";s:19:"2012-11-21 14:42:26";s:6:"notice";N;s:7:"address";s:15:"Berlinerstr 52j";s:10:"postalcode";N;s:4:"city";s:12:"Braunschweig";s:8:"province";s:13:"Niedersachsen";s:7:"country";s:7:"Germany";s:13:"lastLoginDate";s:19:"2012-04-19 11:24:05";s:13:"lastLoginHost";s:10:"cherif-lap";s:9:"remote_id";N;s:13:"department_id";s:2:"27";s:5:"admin";s:1:"0";s:3:"msn";N;s:8:"facebook";N;s:7:"twitter";N;s:3:"icq";N;s:8:"whatsapp";N;s:10:"blackberry";N;s:5:"gmail";N;s:7:"role_id";s:1:"4";}', ''),
(774, '9af9219deae9078d4f489a3c46c07497', 'Frontend.logged_user_idententity', 1441, 'admin', ''),
(775, '9af9219deae9078d4f489a3c46c07497', 'Frontend.logged_user_object', 1441, 'O:8:"stdClass":32:{s:2:"id";s:1:"2";s:8:"username";s:5:"Ghada";s:8:"password";s:6:"******";s:9:"firstname";s:5:"Ghada";s:8:"lastname";s:4:"Rawi";s:13:"date_of_birth";N;s:5:"phone";N;s:5:"email";s:17:"ghada@amhsoft.com";s:6:"mobile";s:14:"00495312801805";s:3:"fax";N;s:5:"state";s:1:"1";s:16:"create_date_time";N;s:16:"update_date_time";s:19:"2012-11-21 14:42:26";s:6:"notice";N;s:7:"address";s:15:"Berlinerstr 52j";s:10:"postalcode";N;s:4:"city";s:12:"Braunschweig";s:8:"province";s:13:"Niedersachsen";s:7:"country";s:7:"Germany";s:13:"lastLoginDate";s:19:"2012-04-19 11:24:05";s:13:"lastLoginHost";s:10:"cherif-lap";s:9:"remote_id";N;s:13:"department_id";s:2:"27";s:5:"admin";s:1:"0";s:3:"msn";N;s:8:"facebook";N;s:7:"twitter";N;s:3:"icq";N;s:8:"whatsapp";N;s:10:"blackberry";N;s:5:"gmail";N;s:7:"role_id";s:1:"4";}', ''),
(776, '187267f3a3996af931935c3c93c03643', 'Frontend.logged_user_idententity', 1441, 'admin', ''),
(777, '187267f3a3996af931935c3c93c03643', 'Frontend.logged_user_object', 1441, 'O:8:"stdClass":32:{s:2:"id";s:1:"2";s:8:"username";s:5:"Ghada";s:8:"password";s:6:"******";s:9:"firstname";s:5:"Ghada";s:8:"lastname";s:4:"Rawi";s:13:"date_of_birth";N;s:5:"phone";N;s:5:"email";s:17:"ghada@amhsoft.com";s:6:"mobile";s:14:"00495312801805";s:3:"fax";N;s:5:"state";s:1:"1";s:16:"create_date_time";N;s:16:"update_date_time";s:19:"2012-11-21 14:42:26";s:6:"notice";N;s:7:"address";s:15:"Berlinerstr 52j";s:10:"postalcode";N;s:4:"city";s:12:"Braunschweig";s:8:"province";s:13:"Niedersachsen";s:7:"country";s:7:"Germany";s:13:"lastLoginDate";s:19:"2012-04-19 11:24:05";s:13:"lastLoginHost";s:10:"cherif-lap";s:9:"remote_id";N;s:13:"department_id";s:2:"27";s:5:"admin";s:1:"0";s:3:"msn";N;s:8:"facebook";N;s:7:"twitter";N;s:3:"icq";N;s:8:"whatsapp";N;s:10:"blackberry";N;s:5:"gmail";N;s:7:"role_id";s:1:"4";}', ''),
(778, '730738c1dd617b21862d1be644fb2f72', 'Frontend.logged_user_idententity', 1441, 'admin', ''),
(779, '730738c1dd617b21862d1be644fb2f72', 'Frontend.logged_user_object', 1441, 'O:8:"stdClass":32:{s:2:"id";s:1:"2";s:8:"username";s:5:"Ghada";s:8:"password";s:6:"******";s:9:"firstname";s:5:"Ghada";s:8:"lastname";s:4:"Rawi";s:13:"date_of_birth";N;s:5:"phone";N;s:5:"email";s:17:"ghada@amhsoft.com";s:6:"mobile";s:14:"00495312801805";s:3:"fax";N;s:5:"state";s:1:"1";s:16:"create_date_time";N;s:16:"update_date_time";s:19:"2012-11-21 14:42:26";s:6:"notice";N;s:7:"address";s:15:"Berlinerstr 52j";s:10:"postalcode";N;s:4:"city";s:12:"Braunschweig";s:8:"province";s:13:"Niedersachsen";s:7:"country";s:7:"Germany";s:13:"lastLoginDate";s:19:"2012-04-19 11:24:05";s:13:"lastLoginHost";s:10:"cherif-lap";s:9:"remote_id";N;s:13:"department_id";s:2:"27";s:5:"admin";s:1:"0";s:3:"msn";N;s:8:"facebook";N;s:7:"twitter";N;s:3:"icq";N;s:8:"whatsapp";N;s:10:"blackberry";N;s:5:"gmail";N;s:7:"role_id";s:1:"4";}', ''),
(780, '4f4cbe218a9b7cc06b702083d6ad94ea', 'Frontend.logged_user_idententity', 1440, 'admin', ''),
(781, '4f4cbe218a9b7cc06b702083d6ad94ea', 'Frontend.logged_user_object', 1440, 'O:8:"stdClass":32:{s:2:"id";s:1:"2";s:8:"username";s:5:"Ghada";s:8:"password";s:6:"******";s:9:"firstname";s:5:"Ghada";s:8:"lastname";s:4:"Rawi";s:13:"date_of_birth";N;s:5:"phone";N;s:5:"email";s:17:"ghada@amhsoft.com";s:6:"mobile";s:14:"00495312801805";s:3:"fax";N;s:5:"state";s:1:"1";s:16:"create_date_time";N;s:16:"update_date_time";s:19:"2012-11-21 14:42:26";s:6:"notice";N;s:7:"address";s:15:"Berlinerstr 52j";s:10:"postalcode";N;s:4:"city";s:12:"Braunschweig";s:8:"province";s:13:"Niedersachsen";s:7:"country";s:7:"Germany";s:13:"lastLoginDate";s:19:"2012-04-19 11:24:05";s:13:"lastLoginHost";s:10:"cherif-lap";s:9:"remote_id";N;s:13:"department_id";s:2:"27";s:5:"admin";s:1:"0";s:3:"msn";N;s:8:"facebook";N;s:7:"twitter";N;s:3:"icq";N;s:8:"whatsapp";N;s:10:"blackberry";N;s:5:"gmail";N;s:7:"role_id";s:1:"4";}', ''),
(786, '4f4cbe218a9b7cc06b702083d6ad94ea', 'Backend.logged_user_idententity', 1441, 'admin', ''),
(787, '4f4cbe218a9b7cc06b702083d6ad94ea', 'Backend.logged_user_object', 1441, 'O:8:"stdClass":32:{s:2:"id";s:1:"2";s:8:"username";s:5:"Ghada";s:8:"password";s:6:"******";s:9:"firstname";s:5:"Ghada";s:8:"lastname";s:4:"Rawi";s:13:"date_of_birth";N;s:5:"phone";N;s:5:"email";s:17:"ghada@amhsoft.com";s:6:"mobile";s:14:"00495312801805";s:3:"fax";N;s:5:"state";s:1:"1";s:16:"create_date_time";N;s:16:"update_date_time";s:19:"2012-11-21 14:42:26";s:6:"notice";N;s:7:"address";s:15:"Berlinerstr 52j";s:10:"postalcode";N;s:4:"city";s:12:"Braunschweig";s:8:"province";s:13:"Niedersachsen";s:7:"country";s:7:"Germany";s:13:"lastLoginDate";s:19:"2012-04-19 11:24:05";s:13:"lastLoginHost";s:10:"cherif-lap";s:9:"remote_id";N;s:13:"department_id";s:2:"27";s:5:"admin";s:1:"0";s:3:"msn";N;s:8:"facebook";N;s:7:"twitter";N;s:3:"icq";N;s:8:"whatsapp";N;s:10:"blackberry";N;s:5:"gmail";N;s:7:"role_id";s:1:"4";}', ''),
(788, '99c86a9cd3c59421ee88cf17966d74e5', 'Frontend.logged_user_idententity', 1440, 'admin', '');
INSERT INTO `session` (`id`, `session_id`, `session_key`, `session_expiry`, `session_value`, `host`) VALUES
(789, '99c86a9cd3c59421ee88cf17966d74e5', 'Frontend.logged_user_object', 1440, 'O:8:"stdClass":32:{s:2:"id";s:1:"2";s:8:"username";s:5:"Ghada";s:8:"password";s:6:"******";s:9:"firstname";s:5:"Ghada";s:8:"lastname";s:4:"Rawi";s:13:"date_of_birth";N;s:5:"phone";N;s:5:"email";s:17:"ghada@amhsoft.com";s:6:"mobile";s:14:"00495312801805";s:3:"fax";N;s:5:"state";s:1:"1";s:16:"create_date_time";N;s:16:"update_date_time";s:19:"2012-11-21 14:42:26";s:6:"notice";N;s:7:"address";s:15:"Berlinerstr 52j";s:10:"postalcode";N;s:4:"city";s:12:"Braunschweig";s:8:"province";s:13:"Niedersachsen";s:7:"country";s:7:"Germany";s:13:"lastLoginDate";s:19:"2012-04-19 11:24:05";s:13:"lastLoginHost";s:10:"cherif-lap";s:9:"remote_id";N;s:13:"department_id";s:2:"27";s:5:"admin";s:1:"0";s:3:"msn";N;s:8:"facebook";N;s:7:"twitter";N;s:3:"icq";N;s:8:"whatsapp";N;s:10:"blackberry";N;s:5:"gmail";N;s:7:"role_id";s:1:"4";}', ''),
(794, '99c86a9cd3c59421ee88cf17966d74e5', 'Backend.logged_user_idententity', 1440, 'admin', ''),
(795, '99c86a9cd3c59421ee88cf17966d74e5', 'Backend.logged_user_object', 1440, 'O:8:"stdClass":32:{s:2:"id";s:1:"2";s:8:"username";s:5:"Ghada";s:8:"password";s:6:"******";s:9:"firstname";s:5:"Ghada";s:8:"lastname";s:4:"Rawi";s:13:"date_of_birth";N;s:5:"phone";N;s:5:"email";s:17:"ghada@amhsoft.com";s:6:"mobile";s:14:"00495312801805";s:3:"fax";N;s:5:"state";s:1:"1";s:16:"create_date_time";N;s:16:"update_date_time";s:19:"2012-11-21 14:42:26";s:6:"notice";N;s:7:"address";s:15:"Berlinerstr 52j";s:10:"postalcode";N;s:4:"city";s:12:"Braunschweig";s:8:"province";s:13:"Niedersachsen";s:7:"country";s:7:"Germany";s:13:"lastLoginDate";s:19:"2012-04-19 11:24:05";s:13:"lastLoginHost";s:10:"cherif-lap";s:9:"remote_id";N;s:13:"department_id";s:2:"27";s:5:"admin";s:1:"0";s:3:"msn";N;s:8:"facebook";N;s:7:"twitter";N;s:3:"icq";N;s:8:"whatsapp";N;s:10:"blackberry";N;s:5:"gmail";N;s:7:"role_id";s:1:"4";}', ''),
(796, '348892c2f92521ee42fa5d93c7b7b6ce', 'Frontend.logged_user_idententity', 1441, 'admin', ''),
(797, '348892c2f92521ee42fa5d93c7b7b6ce', 'Frontend.logged_user_object', 1441, 'O:8:"stdClass":32:{s:2:"id";s:1:"2";s:8:"username";s:5:"Ghada";s:8:"password";s:6:"******";s:9:"firstname";s:5:"Ghada";s:8:"lastname";s:4:"Rawi";s:13:"date_of_birth";N;s:5:"phone";N;s:5:"email";s:17:"ghada@amhsoft.com";s:6:"mobile";s:14:"00495312801805";s:3:"fax";N;s:5:"state";s:1:"1";s:16:"create_date_time";N;s:16:"update_date_time";s:19:"2012-11-21 14:42:26";s:6:"notice";N;s:7:"address";s:15:"Berlinerstr 52j";s:10:"postalcode";N;s:4:"city";s:12:"Braunschweig";s:8:"province";s:13:"Niedersachsen";s:7:"country";s:7:"Germany";s:13:"lastLoginDate";s:19:"2012-04-19 11:24:05";s:13:"lastLoginHost";s:10:"cherif-lap";s:9:"remote_id";N;s:13:"department_id";s:2:"27";s:5:"admin";s:1:"0";s:3:"msn";N;s:8:"facebook";N;s:7:"twitter";N;s:3:"icq";N;s:8:"whatsapp";N;s:10:"blackberry";N;s:5:"gmail";N;s:7:"role_id";s:1:"4";}', ''),
(798, 'f8e06b4cc269ecea3b02b815cc4bcfa0', 'Frontend.logged_user_idententity', 1441, 'admin', ''),
(799, 'f8e06b4cc269ecea3b02b815cc4bcfa0', 'Frontend.logged_user_object', 1440, 'O:8:"stdClass":32:{s:2:"id";s:1:"2";s:8:"username";s:5:"Ghada";s:8:"password";s:6:"******";s:9:"firstname";s:5:"Ghada";s:8:"lastname";s:4:"Rawi";s:13:"date_of_birth";N;s:5:"phone";N;s:5:"email";s:17:"ghada@amhsoft.com";s:6:"mobile";s:14:"00495312801805";s:3:"fax";N;s:5:"state";s:1:"1";s:16:"create_date_time";N;s:16:"update_date_time";s:19:"2012-11-21 14:42:26";s:6:"notice";N;s:7:"address";s:15:"Berlinerstr 52j";s:10:"postalcode";N;s:4:"city";s:12:"Braunschweig";s:8:"province";s:13:"Niedersachsen";s:7:"country";s:7:"Germany";s:13:"lastLoginDate";s:19:"2012-04-19 11:24:05";s:13:"lastLoginHost";s:10:"cherif-lap";s:9:"remote_id";N;s:13:"department_id";s:2:"27";s:5:"admin";s:1:"0";s:3:"msn";N;s:8:"facebook";N;s:7:"twitter";N;s:3:"icq";N;s:8:"whatsapp";N;s:10:"blackberry";N;s:5:"gmail";N;s:7:"role_id";s:1:"4";}', ''),
(800, '265249f17996daffde444e29ff9f2220', 'Frontend.logged_user_idententity', 1440, 'admin', ''),
(801, '265249f17996daffde444e29ff9f2220', 'Frontend.logged_user_object', 1440, 'O:8:"stdClass":32:{s:2:"id";s:1:"2";s:8:"username";s:5:"Ghada";s:8:"password";s:6:"******";s:9:"firstname";s:5:"Ghada";s:8:"lastname";s:4:"Rawi";s:13:"date_of_birth";N;s:5:"phone";N;s:5:"email";s:17:"ghada@amhsoft.com";s:6:"mobile";s:14:"00495312801805";s:3:"fax";N;s:5:"state";s:1:"1";s:16:"create_date_time";N;s:16:"update_date_time";s:19:"2012-11-21 14:42:26";s:6:"notice";N;s:7:"address";s:15:"Berlinerstr 52j";s:10:"postalcode";N;s:4:"city";s:12:"Braunschweig";s:8:"province";s:13:"Niedersachsen";s:7:"country";s:7:"Germany";s:13:"lastLoginDate";s:19:"2012-04-19 11:24:05";s:13:"lastLoginHost";s:10:"cherif-lap";s:9:"remote_id";N;s:13:"department_id";s:2:"27";s:5:"admin";s:1:"0";s:3:"msn";N;s:8:"facebook";N;s:7:"twitter";N;s:3:"icq";N;s:8:"whatsapp";N;s:10:"blackberry";N;s:5:"gmail";N;s:7:"role_id";s:1:"4";}', ''),
(802, 'f6c6b3e9f3ed61e4845bfad520379741', 'Frontend.logged_user_idententity', 1441, 'admin', ''),
(803, 'f6c6b3e9f3ed61e4845bfad520379741', 'Frontend.logged_user_object', 1441, 'O:8:"stdClass":32:{s:2:"id";s:1:"2";s:8:"username";s:5:"Ghada";s:8:"password";s:6:"******";s:9:"firstname";s:5:"Ghada";s:8:"lastname";s:4:"Rawi";s:13:"date_of_birth";N;s:5:"phone";N;s:5:"email";s:17:"ghada@amhsoft.com";s:6:"mobile";s:14:"00495312801805";s:3:"fax";N;s:5:"state";s:1:"1";s:16:"create_date_time";N;s:16:"update_date_time";s:19:"2012-11-21 14:42:26";s:6:"notice";N;s:7:"address";s:15:"Berlinerstr 52j";s:10:"postalcode";N;s:4:"city";s:12:"Braunschweig";s:8:"province";s:13:"Niedersachsen";s:7:"country";s:7:"Germany";s:13:"lastLoginDate";s:19:"2012-04-19 11:24:05";s:13:"lastLoginHost";s:10:"cherif-lap";s:9:"remote_id";N;s:13:"department_id";s:2:"27";s:5:"admin";s:1:"0";s:3:"msn";N;s:8:"facebook";N;s:7:"twitter";N;s:3:"icq";N;s:8:"whatsapp";N;s:10:"blackberry";N;s:5:"gmail";N;s:7:"role_id";s:1:"4";}', ''),
(804, 'bc048039535cb5bc57b0fe143bdc42b1', 'Frontend.logged_user_idententity', 1441, 'admin', ''),
(805, 'bc048039535cb5bc57b0fe143bdc42b1', 'Frontend.logged_user_object', 1441, 'O:8:"stdClass":32:{s:2:"id";s:1:"2";s:8:"username";s:5:"Ghada";s:8:"password";s:6:"******";s:9:"firstname";s:5:"Ghada";s:8:"lastname";s:4:"Rawi";s:13:"date_of_birth";N;s:5:"phone";N;s:5:"email";s:17:"ghada@amhsoft.com";s:6:"mobile";s:14:"00495312801805";s:3:"fax";N;s:5:"state";s:1:"1";s:16:"create_date_time";N;s:16:"update_date_time";s:19:"2012-11-21 14:42:26";s:6:"notice";N;s:7:"address";s:15:"Berlinerstr 52j";s:10:"postalcode";N;s:4:"city";s:12:"Braunschweig";s:8:"province";s:13:"Niedersachsen";s:7:"country";s:7:"Germany";s:13:"lastLoginDate";s:19:"2012-04-19 11:24:05";s:13:"lastLoginHost";s:10:"cherif-lap";s:9:"remote_id";N;s:13:"department_id";s:2:"27";s:5:"admin";s:1:"0";s:3:"msn";N;s:8:"facebook";N;s:7:"twitter";N;s:3:"icq";N;s:8:"whatsapp";N;s:10:"blackberry";N;s:5:"gmail";N;s:7:"role_id";s:1:"4";}', ''),
(806, 'e8dd911d083cac9abe1e202c30f0de65', 'Frontend.logged_user_idententity', 1441, 'admin', ''),
(807, 'e8dd911d083cac9abe1e202c30f0de65', 'Frontend.logged_user_object', 1441, 'O:8:"stdClass":32:{s:2:"id";s:1:"2";s:8:"username";s:5:"Ghada";s:8:"password";s:6:"******";s:9:"firstname";s:5:"Ghada";s:8:"lastname";s:4:"Rawi";s:13:"date_of_birth";N;s:5:"phone";N;s:5:"email";s:17:"ghada@amhsoft.com";s:6:"mobile";s:14:"00495312801805";s:3:"fax";N;s:5:"state";s:1:"1";s:16:"create_date_time";N;s:16:"update_date_time";s:19:"2012-11-21 14:42:26";s:6:"notice";N;s:7:"address";s:15:"Berlinerstr 52j";s:10:"postalcode";N;s:4:"city";s:12:"Braunschweig";s:8:"province";s:13:"Niedersachsen";s:7:"country";s:7:"Germany";s:13:"lastLoginDate";s:19:"2012-04-19 11:24:05";s:13:"lastLoginHost";s:10:"cherif-lap";s:9:"remote_id";N;s:13:"department_id";s:2:"27";s:5:"admin";s:1:"0";s:3:"msn";N;s:8:"facebook";N;s:7:"twitter";N;s:3:"icq";N;s:8:"whatsapp";N;s:10:"blackberry";N;s:5:"gmail";N;s:7:"role_id";s:1:"4";}', ''),
(808, '0cf22c0a0641f115e50ed30f0c27f815', 'Frontend.logged_user_idententity', 1440, 'admin', ''),
(809, '0cf22c0a0641f115e50ed30f0c27f815', 'Frontend.logged_user_object', 1440, 'O:8:"stdClass":32:{s:2:"id";s:1:"2";s:8:"username";s:5:"Ghada";s:8:"password";s:6:"******";s:9:"firstname";s:5:"Ghada";s:8:"lastname";s:4:"Rawi";s:13:"date_of_birth";N;s:5:"phone";N;s:5:"email";s:17:"ghada@amhsoft.com";s:6:"mobile";s:14:"00495312801805";s:3:"fax";N;s:5:"state";s:1:"1";s:16:"create_date_time";N;s:16:"update_date_time";s:19:"2012-11-21 14:42:26";s:6:"notice";N;s:7:"address";s:15:"Berlinerstr 52j";s:10:"postalcode";N;s:4:"city";s:12:"Braunschweig";s:8:"province";s:13:"Niedersachsen";s:7:"country";s:7:"Germany";s:13:"lastLoginDate";s:19:"2012-04-19 11:24:05";s:13:"lastLoginHost";s:10:"cherif-lap";s:9:"remote_id";N;s:13:"department_id";s:2:"27";s:5:"admin";s:1:"0";s:3:"msn";N;s:8:"facebook";N;s:7:"twitter";N;s:3:"icq";N;s:8:"whatsapp";N;s:10:"blackberry";N;s:5:"gmail";N;s:7:"role_id";s:1:"4";}', ''),
(810, 'bc60b971cb000ca3c796de600f144c6f', 'Frontend.logged_user_idententity', 1440, 'admin', ''),
(811, 'bc60b971cb000ca3c796de600f144c6f', 'Frontend.logged_user_object', 1440, 'O:8:"stdClass":32:{s:2:"id";s:1:"2";s:8:"username";s:5:"Ghada";s:8:"password";s:6:"******";s:9:"firstname";s:5:"Ghada";s:8:"lastname";s:4:"Rawi";s:13:"date_of_birth";N;s:5:"phone";N;s:5:"email";s:17:"ghada@amhsoft.com";s:6:"mobile";s:14:"00495312801805";s:3:"fax";N;s:5:"state";s:1:"1";s:16:"create_date_time";N;s:16:"update_date_time";s:19:"2012-11-21 14:42:26";s:6:"notice";N;s:7:"address";s:15:"Berlinerstr 52j";s:10:"postalcode";N;s:4:"city";s:12:"Braunschweig";s:8:"province";s:13:"Niedersachsen";s:7:"country";s:7:"Germany";s:13:"lastLoginDate";s:19:"2012-04-19 11:24:05";s:13:"lastLoginHost";s:10:"cherif-lap";s:9:"remote_id";N;s:13:"department_id";s:2:"27";s:5:"admin";s:1:"0";s:3:"msn";N;s:8:"facebook";N;s:7:"twitter";N;s:3:"icq";N;s:8:"whatsapp";N;s:10:"blackberry";N;s:5:"gmail";N;s:7:"role_id";s:1:"4";}', ''),
(812, 'd44eb09de081ad813668462affda4ef5', 'Frontend.logged_user_idententity', 1440, 'admin', ''),
(813, 'd44eb09de081ad813668462affda4ef5', 'Frontend.logged_user_object', 1440, 'O:8:"stdClass":32:{s:2:"id";s:1:"2";s:8:"username";s:5:"Ghada";s:8:"password";s:6:"******";s:9:"firstname";s:5:"Ghada";s:8:"lastname";s:4:"Rawi";s:13:"date_of_birth";N;s:5:"phone";N;s:5:"email";s:17:"ghada@amhsoft.com";s:6:"mobile";s:14:"00495312801805";s:3:"fax";N;s:5:"state";s:1:"1";s:16:"create_date_time";N;s:16:"update_date_time";s:19:"2012-11-21 14:42:26";s:6:"notice";N;s:7:"address";s:15:"Berlinerstr 52j";s:10:"postalcode";N;s:4:"city";s:12:"Braunschweig";s:8:"province";s:13:"Niedersachsen";s:7:"country";s:7:"Germany";s:13:"lastLoginDate";s:19:"2012-04-19 11:24:05";s:13:"lastLoginHost";s:10:"cherif-lap";s:9:"remote_id";N;s:13:"department_id";s:2:"27";s:5:"admin";s:1:"0";s:3:"msn";N;s:8:"facebook";N;s:7:"twitter";N;s:3:"icq";N;s:8:"whatsapp";N;s:10:"blackberry";N;s:5:"gmail";N;s:7:"role_id";s:1:"4";}', ''),
(814, '04f31be1dcb0dd8aff55710e19644d8f', 'Frontend.logged_user_idententity', 1441, 'admin', ''),
(815, '04f31be1dcb0dd8aff55710e19644d8f', 'Frontend.logged_user_object', 1441, 'O:8:"stdClass":32:{s:2:"id";s:1:"2";s:8:"username";s:5:"Ghada";s:8:"password";s:6:"******";s:9:"firstname";s:5:"Ghada";s:8:"lastname";s:4:"Rawi";s:13:"date_of_birth";N;s:5:"phone";N;s:5:"email";s:17:"ghada@amhsoft.com";s:6:"mobile";s:14:"00495312801805";s:3:"fax";N;s:5:"state";s:1:"1";s:16:"create_date_time";N;s:16:"update_date_time";s:19:"2012-11-21 14:42:26";s:6:"notice";N;s:7:"address";s:15:"Berlinerstr 52j";s:10:"postalcode";N;s:4:"city";s:12:"Braunschweig";s:8:"province";s:13:"Niedersachsen";s:7:"country";s:7:"Germany";s:13:"lastLoginDate";s:19:"2012-04-19 11:24:05";s:13:"lastLoginHost";s:10:"cherif-lap";s:9:"remote_id";N;s:13:"department_id";s:2:"27";s:5:"admin";s:1:"0";s:3:"msn";N;s:8:"facebook";N;s:7:"twitter";N;s:3:"icq";N;s:8:"whatsapp";N;s:10:"blackberry";N;s:5:"gmail";N;s:7:"role_id";s:1:"4";}', ''),
(816, 'b503ce03a567c4621d6fcefd6bb80940', 'Frontend.logged_user_idententity', 1441, 'admin', ''),
(817, 'b503ce03a567c4621d6fcefd6bb80940', 'Frontend.logged_user_object', 1441, 'O:8:"stdClass":32:{s:2:"id";s:1:"2";s:8:"username";s:5:"Ghada";s:8:"password";s:6:"******";s:9:"firstname";s:5:"Ghada";s:8:"lastname";s:4:"Rawi";s:13:"date_of_birth";N;s:5:"phone";N;s:5:"email";s:17:"ghada@amhsoft.com";s:6:"mobile";s:14:"00495312801805";s:3:"fax";N;s:5:"state";s:1:"1";s:16:"create_date_time";N;s:16:"update_date_time";s:19:"2012-11-21 14:42:26";s:6:"notice";N;s:7:"address";s:15:"Berlinerstr 52j";s:10:"postalcode";N;s:4:"city";s:12:"Braunschweig";s:8:"province";s:13:"Niedersachsen";s:7:"country";s:7:"Germany";s:13:"lastLoginDate";s:19:"2012-04-19 11:24:05";s:13:"lastLoginHost";s:10:"cherif-lap";s:9:"remote_id";N;s:13:"department_id";s:2:"27";s:5:"admin";s:1:"0";s:3:"msn";N;s:8:"facebook";N;s:7:"twitter";N;s:3:"icq";N;s:8:"whatsapp";N;s:10:"blackberry";N;s:5:"gmail";N;s:7:"role_id";s:1:"4";}', ''),
(818, 'ad628d46247f69fe62dd28c51e040a83', 'Frontend.logged_user_idententity', 1440, 'admin', ''),
(819, 'ad628d46247f69fe62dd28c51e040a83', 'Frontend.logged_user_object', 1440, 'O:8:"stdClass":32:{s:2:"id";s:1:"2";s:8:"username";s:5:"Ghada";s:8:"password";s:6:"******";s:9:"firstname";s:5:"Ghada";s:8:"lastname";s:4:"Rawi";s:13:"date_of_birth";N;s:5:"phone";N;s:5:"email";s:17:"ghada@amhsoft.com";s:6:"mobile";s:14:"00495312801805";s:3:"fax";N;s:5:"state";s:1:"1";s:16:"create_date_time";N;s:16:"update_date_time";s:19:"2012-11-21 14:42:26";s:6:"notice";N;s:7:"address";s:15:"Berlinerstr 52j";s:10:"postalcode";N;s:4:"city";s:12:"Braunschweig";s:8:"province";s:13:"Niedersachsen";s:7:"country";s:7:"Germany";s:13:"lastLoginDate";s:19:"2012-04-19 11:24:05";s:13:"lastLoginHost";s:10:"cherif-lap";s:9:"remote_id";N;s:13:"department_id";s:2:"27";s:5:"admin";s:1:"0";s:3:"msn";N;s:8:"facebook";N;s:7:"twitter";N;s:3:"icq";N;s:8:"whatsapp";N;s:10:"blackberry";N;s:5:"gmail";N;s:7:"role_id";s:1:"4";}', ''),
(820, 'e4ecf1cc6f9939418cb50548f6bf798b', 'Frontend.logged_user_idententity', 1441, 'admin', ''),
(821, 'e4ecf1cc6f9939418cb50548f6bf798b', 'Frontend.logged_user_object', 1441, 'O:8:"stdClass":32:{s:2:"id";s:1:"2";s:8:"username";s:5:"Ghada";s:8:"password";s:6:"******";s:9:"firstname";s:5:"Ghada";s:8:"lastname";s:4:"Rawi";s:13:"date_of_birth";N;s:5:"phone";N;s:5:"email";s:17:"ghada@amhsoft.com";s:6:"mobile";s:14:"00495312801805";s:3:"fax";N;s:5:"state";s:1:"1";s:16:"create_date_time";N;s:16:"update_date_time";s:19:"2012-11-21 14:42:26";s:6:"notice";N;s:7:"address";s:15:"Berlinerstr 52j";s:10:"postalcode";N;s:4:"city";s:12:"Braunschweig";s:8:"province";s:13:"Niedersachsen";s:7:"country";s:7:"Germany";s:13:"lastLoginDate";s:19:"2012-04-19 11:24:05";s:13:"lastLoginHost";s:10:"cherif-lap";s:9:"remote_id";N;s:13:"department_id";s:2:"27";s:5:"admin";s:1:"0";s:3:"msn";N;s:8:"facebook";N;s:7:"twitter";N;s:3:"icq";N;s:8:"whatsapp";N;s:10:"blackberry";N;s:5:"gmail";N;s:7:"role_id";s:1:"4";}', ''),
(822, '40a21c500f4e197f054696ed462eec51', 'Frontend.logged_user_idententity', 1440, 'admin', ''),
(823, '40a21c500f4e197f054696ed462eec51', 'Frontend.logged_user_object', 1440, 'O:8:"stdClass":32:{s:2:"id";s:1:"2";s:8:"username";s:5:"Ghada";s:8:"password";s:6:"******";s:9:"firstname";s:5:"Ghada";s:8:"lastname";s:4:"Rawi";s:13:"date_of_birth";N;s:5:"phone";N;s:5:"email";s:17:"ghada@amhsoft.com";s:6:"mobile";s:14:"00495312801805";s:3:"fax";N;s:5:"state";s:1:"1";s:16:"create_date_time";N;s:16:"update_date_time";s:19:"2012-11-21 14:42:26";s:6:"notice";N;s:7:"address";s:15:"Berlinerstr 52j";s:10:"postalcode";N;s:4:"city";s:12:"Braunschweig";s:8:"province";s:13:"Niedersachsen";s:7:"country";s:7:"Germany";s:13:"lastLoginDate";s:19:"2012-04-19 11:24:05";s:13:"lastLoginHost";s:10:"cherif-lap";s:9:"remote_id";N;s:13:"department_id";s:2:"27";s:5:"admin";s:1:"0";s:3:"msn";N;s:8:"facebook";N;s:7:"twitter";N;s:3:"icq";N;s:8:"whatsapp";N;s:10:"blackberry";N;s:5:"gmail";N;s:7:"role_id";s:1:"4";}', ''),
(824, 'd01be3ae7ad6a00694d652001d9b539c', 'Frontend.logged_user_idententity', 1440, 'admin', ''),
(825, 'd01be3ae7ad6a00694d652001d9b539c', 'Frontend.logged_user_object', 1440, 'O:8:"stdClass":32:{s:2:"id";s:1:"2";s:8:"username";s:5:"Ghada";s:8:"password";s:6:"******";s:9:"firstname";s:5:"Ghada";s:8:"lastname";s:4:"Rawi";s:13:"date_of_birth";N;s:5:"phone";N;s:5:"email";s:17:"ghada@amhsoft.com";s:6:"mobile";s:14:"00495312801805";s:3:"fax";N;s:5:"state";s:1:"1";s:16:"create_date_time";N;s:16:"update_date_time";s:19:"2012-11-21 14:42:26";s:6:"notice";N;s:7:"address";s:15:"Berlinerstr 52j";s:10:"postalcode";N;s:4:"city";s:12:"Braunschweig";s:8:"province";s:13:"Niedersachsen";s:7:"country";s:7:"Germany";s:13:"lastLoginDate";s:19:"2012-04-19 11:24:05";s:13:"lastLoginHost";s:10:"cherif-lap";s:9:"remote_id";N;s:13:"department_id";s:2:"27";s:5:"admin";s:1:"0";s:3:"msn";N;s:8:"facebook";N;s:7:"twitter";N;s:3:"icq";N;s:8:"whatsapp";N;s:10:"blackberry";N;s:5:"gmail";N;s:7:"role_id";s:1:"4";}', ''),
(826, 'b261e5bf74094632b2b0b3b1d9fba620', 'Backend.logged_user_idententity', 1441, 'admin', ''),
(827, 'b261e5bf74094632b2b0b3b1d9fba620', 'Backend.logged_user_object', 1441, 'O:8:"stdClass":32:{s:2:"id";s:1:"1";s:8:"username";s:5:"admin";s:8:"password";s:40:"d033e22ae348aeb5660fc2140aec35850c4da997";s:9:"firstname";s:4:"Amir";s:8:"lastname";s:6:"Cherif";s:13:"date_of_birth";N;s:5:"phone";N;s:5:"email";s:21:"montassar@amhsoft.com";s:6:"mobile";s:8:"21883580";s:3:"fax";N;s:5:"state";s:1:"1";s:16:"create_date_time";N;s:16:"update_date_time";s:19:"2012-11-22 18:33:59";s:6:"notice";N;s:7:"address";s:2:"23";s:10:"postalcode";N;s:4:"city";s:5:"Gafsa";s:8:"province";s:4:"Ksar";s:7:"country";s:7:"Tunisie";s:13:"lastLoginDate";s:19:"2012-10-31 07:46:41";s:13:"lastLoginHost";s:11:"81.22.22.31";s:9:"remote_id";N;s:13:"department_id";s:2:"27";s:5:"admin";s:1:"1";s:3:"msn";N;s:8:"facebook";N;s:7:"twitter";N;s:3:"icq";N;s:8:"whatsapp";N;s:10:"blackberry";N;s:5:"gmail";N;s:7:"role_id";s:1:"1";}', ''),
(828, 'abf39a30f7297b450aceb7c0d54f8a14', 'Backend.logged_user_idententity', 1440, 'admin', ''),
(829, 'abf39a30f7297b450aceb7c0d54f8a14', 'Backend.logged_user_object', 1441, 'O:8:"stdClass":32:{s:2:"id";s:1:"1";s:8:"username";s:5:"admin";s:8:"password";s:40:"d033e22ae348aeb5660fc2140aec35850c4da997";s:9:"firstname";s:4:"Amir";s:8:"lastname";s:6:"Cherif";s:13:"date_of_birth";N;s:5:"phone";N;s:5:"email";s:21:"montassar@amhsoft.com";s:6:"mobile";s:8:"21883580";s:3:"fax";N;s:5:"state";s:1:"1";s:16:"create_date_time";N;s:16:"update_date_time";s:19:"2012-11-22 18:33:59";s:6:"notice";N;s:7:"address";s:2:"23";s:10:"postalcode";N;s:4:"city";s:5:"Gafsa";s:8:"province";s:4:"Ksar";s:7:"country";s:7:"Tunisie";s:13:"lastLoginDate";s:19:"2012-10-31 07:46:41";s:13:"lastLoginHost";s:11:"81.22.22.31";s:9:"remote_id";N;s:13:"department_id";s:2:"27";s:5:"admin";s:1:"1";s:3:"msn";N;s:8:"facebook";N;s:7:"twitter";N;s:3:"icq";N;s:8:"whatsapp";N;s:10:"blackberry";N;s:5:"gmail";N;s:7:"role_id";s:1:"1";}', ''),
(830, '9ae92c8ba09ffa51050eac6f2f26a7c5', 'Backend.logged_user_idententity', 1440, 'admin', ''),
(831, '9ae92c8ba09ffa51050eac6f2f26a7c5', 'Backend.logged_user_object', 1440, 'O:8:"stdClass":32:{s:2:"id";s:1:"1";s:8:"username";s:5:"admin";s:8:"password";s:40:"d033e22ae348aeb5660fc2140aec35850c4da997";s:9:"firstname";s:4:"Amir";s:8:"lastname";s:6:"Cherif";s:13:"date_of_birth";N;s:5:"phone";N;s:5:"email";s:21:"montassar@amhsoft.com";s:6:"mobile";s:8:"21883580";s:3:"fax";N;s:5:"state";s:1:"1";s:16:"create_date_time";N;s:16:"update_date_time";s:19:"2012-11-22 18:33:59";s:6:"notice";N;s:7:"address";s:2:"23";s:10:"postalcode";N;s:4:"city";s:5:"Gafsa";s:8:"province";s:4:"Ksar";s:7:"country";s:7:"Tunisie";s:13:"lastLoginDate";s:19:"2012-10-31 07:46:41";s:13:"lastLoginHost";s:11:"81.22.22.31";s:9:"remote_id";N;s:13:"department_id";s:2:"27";s:5:"admin";s:1:"1";s:3:"msn";N;s:8:"facebook";N;s:7:"twitter";N;s:3:"icq";N;s:8:"whatsapp";N;s:10:"blackberry";N;s:5:"gmail";N;s:7:"role_id";s:1:"1";}', ''),
(832, '5697c94b18f60ccb3806530429f17382', 'Backend.logged_user_idententity', 1440, 'admin', ''),
(833, '5697c94b18f60ccb3806530429f17382', 'Backend.logged_user_object', 1441, 'O:8:"stdClass":32:{s:2:"id";s:1:"1";s:8:"username";s:5:"admin";s:8:"password";s:40:"d033e22ae348aeb5660fc2140aec35850c4da997";s:9:"firstname";s:4:"Amir";s:8:"lastname";s:6:"Cherif";s:13:"date_of_birth";N;s:5:"phone";N;s:5:"email";s:21:"montassar@amhsoft.com";s:6:"mobile";s:8:"21883580";s:3:"fax";N;s:5:"state";s:1:"1";s:16:"create_date_time";N;s:16:"update_date_time";s:19:"2012-11-22 18:33:59";s:6:"notice";N;s:7:"address";s:2:"23";s:10:"postalcode";N;s:4:"city";s:5:"Gafsa";s:8:"province";s:4:"Ksar";s:7:"country";s:7:"Tunisie";s:13:"lastLoginDate";s:19:"2012-10-31 07:46:41";s:13:"lastLoginHost";s:11:"81.22.22.31";s:9:"remote_id";N;s:13:"department_id";s:2:"27";s:5:"admin";s:1:"1";s:3:"msn";N;s:8:"facebook";N;s:7:"twitter";N;s:3:"icq";N;s:8:"whatsapp";N;s:10:"blackberry";N;s:5:"gmail";N;s:7:"role_id";s:1:"1";}', ''),
(836, 'bfbfff2ff2f255c29d72d43aae5882a8', 'Backend.logged_user_idententity', 1440, 'admin', ''),
(837, 'bfbfff2ff2f255c29d72d43aae5882a8', 'Backend.logged_user_object', 1440, 'O:8:"stdClass":32:{s:2:"id";s:1:"1";s:8:"username";s:5:"admin";s:8:"password";s:40:"d033e22ae348aeb5660fc2140aec35850c4da997";s:9:"firstname";s:4:"Amir";s:8:"lastname";s:6:"Cherif";s:13:"date_of_birth";N;s:5:"phone";N;s:5:"email";s:21:"montassar@amhsoft.com";s:6:"mobile";s:8:"21883580";s:3:"fax";N;s:5:"state";s:1:"1";s:16:"create_date_time";N;s:16:"update_date_time";s:19:"2012-11-22 18:33:59";s:6:"notice";N;s:7:"address";s:2:"23";s:10:"postalcode";N;s:4:"city";s:5:"Gafsa";s:8:"province";s:4:"Ksar";s:7:"country";s:7:"Tunisie";s:13:"lastLoginDate";s:19:"2012-10-31 07:46:41";s:13:"lastLoginHost";s:11:"81.22.22.31";s:9:"remote_id";N;s:13:"department_id";s:2:"27";s:5:"admin";s:1:"1";s:3:"msn";N;s:8:"facebook";N;s:7:"twitter";N;s:3:"icq";N;s:8:"whatsapp";N;s:10:"blackberry";N;s:5:"gmail";N;s:7:"role_id";s:1:"1";}', ''),
(838, '97d7861424551be115d368503eef349c', 'Backend.logged_user_idententity', 1441, 'admin', ''),
(839, '97d7861424551be115d368503eef349c', 'Backend.logged_user_object', 1441, 'O:8:"stdClass":32:{s:2:"id";s:1:"1";s:8:"username";s:5:"admin";s:8:"password";s:40:"d033e22ae348aeb5660fc2140aec35850c4da997";s:9:"firstname";s:4:"Amir";s:8:"lastname";s:6:"Cherif";s:13:"date_of_birth";N;s:5:"phone";N;s:5:"email";s:21:"montassar@amhsoft.com";s:6:"mobile";s:8:"21883580";s:3:"fax";N;s:5:"state";s:1:"1";s:16:"create_date_time";N;s:16:"update_date_time";s:19:"2012-11-22 18:33:59";s:6:"notice";N;s:7:"address";s:2:"23";s:10:"postalcode";N;s:4:"city";s:5:"Gafsa";s:8:"province";s:4:"Ksar";s:7:"country";s:7:"Tunisie";s:13:"lastLoginDate";s:19:"2012-10-31 07:46:41";s:13:"lastLoginHost";s:11:"81.22.22.31";s:9:"remote_id";N;s:13:"department_id";s:2:"27";s:5:"admin";s:1:"1";s:3:"msn";N;s:8:"facebook";N;s:7:"twitter";N;s:3:"icq";N;s:8:"whatsapp";N;s:10:"blackberry";N;s:5:"gmail";N;s:7:"role_id";s:1:"1";}', ''),
(840, '04fdfdb191a98d836ba8df9c59c19f66', 'Backend.logged_user_idententity', 1441, 'admin', ''),
(841, '04fdfdb191a98d836ba8df9c59c19f66', 'Backend.logged_user_object', 1441, 'O:8:"stdClass":32:{s:2:"id";s:1:"1";s:8:"username";s:5:"admin";s:8:"password";s:40:"d033e22ae348aeb5660fc2140aec35850c4da997";s:9:"firstname";s:4:"Amir";s:8:"lastname";s:6:"Cherif";s:13:"date_of_birth";N;s:5:"phone";N;s:5:"email";s:21:"montassar@amhsoft.com";s:6:"mobile";s:8:"21883580";s:3:"fax";N;s:5:"state";s:1:"1";s:16:"create_date_time";N;s:16:"update_date_time";s:19:"2012-11-22 18:33:59";s:6:"notice";N;s:7:"address";s:2:"23";s:10:"postalcode";N;s:4:"city";s:5:"Gafsa";s:8:"province";s:4:"Ksar";s:7:"country";s:7:"Tunisie";s:13:"lastLoginDate";s:19:"2012-10-31 07:46:41";s:13:"lastLoginHost";s:11:"81.22.22.31";s:9:"remote_id";N;s:13:"department_id";s:2:"27";s:5:"admin";s:1:"1";s:3:"msn";N;s:8:"facebook";N;s:7:"twitter";N;s:3:"icq";N;s:8:"whatsapp";N;s:10:"blackberry";N;s:5:"gmail";N;s:7:"role_id";s:1:"1";}', ''),
(842, 'e10b41d3966da78769d37b87705cb707', 'Backend.logged_user_idententity', 1441, 'admin', ''),
(843, 'e10b41d3966da78769d37b87705cb707', 'Backend.logged_user_object', 1441, 'O:8:"stdClass":32:{s:2:"id";s:1:"1";s:8:"username";s:5:"admin";s:8:"password";s:40:"d033e22ae348aeb5660fc2140aec35850c4da997";s:9:"firstname";s:4:"Amir";s:8:"lastname";s:6:"Cherif";s:13:"date_of_birth";N;s:5:"phone";N;s:5:"email";s:21:"montassar@amhsoft.com";s:6:"mobile";s:8:"21883580";s:3:"fax";N;s:5:"state";s:1:"1";s:16:"create_date_time";N;s:16:"update_date_time";s:19:"2012-11-22 18:33:59";s:6:"notice";N;s:7:"address";s:2:"23";s:10:"postalcode";N;s:4:"city";s:5:"Gafsa";s:8:"province";s:4:"Ksar";s:7:"country";s:7:"Tunisie";s:13:"lastLoginDate";s:19:"2012-10-31 07:46:41";s:13:"lastLoginHost";s:11:"81.22.22.31";s:9:"remote_id";N;s:13:"department_id";s:2:"27";s:5:"admin";s:1:"1";s:3:"msn";N;s:8:"facebook";N;s:7:"twitter";N;s:3:"icq";N;s:8:"whatsapp";N;s:10:"blackberry";N;s:5:"gmail";N;s:7:"role_id";s:1:"1";}', ''),
(844, '824ce065601a4ee85a7293fcc6a96e72', 'Backend.logged_user_idententity', 1441, 'admin', ''),
(845, '824ce065601a4ee85a7293fcc6a96e72', 'Backend.logged_user_object', 1441, 'O:8:"stdClass":32:{s:2:"id";s:1:"1";s:8:"username";s:5:"admin";s:8:"password";s:40:"d033e22ae348aeb5660fc2140aec35850c4da997";s:9:"firstname";s:4:"Amir";s:8:"lastname";s:6:"Cherif";s:13:"date_of_birth";N;s:5:"phone";N;s:5:"email";s:21:"montassar@amhsoft.com";s:6:"mobile";s:8:"21883580";s:3:"fax";N;s:5:"state";s:1:"1";s:16:"create_date_time";N;s:16:"update_date_time";s:19:"2012-11-22 18:33:59";s:6:"notice";N;s:7:"address";s:2:"23";s:10:"postalcode";N;s:4:"city";s:5:"Gafsa";s:8:"province";s:4:"Ksar";s:7:"country";s:7:"Tunisie";s:13:"lastLoginDate";s:19:"2012-10-31 07:46:41";s:13:"lastLoginHost";s:11:"81.22.22.31";s:9:"remote_id";N;s:13:"department_id";s:2:"27";s:5:"admin";s:1:"1";s:3:"msn";N;s:8:"facebook";N;s:7:"twitter";N;s:3:"icq";N;s:8:"whatsapp";N;s:10:"blackberry";N;s:5:"gmail";N;s:7:"role_id";s:1:"1";}', ''),
(846, 'e90f560ede99137a4c1ec68027dd43ba', 'Backend.logged_user_idententity', 1440, 'admin', ''),
(847, 'e90f560ede99137a4c1ec68027dd43ba', 'Backend.logged_user_object', 1440, 'O:8:"stdClass":32:{s:2:"id";s:1:"1";s:8:"username";s:5:"admin";s:8:"password";s:40:"d033e22ae348aeb5660fc2140aec35850c4da997";s:9:"firstname";s:4:"Amir";s:8:"lastname";s:6:"Cherif";s:13:"date_of_birth";N;s:5:"phone";N;s:5:"email";s:21:"montassar@amhsoft.com";s:6:"mobile";s:8:"21883580";s:3:"fax";N;s:5:"state";s:1:"1";s:16:"create_date_time";N;s:16:"update_date_time";s:19:"2012-11-22 18:33:59";s:6:"notice";N;s:7:"address";s:2:"23";s:10:"postalcode";N;s:4:"city";s:5:"Gafsa";s:8:"province";s:4:"Ksar";s:7:"country";s:7:"Tunisie";s:13:"lastLoginDate";s:19:"2012-10-31 07:46:41";s:13:"lastLoginHost";s:11:"81.22.22.31";s:9:"remote_id";N;s:13:"department_id";s:2:"27";s:5:"admin";s:1:"1";s:3:"msn";N;s:8:"facebook";N;s:7:"twitter";N;s:3:"icq";N;s:8:"whatsapp";N;s:10:"blackberry";N;s:5:"gmail";N;s:7:"role_id";s:1:"1";}', ''),
(848, '285fbeddff4386615fd4789e1e8710fc', 'Backend.logged_user_idententity', 1440, 'admin', ''),
(849, '285fbeddff4386615fd4789e1e8710fc', 'Backend.logged_user_object', 1440, 'O:8:"stdClass":32:{s:2:"id";s:1:"1";s:8:"username";s:5:"admin";s:8:"password";s:40:"d033e22ae348aeb5660fc2140aec35850c4da997";s:9:"firstname";s:4:"Amir";s:8:"lastname";s:6:"Cherif";s:13:"date_of_birth";N;s:5:"phone";N;s:5:"email";s:21:"montassar@amhsoft.com";s:6:"mobile";s:8:"21883580";s:3:"fax";N;s:5:"state";s:1:"1";s:16:"create_date_time";N;s:16:"update_date_time";s:19:"2012-11-22 18:33:59";s:6:"notice";N;s:7:"address";s:2:"23";s:10:"postalcode";N;s:4:"city";s:5:"Gafsa";s:8:"province";s:4:"Ksar";s:7:"country";s:7:"Tunisie";s:13:"lastLoginDate";s:19:"2012-10-31 07:46:41";s:13:"lastLoginHost";s:11:"81.22.22.31";s:9:"remote_id";N;s:13:"department_id";s:2:"27";s:5:"admin";s:1:"1";s:3:"msn";N;s:8:"facebook";N;s:7:"twitter";N;s:3:"icq";N;s:8:"whatsapp";N;s:10:"blackberry";N;s:5:"gmail";N;s:7:"role_id";s:1:"1";}', ''),
(850, '4c38dcc6cdc7b8794e8d8b327cd462cc', 'Backend.logged_user_idententity', 1440, 'admin', ''),
(851, '4c38dcc6cdc7b8794e8d8b327cd462cc', 'Backend.logged_user_object', 1440, 'O:8:"stdClass":32:{s:2:"id";s:1:"1";s:8:"username";s:5:"admin";s:8:"password";s:40:"d033e22ae348aeb5660fc2140aec35850c4da997";s:9:"firstname";s:4:"Amir";s:8:"lastname";s:6:"Cherif";s:13:"date_of_birth";N;s:5:"phone";N;s:5:"email";s:21:"montassar@amhsoft.com";s:6:"mobile";s:8:"21883580";s:3:"fax";N;s:5:"state";s:1:"1";s:16:"create_date_time";N;s:16:"update_date_time";s:19:"2012-11-22 18:33:59";s:6:"notice";N;s:7:"address";s:2:"23";s:10:"postalcode";N;s:4:"city";s:5:"Gafsa";s:8:"province";s:4:"Ksar";s:7:"country";s:7:"Tunisie";s:13:"lastLoginDate";s:19:"2012-10-31 07:46:41";s:13:"lastLoginHost";s:11:"81.22.22.31";s:9:"remote_id";N;s:13:"department_id";s:2:"27";s:5:"admin";s:1:"1";s:3:"msn";N;s:8:"facebook";N;s:7:"twitter";N;s:3:"icq";N;s:8:"whatsapp";N;s:10:"blackberry";N;s:5:"gmail";N;s:7:"role_id";s:1:"1";}', ''),
(852, 'db84739cda7a4d18dbbd3a4e630b6242', 'Backend.logged_user_idententity', 1440, 'admin', ''),
(853, 'db84739cda7a4d18dbbd3a4e630b6242', 'Backend.logged_user_object', 1440, 'O:8:"stdClass":32:{s:2:"id";s:1:"1";s:8:"username";s:5:"admin";s:8:"password";s:40:"d033e22ae348aeb5660fc2140aec35850c4da997";s:9:"firstname";s:4:"Amir";s:8:"lastname";s:6:"Cherif";s:13:"date_of_birth";N;s:5:"phone";N;s:5:"email";s:21:"montassar@amhsoft.com";s:6:"mobile";s:8:"21883580";s:3:"fax";N;s:5:"state";s:1:"1";s:16:"create_date_time";N;s:16:"update_date_time";s:19:"2012-11-22 18:33:59";s:6:"notice";N;s:7:"address";s:2:"23";s:10:"postalcode";N;s:4:"city";s:5:"Gafsa";s:8:"province";s:4:"Ksar";s:7:"country";s:7:"Tunisie";s:13:"lastLoginDate";s:19:"2012-10-31 07:46:41";s:13:"lastLoginHost";s:11:"81.22.22.31";s:9:"remote_id";N;s:13:"department_id";s:2:"27";s:5:"admin";s:1:"1";s:3:"msn";N;s:8:"facebook";N;s:7:"twitter";N;s:3:"icq";N;s:8:"whatsapp";N;s:10:"blackberry";N;s:5:"gmail";N;s:7:"role_id";s:1:"1";}', ''),
(854, '92faea927f267171f64c65330a9b9ff0', 'Frontend.logged_user_idententity', 1441, 'admin', ''),
(855, '92faea927f267171f64c65330a9b9ff0', 'Frontend.logged_user_object', 1440, 'O:8:"stdClass":32:{s:2:"id";s:1:"2";s:8:"username";s:5:"Ghada";s:8:"password";s:6:"******";s:9:"firstname";s:5:"Ghada";s:8:"lastname";s:4:"Rawi";s:13:"date_of_birth";N;s:5:"phone";N;s:5:"email";s:17:"ghada@amhsoft.com";s:6:"mobile";s:14:"00495312801805";s:3:"fax";N;s:5:"state";s:1:"1";s:16:"create_date_time";N;s:16:"update_date_time";s:19:"2012-11-21 14:42:26";s:6:"notice";N;s:7:"address";s:15:"Berlinerstr 52j";s:10:"postalcode";N;s:4:"city";s:12:"Braunschweig";s:8:"province";s:13:"Niedersachsen";s:7:"country";s:7:"Germany";s:13:"lastLoginDate";s:19:"2012-04-19 11:24:05";s:13:"lastLoginHost";s:10:"cherif-lap";s:9:"remote_id";N;s:13:"department_id";s:2:"27";s:5:"admin";s:1:"0";s:3:"msn";N;s:8:"facebook";N;s:7:"twitter";N;s:3:"icq";N;s:8:"whatsapp";N;s:10:"blackberry";N;s:5:"gmail";N;s:7:"role_id";s:1:"4";}', ''),
(856, '2a4956058002b890f90b80046d5c892a', 'Frontend.logged_user_idententity', 1441, 'admin', ''),
(857, '2a4956058002b890f90b80046d5c892a', 'Frontend.logged_user_object', 1441, 'O:8:"stdClass":32:{s:2:"id";s:1:"2";s:8:"username";s:5:"Ghada";s:8:"password";s:6:"******";s:9:"firstname";s:5:"Ghada";s:8:"lastname";s:4:"Rawi";s:13:"date_of_birth";N;s:5:"phone";N;s:5:"email";s:17:"ghada@amhsoft.com";s:6:"mobile";s:14:"00495312801805";s:3:"fax";N;s:5:"state";s:1:"1";s:16:"create_date_time";N;s:16:"update_date_time";s:19:"2012-11-21 14:42:26";s:6:"notice";N;s:7:"address";s:15:"Berlinerstr 52j";s:10:"postalcode";N;s:4:"city";s:12:"Braunschweig";s:8:"province";s:13:"Niedersachsen";s:7:"country";s:7:"Germany";s:13:"lastLoginDate";s:19:"2012-04-19 11:24:05";s:13:"lastLoginHost";s:10:"cherif-lap";s:9:"remote_id";N;s:13:"department_id";s:2:"27";s:5:"admin";s:1:"0";s:3:"msn";N;s:8:"facebook";N;s:7:"twitter";N;s:3:"icq";N;s:8:"whatsapp";N;s:10:"blackberry";N;s:5:"gmail";N;s:7:"role_id";s:1:"4";}', ''),
(858, 'a3b6fe56bd27748426b9a34b237cfd89', 'Frontend.logged_user_idententity', 1441, 'admin', ''),
(859, 'a3b6fe56bd27748426b9a34b237cfd89', 'Frontend.logged_user_object', 1441, 'O:8:"stdClass":32:{s:2:"id";s:1:"2";s:8:"username";s:5:"Ghada";s:8:"password";s:6:"******";s:9:"firstname";s:5:"Ghada";s:8:"lastname";s:4:"Rawi";s:13:"date_of_birth";N;s:5:"phone";N;s:5:"email";s:17:"ghada@amhsoft.com";s:6:"mobile";s:14:"00495312801805";s:3:"fax";N;s:5:"state";s:1:"1";s:16:"create_date_time";N;s:16:"update_date_time";s:19:"2012-11-21 14:42:26";s:6:"notice";N;s:7:"address";s:15:"Berlinerstr 52j";s:10:"postalcode";N;s:4:"city";s:12:"Braunschweig";s:8:"province";s:13:"Niedersachsen";s:7:"country";s:7:"Germany";s:13:"lastLoginDate";s:19:"2012-04-19 11:24:05";s:13:"lastLoginHost";s:10:"cherif-lap";s:9:"remote_id";N;s:13:"department_id";s:2:"27";s:5:"admin";s:1:"0";s:3:"msn";N;s:8:"facebook";N;s:7:"twitter";N;s:3:"icq";N;s:8:"whatsapp";N;s:10:"blackberry";N;s:5:"gmail";N;s:7:"role_id";s:1:"4";}', ''),
(860, 'a70c472850ff48d0b91d9584d2a144f3', 'Backend.logged_user_idententity', 1441, 'admin', ''),
(861, 'a70c472850ff48d0b91d9584d2a144f3', 'Backend.logged_user_object', 1441, 'O:8:"stdClass":32:{s:2:"id";s:1:"1";s:8:"username";s:5:"admin";s:8:"password";s:40:"d033e22ae348aeb5660fc2140aec35850c4da997";s:9:"firstname";s:4:"Amir";s:8:"lastname";s:6:"Cherif";s:13:"date_of_birth";N;s:5:"phone";N;s:5:"email";s:21:"montassar@amhsoft.com";s:6:"mobile";s:8:"21883580";s:3:"fax";N;s:5:"state";s:1:"1";s:16:"create_date_time";N;s:16:"update_date_time";s:19:"2012-11-22 18:33:59";s:6:"notice";N;s:7:"address";s:2:"23";s:10:"postalcode";N;s:4:"city";s:5:"Gafsa";s:8:"province";s:4:"Ksar";s:7:"country";s:7:"Tunisie";s:13:"lastLoginDate";s:19:"2012-10-31 07:46:41";s:13:"lastLoginHost";s:11:"81.22.22.31";s:9:"remote_id";N;s:13:"department_id";s:2:"27";s:5:"admin";s:1:"1";s:3:"msn";N;s:8:"facebook";N;s:7:"twitter";N;s:3:"icq";N;s:8:"whatsapp";N;s:10:"blackberry";N;s:5:"gmail";N;s:7:"role_id";s:1:"1";}', ''),
(862, 'ac2df88a7a251553d4410b92bd9599a6', 'Backend.logged_user_idententity', 1440, 'admin', ''),
(863, 'ac2df88a7a251553d4410b92bd9599a6', 'Backend.logged_user_object', 1440, 'O:8:"stdClass":32:{s:2:"id";s:1:"1";s:8:"username";s:5:"admin";s:8:"password";s:40:"d033e22ae348aeb5660fc2140aec35850c4da997";s:9:"firstname";s:4:"Amir";s:8:"lastname";s:6:"Cherif";s:13:"date_of_birth";N;s:5:"phone";N;s:5:"email";s:21:"montassar@amhsoft.com";s:6:"mobile";s:8:"21883580";s:3:"fax";N;s:5:"state";s:1:"1";s:16:"create_date_time";N;s:16:"update_date_time";s:19:"2012-11-22 18:33:59";s:6:"notice";N;s:7:"address";s:2:"23";s:10:"postalcode";N;s:4:"city";s:5:"Gafsa";s:8:"province";s:4:"Ksar";s:7:"country";s:7:"Tunisie";s:13:"lastLoginDate";s:19:"2012-10-31 07:46:41";s:13:"lastLoginHost";s:11:"81.22.22.31";s:9:"remote_id";N;s:13:"department_id";s:2:"27";s:5:"admin";s:1:"1";s:3:"msn";N;s:8:"facebook";N;s:7:"twitter";N;s:3:"icq";N;s:8:"whatsapp";N;s:10:"blackberry";N;s:5:"gmail";N;s:7:"role_id";s:1:"1";}', ''),
(864, '3d54aaf24116e89f0e0ee441f36d5885', 'Backend.logged_user_idententity', 1440, 'admin', ''),
(865, '3d54aaf24116e89f0e0ee441f36d5885', 'Backend.logged_user_object', 1440, 'O:8:"stdClass":32:{s:2:"id";s:1:"1";s:8:"username";s:5:"admin";s:8:"password";s:40:"d033e22ae348aeb5660fc2140aec35850c4da997";s:9:"firstname";s:4:"Amir";s:8:"lastname";s:6:"Cherif";s:13:"date_of_birth";N;s:5:"phone";N;s:5:"email";s:21:"montassar@amhsoft.com";s:6:"mobile";s:8:"21883580";s:3:"fax";N;s:5:"state";s:1:"1";s:16:"create_date_time";N;s:16:"update_date_time";s:19:"2012-11-22 18:33:59";s:6:"notice";N;s:7:"address";s:2:"23";s:10:"postalcode";N;s:4:"city";s:5:"Gafsa";s:8:"province";s:4:"Ksar";s:7:"country";s:7:"Tunisie";s:13:"lastLoginDate";s:19:"2012-10-31 07:46:41";s:13:"lastLoginHost";s:11:"81.22.22.31";s:9:"remote_id";N;s:13:"department_id";s:2:"27";s:5:"admin";s:1:"1";s:3:"msn";N;s:8:"facebook";N;s:7:"twitter";N;s:3:"icq";N;s:8:"whatsapp";N;s:10:"blackberry";N;s:5:"gmail";N;s:7:"role_id";s:1:"1";}', ''),
(866, '3d54aaf24116e89f0e0ee441f36d5885', 'shopping_cart_id', 1441, '454', ''),
(867, 'be894428c17605444565d2a8cfd421a2', 'shopping_cart_id', 1441, '455', ''),
(868, 'be894428c17605444565d2a8cfd421a2', 'logged_customer', 1441, '601', ''),
(873, 'be894428c17605444565d2a8cfd421a2', 'Frontend.logged_user_idententity', 1440, 'mu.burashed@gmail.com', ''),
(874, 'be894428c17605444565d2a8cfd421a2', 'Frontend.logged_user_object', 1440, 'O:8:"stdClass":15:{s:2:"id";s:3:"601";s:4:"name";s:7:"Muneera";s:8:"password";s:40:"7c4a8d09ca3762af61e59520943dc26494f8941b";s:6:"number";N;s:7:"telefon";N;s:6:"mobile";s:10:"3333333333";s:6:"email1";s:21:"mu.burashed@gmail.com";s:6:"email2";N;s:7:"country";s:7:"Bahrain";s:8:"province";s:9:"Muharraq ";s:4:"city";s:8:"Muharraq";s:6:"street";N;s:7:"zipcode";N;s:18:"register_date_time";s:19:"0000-00-00 00:00:00";s:6:"dealer";s:1:"1";}', ''),
(875, '33db31945ecea8eb0967d355856b315d', 'Backend.logged_user_idententity', 1441, 'admin', ''),
(876, '33db31945ecea8eb0967d355856b315d', 'Backend.logged_user_object', 1441, 'O:8:"stdClass":32:{s:2:"id";s:1:"1";s:8:"username";s:5:"admin";s:8:"password";s:40:"d033e22ae348aeb5660fc2140aec35850c4da997";s:9:"firstname";s:4:"Amir";s:8:"lastname";s:6:"Cherif";s:13:"date_of_birth";N;s:5:"phone";N;s:5:"email";s:21:"montassar@amhsoft.com";s:6:"mobile";s:8:"21883580";s:3:"fax";N;s:5:"state";s:1:"1";s:16:"create_date_time";N;s:16:"update_date_time";s:19:"2012-11-22 18:33:59";s:6:"notice";N;s:7:"address";s:2:"23";s:10:"postalcode";N;s:4:"city";s:5:"Gafsa";s:8:"province";s:4:"Ksar";s:7:"country";s:7:"Tunisie";s:13:"lastLoginDate";s:19:"2012-10-31 07:46:41";s:13:"lastLoginHost";s:11:"81.22.22.31";s:9:"remote_id";N;s:13:"department_id";s:2:"27";s:5:"admin";s:1:"1";s:3:"msn";N;s:8:"facebook";N;s:7:"twitter";N;s:3:"icq";N;s:8:"whatsapp";N;s:10:"blackberry";N;s:5:"gmail";N;s:7:"role_id";s:1:"1";}', ''),
(879, 'ad9a2066c71c2d16fe95b4a4ba082145', 'Backend.logged_user_idententity', 1440, 'admin', ''),
(880, 'ad9a2066c71c2d16fe95b4a4ba082145', 'Backend.logged_user_object', 1440, 'O:8:"stdClass":32:{s:2:"id";s:1:"1";s:8:"username";s:5:"admin";s:8:"password";s:40:"d033e22ae348aeb5660fc2140aec35850c4da997";s:9:"firstname";s:4:"Amir";s:8:"lastname";s:6:"Cherif";s:13:"date_of_birth";N;s:5:"phone";N;s:5:"email";s:21:"montassar@amhsoft.com";s:6:"mobile";s:8:"21883580";s:3:"fax";N;s:5:"state";s:1:"1";s:16:"create_date_time";N;s:16:"update_date_time";s:19:"2012-11-22 18:33:59";s:6:"notice";N;s:7:"address";s:2:"23";s:10:"postalcode";N;s:4:"city";s:5:"Gafsa";s:8:"province";s:4:"Ksar";s:7:"country";s:7:"Tunisie";s:13:"lastLoginDate";s:19:"2012-10-31 07:46:41";s:13:"lastLoginHost";s:11:"81.22.22.31";s:9:"remote_id";N;s:13:"department_id";s:2:"27";s:5:"admin";s:1:"1";s:3:"msn";N;s:8:"facebook";N;s:7:"twitter";N;s:3:"icq";N;s:8:"whatsapp";N;s:10:"blackberry";N;s:5:"gmail";N;s:7:"role_id";s:1:"1";}', ''),
(881, 'ad9a2066c71c2d16fe95b4a4ba082145', 'shopping_cart_id', 1440, '457', ''),
(882, 'ad9a2066c71c2d16fe95b4a4ba082145', 'Frontend.logged_user_idententity', 1440, 'mu.burashed@gmail.com', ''),
(883, 'ad9a2066c71c2d16fe95b4a4ba082145', 'Frontend.logged_user_object', 1440, 'O:8:"stdClass":15:{s:2:"id";s:3:"601";s:4:"name";s:7:"Muneera";s:8:"password";s:40:"7c4a8d09ca3762af61e59520943dc26494f8941b";s:6:"number";N;s:7:"telefon";N;s:6:"mobile";s:10:"3333333333";s:6:"email1";s:21:"mu.burashed@gmail.com";s:6:"email2";N;s:7:"country";s:7:"Bahrain";s:8:"province";s:9:"Muharraq ";s:4:"city";s:8:"Muharraq";s:6:"street";N;s:7:"zipcode";N;s:18:"register_date_time";s:19:"2012-12-07 00:00:00";s:6:"dealer";s:1:"1";}', ''),
(884, '267a4b4fe55e62f5c557feaaed310fd4', 'Backend.logged_user_idententity', 1440, 'admin', ''),
(885, '267a4b4fe55e62f5c557feaaed310fd4', 'Backend.logged_user_object', 1440, 'O:8:"stdClass":32:{s:2:"id";s:1:"1";s:8:"username";s:5:"admin";s:8:"password";s:40:"d033e22ae348aeb5660fc2140aec35850c4da997";s:9:"firstname";s:4:"Amir";s:8:"lastname";s:6:"Cherif";s:13:"date_of_birth";N;s:5:"phone";N;s:5:"email";s:21:"montassar@amhsoft.com";s:6:"mobile";s:8:"21883580";s:3:"fax";N;s:5:"state";s:1:"1";s:16:"create_date_time";N;s:16:"update_date_time";s:19:"2012-11-22 18:33:59";s:6:"notice";N;s:7:"address";s:2:"23";s:10:"postalcode";N;s:4:"city";s:5:"Gafsa";s:8:"province";s:4:"Ksar";s:7:"country";s:7:"Tunisie";s:13:"lastLoginDate";s:19:"2012-10-31 07:46:41";s:13:"lastLoginHost";s:11:"81.22.22.31";s:9:"remote_id";N;s:13:"department_id";s:2:"27";s:5:"admin";s:1:"1";s:3:"msn";N;s:8:"facebook";N;s:7:"twitter";N;s:3:"icq";N;s:8:"whatsapp";N;s:10:"blackberry";N;s:5:"gmail";N;s:7:"role_id";s:1:"1";}', ''),
(886, '267a4b4fe55e62f5c557feaaed310fd4', 'shopping_cart_id', 1441, '458', ''),
(887, '267a4b4fe55e62f5c557feaaed310fd4', 'Frontend.logged_user_idententity', 1440, 'mu.burashed@gmail.com', ''),
(888, '267a4b4fe55e62f5c557feaaed310fd4', 'Frontend.logged_user_object', 1440, 'O:8:"stdClass":15:{s:2:"id";s:3:"601";s:4:"name";s:7:"Muneera";s:8:"password";s:40:"7c4a8d09ca3762af61e59520943dc26494f8941b";s:6:"number";N;s:7:"telefon";N;s:6:"mobile";s:10:"3333333333";s:6:"email1";s:21:"mu.burashed@gmail.com";s:6:"email2";N;s:7:"country";s:7:"Bahrain";s:8:"province";s:9:"Muharraq ";s:4:"city";s:8:"Muharraq";s:6:"street";N;s:7:"zipcode";N;s:18:"register_date_time";s:19:"2012-12-07 00:00:00";s:6:"dealer";s:1:"1";}', ''),
(889, '3766e24bfe4d62f997d0cf8c3536b7ff', 'shopping_cart_id', 1440, '459', ''),
(890, '3766e24bfe4d62f997d0cf8c3536b7ff', 'Frontend.logged_user_idententity', 1441, 'mu.burashed@gmail.com', ''),
(891, '3766e24bfe4d62f997d0cf8c3536b7ff', 'Frontend.logged_user_object', 1441, 'O:8:"stdClass":15:{s:2:"id";s:3:"601";s:4:"name";s:7:"Muneera";s:8:"password";s:40:"7c4a8d09ca3762af61e59520943dc26494f8941b";s:6:"number";N;s:7:"telefon";N;s:6:"mobile";s:10:"3333333333";s:6:"email1";s:21:"mu.burashed@gmail.com";s:6:"email2";N;s:7:"country";s:7:"Bahrain";s:8:"province";s:9:"Muharraq ";s:4:"city";s:8:"Muharraq";s:6:"street";N;s:7:"zipcode";N;s:18:"register_date_time";s:19:"2012-12-07 00:00:00";s:6:"dealer";s:1:"1";}', ''),
(892, '129b263fbfb20446626dde423e8f1f6b', 'shopping_cart_id', 1440, '460', ''),
(895, '129b263fbfb20446626dde423e8f1f6b', 'Frontend.logged_user_idententity', 1441, 'mu.burashed@gmail.com', ''),
(896, '129b263fbfb20446626dde423e8f1f6b', 'Frontend.logged_user_object', 1441, 'O:8:"stdClass":15:{s:2:"id";s:3:"601";s:4:"name";s:7:"Muneera";s:8:"password";s:40:"7c4a8d09ca3762af61e59520943dc26494f8941b";s:6:"number";N;s:7:"telefon";N;s:6:"mobile";s:10:"3333333333";s:6:"email1";s:21:"mu.burashed@gmail.com";s:6:"email2";N;s:7:"country";s:7:"Bahrain";s:8:"province";s:9:"Muharraq ";s:4:"city";s:8:"Muharraq";s:6:"street";N;s:7:"zipcode";N;s:18:"register_date_time";s:19:"2012-12-07 00:00:00";s:6:"dealer";s:1:"1";}', ''),
(897, '129b263fbfb20446626dde423e8f1f6b', 'Backend.logged_user_idententity', 1441, 'admin', ''),
(898, '129b263fbfb20446626dde423e8f1f6b', 'Backend.logged_user_object', 1441, 'O:8:"stdClass":32:{s:2:"id";s:1:"1";s:8:"username";s:5:"admin";s:8:"password";s:40:"d033e22ae348aeb5660fc2140aec35850c4da997";s:9:"firstname";s:4:"Amir";s:8:"lastname";s:6:"Cherif";s:13:"date_of_birth";N;s:5:"phone";N;s:5:"email";s:21:"montassar@amhsoft.com";s:6:"mobile";s:8:"21883580";s:3:"fax";N;s:5:"state";s:1:"1";s:16:"create_date_time";N;s:16:"update_date_time";s:19:"2012-11-22 18:33:59";s:6:"notice";N;s:7:"address";s:2:"23";s:10:"postalcode";N;s:4:"city";s:5:"Gafsa";s:8:"province";s:4:"Ksar";s:7:"country";s:7:"Tunisie";s:13:"lastLoginDate";s:19:"2012-10-31 07:46:41";s:13:"lastLoginHost";s:11:"81.22.22.31";s:9:"remote_id";N;s:13:"department_id";s:2:"27";s:5:"admin";s:1:"1";s:3:"msn";N;s:8:"facebook";N;s:7:"twitter";N;s:3:"icq";N;s:8:"whatsapp";N;s:10:"blackberry";N;s:5:"gmail";N;s:7:"role_id";s:1:"1";}', ''),
(899, '62fcaf7321675e4f8aeda25ae4aa4533', 'shopping_cart_id', 1440, '461', ''),
(900, '62fcaf7321675e4f8aeda25ae4aa4533', 'Frontend.logged_user_idententity', 1441, 'mu.burashed@gmail.com', ''),
(901, '62fcaf7321675e4f8aeda25ae4aa4533', 'Frontend.logged_user_object', 1441, 'O:8:"stdClass":15:{s:2:"id";s:3:"601";s:4:"name";s:7:"Muneera";s:8:"password";s:40:"7c4a8d09ca3762af61e59520943dc26494f8941b";s:6:"number";N;s:7:"telefon";N;s:6:"mobile";s:10:"3333333333";s:6:"email1";s:21:"mu.burashed@gmail.com";s:6:"email2";N;s:7:"country";s:7:"Bahrain";s:8:"province";s:9:"Muharraq ";s:4:"city";s:8:"Muharraq";s:6:"street";N;s:7:"zipcode";N;s:18:"register_date_time";s:19:"2012-12-07 00:00:00";s:6:"dealer";s:1:"1";}', ''),
(902, '62fcaf7321675e4f8aeda25ae4aa4533', 'Backend.logged_user_idententity', 1440, 'admin', ''),
(903, '62fcaf7321675e4f8aeda25ae4aa4533', 'Backend.logged_user_object', 1440, 'O:8:"stdClass":32:{s:2:"id";s:1:"1";s:8:"username";s:5:"admin";s:8:"password";s:40:"d033e22ae348aeb5660fc2140aec35850c4da997";s:9:"firstname";s:4:"Amir";s:8:"lastname";s:6:"Cherif";s:13:"date_of_birth";N;s:5:"phone";N;s:5:"email";s:21:"montassar@amhsoft.com";s:6:"mobile";s:8:"21883580";s:3:"fax";N;s:5:"state";s:1:"1";s:16:"create_date_time";N;s:16:"update_date_time";s:19:"2012-11-22 18:33:59";s:6:"notice";N;s:7:"address";s:2:"23";s:10:"postalcode";N;s:4:"city";s:5:"Gafsa";s:8:"province";s:4:"Ksar";s:7:"country";s:7:"Tunisie";s:13:"lastLoginDate";s:19:"2012-10-31 07:46:41";s:13:"lastLoginHost";s:11:"81.22.22.31";s:9:"remote_id";N;s:13:"department_id";s:2:"27";s:5:"admin";s:1:"1";s:3:"msn";N;s:8:"facebook";N;s:7:"twitter";N;s:3:"icq";N;s:8:"whatsapp";N;s:10:"blackberry";N;s:5:"gmail";N;s:7:"role_id";s:1:"1";}', ''),
(904, 'c610d5a1f440422593deacce303f24e7', 'Backend.logged_user_idententity', 1440, 'admin', ''),
(905, 'c610d5a1f440422593deacce303f24e7', 'Backend.logged_user_object', 1440, 'O:8:"stdClass":32:{s:2:"id";s:1:"1";s:8:"username";s:5:"admin";s:8:"password";s:40:"d033e22ae348aeb5660fc2140aec35850c4da997";s:9:"firstname";s:4:"Amir";s:8:"lastname";s:6:"Cherif";s:13:"date_of_birth";N;s:5:"phone";N;s:5:"email";s:21:"montassar@amhsoft.com";s:6:"mobile";s:8:"21883580";s:3:"fax";N;s:5:"state";s:1:"1";s:16:"create_date_time";N;s:16:"update_date_time";s:19:"2012-11-22 18:33:59";s:6:"notice";N;s:7:"address";s:2:"23";s:10:"postalcode";N;s:4:"city";s:5:"Gafsa";s:8:"province";s:4:"Ksar";s:7:"country";s:7:"Tunisie";s:13:"lastLoginDate";s:19:"2012-10-31 07:46:41";s:13:"lastLoginHost";s:11:"81.22.22.31";s:9:"remote_id";N;s:13:"department_id";s:2:"27";s:5:"admin";s:1:"1";s:3:"msn";N;s:8:"facebook";N;s:7:"twitter";N;s:3:"icq";N;s:8:"whatsapp";N;s:10:"blackberry";N;s:5:"gmail";N;s:7:"role_id";s:1:"1";}', ''),
(906, 'c610d5a1f440422593deacce303f24e7', 'Frontend.logged_user_idententity', 1441, 'mu.burashed@gmail.com', ''),
(907, 'c610d5a1f440422593deacce303f24e7', 'Frontend.logged_user_object', 1441, 'O:8:"stdClass":15:{s:2:"id";s:3:"601";s:4:"name";s:7:"Muneera";s:8:"password";s:40:"7c4a8d09ca3762af61e59520943dc26494f8941b";s:6:"number";N;s:7:"telefon";N;s:6:"mobile";s:10:"3333333333";s:6:"email1";s:21:"mu.burashed@gmail.com";s:6:"email2";N;s:7:"country";s:7:"Bahrain";s:8:"province";s:9:"Muharraq ";s:4:"city";s:8:"Muharraq";s:6:"street";N;s:7:"zipcode";N;s:18:"register_date_time";s:19:"2012-12-07 00:00:00";s:6:"dealer";s:1:"1";}', ''),
(908, 'c610d5a1f440422593deacce303f24e7', 'shopping_cart_id', 1440, '462', ''),
(909, 'e11f8ce4bd16f57fb4fc09837a2d63fd', 'Backend.logged_user_idententity', 1440, 'admin', ''),
(910, 'e11f8ce4bd16f57fb4fc09837a2d63fd', 'Backend.logged_user_object', 1440, 'O:8:"stdClass":32:{s:2:"id";s:1:"1";s:8:"username";s:5:"admin";s:8:"password";s:40:"d033e22ae348aeb5660fc2140aec35850c4da997";s:9:"firstname";s:4:"Amir";s:8:"lastname";s:6:"Cherif";s:13:"date_of_birth";N;s:5:"phone";N;s:5:"email";s:21:"montassar@amhsoft.com";s:6:"mobile";s:8:"21883580";s:3:"fax";N;s:5:"state";s:1:"1";s:16:"create_date_time";N;s:16:"update_date_time";s:19:"2012-11-22 18:33:59";s:6:"notice";N;s:7:"address";s:2:"23";s:10:"postalcode";N;s:4:"city";s:5:"Gafsa";s:8:"province";s:4:"Ksar";s:7:"country";s:7:"Tunisie";s:13:"lastLoginDate";s:19:"2012-10-31 07:46:41";s:13:"lastLoginHost";s:11:"81.22.22.31";s:9:"remote_id";N;s:13:"department_id";s:2:"27";s:5:"admin";s:1:"1";s:3:"msn";N;s:8:"facebook";N;s:7:"twitter";N;s:3:"icq";N;s:8:"whatsapp";N;s:10:"blackberry";N;s:5:"gmail";N;s:7:"role_id";s:1:"1";}', ''),
(911, 'ebe41822de5155889e952becb7af9a0e', 'Backend.logged_user_idententity', 1440, 'admin', ''),
(912, 'ebe41822de5155889e952becb7af9a0e', 'Backend.logged_user_object', 1440, 'O:8:"stdClass":32:{s:2:"id";s:1:"1";s:8:"username";s:5:"admin";s:8:"password";s:40:"d033e22ae348aeb5660fc2140aec35850c4da997";s:9:"firstname";s:4:"Amir";s:8:"lastname";s:6:"Cherif";s:13:"date_of_birth";N;s:5:"phone";N;s:5:"email";s:21:"montassar@amhsoft.com";s:6:"mobile";s:8:"21883580";s:3:"fax";N;s:5:"state";s:1:"1";s:16:"create_date_time";N;s:16:"update_date_time";s:19:"2012-11-22 18:33:59";s:6:"notice";N;s:7:"address";s:2:"23";s:10:"postalcode";N;s:4:"city";s:5:"Gafsa";s:8:"province";s:4:"Ksar";s:7:"country";s:7:"Tunisie";s:13:"lastLoginDate";s:19:"2012-10-31 07:46:41";s:13:"lastLoginHost";s:11:"81.22.22.31";s:9:"remote_id";N;s:13:"department_id";s:2:"27";s:5:"admin";s:1:"1";s:3:"msn";N;s:8:"facebook";N;s:7:"twitter";N;s:3:"icq";N;s:8:"whatsapp";N;s:10:"blackberry";N;s:5:"gmail";N;s:7:"role_id";s:1:"1";}', ''),
(913, 'e11f8ce4bd16f57fb4fc09837a2d63fd', 'shopping_cart_id', 1440, '463', ''),
(914, 'e11f8ce4bd16f57fb4fc09837a2d63fd', 'logged_customer', 1441, '1197', ''),
(915, 'e11f8ce4bd16f57fb4fc09837a2d63fd', 'Frontend.logged_user_idententity', 1440, 'rick@amhsoft.com', ''),
(916, 'e11f8ce4bd16f57fb4fc09837a2d63fd', 'Frontend.logged_user_object', 1440, 'O:8:"stdClass":15:{s:2:"id";s:4:"1197";s:4:"name";s:4:"Rick";s:8:"password";s:40:"7c4a8d09ca3762af61e59520943dc26494f8941b";s:6:"number";N;s:7:"telefon";N;s:6:"mobile";s:11:"05312801805";s:6:"email1";s:16:"rick@amhsoft.com";s:6:"email2";N;s:7:"country";s:7:"Germany";s:8:"province";s:13:"Niedersachsen";s:4:"city";s:12:"Braunschweig";s:6:"street";s:14:"Berlinerstr 15";s:7:"zipcode";s:5:"38104";s:18:"register_date_time";s:19:"2012-12-14 09:09:37";s:6:"dealer";s:1:"0";}', ''),
(917, '7c14c87cf1ea69654755640e26cd5ca7', 'Backend.logged_user_idententity', 1440, 'admin', '');
INSERT INTO `session` (`id`, `session_id`, `session_key`, `session_expiry`, `session_value`, `host`) VALUES
(918, '7c14c87cf1ea69654755640e26cd5ca7', 'Backend.logged_user_object', 1440, 'O:8:"stdClass":32:{s:2:"id";s:1:"1";s:8:"username";s:5:"admin";s:8:"password";s:40:"d033e22ae348aeb5660fc2140aec35850c4da997";s:9:"firstname";s:4:"Amir";s:8:"lastname";s:6:"Cherif";s:13:"date_of_birth";N;s:5:"phone";N;s:5:"email";s:21:"montassar@amhsoft.com";s:6:"mobile";s:8:"21883580";s:3:"fax";N;s:5:"state";s:1:"1";s:16:"create_date_time";N;s:16:"update_date_time";s:19:"2012-11-22 18:33:59";s:6:"notice";N;s:7:"address";s:2:"23";s:10:"postalcode";N;s:4:"city";s:5:"Gafsa";s:8:"province";s:4:"Ksar";s:7:"country";s:7:"Tunisie";s:13:"lastLoginDate";s:19:"2012-10-31 07:46:41";s:13:"lastLoginHost";s:11:"81.22.22.31";s:9:"remote_id";N;s:13:"department_id";s:2:"27";s:5:"admin";s:1:"1";s:3:"msn";N;s:8:"facebook";N;s:7:"twitter";N;s:3:"icq";N;s:8:"whatsapp";N;s:10:"blackberry";N;s:5:"gmail";N;s:7:"role_id";s:1:"1";}', ''),
(919, 'b30edc4f12885fe13125944edfac56d4', 'Backend.logged_user_idententity', 1441, 'admin', ''),
(920, 'b30edc4f12885fe13125944edfac56d4', 'Backend.logged_user_object', 1441, 'O:8:"stdClass":32:{s:2:"id";s:1:"1";s:8:"username";s:5:"admin";s:8:"password";s:40:"d033e22ae348aeb5660fc2140aec35850c4da997";s:9:"firstname";s:4:"Amir";s:8:"lastname";s:6:"Cherif";s:13:"date_of_birth";N;s:5:"phone";N;s:5:"email";s:21:"montassar@amhsoft.com";s:6:"mobile";s:8:"21883580";s:3:"fax";N;s:5:"state";s:1:"1";s:16:"create_date_time";N;s:16:"update_date_time";s:19:"2012-11-22 18:33:59";s:6:"notice";N;s:7:"address";s:2:"23";s:10:"postalcode";N;s:4:"city";s:5:"Gafsa";s:8:"province";s:4:"Ksar";s:7:"country";s:7:"Tunisie";s:13:"lastLoginDate";s:19:"2012-10-31 07:46:41";s:13:"lastLoginHost";s:11:"81.22.22.31";s:9:"remote_id";N;s:13:"department_id";s:2:"27";s:5:"admin";s:1:"1";s:3:"msn";N;s:8:"facebook";N;s:7:"twitter";N;s:3:"icq";N;s:8:"whatsapp";N;s:10:"blackberry";N;s:5:"gmail";N;s:7:"role_id";s:1:"1";}', ''),
(921, '53b0ab3ee24352106dd7cc94b3d02695', 'Backend.logged_user_idententity', 1441, 'admin', ''),
(922, '53b0ab3ee24352106dd7cc94b3d02695', 'Backend.logged_user_object', 1441, 'O:8:"stdClass":32:{s:2:"id";s:1:"1";s:8:"username";s:5:"admin";s:8:"password";s:40:"d033e22ae348aeb5660fc2140aec35850c4da997";s:9:"firstname";s:4:"Amir";s:8:"lastname";s:6:"Cherif";s:13:"date_of_birth";N;s:5:"phone";N;s:5:"email";s:21:"montassar@amhsoft.com";s:6:"mobile";s:8:"21883580";s:3:"fax";N;s:5:"state";s:1:"1";s:16:"create_date_time";N;s:16:"update_date_time";s:19:"2012-11-22 18:33:59";s:6:"notice";N;s:7:"address";s:2:"23";s:10:"postalcode";N;s:4:"city";s:5:"Gafsa";s:8:"province";s:4:"Ksar";s:7:"country";s:7:"Tunisie";s:13:"lastLoginDate";s:19:"2012-10-31 07:46:41";s:13:"lastLoginHost";s:11:"81.22.22.31";s:9:"remote_id";N;s:13:"department_id";s:2:"27";s:5:"admin";s:1:"1";s:3:"msn";N;s:8:"facebook";N;s:7:"twitter";N;s:3:"icq";N;s:8:"whatsapp";N;s:10:"blackberry";N;s:5:"gmail";N;s:7:"role_id";s:1:"1";}', ''),
(923, '65d8ddcbe7f418b59f8da966f99fa570', 'Frontend.logged_user_idententity', 1440, 'rick@amhsoft.com', ''),
(924, '65d8ddcbe7f418b59f8da966f99fa570', 'Frontend.logged_user_object', 1440, 'O:8:"stdClass":15:{s:2:"id";s:4:"1197";s:4:"name";s:4:"Rick";s:8:"password";s:40:"7c4a8d09ca3762af61e59520943dc26494f8941b";s:6:"number";N;s:7:"telefon";N;s:6:"mobile";s:11:"05312801805";s:6:"email1";s:16:"rick@amhsoft.com";s:6:"email2";N;s:7:"country";s:7:"Germany";s:8:"province";s:13:"Niedersachsen";s:4:"city";s:12:"Braunschweig";s:6:"street";s:14:"Berlinerstr 15";s:7:"zipcode";s:5:"38104";s:18:"register_date_time";s:19:"2012-12-14 09:09:37";s:6:"dealer";s:1:"0";}', ''),
(925, '65d8ddcbe7f418b59f8da966f99fa570', 'shopping_cart_id', 1441, '464', ''),
(926, '65d8ddcbe7f418b59f8da966f99fa570', 'Backend.logged_user_idententity', 1440, 'admin', ''),
(927, '65d8ddcbe7f418b59f8da966f99fa570', 'Backend.logged_user_object', 1440, 'O:8:"stdClass":32:{s:2:"id";s:1:"1";s:8:"username";s:5:"admin";s:8:"password";s:40:"d033e22ae348aeb5660fc2140aec35850c4da997";s:9:"firstname";s:4:"Amir";s:8:"lastname";s:6:"Cherif";s:13:"date_of_birth";N;s:5:"phone";N;s:5:"email";s:21:"montassar@amhsoft.com";s:6:"mobile";s:8:"21883580";s:3:"fax";N;s:5:"state";s:1:"1";s:16:"create_date_time";N;s:16:"update_date_time";s:19:"2012-11-22 18:33:59";s:6:"notice";N;s:7:"address";s:2:"23";s:10:"postalcode";N;s:4:"city";s:5:"Gafsa";s:8:"province";s:4:"Ksar";s:7:"country";s:7:"Tunisie";s:13:"lastLoginDate";s:19:"2012-10-31 07:46:41";s:13:"lastLoginHost";s:11:"81.22.22.31";s:9:"remote_id";N;s:13:"department_id";s:2:"27";s:5:"admin";s:1:"1";s:3:"msn";N;s:8:"facebook";N;s:7:"twitter";N;s:3:"icq";N;s:8:"whatsapp";N;s:10:"blackberry";N;s:5:"gmail";N;s:7:"role_id";s:1:"1";}', ''),
(928, '3955546c986f8a4622ebe6d09f93bc0b', 'Backend.logged_user_idententity', 1441, 'admin', ''),
(929, '3955546c986f8a4622ebe6d09f93bc0b', 'Backend.logged_user_object', 1441, 'O:8:"stdClass":32:{s:2:"id";s:1:"1";s:8:"username";s:5:"admin";s:8:"password";s:40:"d033e22ae348aeb5660fc2140aec35850c4da997";s:9:"firstname";s:4:"Amir";s:8:"lastname";s:6:"Cherif";s:13:"date_of_birth";N;s:5:"phone";N;s:5:"email";s:21:"montassar@amhsoft.com";s:6:"mobile";s:8:"21883580";s:3:"fax";N;s:5:"state";s:1:"1";s:16:"create_date_time";N;s:16:"update_date_time";s:19:"2012-11-22 18:33:59";s:6:"notice";N;s:7:"address";s:2:"23";s:10:"postalcode";N;s:4:"city";s:5:"Gafsa";s:8:"province";s:4:"Ksar";s:7:"country";s:7:"Tunisie";s:13:"lastLoginDate";s:19:"2012-10-31 07:46:41";s:13:"lastLoginHost";s:11:"81.22.22.31";s:9:"remote_id";N;s:13:"department_id";s:2:"27";s:5:"admin";s:1:"1";s:3:"msn";N;s:8:"facebook";N;s:7:"twitter";N;s:3:"icq";N;s:8:"whatsapp";N;s:10:"blackberry";N;s:5:"gmail";N;s:7:"role_id";s:1:"1";}', ''),
(930, '9c23e71789e032fa32fa0f4df07bec94', 'Backend.logged_user_idententity', 1440, 'admin', ''),
(931, '9c23e71789e032fa32fa0f4df07bec94', 'Backend.logged_user_object', 1440, 'O:8:"stdClass":32:{s:2:"id";s:1:"1";s:8:"username";s:5:"admin";s:8:"password";s:40:"d033e22ae348aeb5660fc2140aec35850c4da997";s:9:"firstname";s:4:"Amir";s:8:"lastname";s:6:"Cherif";s:13:"date_of_birth";N;s:5:"phone";N;s:5:"email";s:21:"montassar@amhsoft.com";s:6:"mobile";s:8:"21883580";s:3:"fax";N;s:5:"state";s:1:"1";s:16:"create_date_time";N;s:16:"update_date_time";s:19:"2012-11-22 18:33:59";s:6:"notice";N;s:7:"address";s:2:"23";s:10:"postalcode";N;s:4:"city";s:5:"Gafsa";s:8:"province";s:4:"Ksar";s:7:"country";s:7:"Tunisie";s:13:"lastLoginDate";s:19:"2012-10-31 07:46:41";s:13:"lastLoginHost";s:11:"81.22.22.31";s:9:"remote_id";N;s:13:"department_id";s:2:"27";s:5:"admin";s:1:"1";s:3:"msn";N;s:8:"facebook";N;s:7:"twitter";N;s:3:"icq";N;s:8:"whatsapp";N;s:10:"blackberry";N;s:5:"gmail";N;s:7:"role_id";s:1:"1";}', ''),
(932, '9c23e71789e032fa32fa0f4df07bec94', 'shopping_cart_id', 1440, '465', ''),
(933, '9c23e71789e032fa32fa0f4df07bec94', 'Frontend.logged_user_idententity', 1441, 'rick@amhsoft.com', ''),
(934, '9c23e71789e032fa32fa0f4df07bec94', 'Frontend.logged_user_object', 1441, 'O:8:"stdClass":15:{s:2:"id";s:4:"1197";s:4:"name";s:4:"Rick";s:8:"password";s:40:"7c4a8d09ca3762af61e59520943dc26494f8941b";s:6:"number";N;s:7:"telefon";N;s:6:"mobile";s:11:"05312801805";s:6:"email1";s:16:"rick@amhsoft.com";s:6:"email2";N;s:7:"country";s:3:"SAU";s:8:"province";s:13:"Niedersachsen";s:4:"city";s:12:"Braunschweig";s:6:"street";s:14:"Berlinerstr 15";s:7:"zipcode";s:5:"38104";s:18:"register_date_time";s:19:"2012-12-14 09:09:37";s:6:"dealer";s:1:"0";}', ''),
(935, '0553dd2f9b4b47b4c1de1c692cec68b3', 'Backend.logged_user_idententity', 1441, 'admin', ''),
(936, '0553dd2f9b4b47b4c1de1c692cec68b3', 'Backend.logged_user_object', 1441, 'O:8:"stdClass":32:{s:2:"id";s:1:"1";s:8:"username";s:5:"admin";s:8:"password";s:40:"d033e22ae348aeb5660fc2140aec35850c4da997";s:9:"firstname";s:4:"Amir";s:8:"lastname";s:6:"Cherif";s:13:"date_of_birth";N;s:5:"phone";N;s:5:"email";s:21:"montassar@amhsoft.com";s:6:"mobile";s:8:"21883580";s:3:"fax";N;s:5:"state";s:1:"1";s:16:"create_date_time";N;s:16:"update_date_time";s:19:"2012-11-22 18:33:59";s:6:"notice";N;s:7:"address";s:2:"23";s:10:"postalcode";N;s:4:"city";s:5:"Gafsa";s:8:"province";s:4:"Ksar";s:7:"country";s:7:"Tunisie";s:13:"lastLoginDate";s:19:"2012-10-31 07:46:41";s:13:"lastLoginHost";s:11:"81.22.22.31";s:9:"remote_id";N;s:13:"department_id";s:2:"27";s:5:"admin";s:1:"1";s:3:"msn";N;s:8:"facebook";N;s:7:"twitter";N;s:3:"icq";N;s:8:"whatsapp";N;s:10:"blackberry";N;s:5:"gmail";N;s:7:"role_id";s:1:"1";}', ''),
(937, '0553dd2f9b4b47b4c1de1c692cec68b3', 'shopping_cart_id', 1441, '466', ''),
(938, '0553dd2f9b4b47b4c1de1c692cec68b3', 'Frontend.logged_user_idententity', 1440, 'rick@amhsoft.com', ''),
(939, '0553dd2f9b4b47b4c1de1c692cec68b3', 'Frontend.logged_user_object', 1440, 'O:8:"stdClass":15:{s:2:"id";s:4:"1197";s:4:"name";s:4:"Rick";s:8:"password";s:40:"7c4a8d09ca3762af61e59520943dc26494f8941b";s:6:"number";N;s:7:"telefon";N;s:6:"mobile";s:11:"05312801805";s:6:"email1";s:16:"rick@amhsoft.com";s:6:"email2";N;s:7:"country";s:3:"SAU";s:8:"province";s:13:"Niedersachsen";s:4:"city";s:12:"Braunschweig";s:6:"street";s:14:"Berlinerstr 15";s:7:"zipcode";s:5:"38104";s:18:"register_date_time";s:19:"2012-12-14 09:09:37";s:6:"dealer";s:1:"0";}', ''),
(940, 'ca58a8b7691a75656de082db93f97426', 'Backend.logged_user_idententity', 1441, 'admin', ''),
(941, 'ca58a8b7691a75656de082db93f97426', 'Backend.logged_user_object', 1440, 'O:8:"stdClass":32:{s:2:"id";s:1:"1";s:8:"username";s:5:"admin";s:8:"password";s:40:"d033e22ae348aeb5660fc2140aec35850c4da997";s:9:"firstname";s:4:"Amir";s:8:"lastname";s:6:"Cherif";s:13:"date_of_birth";N;s:5:"phone";N;s:5:"email";s:21:"montassar@amhsoft.com";s:6:"mobile";s:8:"21883580";s:3:"fax";N;s:5:"state";s:1:"1";s:16:"create_date_time";N;s:16:"update_date_time";s:19:"2012-11-22 18:33:59";s:6:"notice";N;s:7:"address";s:2:"23";s:10:"postalcode";N;s:4:"city";s:5:"Gafsa";s:8:"province";s:4:"Ksar";s:7:"country";s:7:"Tunisie";s:13:"lastLoginDate";s:19:"2012-10-31 07:46:41";s:13:"lastLoginHost";s:11:"81.22.22.31";s:9:"remote_id";N;s:13:"department_id";s:2:"27";s:5:"admin";s:1:"1";s:3:"msn";N;s:8:"facebook";N;s:7:"twitter";N;s:3:"icq";N;s:8:"whatsapp";N;s:10:"blackberry";N;s:5:"gmail";N;s:7:"role_id";s:1:"1";}', ''),
(942, 'ca58a8b7691a75656de082db93f97426', 'shopping_cart_id', 1440, '467', ''),
(943, 'ca58a8b7691a75656de082db93f97426', 'Frontend.logged_user_idententity', 1441, 'rick@amhsoft.com', ''),
(944, 'ca58a8b7691a75656de082db93f97426', 'Frontend.logged_user_object', 1441, 'O:8:"stdClass":15:{s:2:"id";s:4:"1197";s:4:"name";s:4:"Rick";s:8:"password";s:40:"7c4a8d09ca3762af61e59520943dc26494f8941b";s:6:"number";N;s:7:"telefon";N;s:6:"mobile";s:11:"05312801805";s:6:"email1";s:16:"rick@amhsoft.com";s:6:"email2";N;s:7:"country";s:3:"SAU";s:8:"province";s:13:"Niedersachsen";s:4:"city";s:12:"Braunschweig";s:6:"street";s:14:"Berlinerstr 15";s:7:"zipcode";s:5:"38104";s:18:"register_date_time";s:19:"2012-12-14 09:09:37";s:6:"dealer";s:1:"0";}', ''),
(945, '89eba460a11bb856f3ceaeb7131e1cc1', 'shopping_cart_id', 1440, '468', ''),
(946, 'fbf7742bf252e442e94a455532690491', 'shopping_cart_id', 1441, '469', ''),
(947, 'fbf7742bf252e442e94a455532690491', 'Frontend.logged_user_idententity', 1441, 'rick@amhsoft.com', ''),
(948, 'fbf7742bf252e442e94a455532690491', 'Frontend.logged_user_object', 1441, 'O:8:"stdClass":15:{s:2:"id";s:4:"1197";s:4:"name";s:4:"Rick";s:8:"password";s:40:"7c4a8d09ca3762af61e59520943dc26494f8941b";s:6:"number";N;s:7:"telefon";N;s:6:"mobile";s:11:"05312801805";s:6:"email1";s:16:"rick@amhsoft.com";s:6:"email2";N;s:7:"country";s:3:"SAU";s:8:"province";s:13:"Niedersachsen";s:4:"city";s:12:"Braunschweig";s:6:"street";s:14:"Berlinerstr 15";s:7:"zipcode";s:5:"38104";s:18:"register_date_time";s:19:"2012-12-14 09:09:37";s:6:"dealer";s:1:"0";}', ''),
(949, 'fbf7742bf252e442e94a455532690491', 'Backend.logged_user_idententity', 1440, 'admin', ''),
(950, 'fbf7742bf252e442e94a455532690491', 'Backend.logged_user_object', 1440, 'O:8:"stdClass":32:{s:2:"id";s:1:"1";s:8:"username";s:5:"admin";s:8:"password";s:40:"d033e22ae348aeb5660fc2140aec35850c4da997";s:9:"firstname";s:4:"Amir";s:8:"lastname";s:6:"Cherif";s:13:"date_of_birth";N;s:5:"phone";N;s:5:"email";s:21:"montassar@amhsoft.com";s:6:"mobile";s:8:"21883580";s:3:"fax";N;s:5:"state";s:1:"1";s:16:"create_date_time";N;s:16:"update_date_time";s:19:"2012-11-22 18:33:59";s:6:"notice";N;s:7:"address";s:2:"23";s:10:"postalcode";N;s:4:"city";s:5:"Gafsa";s:8:"province";s:4:"Ksar";s:7:"country";s:7:"Tunisie";s:13:"lastLoginDate";s:19:"2012-10-31 07:46:41";s:13:"lastLoginHost";s:11:"81.22.22.31";s:9:"remote_id";N;s:13:"department_id";s:2:"27";s:5:"admin";s:1:"1";s:3:"msn";N;s:8:"facebook";N;s:7:"twitter";N;s:3:"icq";N;s:8:"whatsapp";N;s:10:"blackberry";N;s:5:"gmail";N;s:7:"role_id";s:1:"1";}', ''),
(951, 'a863b38d51b2f67033c22126a749043b', 'shopping_cart_id', 1440, '470', ''),
(952, 'a863b38d51b2f67033c22126a749043b', 'Frontend.logged_user_idententity', 1440, 'rick@amhsoft.com', ''),
(953, 'a863b38d51b2f67033c22126a749043b', 'Frontend.logged_user_object', 1440, 'O:8:"stdClass":15:{s:2:"id";s:4:"1197";s:4:"name";s:4:"Rick";s:8:"password";s:40:"7c4a8d09ca3762af61e59520943dc26494f8941b";s:6:"number";N;s:7:"telefon";N;s:6:"mobile";s:11:"05312801805";s:6:"email1";s:16:"rick@amhsoft.com";s:6:"email2";N;s:7:"country";s:3:"SAU";s:8:"province";s:13:"Niedersachsen";s:4:"city";s:12:"Braunschweig";s:6:"street";s:14:"Berlinerstr 15";s:7:"zipcode";s:5:"38104";s:18:"register_date_time";s:19:"2012-12-14 09:09:37";s:6:"dealer";s:1:"0";}', ''),
(954, 'a863b38d51b2f67033c22126a749043b', 'Backend.logged_user_idententity', 1440, 'admin', ''),
(955, 'a863b38d51b2f67033c22126a749043b', 'Backend.logged_user_object', 1440, 'O:8:"stdClass":32:{s:2:"id";s:1:"1";s:8:"username";s:5:"admin";s:8:"password";s:40:"d033e22ae348aeb5660fc2140aec35850c4da997";s:9:"firstname";s:4:"Amir";s:8:"lastname";s:6:"Cherif";s:13:"date_of_birth";N;s:5:"phone";N;s:5:"email";s:21:"montassar@amhsoft.com";s:6:"mobile";s:8:"21883580";s:3:"fax";N;s:5:"state";s:1:"1";s:16:"create_date_time";N;s:16:"update_date_time";s:19:"2012-11-22 18:33:59";s:6:"notice";N;s:7:"address";s:2:"23";s:10:"postalcode";N;s:4:"city";s:5:"Gafsa";s:8:"province";s:4:"Ksar";s:7:"country";s:7:"Tunisie";s:13:"lastLoginDate";s:19:"2012-10-31 07:46:41";s:13:"lastLoginHost";s:11:"81.22.22.31";s:9:"remote_id";N;s:13:"department_id";s:2:"27";s:5:"admin";s:1:"1";s:3:"msn";N;s:8:"facebook";N;s:7:"twitter";N;s:3:"icq";N;s:8:"whatsapp";N;s:10:"blackberry";N;s:5:"gmail";N;s:7:"role_id";s:1:"1";}', ''),
(956, '79c90b85b18cfad81f7d95dc85d02b53', 'shopping_cart_id', 1441, '471', ''),
(963, 'b628de2a18fcf8d6fec311c68ca3a278', 'shopping_cart_id', 1441, '472', ''),
(964, 'c0ec2aa2fb43b08024b001c736cead68', 'Backend.logged_user_idententity', 1441, 'admin', ''),
(965, 'c0ec2aa2fb43b08024b001c736cead68', 'Backend.logged_user_object', 1441, 'O:8:"stdClass":32:{s:2:"id";s:1:"1";s:8:"username";s:5:"admin";s:8:"password";s:40:"d033e22ae348aeb5660fc2140aec35850c4da997";s:9:"firstname";s:4:"Amir";s:8:"lastname";s:6:"Cherif";s:13:"date_of_birth";N;s:5:"phone";N;s:5:"email";s:21:"montassar@amhsoft.com";s:6:"mobile";s:8:"21883580";s:3:"fax";N;s:5:"state";s:1:"1";s:16:"create_date_time";N;s:16:"update_date_time";s:19:"2012-11-22 18:33:59";s:6:"notice";N;s:7:"address";s:2:"23";s:10:"postalcode";N;s:4:"city";s:5:"Gafsa";s:8:"province";s:4:"Ksar";s:7:"country";s:7:"Tunisie";s:13:"lastLoginDate";s:19:"2012-10-31 07:46:41";s:13:"lastLoginHost";s:11:"81.22.22.31";s:9:"remote_id";N;s:13:"department_id";s:2:"27";s:5:"admin";s:1:"1";s:3:"msn";N;s:8:"facebook";N;s:7:"twitter";N;s:3:"icq";N;s:8:"whatsapp";N;s:10:"blackberry";N;s:5:"gmail";N;s:7:"role_id";s:1:"1";}', ''),
(970, 'c0ec2aa2fb43b08024b001c736cead68', 'Frontend.logged_user_idententity', 1440, 'rick@amhsoft.com', ''),
(971, 'c0ec2aa2fb43b08024b001c736cead68', 'Frontend.logged_user_object', 1440, 'O:8:"stdClass":15:{s:2:"id";s:4:"1197";s:4:"name";s:4:"Rick";s:8:"password";s:40:"7c4a8d09ca3762af61e59520943dc26494f8941b";s:6:"number";N;s:7:"telefon";N;s:6:"mobile";s:11:"05312801805";s:6:"email1";s:16:"rick@amhsoft.com";s:6:"email2";N;s:7:"country";s:3:"SAU";s:8:"province";s:13:"Niedersachsen";s:4:"city";s:12:"Braunschweig";s:6:"street";s:14:"Berlinerstr 15";s:7:"zipcode";s:5:"38104";s:18:"register_date_time";s:19:"2012-12-14 09:09:37";s:6:"dealer";s:1:"0";}', ''),
(972, 'c0ec2aa2fb43b08024b001c736cead68', 'shopping_cart_id', 1440, '473', ''),
(973, '4e61f30ac896beff41e1ec3a49d63eaa', 'Backend.logged_user_idententity', 1441, 'admin', ''),
(974, '4e61f30ac896beff41e1ec3a49d63eaa', 'Backend.logged_user_object', 1440, 'O:8:"stdClass":32:{s:2:"id";s:1:"1";s:8:"username";s:5:"admin";s:8:"password";s:40:"d033e22ae348aeb5660fc2140aec35850c4da997";s:9:"firstname";s:4:"Amir";s:8:"lastname";s:6:"Cherif";s:13:"date_of_birth";N;s:5:"phone";N;s:5:"email";s:21:"montassar@amhsoft.com";s:6:"mobile";s:8:"21883580";s:3:"fax";N;s:5:"state";s:1:"1";s:16:"create_date_time";N;s:16:"update_date_time";s:19:"2012-11-22 18:33:59";s:6:"notice";N;s:7:"address";s:2:"23";s:10:"postalcode";N;s:4:"city";s:5:"Gafsa";s:8:"province";s:4:"Ksar";s:7:"country";s:7:"Tunisie";s:13:"lastLoginDate";s:19:"2012-10-31 07:46:41";s:13:"lastLoginHost";s:11:"81.22.22.31";s:9:"remote_id";N;s:13:"department_id";s:2:"27";s:5:"admin";s:1:"1";s:3:"msn";N;s:8:"facebook";N;s:7:"twitter";N;s:3:"icq";N;s:8:"whatsapp";N;s:10:"blackberry";N;s:5:"gmail";N;s:7:"role_id";s:1:"1";}', ''),
(975, '79c90b85b18cfad81f7d95dc85d02b53', 'Backend.logged_user_idententity', 1441, 'admin', ''),
(976, '79c90b85b18cfad81f7d95dc85d02b53', 'Backend.logged_user_object', 1441, 'O:8:"stdClass":32:{s:2:"id";s:1:"1";s:8:"username";s:5:"admin";s:8:"password";s:40:"d033e22ae348aeb5660fc2140aec35850c4da997";s:9:"firstname";s:4:"Amir";s:8:"lastname";s:6:"Cherif";s:13:"date_of_birth";N;s:5:"phone";N;s:5:"email";s:21:"montassar@amhsoft.com";s:6:"mobile";s:8:"21883580";s:3:"fax";N;s:5:"state";s:1:"1";s:16:"create_date_time";N;s:16:"update_date_time";s:19:"2012-11-22 18:33:59";s:6:"notice";N;s:7:"address";s:2:"23";s:10:"postalcode";N;s:4:"city";s:5:"Gafsa";s:8:"province";s:4:"Ksar";s:7:"country";s:7:"Tunisie";s:13:"lastLoginDate";s:19:"2012-10-31 07:46:41";s:13:"lastLoginHost";s:11:"81.22.22.31";s:9:"remote_id";N;s:13:"department_id";s:2:"27";s:5:"admin";s:1:"1";s:3:"msn";N;s:8:"facebook";N;s:7:"twitter";N;s:3:"icq";N;s:8:"whatsapp";N;s:10:"blackberry";N;s:5:"gmail";N;s:7:"role_id";s:1:"1";}', ''),
(977, 'a897f7a0f9f13812f13934753b1fd3a9', 'Backend.logged_user_idententity', 1440, 'admin', ''),
(978, 'a897f7a0f9f13812f13934753b1fd3a9', 'Backend.logged_user_object', 1440, 'O:8:"stdClass":32:{s:2:"id";s:1:"1";s:8:"username";s:5:"admin";s:8:"password";s:40:"d033e22ae348aeb5660fc2140aec35850c4da997";s:9:"firstname";s:4:"Amir";s:8:"lastname";s:6:"Cherif";s:13:"date_of_birth";N;s:5:"phone";N;s:5:"email";s:21:"montassar@amhsoft.com";s:6:"mobile";s:8:"21883580";s:3:"fax";N;s:5:"state";s:1:"1";s:16:"create_date_time";N;s:16:"update_date_time";s:19:"2012-11-22 18:33:59";s:6:"notice";N;s:7:"address";s:2:"23";s:10:"postalcode";N;s:4:"city";s:5:"Gafsa";s:8:"province";s:4:"Ksar";s:7:"country";s:7:"Tunisie";s:13:"lastLoginDate";s:19:"2012-10-31 07:46:41";s:13:"lastLoginHost";s:11:"81.22.22.31";s:9:"remote_id";N;s:13:"department_id";s:2:"27";s:5:"admin";s:1:"1";s:3:"msn";N;s:8:"facebook";N;s:7:"twitter";N;s:3:"icq";N;s:8:"whatsapp";N;s:10:"blackberry";N;s:5:"gmail";N;s:7:"role_id";s:1:"1";}', ''),
(979, 'ec1a918ba28b9d673fec5f2123e1f7fa', 'Backend.logged_user_idententity', 1441, 'admin', ''),
(980, 'ec1a918ba28b9d673fec5f2123e1f7fa', 'Backend.logged_user_object', 1441, 'O:8:"stdClass":32:{s:2:"id";s:1:"1";s:8:"username";s:5:"admin";s:8:"password";s:40:"d033e22ae348aeb5660fc2140aec35850c4da997";s:9:"firstname";s:4:"Amir";s:8:"lastname";s:6:"Cherif";s:13:"date_of_birth";N;s:5:"phone";N;s:5:"email";s:21:"montassar@amhsoft.com";s:6:"mobile";s:8:"21883580";s:3:"fax";N;s:5:"state";s:1:"1";s:16:"create_date_time";N;s:16:"update_date_time";s:19:"2012-11-22 18:33:59";s:6:"notice";N;s:7:"address";s:2:"23";s:10:"postalcode";N;s:4:"city";s:5:"Gafsa";s:8:"province";s:4:"Ksar";s:7:"country";s:7:"Tunisie";s:13:"lastLoginDate";s:19:"2012-10-31 07:46:41";s:13:"lastLoginHost";s:11:"81.22.22.31";s:9:"remote_id";N;s:13:"department_id";s:2:"27";s:5:"admin";s:1:"1";s:3:"msn";N;s:8:"facebook";N;s:7:"twitter";N;s:3:"icq";N;s:8:"whatsapp";N;s:10:"blackberry";N;s:5:"gmail";N;s:7:"role_id";s:1:"1";}', ''),
(981, '33064501a0198c300ea9d01cea987ca7', 'shopping_cart_id', 1441, '474', ''),
(982, 'd393a34c0b7eb5f20b28379e68185978', 'Backend.logged_user_idententity', 1441, 'admin', ''),
(983, 'd393a34c0b7eb5f20b28379e68185978', 'Backend.logged_user_object', 1441, 'O:8:"stdClass":32:{s:2:"id";s:1:"1";s:8:"username";s:5:"admin";s:8:"password";s:40:"d033e22ae348aeb5660fc2140aec35850c4da997";s:9:"firstname";s:4:"Amir";s:8:"lastname";s:6:"Cherif";s:13:"date_of_birth";N;s:5:"phone";N;s:5:"email";s:21:"montassar@amhsoft.com";s:6:"mobile";s:8:"21883580";s:3:"fax";N;s:5:"state";s:1:"1";s:16:"create_date_time";N;s:16:"update_date_time";s:19:"2012-11-22 18:33:59";s:6:"notice";N;s:7:"address";s:2:"23";s:10:"postalcode";N;s:4:"city";s:5:"Gafsa";s:8:"province";s:4:"Ksar";s:7:"country";s:7:"Tunisie";s:13:"lastLoginDate";s:19:"2012-10-31 07:46:41";s:13:"lastLoginHost";s:11:"81.22.22.31";s:9:"remote_id";N;s:13:"department_id";s:2:"27";s:5:"admin";s:1:"1";s:3:"msn";N;s:8:"facebook";N;s:7:"twitter";N;s:3:"icq";N;s:8:"whatsapp";N;s:10:"blackberry";N;s:5:"gmail";N;s:7:"role_id";s:1:"1";}', '');

-- --------------------------------------------------------

--
-- Tabellenstruktur für Tabelle `session_db`
--

DROP TABLE IF EXISTS `session_db`;
CREATE TABLE IF NOT EXISTS `session_db` (
  `session_id` varchar(32) NOT NULL DEFAULT '',
  `user_id` varchar(16) DEFAULT NULL,
  `date_created` datetime NOT NULL DEFAULT '0000-00-00 00:00:00',
  `session_data` longtext,
  PRIMARY KEY (`session_id`)
) ENGINE=MyISAM DEFAULT CHARSET=latin1;

--
-- Daten für Tabelle `session_db`
--


-- --------------------------------------------------------

--
-- Tabellenstruktur für Tabelle `setting`
--

DROP TABLE IF EXISTS `setting`;
CREATE TABLE IF NOT EXISTS `setting` (
  `id` int(11) NOT NULL AUTO_INCREMENT,
  `entity` varchar(255) COLLATE utf8_unicode_ci NOT NULL,
  `settingkey` varchar(255) COLLATE utf8_unicode_ci NOT NULL,
  PRIMARY KEY (`id`)
) ENGINE=InnoDB  DEFAULT CHARSET=utf8 COLLATE=utf8_unicode_ci AUTO_INCREMENT=27 ;

--
-- Daten für Tabelle `setting`
--

INSERT INTO `setting` (`id`, `entity`, `settingkey`) VALUES
(2, 'saleorder', 'sale_order_state_accepted'),
(3, 'saleorder', 'sale_order_state_open'),
(4, 'saleorder', 'sale_order_state_created'),
(5, 'saleorder', 'sale_order_state_accepted'),
(6, 'saleorder', 'sale_order_state_open'),
(7, 'saleorder', 'sale_order_state_created'),
(8, 'saleorder', 'sale_order_state_accepted'),
(9, 'saleorder', 'sale_order_state_open'),
(10, 'saleorder', 'sale_order_state_created'),
(11, 'saleorder', 'sale_order_state_accepted'),
(12, 'saleorder', 'sale_order_state_open'),
(13, 'saleorder', 'sale_order_state_created'),
(14, 'saleorder', 'sale_order_open_emailtemplate_notification'),
(15, 'saleorder', 'sale_order_closed_emailtemplate_notification'),
(16, 'saleorder', 'sale_order_created_emailtemplate_notification'),
(17, 'saleorder', 'sale_order_print_template'),
(18, 'saleorder', 'sale_order_policy'),
(19, 'saleorder', 'sale_order_state_accepted'),
(20, 'saleorder', 'sale_order_state_open'),
(21, 'saleorder', 'sale_order_state_created'),
(22, 'saleorder', 'sale_order_open_emailtemplate_notification'),
(23, 'saleorder', 'sale_order_closed_emailtemplate_notification'),
(24, 'saleorder', 'sale_order_created_emailtemplate_notification'),
(25, 'saleorder', 'sale_order_print_template'),
(26, 'saleorder', 'sale_order_policy');

-- --------------------------------------------------------

--
-- Tabellenstruktur für Tabelle `settings`
--

DROP TABLE IF EXISTS `settings`;
CREATE TABLE IF NOT EXISTS `settings` (
  `settings_key` varchar(255) COLLATE utf8_unicode_ci NOT NULL,
  `settings_value` longtext COLLATE utf8_unicode_ci,
  `hash_key` longtext COLLATE utf8_unicode_ci
) ENGINE=InnoDB DEFAULT CHARSET=utf8 COLLATE=utf8_unicode_ci;

--
-- Daten für Tabelle `settings`
--

INSERT INTO `settings` (`settings_key`, `settings_value`, `hash_key`) VALUES
('smtppassword', '', '628cce4b8d9b99ad354812084ade2eef');

-- --------------------------------------------------------

--
-- Tabellenstruktur für Tabelle `setting_lang`
--

DROP TABLE IF EXISTS `setting_lang`;
CREATE TABLE IF NOT EXISTS `setting_lang` (
  `setting_id` int(11) NOT NULL,
  `settingvalue` text COLLATE utf8_unicode_ci,
  `lang` varchar(3) COLLATE utf8_unicode_ci NOT NULL,
  KEY `setting_id` (`setting_id`)
) ENGINE=InnoDB DEFAULT CHARSET=utf8 COLLATE=utf8_unicode_ci;

--
-- Daten für Tabelle `setting_lang`
--

INSERT INTO `setting_lang` (`setting_id`, `settingvalue`, `lang`) VALUES
(2, '2', 'en'),
(2, '2', 'ar'),
(3, '1', 'en'),
(3, '1', 'ar'),
(4, '', 'en'),
(4, '', 'ar'),
(5, '2', 'en'),
(5, '2', 'ar'),
(6, '1', 'en'),
(6, '1', 'ar'),
(7, '1', 'en'),
(7, '1', 'ar'),
(8, '2', 'en'),
(8, '2', 'ar'),
(9, '1', 'en'),
(9, '1', 'ar'),
(10, '1', 'en'),
(10, '1', 'ar'),
(11, '2', 'en'),
(11, '2', 'ar'),
(12, '1', 'en'),
(12, '1', 'ar'),
(13, '1', 'en'),
(13, '1', 'ar'),
(14, '', 'en'),
(14, '', 'ar'),
(15, '', 'en'),
(15, '', 'ar'),
(16, '', 'en'),
(16, '', 'ar'),
(17, '33', 'en'),
(17, '33', 'ar'),
(18, 'ploicy', 'en'),
(18, 'ploicy', 'ar'),
(19, '2', 'en'),
(19, '2', 'ar'),
(20, '1', 'en'),
(20, '1', 'ar'),
(21, '1', 'en'),
(21, '1', 'ar'),
(22, '', 'en'),
(22, '', 'ar'),
(23, '', 'en'),
(23, '', 'ar'),
(24, '', 'en'),
(24, '', 'ar'),
(25, '33', 'en'),
(25, '33', 'ar'),
(26, 'Widerrufsrecht\r\nSie können Ihre Vertragserklärung innerhalb von 14 Tagen ohne Angabe von Gründen, in Textform (z.B. Brief, Fax, E-Mail), oder – wenn Ihnen die Sache vor Fristablauf überlassen wird – auch durch Rücksendung der Sache widerrufen. Die Frist beginnt nach Erhalt dieser Belehrung in Textform, jedoch nicht vor Eingang der Ware beim Empfänger und auch nicht vor Erfüllung unserer Informationspflichten gemäß Artikel 246 § 2 in Verbindung mit § 1 Absatz 1 und 2 EGBGB sowie unserer Pflichten gemäß § 312e Absatz 1 Satz 1 BGB in Verbindung mit Artikel 246 § 3 EGBGB, jedoch nicht, bevor der Kaufvertrag durch Ihre Billigung des gekauften Gegenstandes für Sie bindend geworden ist. Zur Wahrung der Widerrufsfrist genügt die rechtzeitige Absendung des Widerrufs oder der Sache. Der Widerruf oder die Rücksendung der Ware sind zu richten an: bonprix Handelsgesellschaft mbH, 20082 Hamburg. \r\n\r\nDie Rücksendung paketfähiger Ware kann auch durch Abgabe in einem PaketShop erfolgen (Die Adressen nennt Ihnen gerne unsere Kundenbetreuung unter Telefon: 0180-51020 (Anrufkosten: 0,14 Euro/Minute, Festnetz/ Mobilfunk max. 0,42 Euro/Minute oder schauen Sie ins Internet unter www.bonprix.de) oder an Hermes, der die Ware bei Ihnen abholt - Telefon: 0900 1 102033 (Anrufkosten: 0,62 Euro/Minute, Festnetz / Mobilfunkpreise abweichend).', 'en'),
(26, 'Widerrufsrecht\r\nSie können Ihre Vertragserklärung innerhalb von 14 Tagen ohne Angabe von Gründen, in Textform (z.B. Brief, Fax, E-Mail), oder – wenn Ihnen die Sache vor Fristablauf überlassen wird – auch durch Rücksendung der Sache widerrufen. Die Frist beginnt nach Erhalt dieser Belehrung in Textform, jedoch nicht vor Eingang der Ware beim Empfänger und auch nicht vor Erfüllung unserer Informationspflichten gemäß Artikel 246 § 2 in Verbindung mit § 1 Absatz 1 und 2 EGBGB sowie unserer Pflichten gemäß § 312e Absatz 1 Satz 1 BGB in Verbindung mit Artikel 246 § 3 EGBGB, jedoch nicht, bevor der Kaufvertrag durch Ihre Billigung des gekauften Gegenstandes für Sie bindend geworden ist. Zur Wahrung der Widerrufsfrist genügt die rechtzeitige Absendung des Widerrufs oder der Sache. Der Widerruf oder die Rücksendung der Ware sind zu richten an: bonprix Handelsgesellschaft mbH, 20082 Hamburg. \r\n\r\nDie Rücksendung paketfähiger Ware kann auch durch Abgabe in einem PaketShop erfolgen (Die Adressen nennt Ihnen gerne unsere Kundenbetreuung unter Telefon: 0180-51020 (Anrufkosten: 0,14 Euro/Minute, Festnetz/ Mobilfunk max. 0,42 Euro/Minute oder schauen Sie ins Internet unter www.bonprix.de) oder an Hermes, der die Ware bei Ihnen abholt - Telefon: 0900 1 102033 (Anrufkosten: 0,62 Euro/Minute, Festnetz / Mobilfunkpreise abweichend).', 'ar');

-- --------------------------------------------------------

--
-- Tabellenstruktur für Tabelle `shipping`
--

DROP TABLE IF EXISTS `shipping`;
CREATE TABLE IF NOT EXISTS `shipping` (
  `id` int(11) NOT NULL AUTO_INCREMENT,
  `min_order_amount` double(12,4) DEFAULT NULL,
  `sortid` int(11) DEFAULT NULL,
  `cost` double(12,3) DEFAULT NULL,
  `cost_type` int(1) DEFAULT NULL,
  `packaging_cost` decimal(8,3) DEFAULT NULL,
  `packaging_cost_type` int(1) DEFAULT NULL,
  `shipping_type_id` int(11) DEFAULT NULL,
  `state` tinyint(1) NOT NULL,
  `image_id` int(11) DEFAULT NULL,
  PRIMARY KEY (`id`),
  KEY `fk_shipping_shipping_type1` (`shipping_type_id`),
  KEY `fk_shipping_document1` (`image_id`)
) ENGINE=InnoDB  DEFAULT CHARSET=utf8 COLLATE=utf8_unicode_ci AUTO_INCREMENT=63 ;

--
-- Daten für Tabelle `shipping`
--

INSERT INTO `shipping` (`id`, `min_order_amount`, `sortid`, `cost`, `cost_type`, `packaging_cost`, `packaging_cost_type`, `shipping_type_id`, `state`, `image_id`) VALUES
(43, 50.0000, 0, 10.000, 2, 1.000, 1, 2, 1, NULL),
(44, NULL, NULL, NULL, 1, NULL, 1, 2, 1, NULL),
(45, 0.0000, NULL, NULL, 1, NULL, 1, 1, 1, NULL),
(46, 0.0000, NULL, NULL, 1, NULL, 1, 1, 1, NULL),
(47, 0.0000, NULL, NULL, 1, NULL, 1, 1, 1, NULL),
(48, 0.0000, NULL, NULL, 1, NULL, 1, 1, 1, NULL),
(49, 0.0000, NULL, NULL, 1, NULL, 1, 1, 1, NULL),
(50, NULL, NULL, NULL, 1, NULL, 1, 1, 1, NULL),
(51, NULL, NULL, NULL, 1, NULL, 1, 1, 1, NULL),
(52, NULL, NULL, NULL, 2, NULL, 2, 2, 1, NULL),
(53, NULL, NULL, NULL, 2, NULL, 2, 2, 1, NULL),
(54, NULL, NULL, NULL, 2, NULL, 2, 2, 1, NULL),
(55, NULL, NULL, NULL, 2, NULL, 2, 2, 1, NULL),
(56, NULL, NULL, NULL, 2, NULL, 2, 2, 1, NULL),
(57, NULL, NULL, NULL, 2, NULL, 2, 2, 1, NULL),
(58, NULL, NULL, NULL, 2, NULL, 2, 2, 1, NULL),
(59, NULL, NULL, NULL, 2, NULL, 2, 2, 1, NULL),
(60, NULL, NULL, NULL, 2, NULL, 2, 2, 1, NULL),
(61, 0.0000, NULL, NULL, 1, NULL, 1, 1, 1, NULL),
(62, NULL, NULL, NULL, 2, NULL, 2, 2, 1, NULL);

-- --------------------------------------------------------

--
-- Tabellenstruktur für Tabelle `shipping_has_country`
--

DROP TABLE IF EXISTS `shipping_has_country`;
CREATE TABLE IF NOT EXISTS `shipping_has_country` (
  `shipping_id` int(11) NOT NULL,
  `country_code` varchar(3) COLLATE utf8_unicode_ci NOT NULL,
  KEY `country_code` (`country_code`),
  KEY `shipping_id` (`shipping_id`)
) ENGINE=InnoDB DEFAULT CHARSET=utf8 COLLATE=utf8_unicode_ci;

--
-- Daten für Tabelle `shipping_has_country`
--

INSERT INTO `shipping_has_country` (`shipping_id`, `country_code`) VALUES
(59, 'ARE'),
(60, 'ARE'),
(62, 'ARE'),
(62, 'YEM'),
(62, 'MRT'),
(62, 'PSE'),
(43, 'ALL'),
(44, 'BHR'),
(44, 'SAU'),
(44, 'DEU'),
(44, 'TUN'),
(44, 'KAT');

-- --------------------------------------------------------

--
-- Tabellenstruktur für Tabelle `shipping_lang`
--

DROP TABLE IF EXISTS `shipping_lang`;
CREATE TABLE IF NOT EXISTS `shipping_lang` (
  `title` varchar(255) COLLATE utf8_unicode_ci NOT NULL,
  `error_message` longtext COLLATE utf8_unicode_ci,
  `shipping_id` int(11) NOT NULL,
  `lang` varchar(3) COLLATE utf8_unicode_ci NOT NULL,
  `description` text COLLATE utf8_unicode_ci,
  KEY `fk_table1_shipping1` (`shipping_id`)
) ENGINE=InnoDB DEFAULT CHARSET=utf8 COLLATE=utf8_unicode_ci;

--
-- Daten für Tabelle `shipping_lang`
--

INSERT INTO `shipping_lang` (`title`, `error_message`, `shipping_id`, `lang`, `description`) VALUES
('ttttt', NULL, 43, 'AR', NULL),
('DHL International', NULL, 43, 'EN', NULL),
('Deutsche POST Arabic', NULL, 44, 'AR', NULL),
('Deutsche POST', NULL, 44, 'EN', NULL),
('adasdads', NULL, 45, 'en', NULL),
('adasdads', NULL, 45, 'ar', NULL),
('adasdads', NULL, 46, 'en', NULL),
('adasdads', NULL, 46, 'ar', NULL),
('adasdads', NULL, 47, 'en', NULL),
('adasdads', NULL, 47, 'ar', NULL),
('adasdads', NULL, 48, 'en', NULL),
('adasdads', NULL, 48, 'ar', NULL),
('adasdads', NULL, 49, 'en', NULL),
('adasdads', NULL, 49, 'ar', NULL),
('asdasdadasdasdasd', NULL, 50, 'en', NULL),
('asdasdadasdasdasd', NULL, 50, 'ar', NULL),
('asdasdadasdasdasd', NULL, 51, 'en', NULL),
('asdasdadasdasdasd', NULL, 51, 'ar', NULL),
('asdasdadasd', NULL, 52, 'en', NULL),
('asdasdadasd', NULL, 52, 'ar', NULL),
('asdasdadasd', NULL, 53, 'en', NULL),
('asdasdadasd', NULL, 53, 'ar', NULL),
('asdasdadasd', NULL, 54, 'en', NULL),
('asdasdadasd', NULL, 54, 'ar', NULL),
('asdasdadasd', NULL, 55, 'en', NULL),
('asdasdadasd', NULL, 55, 'ar', NULL),
('asdasdadasd', NULL, 56, 'en', NULL),
('asdasdadasd', NULL, 56, 'ar', NULL),
('asdasdadasd', NULL, 57, 'en', NULL),
('asdasdadasd', NULL, 57, 'ar', NULL),
('asdasdadasd', NULL, 58, 'en', NULL),
('asdasdadasd', NULL, 58, 'ar', NULL),
('asdasdadasd', NULL, 59, 'en', NULL),
('asdasdadasd', NULL, 59, 'ar', NULL),
('asdasdadasd', NULL, 60, 'en', NULL),
('asdasdadasd', NULL, 60, 'ar', NULL),
('adasdads', NULL, 61, 'en', NULL),
('adasdads', NULL, 61, 'ar', NULL),
('asdasdadasd', NULL, 62, 'en', NULL),
('asdasdadasd', NULL, 62, 'ar', NULL);

-- --------------------------------------------------------

--
-- Tabellenstruktur für Tabelle `shipping_type`
--

DROP TABLE IF EXISTS `shipping_type`;
CREATE TABLE IF NOT EXISTS `shipping_type` (
  `id` int(11) NOT NULL AUTO_INCREMENT,
  PRIMARY KEY (`id`)
) ENGINE=InnoDB  DEFAULT CHARSET=utf8 COLLATE=utf8_unicode_ci AUTO_INCREMENT=3 ;

--
-- Daten für Tabelle `shipping_type`
--

INSERT INTO `shipping_type` (`id`) VALUES
(1),
(2);

-- --------------------------------------------------------

--
-- Tabellenstruktur für Tabelle `shipping_type_lang`
--

DROP TABLE IF EXISTS `shipping_type_lang`;
CREATE TABLE IF NOT EXISTS `shipping_type_lang` (
  `name` varchar(255) COLLATE utf8_unicode_ci NOT NULL,
  `shipping_type_id` int(11) NOT NULL,
  `lang` varchar(3) COLLATE utf8_unicode_ci NOT NULL,
  KEY `fk_shipping_type_lang_shipping_type1` (`shipping_type_id`)
) ENGINE=InnoDB DEFAULT CHARSET=utf8 COLLATE=utf8_unicode_ci;

--
-- Daten für Tabelle `shipping_type_lang`
--

INSERT INTO `shipping_type_lang` (`name`, `shipping_type_id`, `lang`) VALUES
('Free Shipping', 1, 'EN'),
('Flatrate Shipping', 2, 'en');

-- --------------------------------------------------------

--
-- Tabellenstruktur für Tabelle `shoppingcart`
--

DROP TABLE IF EXISTS `shoppingcart`;
CREATE TABLE IF NOT EXISTS `shoppingcart` (
  `id` int(11) NOT NULL AUTO_INCREMENT,
  `expire` int(11) DEFAULT NULL,
  `total` double(12,3) DEFAULT NULL,
  `shippingcost` double(12,3) DEFAULT NULL,
  `account_id` int(11) DEFAULT NULL,
  `shipping_address_id` int(11) DEFAULT NULL,
  `invoice_address_id` int(11) DEFAULT NULL,
  `shipping_id` int(11) DEFAULT NULL,
  `payment_id` int(11) DEFAULT NULL,
  `comment` text COLLATE utf8_unicode_ci,
  PRIMARY KEY (`id`),
  KEY `fk_shoppingcart_account1` (`account_id`),
  KEY `fk_shoppingcart_address1` (`shipping_address_id`),
  KEY `fk_shoppingcart_address2` (`invoice_address_id`),
  KEY `fk_shoppingcart_shipping1` (`shipping_id`),
  KEY `fk_shoppingcart_payment1` (`payment_id`)
) ENGINE=InnoDB  DEFAULT CHARSET=utf8 COLLATE=utf8_unicode_ci AUTO_INCREMENT=475 ;

--
-- Daten für Tabelle `shoppingcart`
--

INSERT INTO `shoppingcart` (`id`, `expire`, `total`, `shippingcost`, `account_id`, `shipping_address_id`, `invoice_address_id`, `shipping_id`, `payment_id`, `comment`) VALUES
(454, NULL, NULL, NULL, NULL, NULL, NULL, NULL, NULL, NULL),
(455, NULL, NULL, NULL, 601, 7, 6, 43, 16, NULL),
(457, NULL, NULL, NULL, 601, 7, 6, 44, 14, NULL),
(458, NULL, NULL, NULL, 601, 7, 6, 43, 14, NULL),
(459, NULL, NULL, NULL, 601, 7, 6, 44, 15, NULL),
(460, NULL, NULL, NULL, 601, 7, 6, 44, 10, NULL),
(461, NULL, NULL, NULL, 601, 7, 6, 44, 16, NULL),
(462, NULL, NULL, NULL, 601, 7, 6, 44, 10, NULL),
(463, NULL, NULL, NULL, 1197, 26, 25, 44, 14, NULL),
(464, NULL, NULL, NULL, 1197, 26, 25, 44, 11, NULL),
(465, NULL, NULL, NULL, 1197, 26, 25, 43, 10, NULL),
(466, NULL, NULL, NULL, 1197, 26, 25, 43, 10, NULL),
(467, NULL, NULL, NULL, NULL, 26, 25, NULL, NULL, NULL),
(468, NULL, NULL, NULL, NULL, NULL, NULL, NULL, NULL, NULL),
(469, NULL, 40.000, 11.000, 1197, 26, 25, 43, 10, NULL),
(470, NULL, 80.000, 11.000, 1197, 26, 25, 43, 16, NULL),
(471, NULL, NULL, NULL, NULL, NULL, NULL, NULL, NULL, NULL),
(472, NULL, NULL, NULL, NULL, NULL, NULL, NULL, NULL, NULL),
(473, NULL, 38.000, 11.000, 1197, 26, 25, 43, 10, NULL),
(474, NULL, NULL, NULL, NULL, NULL, NULL, NULL, NULL, NULL);

-- --------------------------------------------------------

--
-- Tabellenstruktur für Tabelle `shoppingcart_has_product`
--

DROP TABLE IF EXISTS `shoppingcart_has_product`;
CREATE TABLE IF NOT EXISTS `shoppingcart_has_product` (
  `shoppingcart_id` int(11) NOT NULL,
  `product_id` int(11) NOT NULL,
  `quantity_in_cart` int(11) DEFAULT '1',
  PRIMARY KEY (`shoppingcart_id`,`product_id`),
  KEY `fk_shoppingcart_has_product_product1` (`product_id`),
  KEY `fk_shoppingcart_has_product_shoppingcart1` (`shoppingcart_id`)
) ENGINE=InnoDB DEFAULT CHARSET=utf8 COLLATE=utf8_unicode_ci;

--
-- Daten für Tabelle `shoppingcart_has_product`
--

INSERT INTO `shoppingcart_has_product` (`shoppingcart_id`, `product_id`, `quantity_in_cart`) VALUES
(463, 8, 1),
(463, 12, 1),
(463, 16, 2),
(463, 25, 20),
(464, 10, 1),
(465, 12, 1),
(466, 21, 1),
(467, 10, 1),
(469, 16, 1),
(470, 22, 1),
(473, 18, 1);

-- --------------------------------------------------------

--
-- Tabellenstruktur für Tabelle `ticket`
--

DROP TABLE IF EXISTS `ticket`;
CREATE TABLE IF NOT EXISTS `ticket` (
  `id` int(11) NOT NULL AUTO_INCREMENT,
  `number` varchar(255) COLLATE utf8_unicode_ci DEFAULT NULL,
  `subject` varchar(255) COLLATE utf8_unicode_ci DEFAULT NULL,
  `content` text COLLATE utf8_unicode_ci,
  `person_id` int(11) NOT NULL,
  `user_id` int(11) DEFAULT NULL,
  `user_group_id` int(11) DEFAULT NULL,
  `insertat` datetime DEFAULT NULL,
  `ticket_priority_id` int(11) DEFAULT NULL,
  `ticket_type_id` int(11) DEFAULT NULL,
  `project_id` int(11) DEFAULT NULL,
  `updateat` datetime DEFAULT NULL,
  `ticket_state_id` int(11) DEFAULT NULL,
  `last_replay_time` datetime DEFAULT NULL,
  `last_replay_person_id` int(11) DEFAULT NULL,
  `last_replay_user_id` int(11) DEFAULT NULL,
  `last_replay_author_name` varchar(255) COLLATE utf8_unicode_ci DEFAULT NULL,
  PRIMARY KEY (`id`),
  KEY `fk_ticket_person1` (`person_id`),
  KEY `fk_ticket_user1` (`user_id`),
  KEY `fk_ticket_user_group1` (`user_group_id`),
  KEY `fk_ticket_ticket_priority1` (`ticket_priority_id`),
  KEY `fk_ticket_ticket_type1` (`ticket_type_id`),
  KEY `fk_ticket_project1` (`project_id`),
  KEY `fk_ticket_ticket_state1` (`ticket_state_id`)
) ENGINE=InnoDB DEFAULT CHARSET=utf8 COLLATE=utf8_unicode_ci AUTO_INCREMENT=1 ;

--
-- Daten für Tabelle `ticket`
--


-- --------------------------------------------------------

--
-- Tabellenstruktur für Tabelle `ticket_comment`
--

DROP TABLE IF EXISTS `ticket_comment`;
CREATE TABLE IF NOT EXISTS `ticket_comment` (
  `id` int(11) NOT NULL AUTO_INCREMENT,
  `comment` text COLLATE utf8_unicode_ci,
  `ticket_id` int(11) NOT NULL,
  `author_name` varchar(255) COLLATE utf8_unicode_ci DEFAULT NULL,
  `insertat` date DEFAULT NULL,
  PRIMARY KEY (`id`),
  KEY `fk_ticket_comment_ticket1` (`ticket_id`)
) ENGINE=InnoDB DEFAULT CHARSET=utf8 COLLATE=utf8_unicode_ci AUTO_INCREMENT=1 ;

--
-- Daten für Tabelle `ticket_comment`
--


-- --------------------------------------------------------

--
-- Tabellenstruktur für Tabelle `ticket_has_document`
--

DROP TABLE IF EXISTS `ticket_has_document`;
CREATE TABLE IF NOT EXISTS `ticket_has_document` (
  `ticket_id` int(11) NOT NULL,
  `document_id` int(11) NOT NULL,
  PRIMARY KEY (`ticket_id`,`document_id`),
  KEY `fk_ticket_has_document_document1` (`document_id`),
  KEY `fk_ticket_has_document_ticket1` (`ticket_id`)
) ENGINE=InnoDB DEFAULT CHARSET=utf8 COLLATE=utf8_unicode_ci;

--
-- Daten für Tabelle `ticket_has_document`
--


-- --------------------------------------------------------

--
-- Tabellenstruktur für Tabelle `ticket_priority`
--

DROP TABLE IF EXISTS `ticket_priority`;
CREATE TABLE IF NOT EXISTS `ticket_priority` (
  `id` int(11) NOT NULL AUTO_INCREMENT,
  `name` varchar(255) COLLATE utf8_unicode_ci DEFAULT NULL,
  `alias` varchar(255) COLLATE utf8_unicode_ci DEFAULT NULL,
  PRIMARY KEY (`id`)
) ENGINE=InnoDB  DEFAULT CHARSET=utf8 COLLATE=utf8_unicode_ci AUTO_INCREMENT=19 ;

--
-- Daten für Tabelle `ticket_priority`
--

INSERT INTO `ticket_priority` (`id`, `name`, `alias`) VALUES
(1, 'Hight', 'Hight'),
(18, 'Normal', 'Normal');

-- --------------------------------------------------------

--
-- Tabellenstruktur für Tabelle `ticket_replay`
--

DROP TABLE IF EXISTS `ticket_replay`;
CREATE TABLE IF NOT EXISTS `ticket_replay` (
  `id` int(11) NOT NULL AUTO_INCREMENT,
  `content` text COLLATE utf8_unicode_ci,
  `insertat` datetime DEFAULT NULL,
  `author_name` varchar(255) COLLATE utf8_unicode_ci DEFAULT NULL,
  `person_id` int(11) DEFAULT NULL,
  `user_id` int(11) DEFAULT NULL,
  `ticket_id` int(11) NOT NULL,
  PRIMARY KEY (`id`),
  KEY `fk_ticket_replay_person1` (`person_id`),
  KEY `fk_ticket_replay_user1` (`user_id`),
  KEY `fk_ticket_replay_ticket1` (`ticket_id`)
) ENGINE=InnoDB DEFAULT CHARSET=utf8 COLLATE=utf8_unicode_ci AUTO_INCREMENT=1 ;

--
-- Daten für Tabelle `ticket_replay`
--


-- --------------------------------------------------------

--
-- Tabellenstruktur für Tabelle `ticket_replay_has_document`
--

DROP TABLE IF EXISTS `ticket_replay_has_document`;
CREATE TABLE IF NOT EXISTS `ticket_replay_has_document` (
  `ticket_replay_id` int(11) NOT NULL,
  `document_id` int(11) NOT NULL,
  PRIMARY KEY (`ticket_replay_id`,`document_id`),
  KEY `fk_ticket_replay_has_document_document1` (`document_id`),
  KEY `fk_ticket_replay_has_document_ticket_replay1` (`ticket_replay_id`)
) ENGINE=InnoDB DEFAULT CHARSET=utf8 COLLATE=utf8_unicode_ci;

--
-- Daten für Tabelle `ticket_replay_has_document`
--


-- --------------------------------------------------------

--
-- Tabellenstruktur für Tabelle `ticket_state`
--

DROP TABLE IF EXISTS `ticket_state`;
CREATE TABLE IF NOT EXISTS `ticket_state` (
  `id` int(11) NOT NULL AUTO_INCREMENT,
  `name` varchar(255) COLLATE utf8_unicode_ci DEFAULT NULL,
  `alias` varchar(255) COLLATE utf8_unicode_ci DEFAULT NULL,
  PRIMARY KEY (`id`)
) ENGINE=InnoDB  DEFAULT CHARSET=utf8 COLLATE=utf8_unicode_ci AUTO_INCREMENT=19 ;

--
-- Daten für Tabelle `ticket_state`
--

INSERT INTO `ticket_state` (`id`, `name`, `alias`) VALUES
(17, 'Open', 'Open'),
(18, 'تم الرد', 'Waiting');

-- --------------------------------------------------------

--
-- Tabellenstruktur für Tabelle `ticket_type`
--

DROP TABLE IF EXISTS `ticket_type`;
CREATE TABLE IF NOT EXISTS `ticket_type` (
  `id` int(11) NOT NULL AUTO_INCREMENT,
  `name` varchar(255) COLLATE utf8_unicode_ci DEFAULT NULL,
  `alias` varchar(255) COLLATE utf8_unicode_ci DEFAULT NULL,
  PRIMARY KEY (`id`)
) ENGINE=InnoDB  DEFAULT CHARSET=utf8 COLLATE=utf8_unicode_ci AUTO_INCREMENT=19 ;

--
-- Daten für Tabelle `ticket_type`
--

INSERT INTO `ticket_type` (`id`, `name`, `alias`) VALUES
(1, 'Design', 'DESIGN'),
(18, 'BAC', 'BA');

-- --------------------------------------------------------

--
-- Tabellenstruktur für Tabelle `user`
--

DROP TABLE IF EXISTS `user`;
CREATE TABLE IF NOT EXISTS `user` (
  `id` int(11) NOT NULL AUTO_INCREMENT,
  `username` varchar(64) COLLATE utf8_unicode_ci DEFAULT '',
  `password` varchar(64) COLLATE utf8_unicode_ci DEFAULT '',
  `firstname` varchar(64) COLLATE utf8_unicode_ci DEFAULT NULL,
  `lastname` varchar(64) COLLATE utf8_unicode_ci DEFAULT NULL,
  `date_of_birth` date DEFAULT NULL,
  `phone` varchar(64) COLLATE utf8_unicode_ci DEFAULT NULL,
  `email` varchar(64) COLLATE utf8_unicode_ci NOT NULL DEFAULT '',
  `mobile` varchar(64) COLLATE utf8_unicode_ci DEFAULT NULL,
  `fax` varchar(64) COLLATE utf8_unicode_ci DEFAULT NULL,
  `state` tinyint(1) DEFAULT '1',
  `create_date_time` datetime DEFAULT NULL,
  `update_date_time` datetime DEFAULT NULL,
  `notice` text COLLATE utf8_unicode_ci,
  `address` varchar(255) COLLATE utf8_unicode_ci DEFAULT NULL,
  `postalcode` varchar(64) COLLATE utf8_unicode_ci DEFAULT NULL,
  `city` varchar(128) COLLATE utf8_unicode_ci DEFAULT NULL,
  `province` varchar(255) COLLATE utf8_unicode_ci DEFAULT NULL,
  `country` varchar(255) COLLATE utf8_unicode_ci DEFAULT NULL,
  `lastLoginDate` datetime DEFAULT NULL,
  `lastLoginHost` varchar(255) COLLATE utf8_unicode_ci DEFAULT NULL,
  `remote_id` int(11) DEFAULT NULL,
  `department_id` int(11) DEFAULT NULL,
  `admin` tinyint(4) DEFAULT NULL,
  `msn` varchar(255) COLLATE utf8_unicode_ci DEFAULT NULL,
  `facebook` varchar(255) COLLATE utf8_unicode_ci DEFAULT NULL,
  `twitter` varchar(255) COLLATE utf8_unicode_ci DEFAULT NULL,
  `icq` varchar(255) COLLATE utf8_unicode_ci DEFAULT NULL,
  `whatsapp` varchar(255) COLLATE utf8_unicode_ci DEFAULT NULL,
  `blackberry` varchar(255) COLLATE utf8_unicode_ci DEFAULT NULL,
  `gmail` varchar(255) COLLATE utf8_unicode_ci DEFAULT NULL,
  `role_id` int(11) NOT NULL,
  PRIMARY KEY (`id`),
  KEY `group_id` (`username`),
  KEY `fk_user_department1` (`department_id`)
) ENGINE=InnoDB  DEFAULT CHARSET=utf8 COLLATE=utf8_unicode_ci AUTO_INCREMENT=14 ;

--
-- Daten für Tabelle `user`
--

INSERT INTO `user` (`id`, `username`, `password`, `firstname`, `lastname`, `date_of_birth`, `phone`, `email`, `mobile`, `fax`, `state`, `create_date_time`, `update_date_time`, `notice`, `address`, `postalcode`, `city`, `province`, `country`, `lastLoginDate`, `lastLoginHost`, `remote_id`, `department_id`, `admin`, `msn`, `facebook`, `twitter`, `icq`, `whatsapp`, `blackberry`, `gmail`, `role_id`) VALUES
(1, 'admin', 'd033e22ae348aeb5660fc2140aec35850c4da997', 'Amir', 'Cherif', NULL, NULL, 'montassar@amhsoft.com', '21883580', NULL, 1, NULL, '2012-11-22 18:33:59', NULL, '23', NULL, 'Gafsa', 'Ksar', 'Tunisie', '2012-10-31 07:46:41', '81.22.22.31', NULL, 27, 1, NULL, NULL, NULL, NULL, NULL, NULL, NULL, 1),
(2, 'Ghada', '******', 'Ghada', 'Rawi', NULL, NULL, 'ghada@amhsoft.com', '00495312801805', NULL, 1, NULL, '2012-11-21 14:42:26', NULL, 'Berlinerstr 52j', NULL, 'Braunschweig', 'Niedersachsen', 'Germany', '2012-04-19 11:24:05', 'cherif-lap', NULL, 27, 0, NULL, NULL, NULL, NULL, NULL, NULL, NULL, 4),
(3, 'Meriem', '7c4a8d09ca3762af61e59520943dc26494f8941b', 'Meriem', 'Sayah', NULL, NULL, 'm.sayah@amhsoft.com', '00495312801805', NULL, 1, NULL, '2012-11-22 13:15:21', NULL, 'Berlinerstr 52j', NULL, 'Braunschweig', 'Niedersachsen', 'Germany', NULL, NULL, NULL, 27, 0, NULL, NULL, NULL, NULL, NULL, NULL, NULL, 4),
(4, 'Rostom', '7c4a8d09ca3762af61e59520943dc26494f8941b', 'Rostom', ' Kilani', NULL, NULL, 'rostom@amhsoft.com', '00495312801805', NULL, 1, NULL, NULL, NULL, 'Berlinerstr 52j', NULL, 'Braunschweig', 'Niedersachsen', 'Germany', NULL, NULL, NULL, NULL, 0, NULL, NULL, NULL, NULL, NULL, NULL, NULL, 0),
(5, 'Amir', '******', 'Amir', 'Cherif', NULL, NULL, 'amir.cherif@amhsoft.com', '00495312801805', NULL, 1, NULL, '2012-11-22 08:54:43', NULL, 'Berlinerstr 52j', NULL, 'Braunschweig', 'Niedersachsen', 'Germany', NULL, NULL, NULL, 27, 0, NULL, NULL, NULL, NULL, NULL, NULL, NULL, 4),
(11, 'testac', '482b9c56cd2eb18d4c80a85e33060544c3b9fd07', 'test', 'test', NULL, NULL, 'supsssdsrt@amhsoft.com', 'test', NULL, NULL, NULL, NULL, NULL, '23', NULL, 'Gafsa', NULL, 'Tunisie', NULL, NULL, NULL, NULL, 0, NULL, NULL, NULL, NULL, NULL, NULL, NULL, 0),
(12, 'support', '5bdcd3c0d4d24ae3e71b3b452a024c6324c7e4bb', 'support', 'support', NULL, NULL, 'support@amhsoft.com', 'support', NULL, NULL, NULL, NULL, NULL, 'support', NULL, 'support', NULL, 'support', NULL, NULL, NULL, NULL, 0, NULL, NULL, NULL, NULL, NULL, NULL, NULL, 0),
(13, 'username', '5baa61e4c9b93f3f0682250b6cf8331b7ee68fd8', 'firstname', 'lastname', NULL, NULL, 'support@amhsoft.com', 'mobile', 'fax', NULL, '2012-11-22 09:52:20', '2012-11-22 09:52:20', 'notice', 'address', 'postalcode', 'city', 'province', 'country', NULL, NULL, NULL, NULL, NULL, 'msn', 'facebook', 'twitter', 'icq', 'whatsapp', 'blackberry', 'gmail', 2);

-- --------------------------------------------------------

--
-- Tabellenstruktur für Tabelle `userpermission`
--

DROP TABLE IF EXISTS `userpermission`;
CREATE TABLE IF NOT EXISTS `userpermission` (
  `user_id` int(11) NOT NULL AUTO_INCREMENT,
  `page` varchar(64) COLLATE utf8_unicode_ci NOT NULL DEFAULT '',
  `restricted` int(1) DEFAULT '1',
  PRIMARY KEY (`user_id`),
  KEY `user_id` (`user_id`),
  KEY `page` (`page`)
) ENGINE=InnoDB DEFAULT CHARSET=utf8 COLLATE=utf8_unicode_ci AUTO_INCREMENT=1 ;

--
-- Daten für Tabelle `userpermission`
--


-- --------------------------------------------------------

--
-- Tabellenstruktur für Tabelle `user_data`
--

DROP TABLE IF EXISTS `user_data`;
CREATE TABLE IF NOT EXISTS `user_data` (
  `id` int(11) NOT NULL AUTO_INCREMENT,
  `key` varchar(64) COLLATE utf8_unicode_ci NOT NULL DEFAULT '',
  `val` int(1) NOT NULL DEFAULT '0',
  `desc` text COLLATE utf8_unicode_ci,
  PRIMARY KEY (`id`),
  KEY `key` (`key`)
) ENGINE=InnoDB  DEFAULT CHARSET=utf8 COLLATE=utf8_unicode_ci AUTO_INCREMENT=25 ;

--
-- Daten für Tabelle `user_data`
--

INSERT INTO `user_data` (`id`, `key`, `val`, `desc`) VALUES
(1, 'user_field_lastname', 1, NULL),
(2, 'user_field_firstname_required', 1, NULL),
(3, 'user_field_firstname', 1, NULL),
(4, 'user_field_lastname_required', 1, NULL),
(5, 'user_field_date_of_birth', 0, NULL),
(6, 'user_field_date_of_birth_required', 0, NULL),
(7, 'user_field_email', 1, NULL),
(8, 'user_field_email_required', 1, NULL),
(9, 'user_field_phone', 1, NULL),
(10, 'user_field_phone_required', 0, NULL),
(11, 'user_field_mobile', 1, NULL),
(12, 'user_field_mobile_required', 1, NULL),
(13, 'user_field_fax', 1, NULL),
(14, 'user_field_fax_required', 0, NULL),
(15, 'user_field_company', 0, NULL),
(16, 'user_field_company_required', 0, NULL),
(17, 'user_field_adress', 1, NULL),
(18, 'user_field_adress_required', 1, NULL),
(19, 'user_field_postalCode', 1, NULL),
(20, 'user_field_postalCode_required', 0, NULL),
(21, 'user_field_city', 1, NULL),
(22, 'user_field_city_required', 1, NULL),
(23, 'user_field_country', 1, NULL),
(24, 'user_field_country_required', 1, NULL);

-- --------------------------------------------------------

--
-- Tabellenstruktur für Tabelle `user_group`
--

DROP TABLE IF EXISTS `user_group`;
CREATE TABLE IF NOT EXISTS `user_group` (
  `id` int(11) NOT NULL AUTO_INCREMENT,
  `name` varchar(255) COLLATE utf8_unicode_ci DEFAULT NULL,
  `alias` varchar(255) COLLATE utf8_unicode_ci DEFAULT NULL,
  PRIMARY KEY (`id`)
) ENGINE=InnoDB  DEFAULT CHARSET=utf8 COLLATE=utf8_unicode_ci AUTO_INCREMENT=23 ;

--
-- Daten für Tabelle `user_group`
--

INSERT INTO `user_group` (`id`, `name`, `alias`) VALUES
(2, 'Marketing', 'EMP'),
(3, 'Developpers', 'DEV_GRP'),
(20, 'Designer', 'DEV_GRP1'),
(21, 'Sales', 'Sales'),
(22, 'Verkauf', 'Verkauf');

-- --------------------------------------------------------

--
-- Tabellenstruktur für Tabelle `user_group_has_user`
--

DROP TABLE IF EXISTS `user_group_has_user`;
CREATE TABLE IF NOT EXISTS `user_group_has_user` (
  `user_group_id` int(11) NOT NULL,
  `user_id` int(11) NOT NULL,
  PRIMARY KEY (`user_group_id`,`user_id`),
  KEY `fk_user_group_has_user_user1` (`user_id`),
  KEY `fk_user_group_has_user_user_group1` (`user_group_id`)
) ENGINE=InnoDB DEFAULT CHARSET=utf8 COLLATE=utf8_unicode_ci;

--
-- Daten für Tabelle `user_group_has_user`
--

INSERT INTO `user_group_has_user` (`user_group_id`, `user_id`) VALUES
(2, 1),
(3, 1),
(20, 1),
(22, 2),
(3, 3),
(21, 4),
(21, 5);

-- --------------------------------------------------------

--
-- Tabellenstruktur für Tabelle `variable_block`
--

DROP TABLE IF EXISTS `variable_block`;
CREATE TABLE IF NOT EXISTS `variable_block` (
  `id` int(11) NOT NULL AUTO_INCREMENT,
  `variable` varchar(255) COLLATE utf8_unicode_ci NOT NULL,
  `class` varchar(255) COLLATE utf8_unicode_ci NOT NULL,
  `function` varchar(255) COLLATE utf8_unicode_ci NOT NULL,
  `filter` varchar(255) COLLATE utf8_unicode_ci DEFAULT NULL,
  `path` varchar(255) COLLATE utf8_unicode_ci NOT NULL,
  PRIMARY KEY (`id`)
) ENGINE=InnoDB  DEFAULT CHARSET=utf8 COLLATE=utf8_unicode_ci AUTO_INCREMENT=6 ;

--
-- Daten für Tabelle `variable_block`
--

INSERT INTO `variable_block` (`id`, `variable`, `class`, `function`, `filter`, `path`) VALUES
(1, '{contact_form}', 'contactController', 'getBlock', '', 'controllers.contact'),
(3, '{last_added_cars}', 'vehicle', 'getBlockLastAddedCars', NULL, 'modules.vehicle.frontend.module'),
(4, '{list_cars}', 'vehicle', 'getBlockListCars', NULL, 'modules.vehicle.frontend.module'),
(5, '{popular_cars}', 'vehicle', 'getBlockPopularCars', NULL, 'modules.vehicle.frontend.module');

-- --------------------------------------------------------

--
-- Tabellenstruktur für Tabelle `workflow`
--

DROP TABLE IF EXISTS `workflow`;
CREATE TABLE IF NOT EXISTS `workflow` (
  `id` int(11) NOT NULL AUTO_INCREMENT,
  `eventname` varchar(255) COLLATE utf8_unicode_ci NOT NULL,
  `state` tinyint(1) DEFAULT NULL,
  `modelname` varchar(255) COLLATE utf8_unicode_ci NOT NULL,
  `trigger_name` varchar(255) COLLATE utf8_unicode_ci NOT NULL,
  PRIMARY KEY (`id`)
) ENGINE=InnoDB  DEFAULT CHARSET=utf8 COLLATE=utf8_unicode_ci AUTO_INCREMENT=7 ;

--
-- Daten für Tabelle `workflow`
--

INSERT INTO `workflow` (`id`, `eventname`, `state`, `modelname`, `trigger_name`) VALUES
(5, 'eventname', 1, 'modelname', 'after.eventname.modelname'),
(6, 'eventname', 1, 'modelname', 'after.eventname.modelname');

-- --------------------------------------------------------

--
-- Tabellenstruktur für Tabelle `workflow_action`
--

DROP TABLE IF EXISTS `workflow_action`;
CREATE TABLE IF NOT EXISTS `workflow_action` (
  `id` int(11) NOT NULL AUTO_INCREMENT,
  `type` varchar(64) COLLATE utf8_unicode_ci NOT NULL,
  `name` varchar(255) COLLATE utf8_unicode_ci NOT NULL,
  `template_id` int(11) NOT NULL,
  `workflow_id` int(11) NOT NULL,
  `state` tinyint(1) NOT NULL,
  PRIMARY KEY (`id`)
) ENGINE=InnoDB  DEFAULT CHARSET=utf8 COLLATE=utf8_unicode_ci AUTO_INCREMENT=2 ;

--
-- Daten für Tabelle `workflow_action`
--

INSERT INTO `workflow_action` (`id`, `type`, `name`, `template_id`, `workflow_id`, `state`) VALUES
(1, 'mail', 'send mail after registration', 22, 2, 1);

-- --------------------------------------------------------

--
-- Tabellenstruktur für Tabelle `workflow_condition`
--

DROP TABLE IF EXISTS `workflow_condition`;
CREATE TABLE IF NOT EXISTS `workflow_condition` (
  `id` int(11) NOT NULL AUTO_INCREMENT,
  `condition_left` varchar(255) COLLATE utf8_unicode_ci DEFAULT NULL,
  `condition_right` varchar(255) COLLATE utf8_unicode_ci DEFAULT NULL,
  `condition_op` varchar(255) COLLATE utf8_unicode_ci DEFAULT NULL,
  `state` tinyint(1) DEFAULT NULL,
  `workflow_id` int(11) NOT NULL,
  PRIMARY KEY (`id`),
  KEY `fk_workflow_condition_workflow1` (`workflow_id`)
) ENGINE=InnoDB DEFAULT CHARSET=utf8 COLLATE=utf8_unicode_ci AUTO_INCREMENT=1 ;

--
-- Daten für Tabelle `workflow_condition`
--


-- --------------------------------------------------------

--
-- Tabellenstruktur für Tabelle `workflow_lang`
--

DROP TABLE IF EXISTS `workflow_lang`;
CREATE TABLE IF NOT EXISTS `workflow_lang` (
  `workflow_id` int(11) NOT NULL,
  `name` varchar(255) COLLATE utf8_unicode_ci NOT NULL,
  `lang` varchar(255) COLLATE utf8_unicode_ci NOT NULL,
  KEY `fk_workflow_lang_workflow1` (`workflow_id`)
) ENGINE=InnoDB DEFAULT CHARSET=utf8 COLLATE=utf8_unicode_ci;

--
-- Daten für Tabelle `workflow_lang`
--

INSERT INTO `workflow_lang` (`workflow_id`, `name`, `lang`) VALUES
(5, 'notification_after_insert', 'en'),
(5, 'notification_after_insert', 'ar'),
(6, 'customer nofication afet enable vehicle', 'en'),
(6, 'customer nofication afet enable vehicle', 'ar');

-- --------------------------------------------------------

--
-- Tabellenstruktur für Tabelle `workflow_mail_action`
--

DROP TABLE IF EXISTS `workflow_mail_action`;
CREATE TABLE IF NOT EXISTS `workflow_mail_action` (
  `id` int(11) NOT NULL AUTO_INCREMENT,
  `from` varchar(255) COLLATE utf8_unicode_ci DEFAULT NULL,
  `to` varchar(255) COLLATE utf8_unicode_ci DEFAULT NULL,
  `bcc` varchar(255) COLLATE utf8_unicode_ci DEFAULT NULL,
  `state` tinyint(1) DEFAULT NULL,
  `workflow_id` int(11) NOT NULL,
  PRIMARY KEY (`id`),
  KEY `fk_workflow_mail_action_workflow1` (`workflow_id`)
) ENGINE=InnoDB DEFAULT CHARSET=utf8 COLLATE=utf8_unicode_ci AUTO_INCREMENT=1 ;

--
-- Daten für Tabelle `workflow_mail_action`
--


-- --------------------------------------------------------

--
-- Tabellenstruktur für Tabelle `workflow_mail_action_lang`
--

DROP TABLE IF EXISTS `workflow_mail_action_lang`;
CREATE TABLE IF NOT EXISTS `workflow_mail_action_lang` (
  `workflow_mail_action_id` int(11) NOT NULL,
  `subject` varchar(255) COLLATE utf8_unicode_ci DEFAULT NULL,
  `body` longtext COLLATE utf8_unicode_ci,
  `lang` varchar(45) COLLATE utf8_unicode_ci DEFAULT NULL,
  KEY `fk_workflow_mail_action_lang_workflow_mail_action1` (`workflow_mail_action_id`)
) ENGINE=InnoDB DEFAULT CHARSET=utf8 COLLATE=utf8_unicode_ci;

--
-- Daten für Tabelle `workflow_mail_action_lang`
--


-- --------------------------------------------------------

--
-- Tabellenstruktur für Tabelle `workflow_sms_action`
--

DROP TABLE IF EXISTS `workflow_sms_action`;
CREATE TABLE IF NOT EXISTS `workflow_sms_action` (
  `id` int(11) NOT NULL AUTO_INCREMENT,
  `from` varchar(255) COLLATE utf8_unicode_ci DEFAULT NULL,
  `phone` varchar(255) COLLATE utf8_unicode_ci DEFAULT NULL,
  `state` tinyint(1) DEFAULT NULL,
  `workflow_id` int(11) NOT NULL,
  PRIMARY KEY (`id`),
  KEY `fk_workflow_sms_action_workflow1` (`workflow_id`)
) ENGINE=InnoDB DEFAULT CHARSET=utf8 COLLATE=utf8_unicode_ci AUTO_INCREMENT=1 ;

--
-- Daten für Tabelle `workflow_sms_action`
--


-- --------------------------------------------------------

--
-- Tabellenstruktur für Tabelle `workflow_sms_action_lang`
--

DROP TABLE IF EXISTS `workflow_sms_action_lang`;
CREATE TABLE IF NOT EXISTS `workflow_sms_action_lang` (
  `workflow_sms_action_id` int(11) NOT NULL,
  `body` varchar(150) COLLATE utf8_unicode_ci DEFAULT NULL,
  `lang` varchar(45) COLLATE utf8_unicode_ci DEFAULT NULL,
  KEY `fk_workflow_sms_action_lang_workflow_sms_action1` (`workflow_sms_action_id`)
) ENGINE=InnoDB DEFAULT CHARSET=utf8 COLLATE=utf8_unicode_ci;

--
-- Daten für Tabelle `workflow_sms_action_lang`
--


--
-- Constraints der exportierten Tabellen
--

--
-- Constraints der Tabelle `cms_box_lang`
--
ALTER TABLE `cms_box_lang`
  ADD CONSTRAINT `fk_cms_box_lang_cms_box1` FOREIGN KEY (`cms_box_id`) REFERENCES `cms_box` (`id`) ON DELETE CASCADE ON UPDATE CASCADE;

--
-- Constraints der Tabelle `cms_main_menu_has_cms_site`
--
ALTER TABLE `cms_main_menu_has_cms_site`
  ADD CONSTRAINT `fk_cms_main_menu_has_cms_site_cms_main_menu1` FOREIGN KEY (`cms_main_menu_id`) REFERENCES `cms_main_menu` (`id`) ON DELETE CASCADE ON UPDATE CASCADE,
  ADD CONSTRAINT `fk_cms_main_menu_has_cms_site_cms_site1` FOREIGN KEY (`cms_site_id`) REFERENCES `cms_site` (`id`) ON DELETE CASCADE ON UPDATE CASCADE;

--
-- Constraints der Tabelle `cms_menu_item`
--
ALTER TABLE `cms_menu_item`
  ADD CONSTRAINT `cms_menu_item_ibfk_1` FOREIGN KEY (`parent_id`) REFERENCES `cms_menu_item` (`id`) ON DELETE CASCADE ON UPDATE CASCADE,
  ADD CONSTRAINT `fk_cms_menu_item_cms_main_menu1` FOREIGN KEY (`cms_main_menu_id`) REFERENCES `cms_main_menu` (`id`) ON DELETE CASCADE ON UPDATE CASCADE,
  ADD CONSTRAINT `fk_cms_menu_item_cms_page1` FOREIGN KEY (`cms_page_id`) REFERENCES `cms_page` (`id`) ON DELETE SET NULL ON UPDATE CASCADE;

--
-- Constraints der Tabelle `cms_menu_item_lang`
--
ALTER TABLE `cms_menu_item_lang`
  ADD CONSTRAINT `fk_cms_menu_lang_cms_menu1` FOREIGN KEY (`cms_menu_item_id`) REFERENCES `cms_menu_item` (`id`) ON DELETE CASCADE ON UPDATE CASCADE;

--
-- Constraints der Tabelle `cms_page`
--
ALTER TABLE `cms_page`
  ADD CONSTRAINT `fk_cms_page_cms_page_category1` FOREIGN KEY (`cms_page_category_id`) REFERENCES `cms_page_category` (`id`) ON DELETE SET NULL ON UPDATE CASCADE,
  ADD CONSTRAINT `fk_cms_page_cms_site1` FOREIGN KEY (`cms_site_id`) REFERENCES `cms_site` (`id`) ON DELETE SET NULL ON UPDATE CASCADE;

--
-- Constraints der Tabelle `cms_page_archive`
--
ALTER TABLE `cms_page_archive`
  ADD CONSTRAINT `fk_cms_page_archive_cms_page1` FOREIGN KEY (`cms_page_id`) REFERENCES `cms_page` (`id`) ON DELETE CASCADE ON UPDATE CASCADE;

--
-- Constraints der Tabelle `cms_page_category`
--
ALTER TABLE `cms_page_category`
  ADD CONSTRAINT `fk_cms_page_category_cms_page_category1` FOREIGN KEY (`parent_id`) REFERENCES `cms_page_category` (`id`) ON DELETE CASCADE ON UPDATE CASCADE;

--
-- Constraints der Tabelle `cms_page_category_lang`
--
ALTER TABLE `cms_page_category_lang`
  ADD CONSTRAINT `fk_cms_page_category_lang_cms_page_category1` FOREIGN KEY (`cms_page_category_id`) REFERENCES `cms_page_category` (`id`) ON DELETE CASCADE ON UPDATE CASCADE;

--
-- Constraints der Tabelle `cms_page_has_cms_block`
--
ALTER TABLE `cms_page_has_cms_block`
  ADD CONSTRAINT `fk_cms_page_has_cms_block_cms_block1` FOREIGN KEY (`cms_block_id`) REFERENCES `cms_block` (`id`) ON DELETE NO ACTION ON UPDATE NO ACTION,
  ADD CONSTRAINT `fk_cms_page_has_cms_block_cms_page1` FOREIGN KEY (`cms_page_id`) REFERENCES `cms_page` (`id`) ON DELETE NO ACTION ON UPDATE NO ACTION;

--
-- Constraints der Tabelle `cms_page_has_cms_box`
--
ALTER TABLE `cms_page_has_cms_box`
  ADD CONSTRAINT `fk_cms_page_has_cms_box_cms_box1` FOREIGN KEY (`cms_box_id`) REFERENCES `cms_box` (`id`) ON DELETE CASCADE ON UPDATE CASCADE,
  ADD CONSTRAINT `fk_cms_page_has_cms_box_cms_page1` FOREIGN KEY (`cms_page_id`) REFERENCES `cms_page` (`id`) ON DELETE CASCADE ON UPDATE CASCADE;

--
-- Constraints der Tabelle `cms_page_lang`
--
ALTER TABLE `cms_page_lang`
  ADD CONSTRAINT `fk_cms_page_lang_cms_page1` FOREIGN KEY (`cms_page_id`) REFERENCES `cms_page` (`id`) ON DELETE CASCADE ON UPDATE CASCADE;

--
-- Constraints der Tabelle `cms_site_has_cms_box`
--
ALTER TABLE `cms_site_has_cms_box`
  ADD CONSTRAINT `fk_cms_site_has_cms_box_cms_box1` FOREIGN KEY (`cms_box_id`) REFERENCES `cms_box` (`id`) ON DELETE CASCADE ON UPDATE CASCADE,
  ADD CONSTRAINT `fk_cms_site_has_cms_box_cms_site1` FOREIGN KEY (`cms_site_id`) REFERENCES `cms_site` (`id`) ON DELETE CASCADE ON UPDATE CASCADE;

--
-- Constraints der Tabelle `currency_lang`
--
ALTER TABLE `currency_lang`
  ADD CONSTRAINT `fk_currency_lang_currency1` FOREIGN KEY (`currency_id`) REFERENCES `currency` (`id`) ON DELETE CASCADE ON UPDATE CASCADE;

--
-- Constraints der Tabelle `email_template_lang`
--
ALTER TABLE `email_template_lang`
  ADD CONSTRAINT `fk_email_template_lang_email_template1` FOREIGN KEY (`email_template_id`) REFERENCES `email_template` (`id`) ON DELETE CASCADE ON UPDATE CASCADE;

--
-- Constraints der Tabelle `entity_attribute_datasource`
--
ALTER TABLE `entity_attribute_datasource`
  ADD CONSTRAINT `entity_attribute_datasource_ibfk_1` FOREIGN KEY (`entity_attribute_id`) REFERENCES `entity_attribute` (`id`) ON DELETE CASCADE ON UPDATE CASCADE;

--
-- Constraints der Tabelle `entity_attribute_datasource_lang`
--
ALTER TABLE `entity_attribute_datasource_lang`
  ADD CONSTRAINT `entity_attribute_datasource_lang_ibfk_1` FOREIGN KEY (`entity_attribute_datasource_id`) REFERENCES `entity_attribute_datasource` (`id`) ON DELETE CASCADE ON UPDATE CASCADE;

--
-- Constraints der Tabelle `entity_attribute_lang`
--
ALTER TABLE `entity_attribute_lang`
  ADD CONSTRAINT `fk_entity_attribute_lang_entity_attribute1` FOREIGN KEY (`entity_attribute_id`) REFERENCES `entity_attribute` (`id`) ON DELETE CASCADE ON UPDATE CASCADE;

--
-- Constraints der Tabelle `entity_attribute_value`
--
ALTER TABLE `entity_attribute_value`
  ADD CONSTRAINT `entity_attribute_value_ibfk_1` FOREIGN KEY (`entity_attribute_id`) REFERENCES `entity_attribute` (`id`) ON DELETE CASCADE ON UPDATE CASCADE;

--
-- Constraints der Tabelle `entity_attribute_value_lang`
--
ALTER TABLE `entity_attribute_value_lang`
  ADD CONSTRAINT `entity_attribute_value_lang_ibfk_1` FOREIGN KEY (`entity_attribute_value_id`) REFERENCES `entity_attribute_value` (`id`) ON DELETE CASCADE ON UPDATE CASCADE;

--
-- Constraints der Tabelle `entity_set_has_entity_attribute`
--
ALTER TABLE `entity_set_has_entity_attribute`
  ADD CONSTRAINT `entity_set_has_entity_attribute_ibfk_1` FOREIGN KEY (`entity_set_id`) REFERENCES `entity_set` (`id`) ON DELETE CASCADE ON UPDATE CASCADE,
  ADD CONSTRAINT `entity_set_has_entity_attribute_ibfk_2` FOREIGN KEY (`entity_attribute_id`) REFERENCES `entity_attribute` (`id`) ON DELETE CASCADE ON UPDATE CASCADE,
  ADD CONSTRAINT `entity_set_has_entity_attribute_ibfk_3` FOREIGN KEY (`entity_set_view_id`) REFERENCES `entity_set_view` (`id`) ON DELETE CASCADE ON UPDATE CASCADE;

--
-- Constraints der Tabelle `entity_set_view`
--
ALTER TABLE `entity_set_view`
  ADD CONSTRAINT `entity_set_view_ibfk_1` FOREIGN KEY (`entity_set_id`) REFERENCES `entity_set` (`id`) ON DELETE CASCADE ON UPDATE CASCADE;

--
-- Constraints der Tabelle `entity_set_view_lang`
--
ALTER TABLE `entity_set_view_lang`
  ADD CONSTRAINT `entity_set_view_lang_ibfk_1` FOREIGN KEY (`entity_set_view_id`) REFERENCES `entity_set_view` (`id`) ON DELETE CASCADE ON UPDATE CASCADE;

--
-- Constraints der Tabelle `inbox`
--
ALTER TABLE `inbox`
  ADD CONSTRAINT `fk_inbox_user1` FOREIGN KEY (`user_id`) REFERENCES `user` (`id`) ON DELETE NO ACTION ON UPDATE NO ACTION;

--
-- Constraints der Tabelle `locale_lang`
--
ALTER TABLE `locale_lang`
  ADD CONSTRAINT `locale_lang_ibfk_1` FOREIGN KEY (`locale_id`) REFERENCES `locale` (`id`) ON DELETE CASCADE ON UPDATE CASCADE;

--
-- Constraints der Tabelle `person`
--
ALTER TABLE `person`
  ADD CONSTRAINT `fk_person_account1` FOREIGN KEY (`account_id`) REFERENCES `account` (`id`) ON DELETE SET NULL ON UPDATE CASCADE,
  ADD CONSTRAINT `fk_person_person_group1` FOREIGN KEY (`person_group_id`) REFERENCES `person_group` (`id`) ON DELETE SET NULL ON UPDATE CASCADE;

--
-- Constraints der Tabelle `person_message`
--
ALTER TABLE `person_message`
  ADD CONSTRAINT `fk_person_message_person1` FOREIGN KEY (`person_id`) REFERENCES `person` (`id`) ON DELETE CASCADE ON UPDATE CASCADE,
  ADD CONSTRAINT `fk_person_message_user1` FOREIGN KEY (`user_id`) REFERENCES `user` (`id`) ON DELETE SET NULL ON UPDATE CASCADE;

--
-- Constraints der Tabelle `person_message_comment`
--
ALTER TABLE `person_message_comment`
  ADD CONSTRAINT `fk_person_message_comment_person_message1` FOREIGN KEY (`person_message_id`) REFERENCES `person_message` (`id`) ON DELETE CASCADE ON UPDATE CASCADE;

--
-- Constraints der Tabelle `print_template_lang`
--
ALTER TABLE `print_template_lang`
  ADD CONSTRAINT `print_template_lang_ibfk_1` FOREIGN KEY (`print_template_id`) REFERENCES `print_template` (`id`) ON DELETE CASCADE ON UPDATE CASCADE;

--
-- Constraints der Tabelle `product`
--
ALTER TABLE `product`
  ADD CONSTRAINT `product_ibfk_1` FOREIGN KEY (`entity_set_id`) REFERENCES `entity_set` (`id`) ON DELETE CASCADE ON UPDATE CASCADE;

--
-- Constraints der Tabelle `product_category`
--
ALTER TABLE `product_category`
  ADD CONSTRAINT `fk_product_category_image1` FOREIGN KEY (`image_id`) REFERENCES `image` (`id`) ON DELETE CASCADE ON UPDATE CASCADE,
  ADD CONSTRAINT `fk_product_category_product_category1` FOREIGN KEY (`parent_id`) REFERENCES `product_category` (`id`) ON DELETE SET NULL ON UPDATE CASCADE;

--
-- Constraints der Tabelle `product_comment`
--
ALTER TABLE `product_comment`
  ADD CONSTRAINT `fk_product_comment_product1` FOREIGN KEY (`product_id`) REFERENCES `product` (`id`) ON DELETE CASCADE ON UPDATE CASCADE;

--
-- Constraints der Tabelle `product_configuration`
--
ALTER TABLE `product_configuration`
  ADD CONSTRAINT `fk_product_configuration_product_set1` FOREIGN KEY (`product_set_id`) REFERENCES `entity_set` (`id`) ON DELETE CASCADE ON UPDATE CASCADE;

--
-- Constraints der Tabelle `product_configuration_has_product`
--
ALTER TABLE `product_configuration_has_product`
  ADD CONSTRAINT `fk_product_configuration_has_product_product1` FOREIGN KEY (`product_id`) REFERENCES `product` (`id`) ON DELETE CASCADE ON UPDATE CASCADE,
  ADD CONSTRAINT `fk_product_configuration_has_product_product_configuration1` FOREIGN KEY (`product_configuration_id`) REFERENCES `product_configuration` (`id`) ON DELETE CASCADE ON UPDATE CASCADE;

--
-- Constraints der Tabelle `product_configuration_has_product_attribute`
--
ALTER TABLE `product_configuration_has_product_attribute`
  ADD CONSTRAINT `fk_product_configuration_has_product_attribute_product_attrib1` FOREIGN KEY (`product_attribute_id`) REFERENCES `entity_attribute` (`id`) ON DELETE CASCADE ON UPDATE CASCADE,
  ADD CONSTRAINT `fk_product_configuration_has_product_attribute_product_config1` FOREIGN KEY (`product_configuration_id`) REFERENCES `product_configuration` (`id`) ON DELETE CASCADE ON UPDATE CASCADE;

--
-- Constraints der Tabelle `product_cross_selling`
--
ALTER TABLE `product_cross_selling`
  ADD CONSTRAINT `fk_product_has_product_product3` FOREIGN KEY (`product_id`) REFERENCES `product` (`id`) ON DELETE CASCADE ON UPDATE CASCADE,
  ADD CONSTRAINT `fk_product_has_product_product4` FOREIGN KEY (`cross_id`) REFERENCES `product` (`id`) ON DELETE CASCADE ON UPDATE CASCADE;

--
-- Constraints der Tabelle `product_hast_grouped_product`
--
ALTER TABLE `product_hast_grouped_product`
  ADD CONSTRAINT `fk_product_hast_grouped_product_product1` FOREIGN KEY (`grouped_id`) REFERENCES `product` (`id`) ON DELETE CASCADE ON UPDATE CASCADE,
  ADD CONSTRAINT `fk_product_hast_grouped_product_product2` FOREIGN KEY (`product_id`) REFERENCES `product` (`id`) ON DELETE CASCADE ON UPDATE CASCADE;

--
-- Constraints der Tabelle `product_has_document`
--
ALTER TABLE `product_has_document`
  ADD CONSTRAINT `fk_product_has_document_document1` FOREIGN KEY (`document_id`) REFERENCES `document` (`id`) ON DELETE CASCADE ON UPDATE CASCADE,
  ADD CONSTRAINT `fk_product_has_document_product1` FOREIGN KEY (`product_id`) REFERENCES `product` (`id`) ON DELETE CASCADE ON UPDATE CASCADE;

--
-- Constraints der Tabelle `product_has_image`
--
ALTER TABLE `product_has_image`
  ADD CONSTRAINT `fk_product_has_image_image1` FOREIGN KEY (`image_id`) REFERENCES `image` (`id`) ON DELETE CASCADE ON UPDATE CASCADE,
  ADD CONSTRAINT `fk_product_has_image_product1` FOREIGN KEY (`product_id`) REFERENCES `product` (`id`) ON DELETE CASCADE ON UPDATE CASCADE;

--
-- Constraints der Tabelle `product_has_product_category`
--
ALTER TABLE `product_has_product_category`
  ADD CONSTRAINT `fk_product_has_product_category_product1` FOREIGN KEY (`product_id`) REFERENCES `product` (`id`) ON DELETE CASCADE ON UPDATE CASCADE,
  ADD CONSTRAINT `fk_product_has_product_category_product_category1` FOREIGN KEY (`product_category_id`) REFERENCES `product_category` (`id`) ON DELETE CASCADE ON UPDATE CASCADE;

--
-- Constraints der Tabelle `product_has_related_product`
--
ALTER TABLE `product_has_related_product`
  ADD CONSTRAINT `fk_product_has_product_product1` FOREIGN KEY (`product_id`) REFERENCES `product` (`id`) ON DELETE CASCADE ON UPDATE CASCADE,
  ADD CONSTRAINT `fk_product_has_product_product2` FOREIGN KEY (`related_product_id`) REFERENCES `product` (`id`) ON DELETE CASCADE ON UPDATE CASCADE;

--
-- Constraints der Tabelle `product_lang`
--
ALTER TABLE `product_lang`
  ADD CONSTRAINT `fk_product_lang_product1` FOREIGN KEY (`product_id`) REFERENCES `product` (`id`) ON DELETE CASCADE ON UPDATE CASCADE;

--
-- Constraints der Tabelle `product_table_price`
--
ALTER TABLE `product_table_price`
  ADD CONSTRAINT `product_table_price_ibfk_1` FOREIGN KEY (`product_id`) REFERENCES `product` (`id`) ON DELETE CASCADE ON UPDATE CASCADE;

--
-- Constraints der Tabelle `product_up_selling`
--
ALTER TABLE `product_up_selling`
  ADD CONSTRAINT `fk_product_has_product_product5` FOREIGN KEY (`product_id`) REFERENCES `product` (`id`) ON DELETE CASCADE ON UPDATE CASCADE,
  ADD CONSTRAINT `fk_product_has_product_product6` FOREIGN KEY (`up_id`) REFERENCES `product` (`id`) ON DELETE CASCADE ON UPDATE CASCADE;

--
-- Constraints der Tabelle `quotation`
--
ALTER TABLE `quotation`
  ADD CONSTRAINT `fk_quotation_person1` FOREIGN KEY (`person_id`) REFERENCES `person` (`id`) ON DELETE SET NULL ON UPDATE CASCADE,
  ADD CONSTRAINT `fk_quotation_quotation_discount_type1` FOREIGN KEY (`quotation_discount_type_id`) REFERENCES `quotation_discount_type` (`id`) ON DELETE SET NULL ON UPDATE CASCADE,
  ADD CONSTRAINT `fk_quotation_user1` FOREIGN KEY (`user_id`) REFERENCES `user` (`id`) ON DELETE CASCADE ON UPDATE CASCADE,
  ADD CONSTRAINT `quotation_ibfk_1` FOREIGN KEY (`quotation_state_id`) REFERENCES `quotation_state` (`id`) ON DELETE CASCADE ON UPDATE CASCADE;

--
-- Constraints der Tabelle `quotation_comment`
--
ALTER TABLE `quotation_comment`
  ADD CONSTRAINT `fk_quotation_comment_person1` FOREIGN KEY (`person_id`) REFERENCES `person` (`id`) ON DELETE SET NULL ON UPDATE CASCADE,
  ADD CONSTRAINT `fk_quotation_comment_quotation1` FOREIGN KEY (`quotation_id`) REFERENCES `quotation` (`id`) ON DELETE CASCADE ON UPDATE CASCADE,
  ADD CONSTRAINT `fk_quotation_comment_user1` FOREIGN KEY (`user_id`) REFERENCES `user` (`id`) ON DELETE SET NULL ON UPDATE CASCADE;

--
-- Constraints der Tabelle `quotation_has_document`
--
ALTER TABLE `quotation_has_document`
  ADD CONSTRAINT `fk_quotation_has_document_document1` FOREIGN KEY (`document_id`) REFERENCES `document` (`id`) ON DELETE CASCADE ON UPDATE CASCADE,
  ADD CONSTRAINT `fk_quotation_has_document_quotation1` FOREIGN KEY (`quotation_id`) REFERENCES `quotation` (`id`) ON DELETE CASCADE ON UPDATE CASCADE;

--
-- Constraints der Tabelle `quotation_item`
--
ALTER TABLE `quotation_item`
  ADD CONSTRAINT `fk_quotation_item_product1` FOREIGN KEY (`product_id`) REFERENCES `product` (`id`) ON DELETE SET NULL ON UPDATE CASCADE,
  ADD CONSTRAINT `fk_quotation_item_project1` FOREIGN KEY (`project_id`) REFERENCES `project` (`id`) ON DELETE SET NULL ON UPDATE CASCADE,
  ADD CONSTRAINT `fk_quotation_item_quotation1` FOREIGN KEY (`quotation_id`) REFERENCES `quotation` (`id`) ON DELETE CASCADE ON UPDATE CASCADE;

--
-- Constraints der Tabelle `rbac_role_lang`
--
ALTER TABLE `rbac_role_lang`
  ADD CONSTRAINT `fk_rbac_role_lang_rbac_role` FOREIGN KEY (`rbac_role_id`) REFERENCES `rbac_role` (`id`) ON DELETE CASCADE ON UPDATE CASCADE;

--
-- Constraints der Tabelle `sale_order`
--
ALTER TABLE `sale_order`
  ADD CONSTRAINT `fk_sale_order_payment1` FOREIGN KEY (`payment_id`) REFERENCES `payment` (`id`) ON DELETE SET NULL ON UPDATE CASCADE,
  ADD CONSTRAINT `fk_sale_order_person1` FOREIGN KEY (`person_id`) REFERENCES `person` (`id`) ON DELETE SET NULL ON UPDATE CASCADE,
  ADD CONSTRAINT `fk_sale_order_sale_order_discount_type1` FOREIGN KEY (`sale_order_discount_type_id`) REFERENCES `sale_order_discount_type` (`id`) ON DELETE SET NULL ON UPDATE CASCADE,
  ADD CONSTRAINT `fk_sale_order_shipping_method1` FOREIGN KEY (`shipping_id`) REFERENCES `shipping` (`id`) ON DELETE NO ACTION ON UPDATE NO ACTION,
  ADD CONSTRAINT `fk_sale_order_user1` FOREIGN KEY (`user_id`) REFERENCES `user` (`id`) ON DELETE SET NULL ON UPDATE CASCADE,
  ADD CONSTRAINT `sale_order_ibfk_1` FOREIGN KEY (`invoice_address_id`) REFERENCES `sale_order_address` (`id`) ON DELETE CASCADE ON UPDATE CASCADE,
  ADD CONSTRAINT `sale_order_ibfk_2` FOREIGN KEY (`shipping_address_id`) REFERENCES `sale_order_address` (`id`) ON DELETE CASCADE ON UPDATE CASCADE;

--
-- Constraints der Tabelle `sale_order_comment`
--
ALTER TABLE `sale_order_comment`
  ADD CONSTRAINT `fk_sale_order_comment_sale_order1` FOREIGN KEY (`sale_order_id`) REFERENCES `sale_order` (`id`) ON DELETE CASCADE ON UPDATE CASCADE,
  ADD CONSTRAINT `fk_sale_order_comment_user1` FOREIGN KEY (`user_id`) REFERENCES `user` (`id`) ON DELETE SET NULL ON UPDATE CASCADE,
  ADD CONSTRAINT `sale_order_comment_ibfk_1` FOREIGN KEY (`account_id`) REFERENCES `account` (`id`) ON DELETE CASCADE ON UPDATE CASCADE;

--
-- Constraints der Tabelle `sale_order_has_document`
--
ALTER TABLE `sale_order_has_document`
  ADD CONSTRAINT `fk_sale_order_has_document_document1` FOREIGN KEY (`document_id`) REFERENCES `document` (`id`) ON DELETE CASCADE ON UPDATE CASCADE,
  ADD CONSTRAINT `fk_sale_order_has_document_sale_order1` FOREIGN KEY (`sale_order_id`) REFERENCES `sale_order` (`id`) ON DELETE CASCADE ON UPDATE CASCADE;

--
-- Constraints der Tabelle `sale_order_item`
--
ALTER TABLE `sale_order_item`
  ADD CONSTRAINT `fk_sale_order_item_product1` FOREIGN KEY (`item_id`) REFERENCES `product` (`id`) ON DELETE SET NULL ON UPDATE CASCADE,
  ADD CONSTRAINT `fk_sale_order_item_project1` FOREIGN KEY (`project_id`) REFERENCES `project` (`id`) ON DELETE SET NULL ON UPDATE CASCADE,
  ADD CONSTRAINT `fk_sale_order_item_sale_order1` FOREIGN KEY (`sale_order_id`) REFERENCES `sale_order` (`id`) ON DELETE CASCADE ON UPDATE CASCADE;

--
-- Constraints der Tabelle `sale_order_item_lang`
--
ALTER TABLE `sale_order_item_lang`
  ADD CONSTRAINT `sale_order_item_lang_ibfk_1` FOREIGN KEY (`sale_order_item_id`) REFERENCES `sale_order_item` (`id`) ON DELETE CASCADE ON UPDATE CASCADE;

--
-- Constraints der Tabelle `sale_order_lang`
--
ALTER TABLE `sale_order_lang`
  ADD CONSTRAINT `sale_order_lang_ibfk_1` FOREIGN KEY (`sale_order_id`) REFERENCES `sale_order` (`id`) ON DELETE CASCADE ON UPDATE CASCADE;

--
-- Constraints der Tabelle `sale_order_state_lang`
--
ALTER TABLE `sale_order_state_lang`
  ADD CONSTRAINT `sale_order_state_lang_ibfk_1` FOREIGN KEY (`sale_order_state_id`) REFERENCES `sale_order_state` (`id`) ON DELETE CASCADE ON UPDATE CASCADE;

--
-- Constraints der Tabelle `setting_lang`
--
ALTER TABLE `setting_lang`
  ADD CONSTRAINT `setting_lang_ibfk_1` FOREIGN KEY (`setting_id`) REFERENCES `setting` (`id`) ON DELETE CASCADE ON UPDATE CASCADE;

--
-- Constraints der Tabelle `shipping`
--
ALTER TABLE `shipping`
  ADD CONSTRAINT `fk_shipping_document1` FOREIGN KEY (`image_id`) REFERENCES `document` (`id`) ON DELETE SET NULL ON UPDATE CASCADE,
  ADD CONSTRAINT `fk_shipping_image1` FOREIGN KEY (`image_id`) REFERENCES `image` (`id`) ON DELETE SET NULL ON UPDATE CASCADE,
  ADD CONSTRAINT `fk_shipping_shipping_type1` FOREIGN KEY (`shipping_type_id`) REFERENCES `shipping_type` (`id`) ON DELETE CASCADE ON UPDATE CASCADE;

--
-- Constraints der Tabelle `shipping_has_country`
--
ALTER TABLE `shipping_has_country`
  ADD CONSTRAINT `shipping_has_country_ibfk_1` FOREIGN KEY (`shipping_id`) REFERENCES `shipping` (`id`) ON DELETE CASCADE ON UPDATE CASCADE;

--
-- Constraints der Tabelle `shipping_lang`
--
ALTER TABLE `shipping_lang`
  ADD CONSTRAINT `fk_table1_shipping1` FOREIGN KEY (`shipping_id`) REFERENCES `shipping` (`id`) ON DELETE CASCADE ON UPDATE CASCADE;

--
-- Constraints der Tabelle `shipping_type_lang`
--
ALTER TABLE `shipping_type_lang`
  ADD CONSTRAINT `fk_shipping_type_lang_shipping_type1` FOREIGN KEY (`shipping_type_id`) REFERENCES `shipping_type` (`id`) ON DELETE CASCADE ON UPDATE CASCADE;

--
-- Constraints der Tabelle `shoppingcart`
--
ALTER TABLE `shoppingcart`
  ADD CONSTRAINT `fk_shoppingcart_account1` FOREIGN KEY (`account_id`) REFERENCES `account` (`id`) ON DELETE NO ACTION ON UPDATE NO ACTION,
  ADD CONSTRAINT `fk_shoppingcart_payment1` FOREIGN KEY (`payment_id`) REFERENCES `payment` (`id`) ON DELETE NO ACTION ON UPDATE NO ACTION,
  ADD CONSTRAINT `fk_shoppingcart_shipping1` FOREIGN KEY (`shipping_id`) REFERENCES `shipping` (`id`) ON DELETE NO ACTION ON UPDATE NO ACTION,
  ADD CONSTRAINT `shoppingcart_ibfk_1` FOREIGN KEY (`shipping_address_id`) REFERENCES `address` (`id`) ON DELETE SET NULL ON UPDATE CASCADE,
  ADD CONSTRAINT `shoppingcart_ibfk_2` FOREIGN KEY (`invoice_address_id`) REFERENCES `address` (`id`) ON DELETE SET NULL ON UPDATE CASCADE;

--
-- Constraints der Tabelle `shoppingcart_has_product`
--
ALTER TABLE `shoppingcart_has_product`
  ADD CONSTRAINT `fk_shoppingcart_has_product_product1` FOREIGN KEY (`product_id`) REFERENCES `product` (`id`) ON DELETE CASCADE ON UPDATE CASCADE,
  ADD CONSTRAINT `fk_shoppingcart_has_product_shoppingcart1` FOREIGN KEY (`shoppingcart_id`) REFERENCES `shoppingcart` (`id`) ON DELETE CASCADE ON UPDATE CASCADE;

--
-- Constraints der Tabelle `ticket`
--
ALTER TABLE `ticket`
  ADD CONSTRAINT `fk_ticket_person1` FOREIGN KEY (`person_id`) REFERENCES `person` (`id`) ON DELETE CASCADE ON UPDATE CASCADE,
  ADD CONSTRAINT `fk_ticket_ticket_priority1` FOREIGN KEY (`ticket_priority_id`) REFERENCES `ticket_priority` (`id`) ON DELETE SET NULL ON UPDATE CASCADE,
  ADD CONSTRAINT `fk_ticket_ticket_state1` FOREIGN KEY (`ticket_state_id`) REFERENCES `ticket_state` (`id`) ON DELETE SET NULL ON UPDATE CASCADE,
  ADD CONSTRAINT `fk_ticket_ticket_type1` FOREIGN KEY (`ticket_type_id`) REFERENCES `ticket_type` (`id`) ON DELETE SET NULL ON UPDATE CASCADE,
  ADD CONSTRAINT `fk_ticket_user1` FOREIGN KEY (`user_id`) REFERENCES `user` (`id`) ON DELETE SET NULL ON UPDATE CASCADE,
  ADD CONSTRAINT `fk_ticket_user_group1` FOREIGN KEY (`user_group_id`) REFERENCES `user_group` (`id`) ON DELETE SET NULL ON UPDATE CASCADE;

--
-- Constraints der Tabelle `ticket_comment`
--
ALTER TABLE `ticket_comment`
  ADD CONSTRAINT `fk_ticket_comment_ticket1` FOREIGN KEY (`ticket_id`) REFERENCES `ticket` (`id`) ON DELETE CASCADE ON UPDATE CASCADE;

--
-- Constraints der Tabelle `ticket_has_document`
--
ALTER TABLE `ticket_has_document`
  ADD CONSTRAINT `fk_ticket_has_document_document1` FOREIGN KEY (`document_id`) REFERENCES `document` (`id`) ON DELETE CASCADE ON UPDATE CASCADE,
  ADD CONSTRAINT `fk_ticket_has_document_ticket1` FOREIGN KEY (`ticket_id`) REFERENCES `ticket` (`id`) ON DELETE CASCADE ON UPDATE CASCADE;

--
-- Constraints der Tabelle `ticket_replay`
--
ALTER TABLE `ticket_replay`
  ADD CONSTRAINT `fk_ticket_replay_person1` FOREIGN KEY (`person_id`) REFERENCES `person` (`id`) ON DELETE CASCADE ON UPDATE CASCADE,
  ADD CONSTRAINT `fk_ticket_replay_ticket1` FOREIGN KEY (`ticket_id`) REFERENCES `ticket` (`id`) ON DELETE CASCADE ON UPDATE CASCADE,
  ADD CONSTRAINT `fk_ticket_replay_user1` FOREIGN KEY (`user_id`) REFERENCES `user` (`id`) ON DELETE SET NULL ON UPDATE CASCADE;

--
-- Constraints der Tabelle `ticket_replay_has_document`
--
ALTER TABLE `ticket_replay_has_document`
  ADD CONSTRAINT `fk_ticket_replay_has_document_document1` FOREIGN KEY (`document_id`) REFERENCES `document` (`id`) ON DELETE CASCADE ON UPDATE CASCADE,
  ADD CONSTRAINT `fk_ticket_replay_has_document_ticket_replay1` FOREIGN KEY (`ticket_replay_id`) REFERENCES `ticket_replay` (`id`) ON DELETE CASCADE ON UPDATE CASCADE;

--
-- Constraints der Tabelle `user`
--
ALTER TABLE `user`
  ADD CONSTRAINT `fk_user_department1` FOREIGN KEY (`department_id`) REFERENCES `department` (`id`) ON DELETE SET NULL ON UPDATE CASCADE;

--
-- Constraints der Tabelle `user_group_has_user`
--
ALTER TABLE `user_group_has_user`
  ADD CONSTRAINT `fk_user_group_has_user_user1` FOREIGN KEY (`user_id`) REFERENCES `user` (`id`) ON DELETE CASCADE ON UPDATE CASCADE,
  ADD CONSTRAINT `fk_user_group_has_user_user_group1` FOREIGN KEY (`user_group_id`) REFERENCES `user_group` (`id`) ON DELETE CASCADE ON UPDATE CASCADE;

--
-- Constraints der Tabelle `workflow_condition`
--
ALTER TABLE `workflow_condition`
  ADD CONSTRAINT `fk_workflow_condition_workflow1` FOREIGN KEY (`workflow_id`) REFERENCES `workflow` (`id`) ON DELETE CASCADE ON UPDATE CASCADE;

--
-- Constraints der Tabelle `workflow_lang`
--
ALTER TABLE `workflow_lang`
  ADD CONSTRAINT `fk_workflow_lang_workflow1` FOREIGN KEY (`workflow_id`) REFERENCES `workflow` (`id`) ON DELETE CASCADE ON UPDATE CASCADE;

--
-- Constraints der Tabelle `workflow_mail_action`
--
ALTER TABLE `workflow_mail_action`
  ADD CONSTRAINT `fk_workflow_mail_action_workflow1` FOREIGN KEY (`workflow_id`) REFERENCES `workflow` (`id`) ON DELETE CASCADE ON UPDATE CASCADE;

--
-- Constraints der Tabelle `workflow_mail_action_lang`
--
ALTER TABLE `workflow_mail_action_lang`
  ADD CONSTRAINT `fk_workflow_mail_action_lang_workflow_mail_action1` FOREIGN KEY (`workflow_mail_action_id`) REFERENCES `workflow_mail_action` (`id`) ON DELETE CASCADE ON UPDATE CASCADE;

--
-- Constraints der Tabelle `workflow_sms_action`
--
ALTER TABLE `workflow_sms_action`
  ADD CONSTRAINT `fk_workflow_sms_action_workflow1` FOREIGN KEY (`workflow_id`) REFERENCES `workflow` (`id`) ON DELETE CASCADE ON UPDATE CASCADE;

--
-- Constraints der Tabelle `workflow_sms_action_lang`
--
ALTER TABLE `workflow_sms_action_lang`
  ADD CONSTRAINT `fk_workflow_sms_action_lang_workflow_sms_action1` FOREIGN KEY (`workflow_sms_action_id`) REFERENCES `workflow_sms_action` (`id`) ON DELETE CASCADE ON UPDATE CASCADE;
SET FOREIGN_KEY_CHECKS=1;
COMMIT;
